ply
format ascii 1.0
comment Spanvision infra sample site scan
element vertex 11668
property float x
property float y
property float z
property uchar red
property uchar green
property uchar blue
property ushort intensity
end_header
-22 -20 0 96 105 80 30000
-22 -19.35 0 91 105 80 30000
-22 -18.7 0 83 105 80 30000
-22 -18.05 0 76 105 80 30000
-22 -17.4 0 73 105 80 30000
-22 -16.75 0 75 105 80 30000
-22 -16.1 0 80 105 80 30000
-22 -15.45 0 88 105 80 30000
-22 -14.8 0 94 105 80 30000
-22 -14.15 0 97 105 80 30000
-22 -13.5 0 95 105 80 30000
-22 -12.85 0 88 105 80 30000
-22 -12.2 0 81 105 80 30000
-22 -11.55 0 75 105 80 30000
-22 -10.9 0 73 105 80 30000
-22 -10.25 0 76 105 80 30000
-22 -9.6 0 83 105 80 30000
-22 -8.95 0 90 105 80 30000
-22 -8.3 0 96 105 80 30000
-22 -7.65 0 97 105 80 30000
-22 -7 0 93 105 80 30000
-22 -6.35 0 86 105 80 30000
-22 -5.7 0 78 105 80 30000
-22 -5.05 0 74 105 80 30000
-22 -4.4 0 74 105 80 30000
-22 -3.75 0 78 105 80 30000
-22 -3.1 0 85 105 80 30000
-22 -2.45 0 93 105 80 30000
-22 -1.8 0 97 105 80 30000
-22 -1.15 0 96 105 80 30000
-22 -0.5 0 91 105 80 30000
-22 0.15 0 83 105 80 30000
-22 0.8 0 76 105 80 30000
-22 1.45 0 73 105 80 30000
-22 2.1 0 75 105 80 30000
-22 2.75 0 80 105 80 30000
-22 3.4 0 88 105 80 30000
-22 4.05 0 94 105 80 30000
-22 4.7 0 97 105 80 30000
-22 5.35 0 95 105 80 30000
-22 6 0 88 105 80 30000
-22 6.65 0 81 105 80 30000
-22 7.3 0 75 105 80 30000
-22 7.95 0 73 105 80 30000
-22 8.6 0 76 105 80 30000
-22 9.25 0 83 105 80 30000
-22 9.9 0 90 105 80 30000
-22 10.55 0 96 105 80 30000
-22 11.2 0 97 105 80 30000
-22 11.85 0 93 105 80 30000
-22 12.5 0 86 105 80 30000
-22 13.15 0 78 105 80 30000
-22 13.8 0 74 105 80 30000
-22 14.45 0 74 105 80 30000
-22 15.1 0 78 105 80 30000
-22 15.75 0 85 105 80 30000
-22 16.4 0 93 105 80 30000
-22 17.05 0 97 105 80 30000
-22 17.7 0 96 105 80 30000
-22 18.35 0 91 105 80 30000
-22 19 0 83 105 80 30000
-22 19.65 0 76 105 80 30000
-21.35 -20 0 91 105 80 30000
-21.35 -19.35 0 83 105 80 30000
-21.35 -18.7 0 76 105 80 30000
-21.35 -18.05 0 73 105 80 30000
-21.35 -17.4 0 75 105 80 30000
-21.35 -16.75 0 80 105 80 30000
-21.35 -16.1 0 88 105 80 30000
-21.35 -15.45 0 94 105 80 30000
-21.35 -14.8 0 97 105 80 30000
-21.35 -14.15 0 95 105 80 30000
-21.35 -13.5 0 88 105 80 30000
-21.35 -12.85 0 81 105 80 30000
-21.35 -12.2 0 75 105 80 30000
-21.35 -11.55 0 73 105 80 30000
-21.35 -10.9 0 76 105 80 30000
-21.35 -10.25 0 83 105 80 30000
-21.35 -9.6 0 90 105 80 30000
-21.35 -8.95 0 96 105 80 30000
-21.35 -8.3 0 97 105 80 30000
-21.35 -7.65 0 93 105 80 30000
-21.35 -7 0 86 105 80 30000
-21.35 -6.35 0 78 105 80 30000
-21.35 -5.7 0 74 105 80 30000
-21.35 -5.05 0 74 105 80 30000
-21.35 -4.4 0 78 105 80 30000
-21.35 -3.75 0 85 105 80 30000
-21.35 -3.1 0 93 105 80 30000
-21.35 -2.45 0 97 105 80 30000
-21.35 -1.8 0 96 105 80 30000
-21.35 -1.15 0 91 105 80 30000
-21.35 -0.5 0 83 105 80 30000
-21.35 0.15 0 76 105 80 30000
-21.35 0.8 0 73 105 80 30000
-21.35 1.45 0 75 105 80 30000
-21.35 2.1 0 80 105 80 30000
-21.35 2.75 0 88 105 80 30000
-21.35 3.4 0 94 105 80 30000
-21.35 4.05 0 97 105 80 30000
-21.35 4.7 0 95 105 80 30000
-21.35 5.35 0 88 105 80 30000
-21.35 6 0 81 105 80 30000
-21.35 6.65 0 75 105 80 30000
-21.35 7.3 0 73 105 80 30000
-21.35 7.95 0 76 105 80 30000
-21.35 8.6 0 83 105 80 30000
-21.35 9.25 0 90 105 80 30000
-21.35 9.9 0 96 105 80 30000
-21.35 10.55 0 97 105 80 30000
-21.35 11.2 0 93 105 80 30000
-21.35 11.85 0 86 105 80 30000
-21.35 12.5 0 78 105 80 30000
-21.35 13.15 0 74 105 80 30000
-21.35 13.8 0 74 105 80 30000
-21.35 14.45 0 78 105 80 30000
-21.35 15.1 0 85 105 80 30000
-21.35 15.75 0 93 105 80 30000
-21.35 16.4 0 97 105 80 30000
-21.35 17.05 0 96 105 80 30000
-21.35 17.7 0 91 105 80 30000
-21.35 18.35 0 83 105 80 30000
-21.35 19 0 76 105 80 30000
-21.35 19.65 0 73 105 80 30000
-20.7 -20 0 83 105 80 30000
-20.7 -19.35 0 76 105 80 30000
-20.7 -18.7 0 73 105 80 30000
-20.7 -18.05 0 75 105 80 30000
-20.7 -17.4 0 80 105 80 30000
-20.7 -16.75 0 88 105 80 30000
-20.7 -16.1 0 94 105 80 30000
-20.7 -15.45 0 97 105 80 30000
-20.7 -14.8 0 95 105 80 30000
-20.7 -14.15 0 88 105 80 30000
-20.7 -13.5 0 81 105 80 30000
-20.7 -12.85 0 75 105 80 30000
-20.7 -12.2 0 73 105 80 30000
-20.7 -11.55 0 76 105 80 30000
-20.7 -10.9 0 83 105 80 30000
-20.7 -10.25 0 90 105 80 30000
-20.7 -9.6 0 96 105 80 30000
-20.7 -8.95 0 97 105 80 30000
-20.7 -8.3 0 93 105 80 30000
-20.7 -7.65 0 86 105 80 30000
-20.7 -7 0 78 105 80 30000
-20.7 -6.35 0 74 105 80 30000
-20.7 -5.7 0 74 105 80 30000
-20.7 -5.05 0 78 105 80 30000
-20.7 -4.4 0 85 105 80 30000
-20.7 -3.75 0 93 105 80 30000
-20.7 -3.1 0 97 105 80 30000
-20.7 -2.45 0 96 105 80 30000
-20.7 -1.8 0 91 105 80 30000
-20.7 -1.15 0 83 105 80 30000
-20.7 -0.5 0 76 105 80 30000
-20.7 0.15 0 73 105 80 30000
-20.7 0.8 0 75 105 80 30000
-20.7 1.45 0 80 105 80 30000
-20.7 2.1 0 88 105 80 30000
-20.7 2.75 0 94 105 80 30000
-20.7 3.4 0 97 105 80 30000
-20.7 4.05 0 95 105 80 30000
-20.7 4.7 0 88 105 80 30000
-20.7 5.35 0 81 105 80 30000
-20.7 6 0 75 105 80 30000
-20.7 6.65 0 73 105 80 30000
-20.7 7.3 0 76 105 80 30000
-20.7 7.95 0 83 105 80 30000
-20.7 8.6 0 90 105 80 30000
-20.7 9.25 0 96 105 80 30000
-20.7 9.9 0 97 105 80 30000
-20.7 10.55 0 93 105 80 30000
-20.7 11.2 0 86 105 80 30000
-20.7 11.85 0 78 105 80 30000
-20.7 12.5 0 74 105 80 30000
-20.7 13.15 0 74 105 80 30000
-20.7 13.8 0 78 105 80 30000
-20.7 14.45 0 85 105 80 30000
-20.7 15.1 0 93 105 80 30000
-20.7 15.75 0 97 105 80 30000
-20.7 16.4 0 96 105 80 30000
-20.7 17.05 0 91 105 80 30000
-20.7 17.7 0 83 105 80 30000
-20.7 18.35 0 76 105 80 30000
-20.7 19 0 73 105 80 30000
-20.7 19.65 0 75 105 80 30000
-20.05 -20 0 76 105 80 30000
-20.05 -19.35 0 73 105 80 30000
-20.05 -18.7 0 75 105 80 30000
-20.05 -18.05 0 80 105 80 30000
-20.05 -17.4 0 88 105 80 30000
-20.05 -16.75 0 94 105 80 30000
-20.05 -16.1 0 97 105 80 30000
-20.05 -15.45 0 95 105 80 30000
-20.05 -14.8 0 88 105 80 30000
-20.05 -14.15 0 81 105 80 30000
-20.05 -13.5 0 75 105 80 30000
-20.05 -12.85 0 73 105 80 30000
-20.05 -12.2 0 76 105 80 30000
-20.05 -11.55 0 83 105 80 30000
-20.05 -10.9 0 90 105 80 30000
-20.05 -10.25 0 96 105 80 30000
-20.05 -9.6 0 97 105 80 30000
-20.05 -8.95 0 93 105 80 30000
-20.05 -8.3 0 86 105 80 30000
-20.05 -7.65 0 78 105 80 30000
-20.05 -7 0 74 105 80 30000
-20.05 -6.35 0 74 105 80 30000
-20.05 -5.7 0 78 105 80 30000
-20.05 -5.05 0 85 105 80 30000
-20.05 -4.4 0 93 105 80 30000
-20.05 -3.75 0 97 105 80 30000
-20.05 -3.1 0 96 105 80 30000
-20.05 -2.45 0 91 105 80 30000
-20.05 -1.8 0 83 105 80 30000
-20.05 -1.15 0 76 105 80 30000
-20.05 -0.5 0 73 105 80 30000
-20.05 0.15 0 75 105 80 30000
-20.05 0.8 0 80 105 80 30000
-20.05 1.45 0 88 105 80 30000
-20.05 2.1 0 94 105 80 30000
-20.05 2.75 0 97 105 80 30000
-20.05 3.4 0 95 105 80 30000
-20.05 4.05 0 88 105 80 30000
-20.05 4.7 0 81 105 80 30000
-20.05 5.35 0 75 105 80 30000
-20.05 6 0 73 105 80 30000
-20.05 6.65 0 76 105 80 30000
-20.05 7.3 0 83 105 80 30000
-20.05 7.95 0 90 105 80 30000
-20.05 8.6 0 96 105 80 30000
-20.05 9.25 0 97 105 80 30000
-20.05 9.9 0 93 105 80 30000
-20.05 10.55 0 86 105 80 30000
-20.05 11.2 0 78 105 80 30000
-20.05 11.85 0 74 105 80 30000
-20.05 12.5 0 74 105 80 30000
-20.05 13.15 0 78 105 80 30000
-20.05 13.8 0 85 105 80 30000
-20.05 14.45 0 93 105 80 30000
-20.05 15.1 0 97 105 80 30000
-20.05 15.75 0 96 105 80 30000
-20.05 16.4 0 91 105 80 30000
-20.05 17.05 0 83 105 80 30000
-20.05 17.7 0 76 105 80 30000
-20.05 18.35 0 73 105 80 30000
-20.05 19 0 75 105 80 30000
-20.05 19.65 0 80 105 80 30000
-19.4 -20 0 73 105 80 30000
-19.4 -19.35 0 75 105 80 30000
-19.4 -18.7 0 80 105 80 30000
-19.4 -18.05 0 88 105 80 30000
-19.4 -17.4 0 94 105 80 30000
-19.4 -16.75 0 97 105 80 30000
-19.4 -16.1 0 95 105 80 30000
-19.4 -15.45 0 88 105 80 30000
-19.4 -14.8 0 81 105 80 30000
-19.4 -14.15 0 75 105 80 30000
-19.4 -13.5 0 73 105 80 30000
-19.4 -12.85 0 76 105 80 30000
-19.4 -12.2 0 83 105 80 30000
-19.4 -11.55 0 90 105 80 30000
-19.4 -10.9 0 96 105 80 30000
-19.4 -10.25 0 97 105 80 30000
-19.4 -9.6 0 93 105 80 30000
-19.4 -8.95 0 86 105 80 30000
-19.4 -8.3 0 78 105 80 30000
-19.4 -7.65 0 74 105 80 30000
-19.4 -7 0 74 105 80 30000
-19.4 -6.35 0 78 105 80 30000
-19.4 -5.7 0 85 105 80 30000
-19.4 -5.05 0 93 105 80 30000
-19.4 -4.4 0 97 105 80 30000
-19.4 -3.75 0 96 105 80 30000
-19.4 -3.1 0 91 105 80 30000
-19.4 -2.45 0 83 105 80 30000
-19.4 -1.8 0 76 105 80 30000
-19.4 -1.15 0 73 105 80 30000
-19.4 -0.5 0 75 105 80 30000
-19.4 0.15 0 80 105 80 30000
-19.4 0.8 0 88 105 80 30000
-19.4 1.45 0 94 105 80 30000
-19.4 2.1 0 97 105 80 30000
-19.4 2.75 0 95 105 80 30000
-19.4 3.4 0 88 105 80 30000
-19.4 4.05 0 81 105 80 30000
-19.4 4.7 0 75 105 80 30000
-19.4 5.35 0 73 105 80 30000
-19.4 6 0 76 105 80 30000
-19.4 6.65 0 83 105 80 30000
-19.4 7.3 0 90 105 80 30000
-19.4 7.95 0 96 105 80 30000
-19.4 8.6 0 97 105 80 30000
-19.4 9.25 0 93 105 80 30000
-19.4 9.9 0 86 105 80 30000
-19.4 10.55 0 78 105 80 30000
-19.4 11.2 0 74 105 80 30000
-19.4 11.85 0 74 105 80 30000
-19.4 12.5 0 78 105 80 30000
-19.4 13.15 0 85 105 80 30000
-19.4 13.8 0 93 105 80 30000
-19.4 14.45 0 97 105 80 30000
-19.4 15.1 0 96 105 80 30000
-19.4 15.75 0 91 105 80 30000
-19.4 16.4 0 83 105 80 30000
-19.4 17.05 0 76 105 80 30000
-19.4 17.7 0 73 105 80 30000
-19.4 18.35 0 75 105 80 30000
-19.4 19 0 80 105 80 30000
-19.4 19.65 0 88 105 80 30000
-18.75 -20 0 75 105 80 30000
-18.75 -19.35 0 80 105 80 30000
-18.75 -18.7 0 88 105 80 30000
-18.75 -18.05 0 94 105 80 30000
-18.75 -17.4 0 97 105 80 30000
-18.75 -16.75 0 95 105 80 30000
-18.75 -16.1 0 88 105 80 30000
-18.75 -15.45 0 81 105 80 30000
-18.75 -14.8 0 75 105 80 30000
-18.75 -14.15 0 73 105 80 30000
-18.75 -13.5 0 76 105 80 30000
-18.75 -12.85 0 83 105 80 30000
-18.75 -12.2 0 90 105 80 30000
-18.75 -11.55 0 96 105 80 30000
-18.75 -10.9 0 97 105 80 30000
-18.75 -10.25 0 93 105 80 30000
-18.75 -9.6 0 86 105 80 30000
-18.75 -8.95 0 78 105 80 30000
-18.75 -8.3 0 74 105 80 30000
-18.75 -7.65 0 74 105 80 30000
-18.75 -7 0 78 105 80 30000
-18.75 -6.35 0 85 105 80 30000
-18.75 -5.7 0 93 105 80 30000
-18.75 -5.05 0 97 105 80 30000
-18.75 -4.4 0 96 105 80 30000
-18.75 -3.75 0 91 105 80 30000
-18.75 -3.1 0 83 105 80 30000
-18.75 -2.45 0 76 105 80 30000
-18.75 -1.8 0 73 105 80 30000
-18.75 -1.15 0 75 105 80 30000
-18.75 -0.5 0 80 105 80 30000
-18.75 0.15 0 88 105 80 30000
-18.75 0.8 0 94 105 80 30000
-18.75 1.45 0 97 105 80 30000
-18.75 2.1 0 95 105 80 30000
-18.75 2.75 0 88 105 80 30000
-18.75 3.4 0 81 105 80 30000
-18.75 4.05 0 75 105 80 30000
-18.75 4.7 0 73 105 80 30000
-18.75 5.35 0 76 105 80 30000
-18.75 6 0 83 105 80 30000
-18.75 6.65 0 90 105 80 30000
-18.75 7.3 0 96 105 80 30000
-18.75 7.95 0 97 105 80 30000
-18.75 8.6 0 93 105 80 30000
-18.75 9.25 0 86 105 80 30000
-18.75 9.9 0 78 105 80 30000
-18.75 10.55 0 74 105 80 30000
-18.75 11.2 0 74 105 80 30000
-18.75 11.85 0 78 105 80 30000
-18.75 12.5 0 85 105 80 30000
-18.75 13.15 0 93 105 80 30000
-18.75 13.8 0 97 105 80 30000
-18.75 14.45 0 96 105 80 30000
-18.75 15.1 0 91 105 80 30000
-18.75 15.75 0 83 105 80 30000
-18.75 16.4 0 76 105 80 30000
-18.75 17.05 0 73 105 80 30000
-18.75 17.7 0 75 105 80 30000
-18.75 18.35 0 80 105 80 30000
-18.75 19 0 88 105 80 30000
-18.75 19.65 0 94 105 80 30000
-18.1 -20 0 80 105 80 30000
-18.1 -19.35 0 88 105 80 30000
-18.1 -18.7 0 94 105 80 30000
-18.1 -18.05 0 97 105 80 30000
-18.1 -17.4 0 95 105 80 30000
-18.1 -16.75 0 88 105 80 30000
-18.1 -16.1 0 81 105 80 30000
-18.1 -15.45 0 75 105 80 30000
-18.1 -14.8 0 73 105 80 30000
-18.1 -14.15 0 76 105 80 30000
-18.1 -13.5 0 83 105 80 30000
-18.1 -12.85 0 90 105 80 30000
-18.1 -12.2 0 96 105 80 30000
-18.1 -11.55 0 97 105 80 30000
-18.1 -10.9 0 93 105 80 30000
-18.1 -10.25 0 86 105 80 30000
-18.1 -9.6 0 78 105 80 30000
-18.1 -8.95 0 74 105 80 30000
-18.1 -8.3 0 74 105 80 30000
-18.1 -7.65 0 78 105 80 30000
-18.1 -7 0 85 105 80 30000
-18.1 -6.35 0 93 105 80 30000
-18.1 -5.7 0 97 105 80 30000
-18.1 -5.05 0 96 105 80 30000
-18.1 -4.4 0 91 105 80 30000
-18.1 -3.75 0 83 105 80 30000
-18.1 -3.1 0 76 105 80 30000
-18.1 -2.45 0 73 105 80 30000
-18.1 -1.8 0 75 105 80 30000
-18.1 -1.15 0 80 105 80 30000
-18.1 -0.5 0 88 105 80 30000
-18.1 0.15 0 94 105 80 30000
-18.1 0.8 0 97 105 80 30000
-18.1 1.45 0 95 105 80 30000
-18.1 2.1 0 88 105 80 30000
-18.1 2.75 0 81 105 80 30000
-18.1 3.4 0 75 105 80 30000
-18.1 4.05 0 73 105 80 30000
-18.1 4.7 0 76 105 80 30000
-18.1 5.35 0 83 105 80 30000
-18.1 6 0 90 105 80 30000
-18.1 6.65 0 96 105 80 30000
-18.1 7.3 0 97 105 80 30000
-18.1 7.95 0 93 105 80 30000
-18.1 8.6 0 86 105 80 30000
-18.1 9.25 0 78 105 80 30000
-18.1 9.9 0 74 105 80 30000
-18.1 10.55 0 74 105 80 30000
-18.1 11.2 0 78 105 80 30000
-18.1 11.85 0 85 105 80 30000
-18.1 12.5 0 93 105 80 30000
-18.1 13.15 0 97 105 80 30000
-18.1 13.8 0 96 105 80 30000
-18.1 14.45 0 91 105 80 30000
-18.1 15.1 0 83 105 80 30000
-18.1 15.75 0 76 105 80 30000
-18.1 16.4 0 73 105 80 30000
-18.1 17.05 0 75 105 80 30000
-18.1 17.7 0 80 105 80 30000
-18.1 18.35 0 88 105 80 30000
-18.1 19 0 94 105 80 30000
-18.1 19.65 0 97 105 80 30000
-17.45 -20 0 88 105 80 30000
-17.45 -19.35 0 94 105 80 30000
-17.45 -18.7 0 97 105 80 30000
-17.45 -18.05 0 95 105 80 30000
-17.45 -17.4 0 88 105 80 30000
-17.45 -16.75 0 81 105 80 30000
-17.45 -16.1 0 75 105 80 30000
-17.45 -15.45 0 73 105 80 30000
-17.45 -14.8 0 76 105 80 30000
-17.45 -14.15 0 83 105 80 30000
-17.45 -13.5 0 90 105 80 30000
-17.45 -12.85 0 96 105 80 30000
-17.45 -12.2 0 97 105 80 30000
-17.45 -11.55 0 93 105 80 30000
-17.45 -10.9 0 86 105 80 30000
-17.45 -10.25 0 78 105 80 30000
-17.45 -9.6 0 74 105 80 30000
-17.45 -8.95 0 74 105 80 30000
-17.45 -8.3 0 78 105 80 30000
-17.45 -7.65 0 85 105 80 30000
-17.45 -7 0 93 105 80 30000
-17.45 -6.35 0 97 105 80 30000
-17.45 -5.7 0 96 105 80 30000
-17.45 -5.05 0 91 105 80 30000
-17.45 -4.4 0 83 105 80 30000
-17.45 -3.75 0 76 105 80 30000
-17.45 -3.1 0 73 105 80 30000
-17.45 -2.45 0 75 105 80 30000
-17.45 -1.8 0 80 105 80 30000
-17.45 -1.15 0 88 105 80 30000
-17.45 -0.5 0 94 105 80 30000
-17.45 0.15 0 97 105 80 30000
-17.45 0.8 0 95 105 80 30000
-17.45 1.45 0 88 105 80 30000
-17.45 2.1 0 81 105 80 30000
-17.45 2.75 0 75 105 80 30000
-17.45 3.4 0 73 105 80 30000
-17.45 4.05 0 76 105 80 30000
-17.45 4.7 0 83 105 80 30000
-17.45 5.35 0 90 105 80 30000
-17.45 6 0 96 105 80 30000
-17.45 6.65 0 97 105 80 30000
-17.45 7.3 0 93 105 80 30000
-17.45 7.95 0 86 105 80 30000
-17.45 8.6 0 78 105 80 30000
-17.45 9.25 0 74 105 80 30000
-17.45 9.9 0 74 105 80 30000
-17.45 10.55 0 78 105 80 30000
-17.45 11.2 0 85 105 80 30000
-17.45 11.85 0 93 105 80 30000
-17.45 12.5 0 97 105 80 30000
-17.45 13.15 0 96 105 80 30000
-17.45 13.8 0 91 105 80 30000
-17.45 14.45 0 83 105 80 30000
-17.45 15.1 0 76 105 80 30000
-17.45 15.75 0 73 105 80 30000
-17.45 16.4 0 75 105 80 30000
-17.45 17.05 0 80 105 80 30000
-17.45 17.7 0 88 105 80 30000
-17.45 18.35 0 94 105 80 30000
-17.45 19 0 97 105 80 30000
-17.45 19.65 0 95 105 80 30000
-16.8 -20 0 94 105 80 30000
-16.8 -19.35 0 97 105 80 30000
-16.8 -18.7 0 95 105 80 30000
-16.8 -18.05 0 88 105 80 30000
-16.8 -17.4 0 81 105 80 30000
-16.8 -16.75 0 75 105 80 30000
-16.8 -16.1 0 73 105 80 30000
-16.8 -15.45 0 76 105 80 30000
-16.8 -14.8 0 83 105 80 30000
-16.8 -14.15 0 90 105 80 30000
-16.8 -13.5 0 96 105 80 30000
-16.8 -12.85 0 97 105 80 30000
-16.8 -12.2 0 93 105 80 30000
-16.8 -11.55 0 86 105 80 30000
-16.8 -10.9 0 78 105 80 30000
-16.8 -10.25 0 74 105 80 30000
-16.8 -9.6 0 74 105 80 30000
-16.8 -8.95 0 78 105 80 30000
-16.8 -8.3 0 85 105 80 30000
-16.8 -7.65 0 93 105 80 30000
-16.8 -7 0 97 105 80 30000
-16.8 -6.35 0 96 105 80 30000
-16.8 -5.7 0 91 105 80 30000
-16.8 -5.05 0 83 105 80 30000
-16.8 -4.4 0 76 105 80 30000
-16.8 -3.75 0 73 105 80 30000
-16.8 -3.1 0 75 105 80 30000
-16.8 -2.45 0 80 105 80 30000
-16.8 -1.8 0 88 105 80 30000
-16.8 -1.15 0 94 105 80 30000
-16.8 -0.5 0 97 105 80 30000
-16.8 0.15 0 95 105 80 30000
-16.8 0.8 0 88 105 80 30000
-16.8 1.45 0 81 105 80 30000
-16.8 2.1 0 75 105 80 30000
-16.8 2.75 0 73 105 80 30000
-16.8 3.4 0 76 105 80 30000
-16.8 4.05 0 83 105 80 30000
-16.8 4.7 0 90 105 80 30000
-16.8 5.35 0 96 105 80 30000
-16.8 6 0 97 105 80 30000
-16.8 6.65 0 93 105 80 30000
-16.8 7.3 0 86 105 80 30000
-16.8 7.95 0 78 105 80 30000
-16.8 8.6 0 74 105 80 30000
-16.8 9.25 0 74 105 80 30000
-16.8 9.9 0 78 105 80 30000
-16.8 10.55 0 85 105 80 30000
-16.8 11.2 0 93 105 80 30000
-16.8 11.85 0 97 105 80 30000
-16.8 12.5 0 96 105 80 30000
-16.8 13.15 0 91 105 80 30000
-16.8 13.8 0 83 105 80 30000
-16.8 14.45 0 76 105 80 30000
-16.8 15.1 0 73 105 80 30000
-16.8 15.75 0 75 105 80 30000
-16.8 16.4 0 80 105 80 30000
-16.8 17.05 0 88 105 80 30000
-16.8 17.7 0 94 105 80 30000
-16.8 18.35 0 97 105 80 30000
-16.8 19 0 95 105 80 30000
-16.8 19.65 0 88 105 80 30000
-16.15 -20 0 97 105 80 30000
-16.15 -19.35 0 95 105 80 30000
-16.15 -18.7 0 88 105 80 30000
-16.15 -18.05 0 81 105 80 30000
-16.15 -17.4 0 75 105 80 30000
-16.15 -16.75 0 73 105 80 30000
-16.15 -16.1 0 76 105 80 30000
-16.15 -15.45 0 83 105 80 30000
-16.15 -14.8 0 90 105 80 30000
-16.15 -14.15 0 96 105 80 30000
-16.15 -13.5 0 97 105 80 30000
-16.15 -12.85 0 93 105 80 30000
-16.15 -12.2 0 86 105 80 30000
-16.15 -11.55 0 78 105 80 30000
-16.15 -10.9 0 74 105 80 30000
-16.15 -10.25 0 74 105 80 30000
-16.15 -9.6 0 78 105 80 30000
-16.15 -8.95 0 85 105 80 30000
-16.15 -8.3 0 93 105 80 30000
-16.15 -7.65 0 97 105 80 30000
-16.15 -7 0 96 105 80 30000
-16.15 -6.35 0 91 105 80 30000
-16.15 -5.7 0 83 105 80 30000
-16.15 -5.05 0 76 105 80 30000
-16.15 -4.4 0 73 105 80 30000
-16.15 -3.75 0 75 105 80 30000
-16.15 -3.1 0 80 105 80 30000
-16.15 -2.45 0 88 105 80 30000
-16.15 -1.8 0 94 105 80 30000
-16.15 -1.15 0 97 105 80 30000
-16.15 -0.5 0 95 105 80 30000
-16.15 0.15 0 88 105 80 30000
-16.15 0.8 0 81 105 80 30000
-16.15 1.45 0 75 105 80 30000
-16.15 2.1 0 73 105 80 30000
-16.15 2.75 0 76 105 80 30000
-16.15 3.4 0 83 105 80 30000
-16.15 4.05 0 90 105 80 30000
-16.15 4.7 0 96 105 80 30000
-16.15 5.35 0 97 105 80 30000
-16.15 6 0 93 105 80 30000
-16.15 6.65 0 86 105 80 30000
-16.15 7.3 0 78 105 80 30000
-16.15 7.95 0 74 105 80 30000
-16.15 8.6 0 74 105 80 30000
-16.15 9.25 0 78 105 80 30000
-16.15 9.9 0 85 105 80 30000
-16.15 10.55 0 93 105 80 30000
-16.15 11.2 0 97 105 80 30000
-16.15 11.85 0 96 105 80 30000
-16.15 12.5 0 91 105 80 30000
-16.15 13.15 0 83 105 80 30000
-16.15 13.8 0 76 105 80 30000
-16.15 14.45 0 73 105 80 30000
-16.15 15.1 0 75 105 80 30000
-16.15 15.75 0 80 105 80 30000
-16.15 16.4 0 88 105 80 30000
-16.15 17.05 0 94 105 80 30000
-16.15 17.7 0 97 105 80 30000
-16.15 18.35 0 95 105 80 30000
-16.15 19 0 88 105 80 30000
-16.15 19.65 0 81 105 80 30000
-15.5 -20 0 95 105 80 30000
-15.5 -19.35 0 88 105 80 30000
-15.5 -18.7 0 81 105 80 30000
-15.5 -18.05 0 75 105 80 30000
-15.5 -17.4 0 73 105 80 30000
-15.5 -16.75 0 76 105 80 30000
-15.5 -16.1 0 83 105 80 30000
-15.5 -15.45 0 90 105 80 30000
-15.5 -14.8 0 96 105 80 30000
-15.5 -14.15 0 97 105 80 30000
-15.5 -13.5 0 93 105 80 30000
-15.5 -12.85 0 86 105 80 30000
-15.5 -12.2 0 78 105 80 30000
-15.5 -11.55 0 74 105 80 30000
-15.5 -10.9 0 74 105 80 30000
-15.5 -10.25 0 78 105 80 30000
-15.5 -9.6 0 85 105 80 30000
-15.5 -8.95 0 93 105 80 30000
-15.5 -8.3 0 97 105 80 30000
-15.5 -7.65 0 96 105 80 30000
-15.5 -7 0 91 105 80 30000
-15.5 -6.35 0 83 105 80 30000
-15.5 -5.7 0 76 105 80 30000
-15.5 -5.05 0 73 105 80 30000
-15.5 -4.4 0 75 105 80 30000
-15.5 -3.75 0 80 105 80 30000
-15.5 -3.1 0 88 105 80 30000
-15.5 -2.45 0 94 105 80 30000
-15.5 -1.8 0 97 105 80 30000
-15.5 -1.15 0 95 105 80 30000
-15.5 -0.5 0 88 105 80 30000
-15.5 0.15 0 81 105 80 30000
-15.5 0.8 0 75 105 80 30000
-15.5 1.45 0 73 105 80 30000
-15.5 2.1 0 76 105 80 30000
-15.5 2.75 0 83 105 80 30000
-15.5 3.4 0 90 105 80 30000
-15.5 4.05 0 96 105 80 30000
-15.5 4.7 0 97 105 80 30000
-15.5 5.35 0 93 105 80 30000
-15.5 6 0 86 105 80 30000
-15.5 6.65 0 78 105 80 30000
-15.5 7.3 0 74 105 80 30000
-15.5 7.95 0 74 105 80 30000
-15.5 8.6 0 78 105 80 30000
-15.5 9.25 0 85 105 80 30000
-15.5 9.9 0 93 105 80 30000
-15.5 10.55 0 97 105 80 30000
-15.5 11.2 0 96 105 80 30000
-15.5 11.85 0 91 105 80 30000
-15.5 12.5 0 83 105 80 30000
-15.5 13.15 0 76 105 80 30000
-15.5 13.8 0 73 105 80 30000
-15.5 14.45 0 75 105 80 30000
-15.5 15.1 0 80 105 80 30000
-15.5 15.75 0 88 105 80 30000
-15.5 16.4 0 94 105 80 30000
-15.5 17.05 0 97 105 80 30000
-15.5 17.7 0 95 105 80 30000
-15.5 18.35 0 88 105 80 30000
-15.5 19 0 81 105 80 30000
-15.5 19.65 0 75 105 80 30000
-14.85 -20 0 88 105 80 30000
-14.85 -19.35 0 81 105 80 30000
-14.85 -18.7 0 75 105 80 30000
-14.85 -18.05 0 73 105 80 30000
-14.85 -17.4 0 76 105 80 30000
-14.85 -16.75 0 83 105 80 30000
-14.85 -16.1 0 90 105 80 30000
-14.85 -15.45 0 96 105 80 30000
-14.85 -14.8 0 97 105 80 30000
-14.85 -14.15 0 93 105 80 30000
-14.85 -13.5 0 86 105 80 30000
-14.85 -12.85 0 78 105 80 30000
-14.85 -12.2 0 74 105 80 30000
-14.85 -11.55 0 74 105 80 30000
-14.85 -10.9 0 78 105 80 30000
-14.85 -10.25 0 85 105 80 30000
-14.85 -9.6 0 93 105 80 30000
-14.85 -8.95 0 97 105 80 30000
-14.85 -8.3 0 96 105 80 30000
-14.85 -7.65 0 91 105 80 30000
-14.85 -7 0 83 105 80 30000
-14.85 -6.35 0 76 105 80 30000
-14.85 -5.7 0 73 105 80 30000
-14.85 -5.05 0 75 105 80 30000
-14.85 -4.4 0 80 105 80 30000
-14.85 -3.75 0 88 105 80 30000
-14.85 -3.1 0 94 105 80 30000
-14.85 -2.45 0 97 105 80 30000
-14.85 -1.8 0 95 105 80 30000
-14.85 -1.15 0 88 105 80 30000
-14.85 -0.5 0 81 105 80 30000
-14.85 0.15 0 75 105 80 30000
-14.85 0.8 0 73 105 80 30000
-14.85 1.45 0 76 105 80 30000
-14.85 2.1 0 83 105 80 30000
-14.85 2.75 0 90 105 80 30000
-14.85 3.4 0 96 105 80 30000
-14.85 4.05 0 97 105 80 30000
-14.85 4.7 0 93 105 80 30000
-14.85 5.35 0 86 105 80 30000
-14.85 6 0 78 105 80 30000
-14.85 6.65 0 74 105 80 30000
-14.85 7.3 0 74 105 80 30000
-14.85 7.95 0 78 105 80 30000
-14.85 8.6 0 85 105 80 30000
-14.85 9.25 0 93 105 80 30000
-14.85 9.9 0 97 105 80 30000
-14.85 10.55 0 96 105 80 30000
-14.85 11.2 0 91 105 80 30000
-14.85 11.85 0 83 105 80 30000
-14.85 12.5 0 76 105 80 30000
-14.85 13.15 0 73 105 80 30000
-14.85 13.8 0 75 105 80 30000
-14.85 14.45 0 80 105 80 30000
-14.85 15.1 0 88 105 80 30000
-14.85 15.75 0 94 105 80 30000
-14.85 16.4 0 97 105 80 30000
-14.85 17.05 0 95 105 80 30000
-14.85 17.7 0 88 105 80 30000
-14.85 18.35 0 81 105 80 30000
-14.85 19 0 75 105 80 30000
-14.85 19.65 0 73 105 80 30000
-14.2 -20 0 81 105 80 30000
-14.2 -19.35 0 75 105 80 30000
-14.2 -18.7 0 73 105 80 30000
-14.2 -18.05 0 76 105 80 30000
-14.2 -17.4 0 83 105 80 30000
-14.2 -16.75 0 90 105 80 30000
-14.2 -16.1 0 96 105 80 30000
-14.2 -15.45 0 97 105 80 30000
-14.2 -14.8 0 93 105 80 30000
-14.2 -14.15 0 86 105 80 30000
-14.2 -13.5 0 78 105 80 30000
-14.2 -12.85 0 74 105 80 30000
-14.2 -12.2 0 74 105 80 30000
-14.2 -11.55 0 78 105 80 30000
-14.2 -10.9 0 85 105 80 30000
-14.2 -10.25 0 93 105 80 30000
-14.2 -9.6 0 97 105 80 30000
-14.2 -8.95 0 96 105 80 30000
-14.2 -8.3 0 91 105 80 30000
-14.2 -7.65 0 83 105 80 30000
-14.2 -7 0 76 105 80 30000
-14.2 -6.35 0 73 105 80 30000
-14.2 -5.7 0 75 105 80 30000
-14.2 -5.05 0 80 105 80 30000
-14.2 -4.4 0 88 105 80 30000
-14.2 -3.75 0 94 105 80 30000
-14.2 -3.1 0 97 105 80 30000
-14.2 -2.45 0 95 105 80 30000
-14.2 -1.8 0 88 105 80 30000
-14.2 -1.15 0 81 105 80 30000
-14.2 -0.5 0 75 105 80 30000
-14.2 0.15 0 73 105 80 30000
-14.2 0.8 0 76 105 80 30000
-14.2 1.45 0 83 105 80 30000
-14.2 2.1 0 90 105 80 30000
-14.2 2.75 0 96 105 80 30000
-14.2 3.4 0 97 105 80 30000
-14.2 4.05 0 93 105 80 30000
-14.2 4.7 0 86 105 80 30000
-14.2 5.35 0 78 105 80 30000
-14.2 6 0 74 105 80 30000
-14.2 6.65 0 74 105 80 30000
-14.2 7.3 0 78 105 80 30000
-14.2 7.95 0 85 105 80 30000
-14.2 8.6 0 93 105 80 30000
-14.2 9.25 0 97 105 80 30000
-14.2 9.9 0 96 105 80 30000
-14.2 10.55 0 91 105 80 30000
-14.2 11.2 0 83 105 80 30000
-14.2 11.85 0 76 105 80 30000
-14.2 12.5 0 73 105 80 30000
-14.2 13.15 0 75 105 80 30000
-14.2 13.8 0 80 105 80 30000
-14.2 14.45 0 88 105 80 30000
-14.2 15.1 0 94 105 80 30000
-14.2 15.75 0 97 105 80 30000
-14.2 16.4 0 95 105 80 30000
-14.2 17.05 0 88 105 80 30000
-14.2 17.7 0 81 105 80 30000
-14.2 18.35 0 75 105 80 30000
-14.2 19 0 73 105 80 30000
-14.2 19.65 0 76 105 80 30000
-13.55 -20 0 75 105 80 30000
-13.55 -19.35 0 73 105 80 30000
-13.55 -18.7 0 76 105 80 30000
-13.55 -18.05 0 83 105 80 30000
-13.55 -17.4 0 90 105 80 30000
-13.55 -16.75 0 96 105 80 30000
-13.55 -16.1 0 97 105 80 30000
-13.55 -15.45 0 93 105 80 30000
-13.55 -14.8 0 86 105 80 30000
-13.55 -14.15 0 78 105 80 30000
-13.55 -13.5 0 74 105 80 30000
-13.55 -12.85 0 74 105 80 30000
-13.55 -12.2 0 78 105 80 30000
-13.55 -11.55 0 85 105 80 30000
-13.55 -10.9 0 93 105 80 30000
-13.55 -10.25 0 97 105 80 30000
-13.55 -9.6 0 96 105 80 30000
-13.55 -8.95 0 91 105 80 30000
-13.55 -8.3 0 83 105 80 30000
-13.55 -7.65 0 76 105 80 30000
-13.55 -7 0 73 105 80 30000
-13.55 -6.35 0 75 105 80 30000
-13.55 -5.7 0 80 105 80 30000
-13.55 -5.05 0 88 105 80 30000
-13.55 -4.4 0 94 105 80 30000
-13.55 -3.75 0 97 105 80 30000
-13.55 -3.1 0 95 105 80 30000
-13.55 -2.45 0 88 105 80 30000
-13.55 -1.8 0 81 105 80 30000
-13.55 -1.15 0 75 105 80 30000
-13.55 -0.5 0 73 105 80 30000
-13.55 0.15 0 76 105 80 30000
-13.55 0.8 0 83 105 80 30000
-13.55 1.45 0 90 105 80 30000
-13.55 2.1 0 96 105 80 30000
-13.55 2.75 0 97 105 80 30000
-13.55 3.4 0 93 105 80 30000
-13.55 4.05 0 86 105 80 30000
-13.55 4.7 0 78 105 80 30000
-13.55 5.35 0 74 105 80 30000
-13.55 6 0 74 105 80 30000
-13.55 6.65 0 78 105 80 30000
-13.55 7.3 0 85 105 80 30000
-13.55 7.95 0 93 105 80 30000
-13.55 8.6 0 97 105 80 30000
-13.55 9.25 0 96 105 80 30000
-13.55 9.9 0 91 105 80 30000
-13.55 10.55 0 83 105 80 30000
-13.55 11.2 0 76 105 80 30000
-13.55 11.85 0 73 105 80 30000
-13.55 12.5 0 75 105 80 30000
-13.55 13.15 0 80 105 80 30000
-13.55 13.8 0 88 105 80 30000
-13.55 14.45 0 94 105 80 30000
-13.55 15.1 0 97 105 80 30000
-13.55 15.75 0 95 105 80 30000
-13.55 16.4 0 88 105 80 30000
-13.55 17.05 0 81 105 80 30000
-13.55 17.7 0 75 105 80 30000
-13.55 18.35 0 73 105 80 30000
-13.55 19 0 76 105 80 30000
-13.55 19.65 0 83 105 80 30000
-12.9 -20 0 73 105 80 30000
-12.9 -19.35 0 76 105 80 30000
-12.9 -18.7 0 83 105 80 30000
-12.9 -18.05 0 90 105 80 30000
-12.9 -17.4 0 96 105 80 30000
-12.9 -16.75 0 97 105 80 30000
-12.9 -16.1 0 93 105 80 30000
-12.9 -15.45 0 86 105 80 30000
-12.9 -14.8 0 78 105 80 30000
-12.9 -14.15 0 74 105 80 30000
-12.9 -13.5 0 74 105 80 30000
-12.9 -12.85 0 78 105 80 30000
-12.9 -12.2 0 85 105 80 30000
-12.9 -11.55 0 93 105 80 30000
-12.9 -10.9 0 97 105 80 30000
-12.9 -10.25 0 96 105 80 30000
-12.9 -9.6 0 91 105 80 30000
-12.9 -8.95 0 83 105 80 30000
-12.9 -8.3 0 76 105 80 30000
-12.9 -7.65 0 73 105 80 30000
-12.9 -7 0 75 105 80 30000
-12.9 -6.35 0 80 105 80 30000
-12.9 -5.7 0 88 105 80 30000
-12.9 -5.05 0 94 105 80 30000
-12.9 -4.4 0 97 105 80 30000
-12.9 -3.75 0 95 105 80 30000
-12.9 -3.1 0 88 105 80 30000
-12.9 -2.45 0 81 105 80 30000
-12.9 -1.8 0 75 105 80 30000
-12.9 -1.15 0 73 105 80 30000
-12.9 -0.5 0 76 105 80 30000
-12.9 0.15 0 83 105 80 30000
-12.9 0.8 0 90 105 80 30000
-12.9 1.45 0 96 105 80 30000
-12.9 2.1 0 97 105 80 30000
-12.9 2.75 0 93 105 80 30000
-12.9 3.4 0 86 105 80 30000
-12.9 4.05 0 78 105 80 30000
-12.9 4.7 0 74 105 80 30000
-12.9 5.35 0 74 105 80 30000
-12.9 6 0 78 105 80 30000
-12.9 6.65 0 85 105 80 30000
-12.9 7.3 0 93 105 80 30000
-12.9 7.95 0 97 105 80 30000
-12.9 8.6 0 96 105 80 30000
-12.9 9.25 0 91 105 80 30000
-12.9 9.9 0 83 105 80 30000
-12.9 10.55 0 76 105 80 30000
-12.9 11.2 0 73 105 80 30000
-12.9 11.85 0 75 105 80 30000
-12.9 12.5 0 80 105 80 30000
-12.9 13.15 0 88 105 80 30000
-12.9 13.8 0 94 105 80 30000
-12.9 14.45 0 97 105 80 30000
-12.9 15.1 0 95 105 80 30000
-12.9 15.75 0 88 105 80 30000
-12.9 16.4 0 81 105 80 30000
-12.9 17.05 0 75 105 80 30000
-12.9 17.7 0 73 105 80 30000
-12.9 18.35 0 76 105 80 30000
-12.9 19 0 83 105 80 30000
-12.9 19.65 0 90 105 80 30000
-12.25 -20 0 76 105 80 30000
-12.25 -19.35 0 83 105 80 30000
-12.25 -18.7 0 90 105 80 30000
-12.25 -18.05 0 96 105 80 30000
-12.25 -17.4 0 97 105 80 30000
-12.25 -16.75 0 93 105 80 30000
-12.25 -16.1 0 86 105 80 30000
-12.25 -15.45 0 78 105 80 30000
-12.25 -14.8 0 74 105 80 30000
-12.25 -14.15 0 74 105 80 30000
-12.25 -13.5 0 78 105 80 30000
-12.25 -12.85 0 85 105 80 30000
-12.25 -12.2 0 93 105 80 30000
-12.25 -11.55 0 97 105 80 30000
-12.25 -10.9 0 96 105 80 30000
-12.25 -10.25 0 91 105 80 30000
-12.25 -9.6 0 83 105 80 30000
-12.25 -8.95 0 76 105 80 30000
-12.25 -8.3 0 73 105 80 30000
-12.25 -7.65 0 75 105 80 30000
-12.25 -7 0 80 105 80 30000
-12.25 -6.35 0 88 105 80 30000
-12.25 -5.7 0 94 105 80 30000
-12.25 -5.05 0 97 105 80 30000
-12.25 -4.4 0 95 105 80 30000
-12.25 -3.75 0 88 105 80 30000
-12.25 -3.1 0 81 105 80 30000
-12.25 -2.45 0 75 105 80 30000
-12.25 -1.8 0 73 105 80 30000
-12.25 -1.15 0 76 105 80 30000
-12.25 -0.5 0 83 105 80 30000
-12.25 0.15 0 90 105 80 30000
-12.25 0.8 0 96 105 80 30000
-12.25 1.45 0 97 105 80 30000
-12.25 2.1 0 93 105 80 30000
-12.25 2.75 0 86 105 80 30000
-12.25 3.4 0 78 105 80 30000
-12.25 4.05 0 74 105 80 30000
-12.25 4.7 0 74 105 80 30000
-12.25 5.35 0 78 105 80 30000
-12.25 6 0 85 105 80 30000
-12.25 6.65 0 93 105 80 30000
-12.25 7.3 0 97 105 80 30000
-12.25 7.95 0 96 105 80 30000
-12.25 8.6 0 91 105 80 30000
-12.25 9.25 0 83 105 80 30000
-12.25 9.9 0 76 105 80 30000
-12.25 10.55 0 73 105 80 30000
-12.25 11.2 0 75 105 80 30000
-12.25 11.85 0 80 105 80 30000
-12.25 12.5 0 88 105 80 30000
-12.25 13.15 0 94 105 80 30000
-12.25 13.8 0 97 105 80 30000
-12.25 14.45 0 95 105 80 30000
-12.25 15.1 0 88 105 80 30000
-12.25 15.75 0 81 105 80 30000
-12.25 16.4 0 75 105 80 30000
-12.25 17.05 0 73 105 80 30000
-12.25 17.7 0 76 105 80 30000
-12.25 18.35 0 83 105 80 30000
-12.25 19 0 90 105 80 30000
-12.25 19.65 0 96 105 80 30000
-11.6 -20 0 83 105 80 30000
-11.6 -19.35 0 90 105 80 30000
-11.6 -18.7 0 96 105 80 30000
-11.6 -18.05 0 97 105 80 30000
-11.6 -17.4 0 93 105 80 30000
-11.6 -16.75 0 86 105 80 30000
-11.6 -16.1 0 78 105 80 30000
-11.6 -15.45 0 74 105 80 30000
-11.6 -14.8 0 74 105 80 30000
-11.6 -14.15 0 78 105 80 30000
-11.6 -13.5 0 85 105 80 30000
-11.6 -12.85 0 93 105 80 30000
-11.6 -12.2 0 97 105 80 30000
-11.6 -11.55 0 96 105 80 30000
-11.6 -10.9 0 91 105 80 30000
-11.6 -10.25 0 83 105 80 30000
-11.6 -9.6 0 76 105 80 30000
-11.6 -8.95 0 73 105 80 30000
-11.6 -8.3 0 75 105 80 30000
-11.6 -7.65 0 80 105 80 30000
-11.6 -7 0 88 105 80 30000
-11.6 -6.35 0 94 105 80 30000
-11.6 -5.7 0 97 105 80 30000
-11.6 -5.05 0 95 105 80 30000
-11.6 -4.4 0 88 105 80 30000
-11.6 -3.75 0 81 105 80 30000
-11.6 -3.1 0 75 105 80 30000
-11.6 -2.45 0 73 105 80 30000
-11.6 -1.8 0 76 105 80 30000
-11.6 -1.15 0 83 105 80 30000
-11.6 -0.5 0 90 105 80 30000
-11.6 0.15 0 96 105 80 30000
-11.6 0.8 0 97 105 80 30000
-11.6 1.45 0 93 105 80 30000
-11.6 2.1 0 86 105 80 30000
-11.6 2.75 0 78 105 80 30000
-11.6 3.4 0 74 105 80 30000
-11.6 4.05 0 74 105 80 30000
-11.6 4.7 0 78 105 80 30000
-11.6 5.35 0 85 105 80 30000
-11.6 6 0 93 105 80 30000
-11.6 6.65 0 97 105 80 30000
-11.6 7.3 0 96 105 80 30000
-11.6 7.95 0 91 105 80 30000
-11.6 8.6 0 83 105 80 30000
-11.6 9.25 0 76 105 80 30000
-11.6 9.9 0 73 105 80 30000
-11.6 10.55 0 75 105 80 30000
-11.6 11.2 0 80 105 80 30000
-11.6 11.85 0 88 105 80 30000
-11.6 12.5 0 94 105 80 30000
-11.6 13.15 0 97 105 80 30000
-11.6 13.8 0 95 105 80 30000
-11.6 14.45 0 88 105 80 30000
-11.6 15.1 0 81 105 80 30000
-11.6 15.75 0 75 105 80 30000
-11.6 16.4 0 73 105 80 30000
-11.6 17.05 0 76 105 80 30000
-11.6 17.7 0 83 105 80 30000
-11.6 18.35 0 90 105 80 30000
-11.6 19 0 96 105 80 30000
-11.6 19.65 0 97 105 80 30000
-10.95 -20 0 90 105 80 30000
-10.95 -19.35 0 96 105 80 30000
-10.95 -18.7 0 97 105 80 30000
-10.95 -18.05 0 93 105 80 30000
-10.95 -17.4 0 86 105 80 30000
-10.95 -16.75 0 78 105 80 30000
-10.95 -16.1 0 74 105 80 30000
-10.95 -15.45 0 74 105 80 30000
-10.95 -14.8 0 78 105 80 30000
-10.95 -14.15 0 85 105 80 30000
-10.95 -13.5 0 93 105 80 30000
-10.95 -12.85 0 97 105 80 30000
-10.95 -12.2 0 96 105 80 30000
-10.95 -11.55 0 91 105 80 30000
-10.95 -10.9 0 83 105 80 30000
-10.95 -10.25 0 76 105 80 30000
-10.95 -9.6 0 73 105 80 30000
-10.95 -8.95 0 75 105 80 30000
-10.95 -8.3 0 80 105 80 30000
-10.95 -7.65 0 88 105 80 30000
-10.95 -7 0 94 105 80 30000
-10.95 -6.35 0 97 105 80 30000
-10.95 -5.7 0 95 105 80 30000
-10.95 -5.05 0 88 105 80 30000
-10.95 -4.4 0 81 105 80 30000
-10.95 -3.75 0 75 105 80 30000
-10.95 -3.1 0 73 105 80 30000
-10.95 -2.45 0 76 105 80 30000
-10.95 -1.8 0 83 105 80 30000
-10.95 -1.15 0 90 105 80 30000
-10.95 -0.5 0 96 105 80 30000
-10.95 0.15 0 97 105 80 30000
-10.95 0.8 0 93 105 80 30000
-10.95 1.45 0 86 105 80 30000
-10.95 2.1 0 78 105 80 30000
-10.95 2.75 0 74 105 80 30000
-10.95 3.4 0 74 105 80 30000
-10.95 4.05 0 78 105 80 30000
-10.95 4.7 0 85 105 80 30000
-10.95 5.35 0 93 105 80 30000
-10.95 6 0 97 105 80 30000
-10.95 6.65 0 96 105 80 30000
-10.95 7.3 0 91 105 80 30000
-10.95 7.95 0 83 105 80 30000
-10.95 8.6 0 76 105 80 30000
-10.95 9.25 0 73 105 80 30000
-10.95 9.9 0 75 105 80 30000
-10.95 10.55 0 80 105 80 30000
-10.95 11.2 0 88 105 80 30000
-10.95 11.85 0 94 105 80 30000
-10.95 12.5 0 97 105 80 30000
-10.95 13.15 0 95 105 80 30000
-10.95 13.8 0 88 105 80 30000
-10.95 14.45 0 81 105 80 30000
-10.95 15.1 0 75 105 80 30000
-10.95 15.75 0 73 105 80 30000
-10.95 16.4 0 76 105 80 30000
-10.95 17.05 0 83 105 80 30000
-10.95 17.7 0 90 105 80 30000
-10.95 18.35 0 96 105 80 30000
-10.95 19 0 97 105 80 30000
-10.95 19.65 0 93 105 80 30000
-10.3 -20 0 96 105 80 30000
-10.3 -19.35 0 97 105 80 30000
-10.3 -18.7 0 93 105 80 30000
-10.3 -18.05 0 86 105 80 30000
-10.3 -17.4 0 78 105 80 30000
-10.3 -16.75 0 74 105 80 30000
-10.3 -16.1 0 74 105 80 30000
-10.3 -15.45 0 78 105 80 30000
-10.3 -14.8 0 85 105 80 30000
-10.3 -14.15 0 93 105 80 30000
-10.3 -13.5 0 97 105 80 30000
-10.3 -12.85 0 96 105 80 30000
-10.3 -12.2 0 91 105 80 30000
-10.3 -11.55 0 83 105 80 30000
-10.3 -10.9 0 76 105 80 30000
-10.3 -10.25 0 73 105 80 30000
-10.3 -9.6 0 75 105 80 30000
-10.3 -8.95 0 80 105 80 30000
-10.3 -8.3 0 88 105 80 30000
-10.3 -7.65 0 94 105 80 30000
-10.3 -7 0 97 105 80 30000
-10.3 -6.35 0 95 105 80 30000
-10.3 -5.7 0 88 105 80 30000
-10.3 -5.05 0 81 105 80 30000
-10.3 -4.4 0 75 105 80 30000
-10.3 -3.75 0 73 105 80 30000
-10.3 -3.1 0 76 105 80 30000
-10.3 -2.45 0 83 105 80 30000
-10.3 -1.8 0 90 105 80 30000
-10.3 -1.15 0 96 105 80 30000
-10.3 -0.5 0 97 105 80 30000
-10.3 0.15 0 93 105 80 30000
-10.3 0.8 0 86 105 80 30000
-10.3 1.45 0 78 105 80 30000
-10.3 2.1 0 74 105 80 30000
-10.3 2.75 0 74 105 80 30000
-10.3 3.4 0 78 105 80 30000
-10.3 4.05 0 85 105 80 30000
-10.3 4.7 0 93 105 80 30000
-10.3 5.35 0 97 105 80 30000
-10.3 6 0 96 105 80 30000
-10.3 6.65 0 91 105 80 30000
-10.3 7.3 0 83 105 80 30000
-10.3 7.95 0 76 105 80 30000
-10.3 8.6 0 73 105 80 30000
-10.3 9.25 0 75 105 80 30000
-10.3 9.9 0 80 105 80 30000
-10.3 10.55 0 88 105 80 30000
-10.3 11.2 0 94 105 80 30000
-10.3 11.85 0 97 105 80 30000
-10.3 12.5 0 95 105 80 30000
-10.3 13.15 0 88 105 80 30000
-10.3 13.8 0 81 105 80 30000
-10.3 14.45 0 75 105 80 30000
-10.3 15.1 0 73 105 80 30000
-10.3 15.75 0 76 105 80 30000
-10.3 16.4 0 83 105 80 30000
-10.3 17.05 0 90 105 80 30000
-10.3 17.7 0 96 105 80 30000
-10.3 18.35 0 97 105 80 30000
-10.3 19 0 93 105 80 30000
-10.3 19.65 0 86 105 80 30000
-9.65 -20 0 97 105 80 30000
-9.65 -19.35 0 93 105 80 30000
-9.65 -18.7 0 86 105 80 30000
-9.65 -18.05 0 78 105 80 30000
-9.65 -17.4 0 74 105 80 30000
-9.65 -16.75 0 74 105 80 30000
-9.65 -16.1 0 78 105 80 30000
-9.65 -15.45 0 85 105 80 30000
-9.65 -14.8 0 93 105 80 30000
-9.65 -14.15 0 97 105 80 30000
-9.65 -13.5 0 96 105 80 30000
-9.65 -12.85 0 91 105 80 30000
-9.65 -12.2 0 83 105 80 30000
-9.65 -11.55 0 76 105 80 30000
-9.65 -10.9 0 73 105 80 30000
-9.65 -10.25 0 75 105 80 30000
-9.65 -9.6 0 80 105 80 30000
-9.65 -8.95 0 88 105 80 30000
-9.65 -8.3 0 94 105 80 30000
-9.65 -7.65 0 97 105 80 30000
-9.65 -7 0 95 105 80 30000
-9.65 -6.35 0 88 105 80 30000
-9.65 -5.7 0 81 105 80 30000
-9.65 -5.05 0 75 105 80 30000
-9.65 -4.4 0 73 105 80 30000
-9.65 -3.75 0 76 105 80 30000
-9.65 -3.1 0 83 105 80 30000
-9.65 -2.45 0 90 105 80 30000
-9.65 -1.8 0 96 105 80 30000
-9.65 -1.15 0 97 105 80 30000
-9.65 -0.5 0 93 105 80 30000
-9.65 0.15 0 86 105 80 30000
-9.65 0.8 0 78 105 80 30000
-9.65 1.45 0 74 105 80 30000
-9.65 2.1 0 74 105 80 30000
-9.65 2.75 0 78 105 80 30000
-9.65 3.4 0 85 105 80 30000
-9.65 4.05 0 93 105 80 30000
-9.65 4.7 0 97 105 80 30000
-9.65 5.35 0 96 105 80 30000
-9.65 6 0 91 105 80 30000
-9.65 6.65 0 83 105 80 30000
-9.65 7.3 0 76 105 80 30000
-9.65 7.95 0 73 105 80 30000
-9.65 8.6 0 75 105 80 30000
-9.65 9.25 0 80 105 80 30000
-9.65 9.9 0 88 105 80 30000
-9.65 10.55 0 94 105 80 30000
-9.65 11.2 0 97 105 80 30000
-9.65 11.85 0 95 105 80 30000
-9.65 12.5 0 88 105 80 30000
-9.65 13.15 0 81 105 80 30000
-9.65 13.8 0 75 105 80 30000
-9.65 14.45 0 73 105 80 30000
-9.65 15.1 0 76 105 80 30000
-9.65 15.75 0 83 105 80 30000
-9.65 16.4 0 90 105 80 30000
-9.65 17.05 0 96 105 80 30000
-9.65 17.7 0 97 105 80 30000
-9.65 18.35 0 93 105 80 30000
-9.65 19 0 86 105 80 30000
-9.65 19.65 0 78 105 80 30000
-9 -20 0 93 105 80 30000
-9 -19.35 0 86 105 80 30000
-9 -18.7 0 78 105 80 30000
-9 -18.05 0 74 105 80 30000
-9 -17.4 0 74 105 80 30000
-9 -16.75 0 78 105 80 30000
-9 -16.1 0 85 105 80 30000
-9 -15.45 0 93 105 80 30000
-9 -14.8 0 97 105 80 30000
-9 -14.15 0 96 105 80 30000
-9 -13.5 0 91 105 80 30000
-9 -12.85 0 83 105 80 30000
-9 -12.2 0 76 105 80 30000
-9 -11.55 0 73 105 80 30000
-9 -10.9 0 75 105 80 30000
-9 -10.25 0 80 105 80 30000
-9 -9.6 0 88 105 80 30000
-9 -8.95 0 94 105 80 30000
-9 -8.3 0 97 105 80 30000
-9 -7.65 0 95 105 80 30000
-9 -7 0 88 105 80 30000
-9 -6.35 0 81 105 80 30000
-9 -5.7 0 75 105 80 30000
-9 -5.05 0 73 105 80 30000
-9 -4.4 0 76 105 80 30000
-9 -3.75 0 83 105 80 30000
-9 -3.1 0 90 105 80 30000
-9 -2.45 0 96 105 80 30000
-9 -1.8 0 97 105 80 30000
-9 -1.15 0 93 105 80 30000
-9 -0.5 0 86 105 80 30000
-9 0.15 0 78 105 80 30000
-9 0.8 0 74 105 80 30000
-9 1.45 0 74 105 80 30000
-9 2.1 0 78 105 80 30000
-9 2.75 0 85 105 80 30000
-9 3.4 0 93 105 80 30000
-9 4.05 0 97 105 80 30000
-9 4.7 0 96 105 80 30000
-9 5.35 0 91 105 80 30000
-9 6 0 83 105 80 30000
-9 6.65 0 76 105 80 30000
-9 7.3 0 73 105 80 30000
-9 7.95 0 75 105 80 30000
-9 8.6 0 80 105 80 30000
-9 9.25 0 88 105 80 30000
-9 9.9 0 94 105 80 30000
-9 10.55 0 97 105 80 30000
-9 11.2 0 95 105 80 30000
-9 11.85 0 88 105 80 30000
-9 12.5 0 81 105 80 30000
-9 13.15 0 75 105 80 30000
-9 13.8 0 73 105 80 30000
-9 14.45 0 76 105 80 30000
-9 15.1 0 83 105 80 30000
-9 15.75 0 90 105 80 30000
-9 16.4 0 96 105 80 30000
-9 17.05 0 97 105 80 30000
-9 17.7 0 93 105 80 30000
-9 18.35 0 86 105 80 30000
-9 19 0 78 105 80 30000
-9 19.65 0 74 105 80 30000
-8.35 -20 0 86 105 80 30000
-8.35 -19.35 0 78 105 80 30000
-8.35 -18.7 0 74 105 80 30000
-8.35 -18.05 0 74 105 80 30000
-8.35 -17.4 0 78 105 80 30000
-8.35 -16.75 0 85 105 80 30000
-8.35 -16.1 0 93 105 80 30000
-8.35 -15.45 0 97 105 80 30000
-8.35 -14.8 0 96 105 80 30000
-8.35 -14.15 0 91 105 80 30000
-8.35 -13.5 0 83 105 80 30000
-8.35 -12.85 0 76 105 80 30000
-8.35 -12.2 0 73 105 80 30000
-8.35 -11.55 0 75 105 80 30000
-8.35 -10.9 0 80 105 80 30000
-8.35 -10.25 0 88 105 80 30000
-8.35 -9.6 0 94 105 80 30000
-8.35 -8.95 0 97 105 80 30000
-8.35 -8.3 0 95 105 80 30000
-8.35 -7.65 0 88 105 80 30000
-8.35 -7 0 81 105 80 30000
-8.35 -6.35 0 75 105 80 30000
-8.35 -5.7 0 73 105 80 30000
-8.35 -5.05 0 76 105 80 30000
-8.35 -4.4 0 83 105 80 30000
-8.35 -3.75 0 90 105 80 30000
-8.35 -3.1 0 96 105 80 30000
-8.35 -2.45 0 97 105 80 30000
-8.35 -1.8 0 93 105 80 30000
-8.35 -1.15 0 86 105 80 30000
-8.35 -0.5 0 78 105 80 30000
-8.35 0.15 0 74 105 80 30000
-8.35 0.8 0 74 105 80 30000
-8.35 1.45 0 78 105 80 30000
-8.35 2.1 0 85 105 80 30000
-8.35 2.75 0 93 105 80 30000
-8.35 3.4 0 97 105 80 30000
-8.35 4.05 0 96 105 80 30000
-8.35 4.7 0 91 105 80 30000
-8.35 5.35 0 83 105 80 30000
-8.35 6 0 76 105 80 30000
-8.35 6.65 0 73 105 80 30000
-8.35 7.3 0 75 105 80 30000
-8.35 7.95 0 80 105 80 30000
-8.35 8.6 0 88 105 80 30000
-8.35 9.25 0 94 105 80 30000
-8.35 9.9 0 97 105 80 30000
-8.35 10.55 0 95 105 80 30000
-8.35 11.2 0 88 105 80 30000
-8.35 11.85 0 81 105 80 30000
-8.35 12.5 0 75 105 80 30000
-8.35 13.15 0 73 105 80 30000
-8.35 13.8 0 76 105 80 30000
-8.35 14.45 0 83 105 80 30000
-8.35 15.1 0 90 105 80 30000
-8.35 15.75 0 96 105 80 30000
-8.35 16.4 0 97 105 80 30000
-8.35 17.05 0 93 105 80 30000
-8.35 17.7 0 86 105 80 30000
-8.35 18.35 0 78 105 80 30000
-8.35 19 0 74 105 80 30000
-8.35 19.65 0 74 105 80 30000
-7.7 -20 0 78 105 80 30000
-7.7 -19.35 0 74 105 80 30000
-7.7 -18.7 0 74 105 80 30000
-7.7 -18.05 0 78 105 80 30000
-7.7 -17.4 0 85 105 80 30000
-7.7 -16.75 0 93 105 80 30000
-7.7 -16.1 0 97 105 80 30000
-7.7 -15.45 0 96 105 80 30000
-7.7 -14.8 0 91 105 80 30000
-7.7 -14.15 0 83 105 80 30000
-7.7 -13.5 0 76 105 80 30000
-7.7 -12.85 0 73 105 80 30000
-7.7 -12.2 0 75 105 80 30000
-7.7 -11.55 0 80 105 80 30000
-7.7 -10.9 0 88 105 80 30000
-7.7 -10.25 0 94 105 80 30000
-7.7 -9.6 0 97 105 80 30000
-7.7 -8.95 0 95 105 80 30000
-7.7 -8.3 0 88 105 80 30000
-7.7 -7.65 0 81 105 80 30000
-7.7 -7 0 75 105 80 30000
-7.7 -6.35 0 73 105 80 30000
-7.7 -5.7 0 76 105 80 30000
-7.7 -5.05 0 83 105 80 30000
-7.7 -4.4 0 90 105 80 30000
-7.7 -3.75 0 96 105 80 30000
-7.7 -3.1 0 97 105 80 30000
-7.7 -2.45 0 93 105 80 30000
-7.7 -1.8 0 86 105 80 30000
-7.7 -1.15 0 78 105 80 30000
-7.7 -0.5 0 74 105 80 30000
-7.7 0.15 0 74 105 80 30000
-7.7 0.8 0 78 105 80 30000
-7.7 1.45 0 85 105 80 30000
-7.7 2.1 0 93 105 80 30000
-7.7 2.75 0 97 105 80 30000
-7.7 3.4 0 96 105 80 30000
-7.7 4.05 0 91 105 80 30000
-7.7 4.7 0 83 105 80 30000
-7.7 5.35 0 76 105 80 30000
-7.7 6 0 73 105 80 30000
-7.7 6.65 0 75 105 80 30000
-7.7 7.3 0 80 105 80 30000
-7.7 7.95 0 88 105 80 30000
-7.7 8.6 0 94 105 80 30000
-7.7 9.25 0 97 105 80 30000
-7.7 9.9 0 95 105 80 30000
-7.7 10.55 0 88 105 80 30000
-7.7 11.2 0 81 105 80 30000
-7.7 11.85 0 75 105 80 30000
-7.7 12.5 0 73 105 80 30000
-7.7 13.15 0 76 105 80 30000
-7.7 13.8 0 83 105 80 30000
-7.7 14.45 0 90 105 80 30000
-7.7 15.1 0 96 105 80 30000
-7.7 15.75 0 97 105 80 30000
-7.7 16.4 0 93 105 80 30000
-7.7 17.05 0 86 105 80 30000
-7.7 17.7 0 78 105 80 30000
-7.7 18.35 0 74 105 80 30000
-7.7 19 0 74 105 80 30000
-7.7 19.65 0 78 105 80 30000
-7.05 -20 0 74 105 80 30000
-7.05 -19.35 0 74 105 80 30000
-7.05 -18.7 0 78 105 80 30000
-7.05 -18.05 0 85 105 80 30000
-7.05 -17.4 0 93 105 80 30000
-7.05 -16.75 0 97 105 80 30000
-7.05 -16.1 0 96 105 80 30000
-7.05 -15.45 0 91 105 80 30000
-7.05 -14.8 0 83 105 80 30000
-7.05 -14.15 0 76 105 80 30000
-7.05 -13.5 0 73 105 80 30000
-7.05 -12.85 0 75 105 80 30000
-7.05 -12.2 0 80 105 80 30000
-7.05 -11.55 0 88 105 80 30000
-7.05 -10.9 0 94 105 80 30000
-7.05 -10.25 0 97 105 80 30000
-7.05 -9.6 0 95 105 80 30000
-7.05 -8.95 0 88 105 80 30000
-7.05 -8.3 0 81 105 80 30000
-7.05 -7.65 0 75 105 80 30000
-7.05 -7 0 73 105 80 30000
-7.05 -6.35 0 76 105 80 30000
-7.05 -5.7 0 83 105 80 30000
-7.05 -5.05 0 90 105 80 30000
-7.05 -4.4 0 96 105 80 30000
-7.05 -3.75 0 97 105 80 30000
-7.05 -3.1 0 93 105 80 30000
-7.05 -2.45 0 86 105 80 30000
-7.05 -1.8 0 78 105 80 30000
-7.05 -1.15 0 74 105 80 30000
-7.05 -0.5 0 74 105 80 30000
-7.05 0.15 0 78 105 80 30000
-7.05 0.8 0 85 105 80 30000
-7.05 1.45 0 93 105 80 30000
-7.05 2.1 0 97 105 80 30000
-7.05 2.75 0 96 105 80 30000
-7.05 3.4 0 91 105 80 30000
-7.05 4.05 0 83 105 80 30000
-7.05 4.7 0 76 105 80 30000
-7.05 5.35 0 73 105 80 30000
-7.05 6 0 75 105 80 30000
-7.05 6.65 0 80 105 80 30000
-7.05 7.3 0 88 105 80 30000
-7.05 7.95 0 94 105 80 30000
-7.05 8.6 0 97 105 80 30000
-7.05 9.25 0 95 105 80 30000
-7.05 9.9 0 88 105 80 30000
-7.05 10.55 0 81 105 80 30000
-7.05 11.2 0 75 105 80 30000
-7.05 11.85 0 73 105 80 30000
-7.05 12.5 0 76 105 80 30000
-7.05 13.15 0 83 105 80 30000
-7.05 13.8 0 90 105 80 30000
-7.05 14.45 0 96 105 80 30000
-7.05 15.1 0 97 105 80 30000
-7.05 15.75 0 93 105 80 30000
-7.05 16.4 0 86 105 80 30000
-7.05 17.05 0 78 105 80 30000
-7.05 17.7 0 74 105 80 30000
-7.05 18.35 0 74 105 80 30000
-7.05 19 0 78 105 80 30000
-7.05 19.65 0 85 105 80 30000
-6.4 -20 0 74 105 80 30000
-6.4 -19.35 0 78 105 80 30000
-6.4 -18.7 0 85 105 80 30000
-6.4 -18.05 0 93 105 80 30000
-6.4 -17.4 0 97 105 80 30000
-6.4 -16.75 0 96 105 80 30000
-6.4 -16.1 0 91 105 80 30000
-6.4 -15.45 0 83 105 80 30000
-6.4 -14.8 0 76 105 80 30000
-6.4 -14.15 0 73 105 80 30000
-6.4 -13.5 0 75 105 80 30000
-6.4 -12.85 0 80 105 80 30000
-6.4 -12.2 0 88 105 80 30000
-6.4 -11.55 0 94 105 80 30000
-6.4 -10.9 0 97 105 80 30000
-6.4 -10.25 0 95 105 80 30000
-6.4 -9.6 0 88 105 80 30000
-6.4 -8.95 0 81 105 80 30000
-6.4 -8.3 0 75 105 80 30000
-6.4 -7.65 0 73 105 80 30000
-6.4 -7 0 76 105 80 30000
-6.4 -6.35 0 83 105 80 30000
-6.4 -5.7 0 90 105 80 30000
-6.4 -5.05 0 96 105 80 30000
-6.4 -4.4 0 97 105 80 30000
-6.4 -3.75 0 93 105 80 30000
-6.4 -3.1 0 86 105 80 30000
-6.4 -2.45 0 78 105 80 30000
-6.4 -1.8 0 74 105 80 30000
-6.4 -1.15 0 74 105 80 30000
-6.4 -0.5 0 78 105 80 30000
-6.4 0.15 0 85 105 80 30000
-6.4 0.8 0 93 105 80 30000
-6.4 1.45 0 97 105 80 30000
-6.4 2.1 0 96 105 80 30000
-6.4 2.75 0 91 105 80 30000
-6.4 3.4 0 83 105 80 30000
-6.4 4.05 0 76 105 80 30000
-6.4 4.7 0 73 105 80 30000
-6.4 5.35 0 75 105 80 30000
-6.4 6 0 80 105 80 30000
-6.4 6.65 0 88 105 80 30000
-6.4 7.3 0 94 105 80 30000
-6.4 7.95 0 97 105 80 30000
-6.4 8.6 0 95 105 80 30000
-6.4 9.25 0 88 105 80 30000
-6.4 9.9 0 81 105 80 30000
-6.4 10.55 0 75 105 80 30000
-6.4 11.2 0 73 105 80 30000
-6.4 11.85 0 76 105 80 30000
-6.4 12.5 0 83 105 80 30000
-6.4 13.15 0 90 105 80 30000
-6.4 13.8 0 96 105 80 30000
-6.4 14.45 0 97 105 80 30000
-6.4 15.1 0 93 105 80 30000
-6.4 15.75 0 86 105 80 30000
-6.4 16.4 0 78 105 80 30000
-6.4 17.05 0 74 105 80 30000
-6.4 17.7 0 74 105 80 30000
-6.4 18.35 0 78 105 80 30000
-6.4 19 0 85 105 80 30000
-6.4 19.65 0 93 105 80 30000
-5.75 -20 0 78 105 80 30000
-5.75 -19.35 0 85 105 80 30000
-5.75 -18.7 0 93 105 80 30000
-5.75 -18.05 0 97 105 80 30000
-5.75 -17.4 0 96 105 80 30000
-5.75 -16.75 0 91 105 80 30000
-5.75 -16.1 0 83 105 80 30000
-5.75 -15.45 0 76 105 80 30000
-5.75 -14.8 0 73 105 80 30000
-5.75 -14.15 0 75 105 80 30000
-5.75 -13.5 0 80 105 80 30000
-5.75 -12.85 0 88 105 80 30000
-5.75 -12.2 0 94 105 80 30000
-5.75 -11.55 0 97 105 80 30000
-5.75 -10.9 0 95 105 80 30000
-5.75 -10.25 0 88 105 80 30000
-5.75 -9.6 0 81 105 80 30000
-5.75 -8.95 0 75 105 80 30000
-5.75 -8.3 0 73 105 80 30000
-5.75 -7.65 0 76 105 80 30000
-5.75 -7 0 83 105 80 30000
-5.75 -6.35 0 90 105 80 30000
-5.75 -5.7 0 96 105 80 30000
-5.75 -5.05 0 97 105 80 30000
-5.75 -4.4 0 93 105 80 30000
-5.75 -3.75 0 86 105 80 30000
-5.75 -3.1 0 78 105 80 30000
-5.75 -2.45 0 74 105 80 30000
-5.75 -1.8 0 74 105 80 30000
-5.75 -1.15 0 78 105 80 30000
-5.75 -0.5 0 85 105 80 30000
-5.75 0.15 0 93 105 80 30000
-5.75 0.8 0 97 105 80 30000
-5.75 1.45 0 96 105 80 30000
-5.75 2.1 0 91 105 80 30000
-5.75 2.75 0 83 105 80 30000
-5.75 3.4 0 76 105 80 30000
-5.75 4.05 0 73 105 80 30000
-5.75 4.7 0 75 105 80 30000
-5.75 5.35 0 80 105 80 30000
-5.75 6 0 88 105 80 30000
-5.75 6.65 0 94 105 80 30000
-5.75 7.3 0 97 105 80 30000
-5.75 7.95 0 95 105 80 30000
-5.75 8.6 0 88 105 80 30000
-5.75 9.25 0 81 105 80 30000
-5.75 9.9 0 75 105 80 30000
-5.75 10.55 0 73 105 80 30000
-5.75 11.2 0 76 105 80 30000
-5.75 11.85 0 83 105 80 30000
-5.75 12.5 0 90 105 80 30000
-5.75 13.15 0 96 105 80 30000
-5.75 13.8 0 97 105 80 30000
-5.75 14.45 0 93 105 80 30000
-5.75 15.1 0 86 105 80 30000
-5.75 15.75 0 78 105 80 30000
-5.75 16.4 0 74 105 80 30000
-5.75 17.05 0 74 105 80 30000
-5.75 17.7 0 78 105 80 30000
-5.75 18.35 0 85 105 80 30000
-5.75 19 0 93 105 80 30000
-5.75 19.65 0 97 105 80 30000
-5.1 -20 0 85 105 80 30000
-5.1 -19.35 0 93 105 80 30000
-5.1 -18.7 0 97 105 80 30000
-5.1 -18.05 0 96 105 80 30000
-5.1 -17.4 0 91 105 80 30000
-5.1 -16.75 0 83 105 80 30000
-5.1 -16.1 0 76 105 80 30000
-5.1 -15.45 0 73 105 80 30000
-5.1 -14.8 0 75 105 80 30000
-5.1 -14.15 0 80 105 80 30000
-5.1 -13.5 0 88 105 80 30000
-5.1 -12.85 0 94 105 80 30000
-5.1 -12.2 0 97 105 80 30000
-5.1 -11.55 0 95 105 80 30000
-5.1 -10.9 0 88 105 80 30000
-5.1 -10.25 0 81 105 80 30000
-5.1 -9.6 0 75 105 80 30000
-5.1 -8.95 0 73 105 80 30000
-5.1 -8.3 0 76 105 80 30000
-5.1 -7.65 0 83 105 80 30000
-5.1 -7 0 90 105 80 30000
-5.1 -6.35 0 96 105 80 30000
-5.1 -5.7 0 97 105 80 30000
-5.1 -5.05 0 93 105 80 30000
-5.1 -4.4 0 86 105 80 30000
-5.1 -3.75 0 78 105 80 30000
-5.1 -3.1 0 74 105 80 30000
-5.1 -2.45 0 74 105 80 30000
-5.1 -1.8 0 78 105 80 30000
-5.1 -1.15 0 85 105 80 30000
-5.1 -0.5 0 93 105 80 30000
-5.1 0.15 0 97 105 80 30000
-5.1 0.8 0 96 105 80 30000
-5.1 1.45 0 91 105 80 30000
-5.1 2.1 0 83 105 80 30000
-5.1 2.75 0 76 105 80 30000
-5.1 3.4 0 73 105 80 30000
-5.1 4.05 0 75 105 80 30000
-5.1 4.7 0 80 105 80 30000
-5.1 5.35 0 88 105 80 30000
-5.1 6 0 94 105 80 30000
-5.1 6.65 0 97 105 80 30000
-5.1 7.3 0 95 105 80 30000
-5.1 7.95 0 88 105 80 30000
-5.1 8.6 0 81 105 80 30000
-5.1 9.25 0 75 105 80 30000
-5.1 9.9 0 73 105 80 30000
-5.1 10.55 0 76 105 80 30000
-5.1 11.2 0 83 105 80 30000
-5.1 11.85 0 90 105 80 30000
-5.1 12.5 0 96 105 80 30000
-5.1 13.15 0 97 105 80 30000
-5.1 13.8 0 93 105 80 30000
-5.1 14.45 0 86 105 80 30000
-5.1 15.1 0 78 105 80 30000
-5.1 15.75 0 74 105 80 30000
-5.1 16.4 0 74 105 80 30000
-5.1 17.05 0 78 105 80 30000
-5.1 17.7 0 85 105 80 30000
-5.1 18.35 0 93 105 80 30000
-5.1 19 0 97 105 80 30000
-5.1 19.65 0 96 105 80 30000
-4.45 -20 0 93 105 80 30000
-4.45 -19.35 0 97 105 80 30000
-4.45 -18.7 0 96 105 80 30000
-4.45 -18.05 0 91 105 80 30000
-4.45 -17.4 0 83 105 80 30000
-4.45 -16.75 0 76 105 80 30000
-4.45 -16.1 0 73 105 80 30000
-4.45 -15.45 0 75 105 80 30000
-4.45 -14.8 0 80 105 80 30000
-4.45 -14.15 0 88 105 80 30000
-4.45 -13.5 0 94 105 80 30000
-4.45 -12.85 0 97 105 80 30000
-4.45 -12.2 0 95 105 80 30000
-4.45 -11.55 0 88 105 80 30000
-4.45 -10.9 0 81 105 80 30000
-4.45 -10.25 0 75 105 80 30000
-4.45 -9.6 0 73 105 80 30000
-4.45 -8.95 0 76 105 80 30000
-4.45 -8.3 0 83 105 80 30000
-4.45 -7.65 0 90 105 80 30000
-4.45 -7 0 96 105 80 30000
-4.45 -6.35 0 97 105 80 30000
-4.45 -5.7 0 93 105 80 30000
-4.45 -5.05 0 86 105 80 30000
-4.45 -4.4 0 78 105 80 30000
-4.45 -3.75 0 74 105 80 30000
-4.45 -3.1 0 74 105 80 30000
-4.45 -2.45 0 78 105 80 30000
-4.45 -1.8 0 85 105 80 30000
-4.45 -1.15 0 93 105 80 30000
-4.45 -0.5 0 97 105 80 30000
-4.45 0.15 0 96 105 80 30000
-4.45 0.8 0 91 105 80 30000
-4.45 1.45 0 83 105 80 30000
-4.45 2.1 0 76 105 80 30000
-4.45 2.75 0 73 105 80 30000
-4.45 3.4 0 75 105 80 30000
-4.45 4.05 0 80 105 80 30000
-4.45 4.7 0 88 105 80 30000
-4.45 5.35 0 94 105 80 30000
-4.45 6 0 97 105 80 30000
-4.45 6.65 0 95 105 80 30000
-4.45 7.3 0 88 105 80 30000
-4.45 7.95 0 81 105 80 30000
-4.45 8.6 0 75 105 80 30000
-4.45 9.25 0 73 105 80 30000
-4.45 9.9 0 76 105 80 30000
-4.45 10.55 0 83 105 80 30000
-4.45 11.2 0 90 105 80 30000
-4.45 11.85 0 96 105 80 30000
-4.45 12.5 0 97 105 80 30000
-4.45 13.15 0 93 105 80 30000
-4.45 13.8 0 86 105 80 30000
-4.45 14.45 0 78 105 80 30000
-4.45 15.1 0 74 105 80 30000
-4.45 15.75 0 74 105 80 30000
-4.45 16.4 0 78 105 80 30000
-4.45 17.05 0 85 105 80 30000
-4.45 17.7 0 93 105 80 30000
-4.45 18.35 0 97 105 80 30000
-4.45 19 0 96 105 80 30000
-4.45 19.65 0 91 105 80 30000
-3.8 -20 0 97 105 80 30000
-3.8 -19.35 0 96 105 80 30000
-3.8 -18.7 0 91 105 80 30000
-3.8 -18.05 0 83 105 80 30000
-3.8 -17.4 0 76 105 80 30000
-3.8 -16.75 0 73 105 80 30000
-3.8 -16.1 0 75 105 80 30000
-3.8 -15.45 0 80 105 80 30000
-3.8 -14.8 0 88 105 80 30000
-3.8 -14.15 0 94 105 80 30000
-3.8 -13.5 0 97 105 80 30000
-3.8 -12.85 0 95 105 80 30000
-3.8 -12.2 0 88 105 80 30000
-3.8 -11.55 0 81 105 80 30000
-3.8 -10.9 0 75 105 80 30000
-3.8 -10.25 0 73 105 80 30000
-3.8 -9.6 0 76 105 80 30000
-3.8 -8.95 0 83 105 80 30000
-3.8 -8.3 0 90 105 80 30000
-3.8 -7.65 0 96 105 80 30000
-3.8 -7 0 97 105 80 30000
-3.8 -6.35 0 93 105 80 30000
-3.8 -5.7 0 86 105 80 30000
-3.8 -5.05 0 78 105 80 30000
-3.8 -4.4 0 74 105 80 30000
-3.8 -3.75 0 74 105 80 30000
-3.8 -3.1 0 78 105 80 30000
-3.8 -2.45 0 85 105 80 30000
-3.8 -1.8 0 93 105 80 30000
-3.8 -1.15 0 97 105 80 30000
-3.8 -0.5 0 96 105 80 30000
-3.8 0.15 0 91 105 80 30000
-3.8 0.8 0 83 105 80 30000
-3.8 1.45 0 76 105 80 30000
-3.8 2.1 0 73 105 80 30000
-3.8 2.75 0 75 105 80 30000
-3.8 3.4 0 80 105 80 30000
-3.8 4.05 0 88 105 80 30000
-3.8 4.7 0 94 105 80 30000
-3.8 5.35 0 97 105 80 30000
-3.8 6 0 95 105 80 30000
-3.8 6.65 0 88 105 80 30000
-3.8 7.3 0 81 105 80 30000
-3.8 7.95 0 75 105 80 30000
-3.8 8.6 0 73 105 80 30000
-3.8 9.25 0 76 105 80 30000
-3.8 9.9 0 83 105 80 30000
-3.8 10.55 0 90 105 80 30000
-3.8 11.2 0 96 105 80 30000
-3.8 11.85 0 97 105 80 30000
-3.8 12.5 0 93 105 80 30000
-3.8 13.15 0 86 105 80 30000
-3.8 13.8 0 78 105 80 30000
-3.8 14.45 0 74 105 80 30000
-3.8 15.1 0 74 105 80 30000
-3.8 15.75 0 78 105 80 30000
-3.8 16.4 0 85 105 80 30000
-3.8 17.05 0 93 105 80 30000
-3.8 17.7 0 97 105 80 30000
-3.8 18.35 0 96 105 80 30000
-3.8 19 0 91 105 80 30000
-3.8 19.65 0 83 105 80 30000
-3.15 -20 0 96 105 80 30000
-3.15 -19.35 0 91 105 80 30000
-3.15 -18.7 0 83 105 80 30000
-3.15 -18.05 0 76 105 80 30000
-3.15 -17.4 0 73 105 80 30000
-3.15 -16.75 0 75 105 80 30000
-3.15 -16.1 0 80 105 80 30000
-3.15 -15.45 0 88 105 80 30000
-3.15 -14.8 0 94 105 80 30000
-3.15 -14.15 0 97 105 80 30000
-3.15 -13.5 0 95 105 80 30000
-3.15 -12.85 0 88 105 80 30000
-3.15 -12.2 0 81 105 80 30000
-3.15 -11.55 0 75 105 80 30000
-3.15 -10.9 0 73 105 80 30000
-3.15 -10.25 0 76 105 80 30000
-3.15 -9.6 0 83 105 80 30000
-3.15 -8.95 0 90 105 80 30000
-3.15 -8.3 0 96 105 80 30000
-3.15 -7.65 0 97 105 80 30000
-3.15 -7 0 93 105 80 30000
-3.15 -6.35 0 86 105 80 30000
-3.15 -5.7 0 78 105 80 30000
-3.15 -5.05 0 74 105 80 30000
-3.15 -4.4 0 74 105 80 30000
-3.15 -3.75 0 78 105 80 30000
-3.15 -3.1 0 85 105 80 30000
-3.15 -2.45 0 93 105 80 30000
-3.15 -1.8 0 97 105 80 30000
-3.15 -1.15 0 96 105 80 30000
-3.15 -0.5 0 91 105 80 30000
-3.15 0.15 0 83 105 80 30000
-3.15 0.8 0 76 105 80 30000
-3.15 1.45 0 73 105 80 30000
-3.15 2.1 0 75 105 80 30000
-3.15 2.75 0 80 105 80 30000
-3.15 3.4 0 88 105 80 30000
-3.15 4.05 0 94 105 80 30000
-3.15 4.7 0 97 105 80 30000
-3.15 5.35 0 95 105 80 30000
-3.15 6 0 88 105 80 30000
-3.15 6.65 0 81 105 80 30000
-3.15 7.3 0 75 105 80 30000
-3.15 7.95 0 73 105 80 30000
-3.15 8.6 0 76 105 80 30000
-3.15 9.25 0 83 105 80 30000
-3.15 9.9 0 90 105 80 30000
-3.15 10.55 0 96 105 80 30000
-3.15 11.2 0 97 105 80 30000
-3.15 11.85 0 93 105 80 30000
-3.15 12.5 0 86 105 80 30000
-3.15 13.15 0 78 105 80 30000
-3.15 13.8 0 74 105 80 30000
-3.15 14.45 0 74 105 80 30000
-3.15 15.1 0 78 105 80 30000
-3.15 15.75 0 85 105 80 30000
-3.15 16.4 0 93 105 80 30000
-3.15 17.05 0 97 105 80 30000
-3.15 17.7 0 96 105 80 30000
-3.15 18.35 0 91 105 80 30000
-3.15 19 0 83 105 80 30000
-3.15 19.65 0 76 105 80 30000
-2.5 -20 0 91 105 80 30000
-2.5 -19.35 0 83 105 80 30000
-2.5 -18.7 0 76 105 80 30000
-2.5 -18.05 0 73 105 80 30000
-2.5 -17.4 0 75 105 80 30000
-2.5 -16.75 0 80 105 80 30000
-2.5 -16.1 0 88 105 80 30000
-2.5 -15.45 0 94 105 80 30000
-2.5 -14.8 0 97 105 80 30000
-2.5 -14.15 0 95 105 80 30000
-2.5 -13.5 0 88 105 80 30000
-2.5 -12.85 0 81 105 80 30000
-2.5 -12.2 0 75 105 80 30000
-2.5 -11.55 0 73 105 80 30000
-2.5 -10.9 0 76 105 80 30000
-2.5 -10.25 0 83 105 80 30000
-2.5 -9.6 0 90 105 80 30000
-2.5 -8.95 0 96 105 80 30000
-2.5 -8.3 0 97 105 80 30000
-2.5 -7.65 0 93 105 80 30000
-2.5 -7 0 86 105 80 30000
-2.5 -6.35 0 78 105 80 30000
-2.5 -5.7 0 74 105 80 30000
-2.5 -5.05 0 74 105 80 30000
-2.5 -4.4 0 78 105 80 30000
-2.5 -3.75 0 85 105 80 30000
-2.5 -3.1 0 93 105 80 30000
-2.5 -2.45 0 97 105 80 30000
-2.5 -1.8 0 96 105 80 30000
-2.5 -1.15 0 91 105 80 30000
-2.5 -0.5 0 83 105 80 30000
-2.5 0.15 0 76 105 80 30000
-2.5 0.8 0 73 105 80 30000
-2.5 1.45 0 75 105 80 30000
-2.5 2.1 0 80 105 80 30000
-2.5 2.75 0 88 105 80 30000
-2.5 3.4 0 94 105 80 30000
-2.5 4.05 0 97 105 80 30000
-2.5 4.7 0 95 105 80 30000
-2.5 5.35 0 88 105 80 30000
-2.5 6 0 81 105 80 30000
-2.5 6.65 0 75 105 80 30000
-2.5 7.3 0 73 105 80 30000
-2.5 7.95 0 76 105 80 30000
-2.5 8.6 0 83 105 80 30000
-2.5 9.25 0 90 105 80 30000
-2.5 9.9 0 96 105 80 30000
-2.5 10.55 0 97 105 80 30000
-2.5 11.2 0 93 105 80 30000
-2.5 11.85 0 86 105 80 30000
-2.5 12.5 0 78 105 80 30000
-2.5 13.15 0 74 105 80 30000
-2.5 13.8 0 74 105 80 30000
-2.5 14.45 0 78 105 80 30000
-2.5 15.1 0 85 105 80 30000
-2.5 15.75 0 93 105 80 30000
-2.5 16.4 0 97 105 80 30000
-2.5 17.05 0 96 105 80 30000
-2.5 17.7 0 91 105 80 30000
-2.5 18.35 0 83 105 80 30000
-2.5 19 0 76 105 80 30000
-2.5 19.65 0 73 105 80 30000
-1.85 -20 0 83 105 80 30000
-1.85 -19.35 0 76 105 80 30000
-1.85 -18.7 0 73 105 80 30000
-1.85 -18.05 0 75 105 80 30000
-1.85 -17.4 0 80 105 80 30000
-1.85 -16.75 0 88 105 80 30000
-1.85 -16.1 0 94 105 80 30000
-1.85 -15.45 0 97 105 80 30000
-1.85 -14.8 0 95 105 80 30000
-1.85 -14.15 0 88 105 80 30000
-1.85 -13.5 0 81 105 80 30000
-1.85 -12.85 0 75 105 80 30000
-1.85 -12.2 0 73 105 80 30000
-1.85 -11.55 0 76 105 80 30000
-1.85 -10.9 0 83 105 80 30000
-1.85 -10.25 0 90 105 80 30000
-1.85 -9.6 0 96 105 80 30000
-1.85 -8.95 0 97 105 80 30000
-1.85 -8.3 0 93 105 80 30000
-1.85 -7.65 0 86 105 80 30000
-1.85 -7 0 78 105 80 30000
-1.85 -6.35 0 74 105 80 30000
-1.85 -5.7 0 74 105 80 30000
-1.85 -5.05 0 78 105 80 30000
-1.85 -4.4 0 85 105 80 30000
-1.85 -3.75 0 93 105 80 30000
-1.85 -3.1 0 97 105 80 30000
-1.85 -2.45 0 96 105 80 30000
-1.85 -1.8 0 91 105 80 30000
-1.85 -1.15 0 83 105 80 30000
-1.85 -0.5 0 76 105 80 30000
-1.85 0.15 0 73 105 80 30000
-1.85 0.8 0 75 105 80 30000
-1.85 1.45 0 80 105 80 30000
-1.85 2.1 0 88 105 80 30000
-1.85 2.75 0 94 105 80 30000
-1.85 3.4 0 97 105 80 30000
-1.85 4.05 0 95 105 80 30000
-1.85 4.7 0 88 105 80 30000
-1.85 5.35 0 81 105 80 30000
-1.85 6 0 75 105 80 30000
-1.85 6.65 0 73 105 80 30000
-1.85 7.3 0 76 105 80 30000
-1.85 7.95 0 83 105 80 30000
-1.85 8.6 0 90 105 80 30000
-1.85 9.25 0 96 105 80 30000
-1.85 9.9 0 97 105 80 30000
-1.85 10.55 0 93 105 80 30000
-1.85 11.2 0 86 105 80 30000
-1.85 11.85 0 78 105 80 30000
-1.85 12.5 0 74 105 80 30000
-1.85 13.15 0 74 105 80 30000
-1.85 13.8 0 78 105 80 30000
-1.85 14.45 0 85 105 80 30000
-1.85 15.1 0 93 105 80 30000
-1.85 15.75 0 97 105 80 30000
-1.85 16.4 0 96 105 80 30000
-1.85 17.05 0 91 105 80 30000
-1.85 17.7 0 83 105 80 30000
-1.85 18.35 0 76 105 80 30000
-1.85 19 0 73 105 80 30000
-1.85 19.65 0 75 105 80 30000
-1.2 -20 0 76 105 80 30000
-1.2 -19.35 0 73 105 80 30000
-1.2 -18.7 0 75 105 80 30000
-1.2 -18.05 0 80 105 80 30000
-1.2 -17.4 0 88 105 80 30000
-1.2 -16.75 0 94 105 80 30000
-1.2 -16.1 0 97 105 80 30000
-1.2 -15.45 0 95 105 80 30000
-1.2 -14.8 0 88 105 80 30000
-1.2 -14.15 0 81 105 80 30000
-1.2 -13.5 0 75 105 80 30000
-1.2 -12.85 0 73 105 80 30000
-1.2 -12.2 0 76 105 80 30000
-1.2 -11.55 0 83 105 80 30000
-1.2 -10.9 0 90 105 80 30000
-1.2 -10.25 0 96 105 80 30000
-1.2 -9.6 0 97 105 80 30000
-1.2 -8.95 0 93 105 80 30000
-1.2 -8.3 0 86 105 80 30000
-1.2 -7.65 0 78 105 80 30000
-1.2 -7 0 74 105 80 30000
-1.2 -6.35 0 74 105 80 30000
-1.2 -5.7 0 78 105 80 30000
-1.2 -5.05 0 85 105 80 30000
-1.2 -4.4 0 93 105 80 30000
-1.2 -3.75 0 97 105 80 30000
-1.2 -3.1 0 96 105 80 30000
-1.2 -2.45 0 91 105 80 30000
-1.2 -1.8 0 83 105 80 30000
-1.2 -1.15 0 76 105 80 30000
-1.2 -0.5 0 73 105 80 30000
-1.2 0.15 0 75 105 80 30000
-1.2 0.8 0 80 105 80 30000
-1.2 1.45 0 88 105 80 30000
-1.2 2.1 0 94 105 80 30000
-1.2 2.75 0 97 105 80 30000
-1.2 3.4 0 95 105 80 30000
-1.2 4.05 0 88 105 80 30000
-1.2 4.7 0 81 105 80 30000
-1.2 5.35 0 75 105 80 30000
-1.2 6 0 73 105 80 30000
-1.2 6.65 0 76 105 80 30000
-1.2 7.3 0 83 105 80 30000
-1.2 7.95 0 90 105 80 30000
-1.2 8.6 0 96 105 80 30000
-1.2 9.25 0 97 105 80 30000
-1.2 9.9 0 93 105 80 30000
-1.2 10.55 0 86 105 80 30000
-1.2 11.2 0 78 105 80 30000
-1.2 11.85 0 74 105 80 30000
-1.2 12.5 0 74 105 80 30000
-1.2 13.15 0 78 105 80 30000
-1.2 13.8 0 85 105 80 30000
-1.2 14.45 0 93 105 80 30000
-1.2 15.1 0 97 105 80 30000
-1.2 15.75 0 96 105 80 30000
-1.2 16.4 0 91 105 80 30000
-1.2 17.05 0 83 105 80 30000
-1.2 17.7 0 76 105 80 30000
-1.2 18.35 0 73 105 80 30000
-1.2 19 0 75 105 80 30000
-1.2 19.65 0 80 105 80 30000
-0.55 -20 0 73 105 80 30000
-0.55 -19.35 0 75 105 80 30000
-0.55 -18.7 0 80 105 80 30000
-0.55 -18.05 0 88 105 80 30000
-0.55 -17.4 0 94 105 80 30000
-0.55 -16.75 0 97 105 80 30000
-0.55 -16.1 0 95 105 80 30000
-0.55 -15.45 0 88 105 80 30000
-0.55 -14.8 0 81 105 80 30000
-0.55 -14.15 0 75 105 80 30000
-0.55 -13.5 0 73 105 80 30000
-0.55 -12.85 0 76 105 80 30000
-0.55 -12.2 0 83 105 80 30000
-0.55 -11.55 0 90 105 80 30000
-0.55 -10.9 0 96 105 80 30000
-0.55 -10.25 0 97 105 80 30000
-0.55 -9.6 0 93 105 80 30000
-0.55 -8.95 0 86 105 80 30000
-0.55 -8.3 0 78 105 80 30000
-0.55 -7.65 0 74 105 80 30000
-0.55 -7 0 74 105 80 30000
-0.55 -6.35 0 78 105 80 30000
-0.55 -5.7 0 85 105 80 30000
-0.55 -5.05 0 93 105 80 30000
-0.55 -4.4 0 97 105 80 30000
-0.55 -3.75 0 96 105 80 30000
-0.55 -3.1 0 91 105 80 30000
-0.55 -2.45 0 83 105 80 30000
-0.55 -1.8 0 76 105 80 30000
-0.55 -1.15 0 73 105 80 30000
-0.55 -0.5 0 75 105 80 30000
-0.55 0.15 0 80 105 80 30000
-0.55 0.8 0 88 105 80 30000
-0.55 1.45 0 94 105 80 30000
-0.55 2.1 0 97 105 80 30000
-0.55 2.75 0 95 105 80 30000
-0.55 3.4 0 88 105 80 30000
-0.55 4.05 0 81 105 80 30000
-0.55 4.7 0 75 105 80 30000
-0.55 5.35 0 73 105 80 30000
-0.55 6 0 76 105 80 30000
-0.55 6.65 0 83 105 80 30000
-0.55 7.3 0 90 105 80 30000
-0.55 7.95 0 96 105 80 30000
-0.55 8.6 0 97 105 80 30000
-0.55 9.25 0 93 105 80 30000
-0.55 9.9 0 86 105 80 30000
-0.55 10.55 0 78 105 80 30000
-0.55 11.2 0 74 105 80 30000
-0.55 11.85 0 74 105 80 30000
-0.55 12.5 0 78 105 80 30000
-0.55 13.15 0 85 105 80 30000
-0.55 13.8 0 93 105 80 30000
-0.55 14.45 0 97 105 80 30000
-0.55 15.1 0 96 105 80 30000
-0.55 15.75 0 91 105 80 30000
-0.55 16.4 0 83 105 80 30000
-0.55 17.05 0 76 105 80 30000
-0.55 17.7 0 73 105 80 30000
-0.55 18.35 0 75 105 80 30000
-0.55 19 0 80 105 80 30000
-0.55 19.65 0 88 105 80 30000
0.1 -20 0 75 105 80 30000
0.1 -19.35 0 80 105 80 30000
0.1 -18.7 0 88 105 80 30000
0.1 -18.05 0 94 105 80 30000
0.1 -17.4 0 97 105 80 30000
0.1 -16.75 0 95 105 80 30000
0.1 -16.1 0 88 105 80 30000
0.1 -15.45 0 81 105 80 30000
0.1 -14.8 0 75 105 80 30000
0.1 -14.15 0 73 105 80 30000
0.1 -13.5 0 76 105 80 30000
0.1 -12.85 0 83 105 80 30000
0.1 -12.2 0 90 105 80 30000
0.1 -11.55 0 96 105 80 30000
0.1 -10.9 0 97 105 80 30000
0.1 -10.25 0 93 105 80 30000
0.1 -9.6 0 86 105 80 30000
0.1 -8.95 0 78 105 80 30000
0.1 -8.3 0 74 105 80 30000
0.1 -7.65 0 74 105 80 30000
0.1 -7 0 78 105 80 30000
0.1 -6.35 0 85 105 80 30000
0.1 -5.7 0 93 105 80 30000
0.1 -5.05 0 97 105 80 30000
0.1 -4.4 0 96 105 80 30000
0.1 -3.75 0 91 105 80 30000
0.1 -3.1 0 83 105 80 30000
0.1 -2.45 0 76 105 80 30000
0.1 -1.8 0 73 105 80 30000
0.1 -1.15 0 75 105 80 30000
0.1 -0.5 0 80 105 80 30000
0.1 0.15 0 88 105 80 30000
0.1 0.8 0 94 105 80 30000
0.1 1.45 0 97 105 80 30000
0.1 2.1 0 95 105 80 30000
0.1 2.75 0 88 105 80 30000
0.1 3.4 0 81 105 80 30000
0.1 4.05 0 75 105 80 30000
0.1 4.7 0 73 105 80 30000
0.1 5.35 0 76 105 80 30000
0.1 6 0 83 105 80 30000
0.1 6.65 0 90 105 80 30000
0.1 7.3 0 96 105 80 30000
0.1 7.95 0 97 105 80 30000
0.1 8.6 0 93 105 80 30000
0.1 9.25 0 86 105 80 30000
0.1 9.9 0 78 105 80 30000
0.1 10.55 0 74 105 80 30000
0.1 11.2 0 74 105 80 30000
0.1 11.85 0 78 105 80 30000
0.1 12.5 0 85 105 80 30000
0.1 13.15 0 93 105 80 30000
0.1 13.8 0 97 105 80 30000
0.1 14.45 0 96 105 80 30000
0.1 15.1 0 91 105 80 30000
0.1 15.75 0 83 105 80 30000
0.1 16.4 0 76 105 80 30000
0.1 17.05 0 73 105 80 30000
0.1 17.7 0 75 105 80 30000
0.1 18.35 0 80 105 80 30000
0.1 19 0 88 105 80 30000
0.1 19.65 0 94 105 80 30000
0.75 -20 0 80 105 80 30000
0.75 -19.35 0 88 105 80 30000
0.75 -18.7 0 94 105 80 30000
0.75 -18.05 0 97 105 80 30000
0.75 -17.4 0 95 105 80 30000
0.75 -16.75 0 88 105 80 30000
0.75 -16.1 0 81 105 80 30000
0.75 -15.45 0 75 105 80 30000
0.75 -14.8 0 73 105 80 30000
0.75 -14.15 0 76 105 80 30000
0.75 -13.5 0 83 105 80 30000
0.75 -12.85 0 90 105 80 30000
0.75 -12.2 0 96 105 80 30000
0.75 -11.55 0 97 105 80 30000
0.75 -10.9 0 93 105 80 30000
0.75 -10.25 0 86 105 80 30000
0.75 -9.6 0 78 105 80 30000
0.75 -8.95 0 74 105 80 30000
0.75 -8.3 0 74 105 80 30000
0.75 -7.65 0 78 105 80 30000
0.75 -7 0 85 105 80 30000
0.75 -6.35 0 93 105 80 30000
0.75 -5.7 0 97 105 80 30000
0.75 -5.05 0 96 105 80 30000
0.75 -4.4 0 91 105 80 30000
0.75 -3.75 0 83 105 80 30000
0.75 -3.1 0 76 105 80 30000
0.75 -2.45 0 73 105 80 30000
0.75 -1.8 0 75 105 80 30000
0.75 -1.15 0 80 105 80 30000
0.75 -0.5 0 88 105 80 30000
0.75 0.15 0 94 105 80 30000
0.75 0.8 0 97 105 80 30000
0.75 1.45 0 95 105 80 30000
0.75 2.1 0 88 105 80 30000
0.75 2.75 0 81 105 80 30000
0.75 3.4 0 75 105 80 30000
0.75 4.05 0 73 105 80 30000
0.75 4.7 0 76 105 80 30000
0.75 5.35 0 83 105 80 30000
0.75 6 0 90 105 80 30000
0.75 6.65 0 96 105 80 30000
0.75 7.3 0 97 105 80 30000
0.75 7.95 0 93 105 80 30000
0.75 8.6 0 86 105 80 30000
0.75 9.25 0 78 105 80 30000
0.75 9.9 0 74 105 80 30000
0.75 10.55 0 74 105 80 30000
0.75 11.2 0 78 105 80 30000
0.75 11.85 0 85 105 80 30000
0.75 12.5 0 93 105 80 30000
0.75 13.15 0 97 105 80 30000
0.75 13.8 0 96 105 80 30000
0.75 14.45 0 91 105 80 30000
0.75 15.1 0 83 105 80 30000
0.75 15.75 0 76 105 80 30000
0.75 16.4 0 73 105 80 30000
0.75 17.05 0 75 105 80 30000
0.75 17.7 0 80 105 80 30000
0.75 18.35 0 88 105 80 30000
0.75 19 0 94 105 80 30000
0.75 19.65 0 97 105 80 30000
1.4 -20 0 88 105 80 30000
1.4 -19.35 0 94 105 80 30000
1.4 -18.7 0 97 105 80 30000
1.4 -18.05 0 95 105 80 30000
1.4 -17.4 0 88 105 80 30000
1.4 -16.75 0 81 105 80 30000
1.4 -16.1 0 75 105 80 30000
1.4 -15.45 0 73 105 80 30000
1.4 -14.8 0 76 105 80 30000
1.4 -14.15 0 83 105 80 30000
1.4 -13.5 0 90 105 80 30000
1.4 -12.85 0 96 105 80 30000
1.4 -12.2 0 97 105 80 30000
1.4 -11.55 0 93 105 80 30000
1.4 -10.9 0 86 105 80 30000
1.4 -10.25 0 78 105 80 30000
1.4 -9.6 0 74 105 80 30000
1.4 -8.95 0 74 105 80 30000
1.4 -8.3 0 78 105 80 30000
1.4 -7.65 0 85 105 80 30000
1.4 -7 0 93 105 80 30000
1.4 -6.35 0 97 105 80 30000
1.4 -5.7 0 96 105 80 30000
1.4 -5.05 0 91 105 80 30000
1.4 -4.4 0 83 105 80 30000
1.4 -3.75 0 76 105 80 30000
1.4 -3.1 0 73 105 80 30000
1.4 -2.45 0 75 105 80 30000
1.4 -1.8 0 80 105 80 30000
1.4 -1.15 0 88 105 80 30000
1.4 -0.5 0 94 105 80 30000
1.4 0.15 0 97 105 80 30000
1.4 0.8 0 95 105 80 30000
1.4 1.45 0 88 105 80 30000
1.4 2.1 0 81 105 80 30000
1.4 2.75 0 75 105 80 30000
1.4 3.4 0 73 105 80 30000
1.4 4.05 0 76 105 80 30000
1.4 4.7 0 83 105 80 30000
1.4 5.35 0 90 105 80 30000
1.4 6 0 96 105 80 30000
1.4 6.65 0 97 105 80 30000
1.4 7.3 0 93 105 80 30000
1.4 7.95 0 86 105 80 30000
1.4 8.6 0 78 105 80 30000
1.4 9.25 0 74 105 80 30000
1.4 9.9 0 74 105 80 30000
1.4 10.55 0 78 105 80 30000
1.4 11.2 0 85 105 80 30000
1.4 11.85 0 93 105 80 30000
1.4 12.5 0 97 105 80 30000
1.4 13.15 0 96 105 80 30000
1.4 13.8 0 91 105 80 30000
1.4 14.45 0 83 105 80 30000
1.4 15.1 0 76 105 80 30000
1.4 15.75 0 73 105 80 30000
1.4 16.4 0 75 105 80 30000
1.4 17.05 0 80 105 80 30000
1.4 17.7 0 88 105 80 30000
1.4 18.35 0 94 105 80 30000
1.4 19 0 97 105 80 30000
1.4 19.65 0 95 105 80 30000
2.05 -20 0 94 105 80 30000
2.05 -19.35 0 97 105 80 30000
2.05 -18.7 0 95 105 80 30000
2.05 -18.05 0 88 105 80 30000
2.05 -17.4 0 81 105 80 30000
2.05 -16.75 0 75 105 80 30000
2.05 -16.1 0 73 105 80 30000
2.05 -15.45 0 76 105 80 30000
2.05 -14.8 0 83 105 80 30000
2.05 -14.15 0 90 105 80 30000
2.05 -13.5 0 96 105 80 30000
2.05 -12.85 0 97 105 80 30000
2.05 -12.2 0 93 105 80 30000
2.05 -11.55 0 86 105 80 30000
2.05 -10.9 0 78 105 80 30000
2.05 -10.25 0 74 105 80 30000
2.05 -9.6 0 74 105 80 30000
2.05 -8.95 0 78 105 80 30000
2.05 -8.3 0 85 105 80 30000
2.05 -7.65 0 93 105 80 30000
2.05 -7 0 97 105 80 30000
2.05 -6.35 0 96 105 80 30000
2.05 -5.7 0 91 105 80 30000
2.05 -5.05 0 83 105 80 30000
2.05 -4.4 0 76 105 80 30000
2.05 -3.75 0 73 105 80 30000
2.05 -3.1 0 75 105 80 30000
2.05 -2.45 0 80 105 80 30000
2.05 -1.8 0 88 105 80 30000
2.05 -1.15 0 94 105 80 30000
2.05 -0.5 0 97 105 80 30000
2.05 0.15 0 95 105 80 30000
2.05 0.8 0 88 105 80 30000
2.05 1.45 0 81 105 80 30000
2.05 2.1 0 75 105 80 30000
2.05 2.75 0 73 105 80 30000
2.05 3.4 0 76 105 80 30000
2.05 4.05 0 83 105 80 30000
2.05 4.7 0 90 105 80 30000
2.05 5.35 0 96 105 80 30000
2.05 6 0 97 105 80 30000
2.05 6.65 0 93 105 80 30000
2.05 7.3 0 86 105 80 30000
2.05 7.95 0 78 105 80 30000
2.05 8.6 0 74 105 80 30000
2.05 9.25 0 74 105 80 30000
2.05 9.9 0 78 105 80 30000
2.05 10.55 0 85 105 80 30000
2.05 11.2 0 93 105 80 30000
2.05 11.85 0 97 105 80 30000
2.05 12.5 0 96 105 80 30000
2.05 13.15 0 91 105 80 30000
2.05 13.8 0 83 105 80 30000
2.05 14.45 0 76 105 80 30000
2.05 15.1 0 73 105 80 30000
2.05 15.75 0 75 105 80 30000
2.05 16.4 0 80 105 80 30000
2.05 17.05 0 88 105 80 30000
2.05 17.7 0 94 105 80 30000
2.05 18.35 0 97 105 80 30000
2.05 19 0 95 105 80 30000
2.05 19.65 0 88 105 80 30000
2.7 -20 0 97 105 80 30000
2.7 -19.35 0 95 105 80 30000
2.7 -18.7 0 88 105 80 30000
2.7 -18.05 0 81 105 80 30000
2.7 -17.4 0 75 105 80 30000
2.7 -16.75 0 73 105 80 30000
2.7 -16.1 0 76 105 80 30000
2.7 -15.45 0 83 105 80 30000
2.7 -14.8 0 90 105 80 30000
2.7 -14.15 0 96 105 80 30000
2.7 -13.5 0 97 105 80 30000
2.7 -12.85 0 93 105 80 30000
2.7 -12.2 0 86 105 80 30000
2.7 -11.55 0 78 105 80 30000
2.7 -10.9 0 74 105 80 30000
2.7 -10.25 0 74 105 80 30000
2.7 -9.6 0 78 105 80 30000
2.7 -8.95 0 85 105 80 30000
2.7 -8.3 0 93 105 80 30000
2.7 -7.65 0 97 105 80 30000
2.7 -7 0 96 105 80 30000
2.7 -6.35 0 91 105 80 30000
2.7 -5.7 0 83 105 80 30000
2.7 -5.05 0 76 105 80 30000
2.7 -4.4 0 73 105 80 30000
2.7 -3.75 0 75 105 80 30000
2.7 -3.1 0 80 105 80 30000
2.7 -2.45 0 88 105 80 30000
2.7 -1.8 0 94 105 80 30000
2.7 -1.15 0 97 105 80 30000
2.7 -0.5 0 95 105 80 30000
2.7 0.15 0 88 105 80 30000
2.7 0.8 0 81 105 80 30000
2.7 1.45 0 75 105 80 30000
2.7 2.1 0 73 105 80 30000
2.7 2.75 0 76 105 80 30000
2.7 3.4 0 83 105 80 30000
2.7 4.05 0 90 105 80 30000
2.7 4.7 0 96 105 80 30000
2.7 5.35 0 97 105 80 30000
2.7 6 0 93 105 80 30000
2.7 6.65 0 86 105 80 30000
2.7 7.3 0 78 105 80 30000
2.7 7.95 0 74 105 80 30000
2.7 8.6 0 74 105 80 30000
2.7 9.25 0 78 105 80 30000
2.7 9.9 0 85 105 80 30000
2.7 10.55 0 93 105 80 30000
2.7 11.2 0 97 105 80 30000
2.7 11.85 0 96 105 80 30000
2.7 12.5 0 91 105 80 30000
2.7 13.15 0 83 105 80 30000
2.7 13.8 0 76 105 80 30000
2.7 14.45 0 73 105 80 30000
2.7 15.1 0 75 105 80 30000
2.7 15.75 0 80 105 80 30000
2.7 16.4 0 88 105 80 30000
2.7 17.05 0 94 105 80 30000
2.7 17.7 0 97 105 80 30000
2.7 18.35 0 95 105 80 30000
2.7 19 0 88 105 80 30000
2.7 19.65 0 81 105 80 30000
3.35 -20 0 95 105 80 30000
3.35 -19.35 0 88 105 80 30000
3.35 -18.7 0 81 105 80 30000
3.35 -18.05 0 75 105 80 30000
3.35 -17.4 0 73 105 80 30000
3.35 -16.75 0 76 105 80 30000
3.35 -16.1 0 83 105 80 30000
3.35 -15.45 0 90 105 80 30000
3.35 -14.8 0 96 105 80 30000
3.35 -14.15 0 97 105 80 30000
3.35 -13.5 0 93 105 80 30000
3.35 -12.85 0 86 105 80 30000
3.35 -12.2 0 78 105 80 30000
3.35 -11.55 0 74 105 80 30000
3.35 -10.9 0 74 105 80 30000
3.35 -10.25 0 78 105 80 30000
3.35 -9.6 0 85 105 80 30000
3.35 -8.95 0 93 105 80 30000
3.35 -8.3 0 97 105 80 30000
3.35 -7.65 0 96 105 80 30000
3.35 -7 0 91 105 80 30000
3.35 -6.35 0 83 105 80 30000
3.35 -5.7 0 76 105 80 30000
3.35 -5.05 0 73 105 80 30000
3.35 -4.4 0 75 105 80 30000
3.35 -3.75 0 80 105 80 30000
3.35 -3.1 0 88 105 80 30000
3.35 -2.45 0 94 105 80 30000
3.35 -1.8 0 97 105 80 30000
3.35 -1.15 0 95 105 80 30000
3.35 -0.5 0 88 105 80 30000
3.35 0.15 0 81 105 80 30000
3.35 0.8 0 75 105 80 30000
3.35 1.45 0 73 105 80 30000
3.35 2.1 0 76 105 80 30000
3.35 2.75 0 83 105 80 30000
3.35 3.4 0 90 105 80 30000
3.35 4.05 0 96 105 80 30000
3.35 4.7 0 97 105 80 30000
3.35 5.35 0 93 105 80 30000
3.35 6 0 86 105 80 30000
3.35 6.65 0 78 105 80 30000
3.35 7.3 0 74 105 80 30000
3.35 7.95 0 74 105 80 30000
3.35 8.6 0 78 105 80 30000
3.35 9.25 0 85 105 80 30000
3.35 9.9 0 93 105 80 30000
3.35 10.55 0 97 105 80 30000
3.35 11.2 0 96 105 80 30000
3.35 11.85 0 91 105 80 30000
3.35 12.5 0 83 105 80 30000
3.35 13.15 0 76 105 80 30000
3.35 13.8 0 73 105 80 30000
3.35 14.45 0 75 105 80 30000
3.35 15.1 0 80 105 80 30000
3.35 15.75 0 88 105 80 30000
3.35 16.4 0 94 105 80 30000
3.35 17.05 0 97 105 80 30000
3.35 17.7 0 95 105 80 30000
3.35 18.35 0 88 105 80 30000
3.35 19 0 81 105 80 30000
3.35 19.65 0 75 105 80 30000
4 -20 0 88 105 80 30000
4 -19.35 0 81 105 80 30000
4 -18.7 0 75 105 80 30000
4 -18.05 0 73 105 80 30000
4 -17.4 0 76 105 80 30000
4 -16.75 0 83 105 80 30000
4 -16.1 0 90 105 80 30000
4 -15.45 0 96 105 80 30000
4 -14.8 0 97 105 80 30000
4 -14.15 0 93 105 80 30000
4 -13.5 0 86 105 80 30000
4 -12.85 0 78 105 80 30000
4 -12.2 0 74 105 80 30000
4 -11.55 0 74 105 80 30000
4 -10.9 0 78 105 80 30000
4 -10.25 0 85 105 80 30000
4 -9.6 0 93 105 80 30000
4 -8.95 0 97 105 80 30000
4 -8.3 0 96 105 80 30000
4 -7.65 0 91 105 80 30000
4 -7 0 83 105 80 30000
4 -6.35 0 76 105 80 30000
4 -5.7 0 73 105 80 30000
4 -5.05 0 75 105 80 30000
4 -4.4 0 80 105 80 30000
4 -3.75 0 88 105 80 30000
4 -3.1 0 94 105 80 30000
4 -2.45 0 97 105 80 30000
4 -1.8 0 95 105 80 30000
4 -1.15 0 88 105 80 30000
4 -0.5 0 81 105 80 30000
4 0.15 0 75 105 80 30000
4 0.8 0 73 105 80 30000
4 1.45 0 76 105 80 30000
4 2.1 0 83 105 80 30000
4 2.75 0 90 105 80 30000
4 3.4 0 96 105 80 30000
4 4.05 0 97 105 80 30000
4 4.7 0 93 105 80 30000
4 5.35 0 86 105 80 30000
4 6 0 78 105 80 30000
4 6.65 0 74 105 80 30000
4 7.3 0 74 105 80 30000
4 7.95 0 78 105 80 30000
4 8.6 0 85 105 80 30000
4 9.25 0 93 105 80 30000
4 9.9 0 97 105 80 30000
4 10.55 0 96 105 80 30000
4 11.2 0 91 105 80 30000
4 11.85 0 83 105 80 30000
4 12.5 0 76 105 80 30000
4 13.15 0 73 105 80 30000
4 13.8 0 75 105 80 30000
4 14.45 0 80 105 80 30000
4 15.1 0 88 105 80 30000
4 15.75 0 94 105 80 30000
4 16.4 0 97 105 80 30000
4 17.05 0 95 105 80 30000
4 17.7 0 88 105 80 30000
4 18.35 0 81 105 80 30000
4 19 0 75 105 80 30000
4 19.65 0 73 105 80 30000
4.65 -20 0 81 105 80 30000
4.65 -19.35 0 75 105 80 30000
4.65 -18.7 0 73 105 80 30000
4.65 -18.05 0 76 105 80 30000
4.65 -17.4 0 83 105 80 30000
4.65 -16.75 0 90 105 80 30000
4.65 -16.1 0 96 105 80 30000
4.65 -15.45 0 97 105 80 30000
4.65 -14.8 0 93 105 80 30000
4.65 -14.15 0 86 105 80 30000
4.65 -13.5 0 78 105 80 30000
4.65 -12.85 0 74 105 80 30000
4.65 -12.2 0 74 105 80 30000
4.65 -11.55 0 78 105 80 30000
4.65 -10.9 0 85 105 80 30000
4.65 -10.25 0 93 105 80 30000
4.65 -9.6 0 97 105 80 30000
4.65 -8.95 0 96 105 80 30000
4.65 -8.3 0 91 105 80 30000
4.65 -7.65 0 83 105 80 30000
4.65 -7 0 76 105 80 30000
4.65 -6.35 0 73 105 80 30000
4.65 -5.7 0 75 105 80 30000
4.65 -5.05 0 80 105 80 30000
4.65 -4.4 0 88 105 80 30000
4.65 -3.75 0 94 105 80 30000
4.65 -3.1 0 97 105 80 30000
4.65 -2.45 0 95 105 80 30000
4.65 -1.8 0 88 105 80 30000
4.65 -1.15 0 81 105 80 30000
4.65 -0.5 0 75 105 80 30000
4.65 0.15 0 73 105 80 30000
4.65 0.8 0 76 105 80 30000
4.65 1.45 0 83 105 80 30000
4.65 2.1 0 90 105 80 30000
4.65 2.75 0 96 105 80 30000
4.65 3.4 0 97 105 80 30000
4.65 4.05 0 93 105 80 30000
4.65 4.7 0 86 105 80 30000
4.65 5.35 0 78 105 80 30000
4.65 6 0 74 105 80 30000
4.65 6.65 0 74 105 80 30000
4.65 7.3 0 78 105 80 30000
4.65 7.95 0 85 105 80 30000
4.65 8.6 0 93 105 80 30000
4.65 9.25 0 97 105 80 30000
4.65 9.9 0 96 105 80 30000
4.65 10.55 0 91 105 80 30000
4.65 11.2 0 83 105 80 30000
4.65 11.85 0 76 105 80 30000
4.65 12.5 0 73 105 80 30000
4.65 13.15 0 75 105 80 30000
4.65 13.8 0 80 105 80 30000
4.65 14.45 0 88 105 80 30000
4.65 15.1 0 94 105 80 30000
4.65 15.75 0 97 105 80 30000
4.65 16.4 0 95 105 80 30000
4.65 17.05 0 88 105 80 30000
4.65 17.7 0 81 105 80 30000
4.65 18.35 0 75 105 80 30000
4.65 19 0 73 105 80 30000
4.65 19.65 0 76 105 80 30000
5.3 -20 0 75 105 80 30000
5.3 -19.35 0 73 105 80 30000
5.3 -18.7 0 76 105 80 30000
5.3 -18.05 0 83 105 80 30000
5.3 -17.4 0 90 105 80 30000
5.3 -16.75 0 96 105 80 30000
5.3 -16.1 0 97 105 80 30000
5.3 -15.45 0 93 105 80 30000
5.3 -14.8 0 86 105 80 30000
5.3 -14.15 0 78 105 80 30000
5.3 -13.5 0 74 105 80 30000
5.3 -12.85 0 74 105 80 30000
5.3 -12.2 0 78 105 80 30000
5.3 -11.55 0 85 105 80 30000
5.3 -10.9 0 93 105 80 30000
5.3 -10.25 0 97 105 80 30000
5.3 -9.6 0 96 105 80 30000
5.3 -8.95 0 91 105 80 30000
5.3 -8.3 0 83 105 80 30000
5.3 -7.65 0 76 105 80 30000
5.3 -7 0 73 105 80 30000
5.3 -6.35 0 75 105 80 30000
5.3 -5.7 0 80 105 80 30000
5.3 -5.05 0 88 105 80 30000
5.3 -4.4 0 94 105 80 30000
5.3 -3.75 0 97 105 80 30000
5.3 -3.1 0 95 105 80 30000
5.3 -2.45 0 88 105 80 30000
5.3 -1.8 0 81 105 80 30000
5.3 -1.15 0 75 105 80 30000
5.3 -0.5 0 73 105 80 30000
5.3 0.15 0 76 105 80 30000
5.3 0.8 0 83 105 80 30000
5.3 1.45 0 90 105 80 30000
5.3 2.1 0 96 105 80 30000
5.3 2.75 0 97 105 80 30000
5.3 3.4 0 93 105 80 30000
5.3 4.05 0 86 105 80 30000
5.3 4.7 0 78 105 80 30000
5.3 5.35 0 74 105 80 30000
5.3 6 0 74 105 80 30000
5.3 6.65 0 78 105 80 30000
5.3 7.3 0 85 105 80 30000
5.3 7.95 0 93 105 80 30000
5.3 8.6 0 97 105 80 30000
5.3 9.25 0 96 105 80 30000
5.3 9.9 0 91 105 80 30000
5.3 10.55 0 83 105 80 30000
5.3 11.2 0 76 105 80 30000
5.3 11.85 0 73 105 80 30000
5.3 12.5 0 75 105 80 30000
5.3 13.15 0 80 105 80 30000
5.3 13.8 0 88 105 80 30000
5.3 14.45 0 94 105 80 30000
5.3 15.1 0 97 105 80 30000
5.3 15.75 0 95 105 80 30000
5.3 16.4 0 88 105 80 30000
5.3 17.05 0 81 105 80 30000
5.3 17.7 0 75 105 80 30000
5.3 18.35 0 73 105 80 30000
5.3 19 0 76 105 80 30000
5.3 19.65 0 83 105 80 30000
5.95 -20 0 73 105 80 30000
5.95 -19.35 0 76 105 80 30000
5.95 -18.7 0 83 105 80 30000
5.95 -18.05 0 90 105 80 30000
5.95 -17.4 0 96 105 80 30000
5.95 -16.75 0 97 105 80 30000
5.95 -16.1 0 93 105 80 30000
5.95 -15.45 0 86 105 80 30000
5.95 -14.8 0 78 105 80 30000
5.95 -14.15 0 74 105 80 30000
5.95 -13.5 0 74 105 80 30000
5.95 -12.85 0 78 105 80 30000
5.95 -12.2 0 85 105 80 30000
5.95 -11.55 0 93 105 80 30000
5.95 -10.9 0 97 105 80 30000
5.95 -10.25 0 96 105 80 30000
5.95 -9.6 0 91 105 80 30000
5.95 -8.95 0 83 105 80 30000
5.95 -8.3 0 76 105 80 30000
5.95 -7.65 0 73 105 80 30000
5.95 -7 0 75 105 80 30000
5.95 -6.35 0 80 105 80 30000
5.95 -5.7 0 88 105 80 30000
5.95 -5.05 0 94 105 80 30000
5.95 -4.4 0 97 105 80 30000
5.95 -3.75 0 95 105 80 30000
5.95 -3.1 0 88 105 80 30000
5.95 -2.45 0 81 105 80 30000
5.95 -1.8 0 75 105 80 30000
5.95 -1.15 0 73 105 80 30000
5.95 -0.5 0 76 105 80 30000
5.95 0.15 0 83 105 80 30000
5.95 0.8 0 90 105 80 30000
5.95 1.45 0 96 105 80 30000
5.95 2.1 0 97 105 80 30000
5.95 2.75 0 93 105 80 30000
5.95 3.4 0 86 105 80 30000
5.95 4.05 0 78 105 80 30000
5.95 4.7 0 74 105 80 30000
5.95 5.35 0 74 105 80 30000
5.95 6 0 78 105 80 30000
5.95 6.65 0 85 105 80 30000
5.95 7.3 0 93 105 80 30000
5.95 7.95 0 97 105 80 30000
5.95 8.6 0 96 105 80 30000
5.95 9.25 0 91 105 80 30000
5.95 9.9 0 83 105 80 30000
5.95 10.55 0 76 105 80 30000
5.95 11.2 0 73 105 80 30000
5.95 11.85 0 75 105 80 30000
5.95 12.5 0 80 105 80 30000
5.95 13.15 0 88 105 80 30000
5.95 13.8 0 94 105 80 30000
5.95 14.45 0 97 105 80 30000
5.95 15.1 0 95 105 80 30000
5.95 15.75 0 88 105 80 30000
5.95 16.4 0 81 105 80 30000
5.95 17.05 0 75 105 80 30000
5.95 17.7 0 73 105 80 30000
5.95 18.35 0 76 105 80 30000
5.95 19 0 83 105 80 30000
5.95 19.65 0 90 105 80 30000
6.6 -20 0 76 105 80 30000
6.6 -19.35 0 83 105 80 30000
6.6 -18.7 0 90 105 80 30000
6.6 -18.05 0 96 105 80 30000
6.6 -17.4 0 97 105 80 30000
6.6 -16.75 0 93 105 80 30000
6.6 -16.1 0 86 105 80 30000
6.6 -15.45 0 78 105 80 30000
6.6 -14.8 0 74 105 80 30000
6.6 -14.15 0 74 105 80 30000
6.6 -13.5 0 78 105 80 30000
6.6 -12.85 0 85 105 80 30000
6.6 -12.2 0 93 105 80 30000
6.6 -11.55 0 97 105 80 30000
6.6 -10.9 0 96 105 80 30000
6.6 -10.25 0 91 105 80 30000
6.6 -9.6 0 83 105 80 30000
6.6 -8.95 0 76 105 80 30000
6.6 -8.3 0 73 105 80 30000
6.6 -7.65 0 75 105 80 30000
6.6 -7 0 80 105 80 30000
6.6 -6.35 0 88 105 80 30000
6.6 -5.7 0 94 105 80 30000
6.6 -5.05 0 97 105 80 30000
6.6 -4.4 0 95 105 80 30000
6.6 -3.75 0 88 105 80 30000
6.6 -3.1 0 81 105 80 30000
6.6 -2.45 0 75 105 80 30000
6.6 -1.8 0 73 105 80 30000
6.6 -1.15 0 76 105 80 30000
6.6 -0.5 0 83 105 80 30000
6.6 0.15 0 90 105 80 30000
6.6 0.8 0 96 105 80 30000
6.6 1.45 0 97 105 80 30000
6.6 2.1 0 93 105 80 30000
6.6 2.75 0 86 105 80 30000
6.6 3.4 0 78 105 80 30000
6.6 4.05 0 74 105 80 30000
6.6 4.7 0 74 105 80 30000
6.6 5.35 0 78 105 80 30000
6.6 6 0 85 105 80 30000
6.6 6.65 0 93 105 80 30000
6.6 7.3 0 97 105 80 30000
6.6 7.95 0 96 105 80 30000
6.6 8.6 0 91 105 80 30000
6.6 9.25 0 83 105 80 30000
6.6 9.9 0 76 105 80 30000
6.6 10.55 0 73 105 80 30000
6.6 11.2 0 75 105 80 30000
6.6 11.85 0 80 105 80 30000
6.6 12.5 0 88 105 80 30000
6.6 13.15 0 94 105 80 30000
6.6 13.8 0 97 105 80 30000
6.6 14.45 0 95 105 80 30000
6.6 15.1 0 88 105 80 30000
6.6 15.75 0 81 105 80 30000
6.6 16.4 0 75 105 80 30000
6.6 17.05 0 73 105 80 30000
6.6 17.7 0 76 105 80 30000
6.6 18.35 0 83 105 80 30000
6.6 19 0 90 105 80 30000
6.6 19.65 0 96 105 80 30000
7.25 -20 0 83 105 80 30000
7.25 -19.35 0 90 105 80 30000
7.25 -18.7 0 96 105 80 30000
7.25 -18.05 0 97 105 80 30000
7.25 -17.4 0 93 105 80 30000
7.25 -16.75 0 86 105 80 30000
7.25 -16.1 0 78 105 80 30000
7.25 -15.45 0 74 105 80 30000
7.25 -14.8 0 74 105 80 30000
7.25 -14.15 0 78 105 80 30000
7.25 -13.5 0 85 105 80 30000
7.25 -12.85 0 93 105 80 30000
7.25 -12.2 0 97 105 80 30000
7.25 -11.55 0 96 105 80 30000
7.25 -10.9 0 91 105 80 30000
7.25 -10.25 0 83 105 80 30000
7.25 -9.6 0 76 105 80 30000
7.25 -8.95 0 73 105 80 30000
7.25 -8.3 0 75 105 80 30000
7.25 -7.65 0 80 105 80 30000
7.25 -7 0 88 105 80 30000
7.25 -6.35 0 94 105 80 30000
7.25 -5.7 0 97 105 80 30000
7.25 -5.05 0 95 105 80 30000
7.25 -4.4 0 88 105 80 30000
7.25 -3.75 0 81 105 80 30000
7.25 -3.1 0 75 105 80 30000
7.25 -2.45 0 73 105 80 30000
7.25 -1.8 0 76 105 80 30000
7.25 -1.15 0 83 105 80 30000
7.25 -0.5 0 90 105 80 30000
7.25 0.15 0 96 105 80 30000
7.25 0.8 0 97 105 80 30000
7.25 1.45 0 93 105 80 30000
7.25 2.1 0 86 105 80 30000
7.25 2.75 0 78 105 80 30000
7.25 3.4 0 74 105 80 30000
7.25 4.05 0 74 105 80 30000
7.25 4.7 0 78 105 80 30000
7.25 5.35 0 85 105 80 30000
7.25 6 0 93 105 80 30000
7.25 6.65 0 97 105 80 30000
7.25 7.3 0 96 105 80 30000
7.25 7.95 0 91 105 80 30000
7.25 8.6 0 83 105 80 30000
7.25 9.25 0 76 105 80 30000
7.25 9.9 0 73 105 80 30000
7.25 10.55 0 75 105 80 30000
7.25 11.2 0 80 105 80 30000
7.25 11.85 0 88 105 80 30000
7.25 12.5 0 94 105 80 30000
7.25 13.15 0 97 105 80 30000
7.25 13.8 0 95 105 80 30000
7.25 14.45 0 88 105 80 30000
7.25 15.1 0 81 105 80 30000
7.25 15.75 0 75 105 80 30000
7.25 16.4 0 73 105 80 30000
7.25 17.05 0 76 105 80 30000
7.25 17.7 0 83 105 80 30000
7.25 18.35 0 90 105 80 30000
7.25 19 0 96 105 80 30000
7.25 19.65 0 97 105 80 30000
7.9 -20 0 90 105 80 30000
7.9 -19.35 0 96 105 80 30000
7.9 -18.7 0 97 105 80 30000
7.9 -18.05 0 93 105 80 30000
7.9 -17.4 0 86 105 80 30000
7.9 -16.75 0 78 105 80 30000
7.9 -16.1 0 74 105 80 30000
7.9 -15.45 0 74 105 80 30000
7.9 -14.8 0 78 105 80 30000
7.9 -14.15 0 85 105 80 30000
7.9 -13.5 0 93 105 80 30000
7.9 -12.85 0 97 105 80 30000
7.9 -12.2 0 96 105 80 30000
7.9 -11.55 0 91 105 80 30000
7.9 -10.9 0 83 105 80 30000
7.9 -10.25 0 76 105 80 30000
7.9 -9.6 0 73 105 80 30000
7.9 -8.95 0 75 105 80 30000
7.9 -8.3 0 80 105 80 30000
7.9 -7.65 0 88 105 80 30000
7.9 -7 0 94 105 80 30000
7.9 -6.35 0 97 105 80 30000
7.9 -5.7 0 95 105 80 30000
7.9 -5.05 0 88 105 80 30000
7.9 -4.4 0 81 105 80 30000
7.9 -3.75 0 75 105 80 30000
7.9 -3.1 0 73 105 80 30000
7.9 -2.45 0 76 105 80 30000
7.9 -1.8 0 83 105 80 30000
7.9 -1.15 0 90 105 80 30000
7.9 -0.5 0 96 105 80 30000
7.9 0.15 0 97 105 80 30000
7.9 0.8 0 93 105 80 30000
7.9 1.45 0 86 105 80 30000
7.9 2.1 0 78 105 80 30000
7.9 2.75 0 74 105 80 30000
7.9 3.4 0 74 105 80 30000
7.9 4.05 0 78 105 80 30000
7.9 4.7 0 85 105 80 30000
7.9 5.35 0 93 105 80 30000
7.9 6 0 97 105 80 30000
7.9 6.65 0 96 105 80 30000
7.9 7.3 0 91 105 80 30000
7.9 7.95 0 83 105 80 30000
7.9 8.6 0 76 105 80 30000
7.9 9.25 0 73 105 80 30000
7.9 9.9 0 75 105 80 30000
7.9 10.55 0 80 105 80 30000
7.9 11.2 0 88 105 80 30000
7.9 11.85 0 94 105 80 30000
7.9 12.5 0 97 105 80 30000
7.9 13.15 0 95 105 80 30000
7.9 13.8 0 88 105 80 30000
7.9 14.45 0 81 105 80 30000
7.9 15.1 0 75 105 80 30000
7.9 15.75 0 73 105 80 30000
7.9 16.4 0 76 105 80 30000
7.9 17.05 0 83 105 80 30000
7.9 17.7 0 90 105 80 30000
7.9 18.35 0 96 105 80 30000
7.9 19 0 97 105 80 30000
7.9 19.65 0 93 105 80 30000
8.55 -20 0 96 105 80 30000
8.55 -19.35 0 97 105 80 30000
8.55 -18.7 0 93 105 80 30000
8.55 -18.05 0 86 105 80 30000
8.55 -17.4 0 78 105 80 30000
8.55 -16.75 0 74 105 80 30000
8.55 -16.1 0 74 105 80 30000
8.55 -15.45 0 78 105 80 30000
8.55 -14.8 0 85 105 80 30000
8.55 -14.15 0 93 105 80 30000
8.55 -13.5 0 97 105 80 30000
8.55 -12.85 0 96 105 80 30000
8.55 -12.2 0 91 105 80 30000
8.55 -11.55 0 83 105 80 30000
8.55 -10.9 0 76 105 80 30000
8.55 -10.25 0 73 105 80 30000
8.55 -9.6 0 75 105 80 30000
8.55 -8.95 0 80 105 80 30000
8.55 -8.3 0 88 105 80 30000
8.55 -7.65 0 94 105 80 30000
8.55 -7 0 97 105 80 30000
8.55 -6.35 0 95 105 80 30000
8.55 -5.7 0 88 105 80 30000
8.55 -5.05 0 81 105 80 30000
8.55 -4.4 0 75 105 80 30000
8.55 -3.75 0 73 105 80 30000
8.55 -3.1 0 76 105 80 30000
8.55 -2.45 0 83 105 80 30000
8.55 -1.8 0 90 105 80 30000
8.55 -1.15 0 96 105 80 30000
8.55 -0.5 0 97 105 80 30000
8.55 0.15 0 93 105 80 30000
8.55 0.8 0 86 105 80 30000
8.55 1.45 0 78 105 80 30000
8.55 2.1 0 74 105 80 30000
8.55 2.75 0 74 105 80 30000
8.55 3.4 0 78 105 80 30000
8.55 4.05 0 85 105 80 30000
8.55 4.7 0 93 105 80 30000
8.55 5.35 0 97 105 80 30000
8.55 6 0 96 105 80 30000
8.55 6.65 0 91 105 80 30000
8.55 7.3 0 83 105 80 30000
8.55 7.95 0 76 105 80 30000
8.55 8.6 0 73 105 80 30000
8.55 9.25 0 75 105 80 30000
8.55 9.9 0 80 105 80 30000
8.55 10.55 0 88 105 80 30000
8.55 11.2 0 94 105 80 30000
8.55 11.85 0 97 105 80 30000
8.55 12.5 0 95 105 80 30000
8.55 13.15 0 88 105 80 30000
8.55 13.8 0 81 105 80 30000
8.55 14.45 0 75 105 80 30000
8.55 15.1 0 73 105 80 30000
8.55 15.75 0 76 105 80 30000
8.55 16.4 0 83 105 80 30000
8.55 17.05 0 90 105 80 30000
8.55 17.7 0 96 105 80 30000
8.55 18.35 0 97 105 80 30000
8.55 19 0 93 105 80 30000
8.55 19.65 0 86 105 80 30000
9.2 -20 0 97 105 80 30000
9.2 -19.35 0 93 105 80 30000
9.2 -18.7 0 86 105 80 30000
9.2 -18.05 0 78 105 80 30000
9.2 -17.4 0 74 105 80 30000
9.2 -16.75 0 74 105 80 30000
9.2 -16.1 0 78 105 80 30000
9.2 -15.45 0 85 105 80 30000
9.2 -14.8 0 93 105 80 30000
9.2 -14.15 0 97 105 80 30000
9.2 -13.5 0 96 105 80 30000
9.2 -12.85 0 91 105 80 30000
9.2 -12.2 0 83 105 80 30000
9.2 -11.55 0 76 105 80 30000
9.2 -10.9 0 73 105 80 30000
9.2 -10.25 0 75 105 80 30000
9.2 -9.6 0 80 105 80 30000
9.2 -8.95 0 88 105 80 30000
9.2 -8.3 0 94 105 80 30000
9.2 -7.65 0 97 105 80 30000
9.2 -7 0 95 105 80 30000
9.2 -6.35 0 88 105 80 30000
9.2 -5.7 0 81 105 80 30000
9.2 -5.05 0 75 105 80 30000
9.2 -4.4 0 73 105 80 30000
9.2 -3.75 0 76 105 80 30000
9.2 -3.1 0 83 105 80 30000
9.2 -2.45 0 90 105 80 30000
9.2 -1.8 0 96 105 80 30000
9.2 -1.15 0 97 105 80 30000
9.2 -0.5 0 93 105 80 30000
9.2 0.15 0 86 105 80 30000
9.2 0.8 0 78 105 80 30000
9.2 1.45 0 74 105 80 30000
9.2 2.1 0 74 105 80 30000
9.2 2.75 0 78 105 80 30000
9.2 3.4 0 85 105 80 30000
9.2 4.05 0 93 105 80 30000
9.2 4.7 0 97 105 80 30000
9.2 5.35 0 96 105 80 30000
9.2 6 0 91 105 80 30000
9.2 6.65 0 83 105 80 30000
9.2 7.3 0 76 105 80 30000
9.2 7.95 0 73 105 80 30000
9.2 8.6 0 75 105 80 30000
9.2 9.25 0 80 105 80 30000
9.2 9.9 0 88 105 80 30000
9.2 10.55 0 94 105 80 30000
9.2 11.2 0 97 105 80 30000
9.2 11.85 0 95 105 80 30000
9.2 12.5 0 88 105 80 30000
9.2 13.15 0 81 105 80 30000
9.2 13.8 0 75 105 80 30000
9.2 14.45 0 73 105 80 30000
9.2 15.1 0 76 105 80 30000
9.2 15.75 0 83 105 80 30000
9.2 16.4 0 90 105 80 30000
9.2 17.05 0 96 105 80 30000
9.2 17.7 0 97 105 80 30000
9.2 18.35 0 93 105 80 30000
9.2 19 0 86 105 80 30000
9.2 19.65 0 78 105 80 30000
9.85 -20 0 93 105 80 30000
9.85 -19.35 0 86 105 80 30000
9.85 -18.7 0 78 105 80 30000
9.85 -18.05 0 74 105 80 30000
9.85 -17.4 0 74 105 80 30000
9.85 -16.75 0 78 105 80 30000
9.85 -16.1 0 85 105 80 30000
9.85 -15.45 0 93 105 80 30000
9.85 -14.8 0 97 105 80 30000
9.85 -14.15 0 96 105 80 30000
9.85 -13.5 0 91 105 80 30000
9.85 -12.85 0 83 105 80 30000
9.85 -12.2 0 76 105 80 30000
9.85 -11.55 0 73 105 80 30000
9.85 -10.9 0 75 105 80 30000
9.85 -10.25 0 80 105 80 30000
9.85 -9.6 0 88 105 80 30000
9.85 -8.95 0 94 105 80 30000
9.85 -8.3 0 97 105 80 30000
9.85 -7.65 0 95 105 80 30000
9.85 -7 0 88 105 80 30000
9.85 -6.35 0 81 105 80 30000
9.85 -5.7 0 75 105 80 30000
9.85 -5.05 0 73 105 80 30000
9.85 -4.4 0 76 105 80 30000
9.85 -3.75 0 83 105 80 30000
9.85 -3.1 0 90 105 80 30000
9.85 -2.45 0 96 105 80 30000
9.85 -1.8 0 97 105 80 30000
9.85 -1.15 0 93 105 80 30000
9.85 -0.5 0 86 105 80 30000
9.85 0.15 0 78 105 80 30000
9.85 0.8 0 74 105 80 30000
9.85 1.45 0 74 105 80 30000
9.85 2.1 0 78 105 80 30000
9.85 2.75 0 85 105 80 30000
9.85 3.4 0 93 105 80 30000
9.85 4.05 0 97 105 80 30000
9.85 4.7 0 96 105 80 30000
9.85 5.35 0 91 105 80 30000
9.85 6 0 83 105 80 30000
9.85 6.65 0 76 105 80 30000
9.85 7.3 0 73 105 80 30000
9.85 7.95 0 75 105 80 30000
9.85 8.6 0 80 105 80 30000
9.85 9.25 0 88 105 80 30000
9.85 9.9 0 94 105 80 30000
9.85 10.55 0 97 105 80 30000
9.85 11.2 0 95 105 80 30000
9.85 11.85 0 88 105 80 30000
9.85 12.5 0 81 105 80 30000
9.85 13.15 0 75 105 80 30000
9.85 13.8 0 73 105 80 30000
9.85 14.45 0 76 105 80 30000
9.85 15.1 0 83 105 80 30000
9.85 15.75 0 90 105 80 30000
9.85 16.4 0 96 105 80 30000
9.85 17.05 0 97 105 80 30000
9.85 17.7 0 93 105 80 30000
9.85 18.35 0 86 105 80 30000
9.85 19 0 78 105 80 30000
9.85 19.65 0 74 105 80 30000
10.5 -20 0 86 105 80 30000
10.5 -19.35 0 78 105 80 30000
10.5 -18.7 0 74 105 80 30000
10.5 -18.05 0 74 105 80 30000
10.5 -17.4 0 78 105 80 30000
10.5 -16.75 0 85 105 80 30000
10.5 -16.1 0 93 105 80 30000
10.5 -15.45 0 97 105 80 30000
10.5 -14.8 0 96 105 80 30000
10.5 -14.15 0 91 105 80 30000
10.5 -13.5 0 83 105 80 30000
10.5 -12.85 0 76 105 80 30000
10.5 -12.2 0 73 105 80 30000
10.5 -11.55 0 75 105 80 30000
10.5 -10.9 0 80 105 80 30000
10.5 -10.25 0 88 105 80 30000
10.5 -9.6 0 94 105 80 30000
10.5 -8.95 0 97 105 80 30000
10.5 -8.3 0 95 105 80 30000
10.5 -7.65 0 88 105 80 30000
10.5 -7 0 81 105 80 30000
10.5 -6.35 0 75 105 80 30000
10.5 -5.7 0 73 105 80 30000
10.5 -5.05 0 76 105 80 30000
10.5 -4.4 0 83 105 80 30000
10.5 -3.75 0 90 105 80 30000
10.5 -3.1 0 96 105 80 30000
10.5 -2.45 0 97 105 80 30000
10.5 -1.8 0 93 105 80 30000
10.5 -1.15 0 86 105 80 30000
10.5 -0.5 0 78 105 80 30000
10.5 0.15 0 74 105 80 30000
10.5 0.8 0 74 105 80 30000
10.5 1.45 0 78 105 80 30000
10.5 2.1 0 85 105 80 30000
10.5 2.75 0 93 105 80 30000
10.5 3.4 0 97 105 80 30000
10.5 4.05 0 96 105 80 30000
10.5 4.7 0 91 105 80 30000
10.5 5.35 0 83 105 80 30000
10.5 6 0 76 105 80 30000
10.5 6.65 0 73 105 80 30000
10.5 7.3 0 75 105 80 30000
10.5 7.95 0 80 105 80 30000
10.5 8.6 0 88 105 80 30000
10.5 9.25 0 94 105 80 30000
10.5 9.9 0 97 105 80 30000
10.5 10.55 0 95 105 80 30000
10.5 11.2 0 88 105 80 30000
10.5 11.85 0 81 105 80 30000
10.5 12.5 0 75 105 80 30000
10.5 13.15 0 73 105 80 30000
10.5 13.8 0 76 105 80 30000
10.5 14.45 0 83 105 80 30000
10.5 15.1 0 90 105 80 30000
10.5 15.75 0 96 105 80 30000
10.5 16.4 0 97 105 80 30000
10.5 17.05 0 93 105 80 30000
10.5 17.7 0 86 105 80 30000
10.5 18.35 0 78 105 80 30000
10.5 19 0 74 105 80 30000
10.5 19.65 0 74 105 80 30000
11.15 -20 0 78 105 80 30000
11.15 -19.35 0 74 105 80 30000
11.15 -18.7 0 74 105 80 30000
11.15 -18.05 0 78 105 80 30000
11.15 -17.4 0 85 105 80 30000
11.15 -16.75 0 93 105 80 30000
11.15 -16.1 0 97 105 80 30000
11.15 -15.45 0 96 105 80 30000
11.15 -14.8 0 91 105 80 30000
11.15 -14.15 0 83 105 80 30000
11.15 -13.5 0 76 105 80 30000
11.15 -12.85 0 73 105 80 30000
11.15 -12.2 0 75 105 80 30000
11.15 -11.55 0 80 105 80 30000
11.15 -10.9 0 88 105 80 30000
11.15 -10.25 0 94 105 80 30000
11.15 -9.6 0 97 105 80 30000
11.15 -8.95 0 95 105 80 30000
11.15 -8.3 0 88 105 80 30000
11.15 -7.65 0 81 105 80 30000
11.15 -7 0 75 105 80 30000
11.15 -6.35 0 73 105 80 30000
11.15 -5.7 0 76 105 80 30000
11.15 -5.05 0 83 105 80 30000
11.15 -4.4 0 90 105 80 30000
11.15 -3.75 0 96 105 80 30000
11.15 -3.1 0 97 105 80 30000
11.15 -2.45 0 93 105 80 30000
11.15 -1.8 0 86 105 80 30000
11.15 -1.15 0 78 105 80 30000
11.15 -0.5 0 74 105 80 30000
11.15 0.15 0 74 105 80 30000
11.15 0.8 0 78 105 80 30000
11.15 1.45 0 85 105 80 30000
11.15 2.1 0 93 105 80 30000
11.15 2.75 0 97 105 80 30000
11.15 3.4 0 96 105 80 30000
11.15 4.05 0 91 105 80 30000
11.15 4.7 0 83 105 80 30000
11.15 5.35 0 76 105 80 30000
11.15 6 0 73 105 80 30000
11.15 6.65 0 75 105 80 30000
11.15 7.3 0 80 105 80 30000
11.15 7.95 0 88 105 80 30000
11.15 8.6 0 94 105 80 30000
11.15 9.25 0 97 105 80 30000
11.15 9.9 0 95 105 80 30000
11.15 10.55 0 88 105 80 30000
11.15 11.2 0 81 105 80 30000
11.15 11.85 0 75 105 80 30000
11.15 12.5 0 73 105 80 30000
11.15 13.15 0 76 105 80 30000
11.15 13.8 0 83 105 80 30000
11.15 14.45 0 90 105 80 30000
11.15 15.1 0 96 105 80 30000
11.15 15.75 0 97 105 80 30000
11.15 16.4 0 93 105 80 30000
11.15 17.05 0 86 105 80 30000
11.15 17.7 0 78 105 80 30000
11.15 18.35 0 74 105 80 30000
11.15 19 0 74 105 80 30000
11.15 19.65 0 78 105 80 30000
11.8 -20 0 74 105 80 30000
11.8 -19.35 0 74 105 80 30000
11.8 -18.7 0 78 105 80 30000
11.8 -18.05 0 85 105 80 30000
11.8 -17.4 0 93 105 80 30000
11.8 -16.75 0 97 105 80 30000
11.8 -16.1 0 96 105 80 30000
11.8 -15.45 0 91 105 80 30000
11.8 -14.8 0 83 105 80 30000
11.8 -14.15 0 76 105 80 30000
11.8 -13.5 0 73 105 80 30000
11.8 -12.85 0 75 105 80 30000
11.8 -12.2 0 80 105 80 30000
11.8 -11.55 0 88 105 80 30000
11.8 -10.9 0 94 105 80 30000
11.8 -10.25 0 97 105 80 30000
11.8 -9.6 0 95 105 80 30000
11.8 -8.95 0 88 105 80 30000
11.8 -8.3 0 81 105 80 30000
11.8 -7.65 0 75 105 80 30000
11.8 -7 0 73 105 80 30000
11.8 -6.35 0 76 105 80 30000
11.8 -5.7 0 83 105 80 30000
11.8 -5.05 0 90 105 80 30000
11.8 -4.4 0 96 105 80 30000
11.8 -3.75 0 97 105 80 30000
11.8 -3.1 0 93 105 80 30000
11.8 -2.45 0 86 105 80 30000
11.8 -1.8 0 78 105 80 30000
11.8 -1.15 0 74 105 80 30000
11.8 -0.5 0 74 105 80 30000
11.8 0.15 0 78 105 80 30000
11.8 0.8 0 85 105 80 30000
11.8 1.45 0 93 105 80 30000
11.8 2.1 0 97 105 80 30000
11.8 2.75 0 96 105 80 30000
11.8 3.4 0 91 105 80 30000
11.8 4.05 0 83 105 80 30000
11.8 4.7 0 76 105 80 30000
11.8 5.35 0 73 105 80 30000
11.8 6 0 75 105 80 30000
11.8 6.65 0 80 105 80 30000
11.8 7.3 0 88 105 80 30000
11.8 7.95 0 94 105 80 30000
11.8 8.6 0 97 105 80 30000
11.8 9.25 0 95 105 80 30000
11.8 9.9 0 88 105 80 30000
11.8 10.55 0 81 105 80 30000
11.8 11.2 0 75 105 80 30000
11.8 11.85 0 73 105 80 30000
11.8 12.5 0 76 105 80 30000
11.8 13.15 0 83 105 80 30000
11.8 13.8 0 90 105 80 30000
11.8 14.45 0 96 105 80 30000
11.8 15.1 0 97 105 80 30000
11.8 15.75 0 93 105 80 30000
11.8 16.4 0 86 105 80 30000
11.8 17.05 0 78 105 80 30000
11.8 17.7 0 74 105 80 30000
11.8 18.35 0 74 105 80 30000
11.8 19 0 78 105 80 30000
11.8 19.65 0 85 105 80 30000
12.45 -20 0 74 105 80 30000
12.45 -19.35 0 78 105 80 30000
12.45 -18.7 0 85 105 80 30000
12.45 -18.05 0 93 105 80 30000
12.45 -17.4 0 97 105 80 30000
12.45 -16.75 0 96 105 80 30000
12.45 -16.1 0 91 105 80 30000
12.45 -15.45 0 83 105 80 30000
12.45 -14.8 0 76 105 80 30000
12.45 -14.15 0 73 105 80 30000
12.45 -13.5 0 75 105 80 30000
12.45 -12.85 0 80 105 80 30000
12.45 -12.2 0 88 105 80 30000
12.45 -11.55 0 94 105 80 30000
12.45 -10.9 0 97 105 80 30000
12.45 -10.25 0 95 105 80 30000
12.45 -9.6 0 88 105 80 30000
12.45 -8.95 0 81 105 80 30000
12.45 -8.3 0 75 105 80 30000
12.45 -7.65 0 73 105 80 30000
12.45 -7 0 76 105 80 30000
12.45 -6.35 0 83 105 80 30000
12.45 -5.7 0 90 105 80 30000
12.45 -5.05 0 96 105 80 30000
12.45 -4.4 0 97 105 80 30000
12.45 -3.75 0 93 105 80 30000
12.45 -3.1 0 86 105 80 30000
12.45 -2.45 0 78 105 80 30000
12.45 -1.8 0 74 105 80 30000
12.45 -1.15 0 74 105 80 30000
12.45 -0.5 0 78 105 80 30000
12.45 0.15 0 85 105 80 30000
12.45 0.8 0 93 105 80 30000
12.45 1.45 0 97 105 80 30000
12.45 2.1 0 96 105 80 30000
12.45 2.75 0 91 105 80 30000
12.45 3.4 0 83 105 80 30000
12.45 4.05 0 76 105 80 30000
12.45 4.7 0 73 105 80 30000
12.45 5.35 0 75 105 80 30000
12.45 6 0 80 105 80 30000
12.45 6.65 0 88 105 80 30000
12.45 7.3 0 94 105 80 30000
12.45 7.95 0 97 105 80 30000
12.45 8.6 0 95 105 80 30000
12.45 9.25 0 88 105 80 30000
12.45 9.9 0 81 105 80 30000
12.45 10.55 0 75 105 80 30000
12.45 11.2 0 73 105 80 30000
12.45 11.85 0 76 105 80 30000
12.45 12.5 0 83 105 80 30000
12.45 13.15 0 90 105 80 30000
12.45 13.8 0 96 105 80 30000
12.45 14.45 0 97 105 80 30000
12.45 15.1 0 93 105 80 30000
12.45 15.75 0 86 105 80 30000
12.45 16.4 0 78 105 80 30000
12.45 17.05 0 74 105 80 30000
12.45 17.7 0 74 105 80 30000
12.45 18.35 0 78 105 80 30000
12.45 19 0 85 105 80 30000
12.45 19.65 0 93 105 80 30000
13.1 -20 0 78 105 80 30000
13.1 -19.35 0 85 105 80 30000
13.1 -18.7 0 93 105 80 30000
13.1 -18.05 0 97 105 80 30000
13.1 -17.4 0 96 105 80 30000
13.1 -16.75 0 91 105 80 30000
13.1 -16.1 0 83 105 80 30000
13.1 -15.45 0 76 105 80 30000
13.1 -14.8 0 73 105 80 30000
13.1 -14.15 0 75 105 80 30000
13.1 -13.5 0 80 105 80 30000
13.1 -12.85 0 88 105 80 30000
13.1 -12.2 0 94 105 80 30000
13.1 -11.55 0 97 105 80 30000
13.1 -10.9 0 95 105 80 30000
13.1 -10.25 0 88 105 80 30000
13.1 -9.6 0 81 105 80 30000
13.1 -8.95 0 75 105 80 30000
13.1 -8.3 0 73 105 80 30000
13.1 -7.65 0 76 105 80 30000
13.1 -7 0 83 105 80 30000
13.1 -6.35 0 90 105 80 30000
13.1 -5.7 0 96 105 80 30000
13.1 -5.05 0 97 105 80 30000
13.1 -4.4 0 93 105 80 30000
13.1 -3.75 0 86 105 80 30000
13.1 -3.1 0 78 105 80 30000
13.1 -2.45 0 74 105 80 30000
13.1 -1.8 0 74 105 80 30000
13.1 -1.15 0 78 105 80 30000
13.1 -0.5 0 85 105 80 30000
13.1 0.15 0 93 105 80 30000
13.1 0.8 0 97 105 80 30000
13.1 1.45 0 96 105 80 30000
13.1 2.1 0 91 105 80 30000
13.1 2.75 0 83 105 80 30000
13.1 3.4 0 76 105 80 30000
13.1 4.05 0 73 105 80 30000
13.1 4.7 0 75 105 80 30000
13.1 5.35 0 80 105 80 30000
13.1 6 0 88 105 80 30000
13.1 6.65 0 94 105 80 30000
13.1 7.3 0 97 105 80 30000
13.1 7.95 0 95 105 80 30000
13.1 8.6 0 88 105 80 30000
13.1 9.25 0 81 105 80 30000
13.1 9.9 0 75 105 80 30000
13.1 10.55 0 73 105 80 30000
13.1 11.2 0 76 105 80 30000
13.1 11.85 0 83 105 80 30000
13.1 12.5 0 90 105 80 30000
13.1 13.15 0 96 105 80 30000
13.1 13.8 0 97 105 80 30000
13.1 14.45 0 93 105 80 30000
13.1 15.1 0 86 105 80 30000
13.1 15.75 0 78 105 80 30000
13.1 16.4 0 74 105 80 30000
13.1 17.05 0 74 105 80 30000
13.1 17.7 0 78 105 80 30000
13.1 18.35 0 85 105 80 30000
13.1 19 0 93 105 80 30000
13.1 19.65 0 97 105 80 30000
13.75 -20 0 85 105 80 30000
13.75 -19.35 0 93 105 80 30000
13.75 -18.7 0 97 105 80 30000
13.75 -18.05 0 96 105 80 30000
13.75 -17.4 0 91 105 80 30000
13.75 -16.75 0 83 105 80 30000
13.75 -16.1 0 76 105 80 30000
13.75 -15.45 0 73 105 80 30000
13.75 -14.8 0 75 105 80 30000
13.75 -14.15 0 80 105 80 30000
13.75 -13.5 0 88 105 80 30000
13.75 -12.85 0 94 105 80 30000
13.75 -12.2 0 97 105 80 30000
13.75 -11.55 0 95 105 80 30000
13.75 -10.9 0 88 105 80 30000
13.75 -10.25 0 81 105 80 30000
13.75 -9.6 0 75 105 80 30000
13.75 -8.95 0 73 105 80 30000
13.75 -8.3 0 76 105 80 30000
13.75 -7.65 0 83 105 80 30000
13.75 -7 0 90 105 80 30000
13.75 -6.35 0 96 105 80 30000
13.75 -5.7 0 97 105 80 30000
13.75 -5.05 0 93 105 80 30000
13.75 -4.4 0 86 105 80 30000
13.75 -3.75 0 78 105 80 30000
13.75 -3.1 0 74 105 80 30000
13.75 -2.45 0 74 105 80 30000
13.75 -1.8 0 78 105 80 30000
13.75 -1.15 0 85 105 80 30000
13.75 -0.5 0 93 105 80 30000
13.75 0.15 0 97 105 80 30000
13.75 0.8 0 96 105 80 30000
13.75 1.45 0 91 105 80 30000
13.75 2.1 0 83 105 80 30000
13.75 2.75 0 76 105 80 30000
13.75 3.4 0 73 105 80 30000
13.75 4.05 0 75 105 80 30000
13.75 4.7 0 80 105 80 30000
13.75 5.35 0 88 105 80 30000
13.75 6 0 94 105 80 30000
13.75 6.65 0 97 105 80 30000
13.75 7.3 0 95 105 80 30000
13.75 7.95 0 88 105 80 30000
13.75 8.6 0 81 105 80 30000
13.75 9.25 0 75 105 80 30000
13.75 9.9 0 73 105 80 30000
13.75 10.55 0 76 105 80 30000
13.75 11.2 0 83 105 80 30000
13.75 11.85 0 90 105 80 30000
13.75 12.5 0 96 105 80 30000
13.75 13.15 0 97 105 80 30000
13.75 13.8 0 93 105 80 30000
13.75 14.45 0 86 105 80 30000
13.75 15.1 0 78 105 80 30000
13.75 15.75 0 74 105 80 30000
13.75 16.4 0 74 105 80 30000
13.75 17.05 0 78 105 80 30000
13.75 17.7 0 85 105 80 30000
13.75 18.35 0 93 105 80 30000
13.75 19 0 97 105 80 30000
13.75 19.65 0 96 105 80 30000
14.4 -20 0 93 105 80 30000
14.4 -19.35 0 97 105 80 30000
14.4 -18.7 0 96 105 80 30000
14.4 -18.05 0 91 105 80 30000
14.4 -17.4 0 83 105 80 30000
14.4 -16.75 0 76 105 80 30000
14.4 -16.1 0 73 105 80 30000
14.4 -15.45 0 75 105 80 30000
14.4 -14.8 0 80 105 80 30000
14.4 -14.15 0 88 105 80 30000
14.4 -13.5 0 94 105 80 30000
14.4 -12.85 0 97 105 80 30000
14.4 -12.2 0 95 105 80 30000
14.4 -11.55 0 88 105 80 30000
14.4 -10.9 0 81 105 80 30000
14.4 -10.25 0 75 105 80 30000
14.4 -9.6 0 73 105 80 30000
14.4 -8.95 0 76 105 80 30000
14.4 -8.3 0 83 105 80 30000
14.4 -7.65 0 90 105 80 30000
14.4 -7 0 96 105 80 30000
14.4 -6.35 0 97 105 80 30000
14.4 -5.7 0 93 105 80 30000
14.4 -5.05 0 86 105 80 30000
14.4 -4.4 0 78 105 80 30000
14.4 -3.75 0 74 105 80 30000
14.4 -3.1 0 74 105 80 30000
14.4 -2.45 0 78 105 80 30000
14.4 -1.8 0 85 105 80 30000
14.4 -1.15 0 93 105 80 30000
14.4 -0.5 0 97 105 80 30000
14.4 0.15 0 96 105 80 30000
14.4 0.8 0 91 105 80 30000
14.4 1.45 0 83 105 80 30000
14.4 2.1 0 76 105 80 30000
14.4 2.75 0 73 105 80 30000
14.4 3.4 0 75 105 80 30000
14.4 4.05 0 80 105 80 30000
14.4 4.7 0 88 105 80 30000
14.4 5.35 0 94 105 80 30000
14.4 6 0 97 105 80 30000
14.4 6.65 0 95 105 80 30000
14.4 7.3 0 88 105 80 30000
14.4 7.95 0 81 105 80 30000
14.4 8.6 0 75 105 80 30000
14.4 9.25 0 73 105 80 30000
14.4 9.9 0 76 105 80 30000
14.4 10.55 0 83 105 80 30000
14.4 11.2 0 90 105 80 30000
14.4 11.85 0 96 105 80 30000
14.4 12.5 0 97 105 80 30000
14.4 13.15 0 93 105 80 30000
14.4 13.8 0 86 105 80 30000
14.4 14.45 0 78 105 80 30000
14.4 15.1 0 74 105 80 30000
14.4 15.75 0 74 105 80 30000
14.4 16.4 0 78 105 80 30000
14.4 17.05 0 85 105 80 30000
14.4 17.7 0 93 105 80 30000
14.4 18.35 0 97 105 80 30000
14.4 19 0 96 105 80 30000
14.4 19.65 0 91 105 80 30000
15.05 -20 0 97 105 80 30000
15.05 -19.35 0 96 105 80 30000
15.05 -18.7 0 91 105 80 30000
15.05 -18.05 0 83 105 80 30000
15.05 -17.4 0 76 105 80 30000
15.05 -16.75 0 73 105 80 30000
15.05 -16.1 0 75 105 80 30000
15.05 -15.45 0 80 105 80 30000
15.05 -14.8 0 88 105 80 30000
15.05 -14.15 0 94 105 80 30000
15.05 -13.5 0 97 105 80 30000
15.05 -12.85 0 95 105 80 30000
15.05 -12.2 0 88 105 80 30000
15.05 -11.55 0 81 105 80 30000
15.05 -10.9 0 75 105 80 30000
15.05 -10.25 0 73 105 80 30000
15.05 -9.6 0 76 105 80 30000
15.05 -8.95 0 83 105 80 30000
15.05 -8.3 0 90 105 80 30000
15.05 -7.65 0 96 105 80 30000
15.05 -7 0 97 105 80 30000
15.05 -6.35 0 93 105 80 30000
15.05 -5.7 0 86 105 80 30000
15.05 -5.05 0 78 105 80 30000
15.05 -4.4 0 74 105 80 30000
15.05 -3.75 0 74 105 80 30000
15.05 -3.1 0 78 105 80 30000
15.05 -2.45 0 85 105 80 30000
15.05 -1.8 0 93 105 80 30000
15.05 -1.15 0 97 105 80 30000
15.05 -0.5 0 96 105 80 30000
15.05 0.15 0 91 105 80 30000
15.05 0.8 0 83 105 80 30000
15.05 1.45 0 76 105 80 30000
15.05 2.1 0 73 105 80 30000
15.05 2.75 0 75 105 80 30000
15.05 3.4 0 80 105 80 30000
15.05 4.05 0 88 105 80 30000
15.05 4.7 0 94 105 80 30000
15.05 5.35 0 97 105 80 30000
15.05 6 0 95 105 80 30000
15.05 6.65 0 88 105 80 30000
15.05 7.3 0 81 105 80 30000
15.05 7.95 0 75 105 80 30000
15.05 8.6 0 73 105 80 30000
15.05 9.25 0 76 105 80 30000
15.05 9.9 0 83 105 80 30000
15.05 10.55 0 90 105 80 30000
15.05 11.2 0 96 105 80 30000
15.05 11.85 0 97 105 80 30000
15.05 12.5 0 93 105 80 30000
15.05 13.15 0 86 105 80 30000
15.05 13.8 0 78 105 80 30000
15.05 14.45 0 74 105 80 30000
15.05 15.1 0 74 105 80 30000
15.05 15.75 0 78 105 80 30000
15.05 16.4 0 85 105 80 30000
15.05 17.05 0 93 105 80 30000
15.05 17.7 0 97 105 80 30000
15.05 18.35 0 96 105 80 30000
15.05 19 0 91 105 80 30000
15.05 19.65 0 83 105 80 30000
15.7 -20 0 96 105 80 30000
15.7 -19.35 0 91 105 80 30000
15.7 -18.7 0 83 105 80 30000
15.7 -18.05 0 76 105 80 30000
15.7 -17.4 0 73 105 80 30000
15.7 -16.75 0 75 105 80 30000
15.7 -16.1 0 80 105 80 30000
15.7 -15.45 0 88 105 80 30000
15.7 -14.8 0 94 105 80 30000
15.7 -14.15 0 97 105 80 30000
15.7 -13.5 0 95 105 80 30000
15.7 -12.85 0 88 105 80 30000
15.7 -12.2 0 81 105 80 30000
15.7 -11.55 0 75 105 80 30000
15.7 -10.9 0 73 105 80 30000
15.7 -10.25 0 76 105 80 30000
15.7 -9.6 0 83 105 80 30000
15.7 -8.95 0 90 105 80 30000
15.7 -8.3 0 96 105 80 30000
15.7 -7.65 0 97 105 80 30000
15.7 -7 0 93 105 80 30000
15.7 -6.35 0 86 105 80 30000
15.7 -5.7 0 78 105 80 30000
15.7 -5.05 0 74 105 80 30000
15.7 -4.4 0 74 105 80 30000
15.7 -3.75 0 78 105 80 30000
15.7 -3.1 0 85 105 80 30000
15.7 -2.45 0 93 105 80 30000
15.7 -1.8 0 97 105 80 30000
15.7 -1.15 0 96 105 80 30000
15.7 -0.5 0 91 105 80 30000
15.7 0.15 0 83 105 80 30000
15.7 0.8 0 76 105 80 30000
15.7 1.45 0 73 105 80 30000
15.7 2.1 0 75 105 80 30000
15.7 2.75 0 80 105 80 30000
15.7 3.4 0 88 105 80 30000
15.7 4.05 0 94 105 80 30000
15.7 4.7 0 97 105 80 30000
15.7 5.35 0 95 105 80 30000
15.7 6 0 88 105 80 30000
15.7 6.65 0 81 105 80 30000
15.7 7.3 0 75 105 80 30000
15.7 7.95 0 73 105 80 30000
15.7 8.6 0 76 105 80 30000
15.7 9.25 0 83 105 80 30000
15.7 9.9 0 90 105 80 30000
15.7 10.55 0 96 105 80 30000
15.7 11.2 0 97 105 80 30000
15.7 11.85 0 93 105 80 30000
15.7 12.5 0 86 105 80 30000
15.7 13.15 0 78 105 80 30000
15.7 13.8 0 74 105 80 30000
15.7 14.45 0 74 105 80 30000
15.7 15.1 0 78 105 80 30000
15.7 15.75 0 85 105 80 30000
15.7 16.4 0 93 105 80 30000
15.7 17.05 0 97 105 80 30000
15.7 17.7 0 96 105 80 30000
15.7 18.35 0 91 105 80 30000
15.7 19 0 83 105 80 30000
15.7 19.65 0 76 105 80 30000
16.35 -20 0 91 105 80 30000
16.35 -19.35 0 83 105 80 30000
16.35 -18.7 0 76 105 80 30000
16.35 -18.05 0 73 105 80 30000
16.35 -17.4 0 75 105 80 30000
16.35 -16.75 0 80 105 80 30000
16.35 -16.1 0 88 105 80 30000
16.35 -15.45 0 94 105 80 30000
16.35 -14.8 0 97 105 80 30000
16.35 -14.15 0 95 105 80 30000
16.35 -13.5 0 88 105 80 30000
16.35 -12.85 0 81 105 80 30000
16.35 -12.2 0 75 105 80 30000
16.35 -11.55 0 73 105 80 30000
16.35 -10.9 0 76 105 80 30000
16.35 -10.25 0 83 105 80 30000
16.35 -9.6 0 90 105 80 30000
16.35 -8.95 0 96 105 80 30000
16.35 -8.3 0 97 105 80 30000
16.35 -7.65 0 93 105 80 30000
16.35 -7 0 86 105 80 30000
16.35 -6.35 0 78 105 80 30000
16.35 -5.7 0 74 105 80 30000
16.35 -5.05 0 74 105 80 30000
16.35 -4.4 0 78 105 80 30000
16.35 -3.75 0 85 105 80 30000
16.35 -3.1 0 93 105 80 30000
16.35 -2.45 0 97 105 80 30000
16.35 -1.8 0 96 105 80 30000
16.35 -1.15 0 91 105 80 30000
16.35 -0.5 0 83 105 80 30000
16.35 0.15 0 76 105 80 30000
16.35 0.8 0 73 105 80 30000
16.35 1.45 0 75 105 80 30000
16.35 2.1 0 80 105 80 30000
16.35 2.75 0 88 105 80 30000
16.35 3.4 0 94 105 80 30000
16.35 4.05 0 97 105 80 30000
16.35 4.7 0 95 105 80 30000
16.35 5.35 0 88 105 80 30000
16.35 6 0 81 105 80 30000
16.35 6.65 0 75 105 80 30000
16.35 7.3 0 73 105 80 30000
16.35 7.95 0 76 105 80 30000
16.35 8.6 0 83 105 80 30000
16.35 9.25 0 90 105 80 30000
16.35 9.9 0 96 105 80 30000
16.35 10.55 0 97 105 80 30000
16.35 11.2 0 93 105 80 30000
16.35 11.85 0 86 105 80 30000
16.35 12.5 0 78 105 80 30000
16.35 13.15 0 74 105 80 30000
16.35 13.8 0 74 105 80 30000
16.35 14.45 0 78 105 80 30000
16.35 15.1 0 85 105 80 30000
16.35 15.75 0 93 105 80 30000
16.35 16.4 0 97 105 80 30000
16.35 17.05 0 96 105 80 30000
16.35 17.7 0 91 105 80 30000
16.35 18.35 0 83 105 80 30000
16.35 19 0 76 105 80 30000
16.35 19.65 0 73 105 80 30000
17 -20 0 83 105 80 30000
17 -19.35 0 76 105 80 30000
17 -18.7 0 73 105 80 30000
17 -18.05 0 75 105 80 30000
17 -17.4 0 80 105 80 30000
17 -16.75 0 88 105 80 30000
17 -16.1 0 94 105 80 30000
17 -15.45 0 97 105 80 30000
17 -14.8 0 95 105 80 30000
17 -14.15 0 88 105 80 30000
17 -13.5 0 81 105 80 30000
17 -12.85 0 75 105 80 30000
17 -12.2 0 73 105 80 30000
17 -11.55 0 76 105 80 30000
17 -10.9 0 83 105 80 30000
17 -10.25 0 90 105 80 30000
17 -9.6 0 96 105 80 30000
17 -8.95 0 97 105 80 30000
17 -8.3 0 93 105 80 30000
17 -7.65 0 86 105 80 30000
17 -7 0 78 105 80 30000
17 -6.35 0 74 105 80 30000
17 -5.7 0 74 105 80 30000
17 -5.05 0 78 105 80 30000
17 -4.4 0 85 105 80 30000
17 -3.75 0 93 105 80 30000
17 -3.1 0 97 105 80 30000
17 -2.45 0 96 105 80 30000
17 -1.8 0 91 105 80 30000
17 -1.15 0 83 105 80 30000
17 -0.5 0 76 105 80 30000
17 0.15 0 73 105 80 30000
17 0.8 0 75 105 80 30000
17 1.45 0 80 105 80 30000
17 2.1 0 88 105 80 30000
17 2.75 0 94 105 80 30000
17 3.4 0 97 105 80 30000
17 4.05 0 95 105 80 30000
17 4.7 0 88 105 80 30000
17 5.35 0 81 105 80 30000
17 6 0 75 105 80 30000
17 6.65 0 73 105 80 30000
17 7.3 0 76 105 80 30000
17 7.95 0 83 105 80 30000
17 8.6 0 90 105 80 30000
17 9.25 0 96 105 80 30000
17 9.9 0 97 105 80 30000
17 10.55 0 93 105 80 30000
17 11.2 0 86 105 80 30000
17 11.85 0 78 105 80 30000
17 12.5 0 74 105 80 30000
17 13.15 0 74 105 80 30000
17 13.8 0 78 105 80 30000
17 14.45 0 85 105 80 30000
17 15.1 0 93 105 80 30000
17 15.75 0 97 105 80 30000
17 16.4 0 96 105 80 30000
17 17.05 0 91 105 80 30000
17 17.7 0 83 105 80 30000
17 18.35 0 76 105 80 30000
17 19 0 73 105 80 30000
17 19.65 0 75 105 80 30000
17.65 -20 0 76 105 80 30000
17.65 -19.35 0 73 105 80 30000
17.65 -18.7 0 75 105 80 30000
17.65 -18.05 0 80 105 80 30000
17.65 -17.4 0 88 105 80 30000
17.65 -16.75 0 94 105 80 30000
17.65 -16.1 0 97 105 80 30000
17.65 -15.45 0 95 105 80 30000
17.65 -14.8 0 88 105 80 30000
17.65 -14.15 0 81 105 80 30000
17.65 -13.5 0 75 105 80 30000
17.65 -12.85 0 73 105 80 30000
17.65 -12.2 0 76 105 80 30000
17.65 -11.55 0 83 105 80 30000
17.65 -10.9 0 90 105 80 30000
17.65 -10.25 0 96 105 80 30000
17.65 -9.6 0 97 105 80 30000
17.65 -8.95 0 93 105 80 30000
17.65 -8.3 0 86 105 80 30000
17.65 -7.65 0 78 105 80 30000
17.65 -7 0 74 105 80 30000
17.65 -6.35 0 74 105 80 30000
17.65 -5.7 0 78 105 80 30000
17.65 -5.05 0 85 105 80 30000
17.65 -4.4 0 93 105 80 30000
17.65 -3.75 0 97 105 80 30000
17.65 -3.1 0 96 105 80 30000
17.65 -2.45 0 91 105 80 30000
17.65 -1.8 0 83 105 80 30000
17.65 -1.15 0 76 105 80 30000
17.65 -0.5 0 73 105 80 30000
17.65 0.15 0 75 105 80 30000
17.65 0.8 0 80 105 80 30000
17.65 1.45 0 88 105 80 30000
17.65 2.1 0 94 105 80 30000
17.65 2.75 0 97 105 80 30000
17.65 3.4 0 95 105 80 30000
17.65 4.05 0 88 105 80 30000
17.65 4.7 0 81 105 80 30000
17.65 5.35 0 75 105 80 30000
17.65 6 0 73 105 80 30000
17.65 6.65 0 76 105 80 30000
17.65 7.3 0 83 105 80 30000
17.65 7.95 0 90 105 80 30000
17.65 8.6 0 96 105 80 30000
17.65 9.25 0 97 105 80 30000
17.65 9.9 0 93 105 80 30000
17.65 10.55 0 86 105 80 30000
17.65 11.2 0 78 105 80 30000
17.65 11.85 0 74 105 80 30000
17.65 12.5 0 74 105 80 30000
17.65 13.15 0 78 105 80 30000
17.65 13.8 0 85 105 80 30000
17.65 14.45 0 93 105 80 30000
17.65 15.1 0 97 105 80 30000
17.65 15.75 0 96 105 80 30000
17.65 16.4 0 91 105 80 30000
17.65 17.05 0 83 105 80 30000
17.65 17.7 0 76 105 80 30000
17.65 18.35 0 73 105 80 30000
17.65 19 0 75 105 80 30000
17.65 19.65 0 80 105 80 30000
18.3 -20 0 73 105 80 30000
18.3 -19.35 0 75 105 80 30000
18.3 -18.7 0 80 105 80 30000
18.3 -18.05 0 88 105 80 30000
18.3 -17.4 0 94 105 80 30000
18.3 -16.75 0 97 105 80 30000
18.3 -16.1 0 95 105 80 30000
18.3 -15.45 0 88 105 80 30000
18.3 -14.8 0 81 105 80 30000
18.3 -14.15 0 75 105 80 30000
18.3 -13.5 0 73 105 80 30000
18.3 -12.85 0 76 105 80 30000
18.3 -12.2 0 83 105 80 30000
18.3 -11.55 0 90 105 80 30000
18.3 -10.9 0 96 105 80 30000
18.3 -10.25 0 97 105 80 30000
18.3 -9.6 0 93 105 80 30000
18.3 -8.95 0 86 105 80 30000
18.3 -8.3 0 78 105 80 30000
18.3 -7.65 0 74 105 80 30000
18.3 -7 0 74 105 80 30000
18.3 -6.35 0 78 105 80 30000
18.3 -5.7 0 85 105 80 30000
18.3 -5.05 0 93 105 80 30000
18.3 -4.4 0 97 105 80 30000
18.3 -3.75 0 96 105 80 30000
18.3 -3.1 0 91 105 80 30000
18.3 -2.45 0 83 105 80 30000
18.3 -1.8 0 76 105 80 30000
18.3 -1.15 0 73 105 80 30000
18.3 -0.5 0 75 105 80 30000
18.3 0.15 0 80 105 80 30000
18.3 0.8 0 88 105 80 30000
18.3 1.45 0 94 105 80 30000
18.3 2.1 0 97 105 80 30000
18.3 2.75 0 95 105 80 30000
18.3 3.4 0 88 105 80 30000
18.3 4.05 0 81 105 80 30000
18.3 4.7 0 75 105 80 30000
18.3 5.35 0 73 105 80 30000
18.3 6 0 76 105 80 30000
18.3 6.65 0 83 105 80 30000
18.3 7.3 0 90 105 80 30000
18.3 7.95 0 96 105 80 30000
18.3 8.6 0 97 105 80 30000
18.3 9.25 0 93 105 80 30000
18.3 9.9 0 86 105 80 30000
18.3 10.55 0 78 105 80 30000
18.3 11.2 0 74 105 80 30000
18.3 11.85 0 74 105 80 30000
18.3 12.5 0 78 105 80 30000
18.3 13.15 0 85 105 80 30000
18.3 13.8 0 93 105 80 30000
18.3 14.45 0 97 105 80 30000
18.3 15.1 0 96 105 80 30000
18.3 15.75 0 91 105 80 30000
18.3 16.4 0 83 105 80 30000
18.3 17.05 0 76 105 80 30000
18.3 17.7 0 73 105 80 30000
18.3 18.35 0 75 105 80 30000
18.3 19 0 80 105 80 30000
18.3 19.65 0 88 105 80 30000
18.95 -20 0 75 105 80 30000
18.95 -19.35 0 80 105 80 30000
18.95 -18.7 0 88 105 80 30000
18.95 -18.05 0 94 105 80 30000
18.95 -17.4 0 97 105 80 30000
18.95 -16.75 0 95 105 80 30000
18.95 -16.1 0 88 105 80 30000
18.95 -15.45 0 81 105 80 30000
18.95 -14.8 0 75 105 80 30000
18.95 -14.15 0 73 105 80 30000
18.95 -13.5 0 76 105 80 30000
18.95 -12.85 0 83 105 80 30000
18.95 -12.2 0 90 105 80 30000
18.95 -11.55 0 96 105 80 30000
18.95 -10.9 0 97 105 80 30000
18.95 -10.25 0 93 105 80 30000
18.95 -9.6 0 86 105 80 30000
18.95 -8.95 0 78 105 80 30000
18.95 -8.3 0 74 105 80 30000
18.95 -7.65 0 74 105 80 30000
18.95 -7 0 78 105 80 30000
18.95 -6.35 0 85 105 80 30000
18.95 -5.7 0 93 105 80 30000
18.95 -5.05 0 97 105 80 30000
18.95 -4.4 0 96 105 80 30000
18.95 -3.75 0 91 105 80 30000
18.95 -3.1 0 83 105 80 30000
18.95 -2.45 0 76 105 80 30000
18.95 -1.8 0 73 105 80 30000
18.95 -1.15 0 75 105 80 30000
18.95 -0.5 0 80 105 80 30000
18.95 0.15 0 88 105 80 30000
18.95 0.8 0 94 105 80 30000
18.95 1.45 0 97 105 80 30000
18.95 2.1 0 95 105 80 30000
18.95 2.75 0 88 105 80 30000
18.95 3.4 0 81 105 80 30000
18.95 4.05 0 75 105 80 30000
18.95 4.7 0 73 105 80 30000
18.95 5.35 0 76 105 80 30000
18.95 6 0 83 105 80 30000
18.95 6.65 0 90 105 80 30000
18.95 7.3 0 96 105 80 30000
18.95 7.95 0 97 105 80 30000
18.95 8.6 0 93 105 80 30000
18.95 9.25 0 86 105 80 30000
18.95 9.9 0 78 105 80 30000
18.95 10.55 0 74 105 80 30000
18.95 11.2 0 74 105 80 30000
18.95 11.85 0 78 105 80 30000
18.95 12.5 0 85 105 80 30000
18.95 13.15 0 93 105 80 30000
18.95 13.8 0 97 105 80 30000
18.95 14.45 0 96 105 80 30000
18.95 15.1 0 91 105 80 30000
18.95 15.75 0 83 105 80 30000
18.95 16.4 0 76 105 80 30000
18.95 17.05 0 73 105 80 30000
18.95 17.7 0 75 105 80 30000
18.95 18.35 0 80 105 80 30000
18.95 19 0 88 105 80 30000
18.95 19.65 0 94 105 80 30000
19.6 -20 0 80 105 80 30000
19.6 -19.35 0 88 105 80 30000
19.6 -18.7 0 94 105 80 30000
19.6 -18.05 0 97 105 80 30000
19.6 -17.4 0 95 105 80 30000
19.6 -16.75 0 88 105 80 30000
19.6 -16.1 0 81 105 80 30000
19.6 -15.45 0 75 105 80 30000
19.6 -14.8 0 73 105 80 30000
19.6 -14.15 0 76 105 80 30000
19.6 -13.5 0 83 105 80 30000
19.6 -12.85 0 90 105 80 30000
19.6 -12.2 0 96 105 80 30000
19.6 -11.55 0 97 105 80 30000
19.6 -10.9 0 93 105 80 30000
19.6 -10.25 0 86 105 80 30000
19.6 -9.6 0 78 105 80 30000
19.6 -8.95 0 74 105 80 30000
19.6 -8.3 0 74 105 80 30000
19.6 -7.65 0 78 105 80 30000
19.6 -7 0 85 105 80 30000
19.6 -6.35 0 93 105 80 30000
19.6 -5.7 0 97 105 80 30000
19.6 -5.05 0 96 105 80 30000
19.6 -4.4 0 91 105 80 30000
19.6 -3.75 0 83 105 80 30000
19.6 -3.1 0 76 105 80 30000
19.6 -2.45 0 73 105 80 30000
19.6 -1.8 0 75 105 80 30000
19.6 -1.15 0 80 105 80 30000
19.6 -0.5 0 88 105 80 30000
19.6 0.15 0 94 105 80 30000
19.6 0.8 0 97 105 80 30000
19.6 1.45 0 95 105 80 30000
19.6 2.1 0 88 105 80 30000
19.6 2.75 0 81 105 80 30000
19.6 3.4 0 75 105 80 30000
19.6 4.05 0 73 105 80 30000
19.6 4.7 0 76 105 80 30000
19.6 5.35 0 83 105 80 30000
19.6 6 0 90 105 80 30000
19.6 6.65 0 96 105 80 30000
19.6 7.3 0 97 105 80 30000
19.6 7.95 0 93 105 80 30000
19.6 8.6 0 86 105 80 30000
19.6 9.25 0 78 105 80 30000
19.6 9.9 0 74 105 80 30000
19.6 10.55 0 74 105 80 30000
19.6 11.2 0 78 105 80 30000
19.6 11.85 0 85 105 80 30000
19.6 12.5 0 93 105 80 30000
19.6 13.15 0 97 105 80 30000
19.6 13.8 0 96 105 80 30000
19.6 14.45 0 91 105 80 30000
19.6 15.1 0 83 105 80 30000
19.6 15.75 0 76 105 80 30000
19.6 16.4 0 73 105 80 30000
19.6 17.05 0 75 105 80 30000
19.6 17.7 0 80 105 80 30000
19.6 18.35 0 88 105 80 30000
19.6 19 0 94 105 80 30000
19.6 19.65 0 97 105 80 30000
20.25 -20 0 88 105 80 30000
20.25 -19.35 0 94 105 80 30000
20.25 -18.7 0 97 105 80 30000
20.25 -18.05 0 95 105 80 30000
20.25 -17.4 0 88 105 80 30000
20.25 -16.75 0 81 105 80 30000
20.25 -16.1 0 75 105 80 30000
20.25 -15.45 0 73 105 80 30000
20.25 -14.8 0 76 105 80 30000
20.25 -14.15 0 83 105 80 30000
20.25 -13.5 0 90 105 80 30000
20.25 -12.85 0 96 105 80 30000
20.25 -12.2 0 97 105 80 30000
20.25 -11.55 0 93 105 80 30000
20.25 -10.9 0 86 105 80 30000
20.25 -10.25 0 78 105 80 30000
20.25 -9.6 0 74 105 80 30000
20.25 -8.95 0 74 105 80 30000
20.25 -8.3 0 78 105 80 30000
20.25 -7.65 0 85 105 80 30000
20.25 -7 0 93 105 80 30000
20.25 -6.35 0 97 105 80 30000
20.25 -5.7 0 96 105 80 30000
20.25 -5.05 0 91 105 80 30000
20.25 -4.4 0 83 105 80 30000
20.25 -3.75 0 76 105 80 30000
20.25 -3.1 0 73 105 80 30000
20.25 -2.45 0 75 105 80 30000
20.25 -1.8 0 80 105 80 30000
20.25 -1.15 0 88 105 80 30000
20.25 -0.5 0 94 105 80 30000
20.25 0.15 0 97 105 80 30000
20.25 0.8 0 95 105 80 30000
20.25 1.45 0 88 105 80 30000
20.25 2.1 0 81 105 80 30000
20.25 2.75 0 75 105 80 30000
20.25 3.4 0 73 105 80 30000
20.25 4.05 0 76 105 80 30000
20.25 4.7 0 83 105 80 30000
20.25 5.35 0 90 105 80 30000
20.25 6 0 96 105 80 30000
20.25 6.65 0 97 105 80 30000
20.25 7.3 0 93 105 80 30000
20.25 7.95 0 86 105 80 30000
20.25 8.6 0 78 105 80 30000
20.25 9.25 0 74 105 80 30000
20.25 9.9 0 74 105 80 30000
20.25 10.55 0 78 105 80 30000
20.25 11.2 0 85 105 80 30000
20.25 11.85 0 93 105 80 30000
20.25 12.5 0 97 105 80 30000
20.25 13.15 0 96 105 80 30000
20.25 13.8 0 91 105 80 30000
20.25 14.45 0 83 105 80 30000
20.25 15.1 0 76 105 80 30000
20.25 15.75 0 73 105 80 30000
20.25 16.4 0 75 105 80 30000
20.25 17.05 0 80 105 80 30000
20.25 17.7 0 88 105 80 30000
20.25 18.35 0 94 105 80 30000
20.25 19 0 97 105 80 30000
20.25 19.65 0 95 105 80 30000
20.9 -20 0 94 105 80 30000
20.9 -19.35 0 97 105 80 30000
20.9 -18.7 0 95 105 80 30000
20.9 -18.05 0 88 105 80 30000
20.9 -17.4 0 81 105 80 30000
20.9 -16.75 0 75 105 80 30000
20.9 -16.1 0 73 105 80 30000
20.9 -15.45 0 76 105 80 30000
20.9 -14.8 0 83 105 80 30000
20.9 -14.15 0 90 105 80 30000
20.9 -13.5 0 96 105 80 30000
20.9 -12.85 0 97 105 80 30000
20.9 -12.2 0 93 105 80 30000
20.9 -11.55 0 86 105 80 30000
20.9 -10.9 0 78 105 80 30000
20.9 -10.25 0 74 105 80 30000
20.9 -9.6 0 74 105 80 30000
20.9 -8.95 0 78 105 80 30000
20.9 -8.3 0 85 105 80 30000
20.9 -7.65 0 93 105 80 30000
20.9 -7 0 97 105 80 30000
20.9 -6.35 0 96 105 80 30000
20.9 -5.7 0 91 105 80 30000
20.9 -5.05 0 83 105 80 30000
20.9 -4.4 0 76 105 80 30000
20.9 -3.75 0 73 105 80 30000
20.9 -3.1 0 75 105 80 30000
20.9 -2.45 0 80 105 80 30000
20.9 -1.8 0 88 105 80 30000
20.9 -1.15 0 94 105 80 30000
20.9 -0.5 0 97 105 80 30000
20.9 0.15 0 95 105 80 30000
20.9 0.8 0 88 105 80 30000
20.9 1.45 0 81 105 80 30000
20.9 2.1 0 75 105 80 30000
20.9 2.75 0 73 105 80 30000
20.9 3.4 0 76 105 80 30000
20.9 4.05 0 83 105 80 30000
20.9 4.7 0 90 105 80 30000
20.9 5.35 0 96 105 80 30000
20.9 6 0 97 105 80 30000
20.9 6.65 0 93 105 80 30000
20.9 7.3 0 86 105 80 30000
20.9 7.95 0 78 105 80 30000
20.9 8.6 0 74 105 80 30000
20.9 9.25 0 74 105 80 30000
20.9 9.9 0 78 105 80 30000
20.9 10.55 0 85 105 80 30000
20.9 11.2 0 93 105 80 30000
20.9 11.85 0 97 105 80 30000
20.9 12.5 0 96 105 80 30000
20.9 13.15 0 91 105 80 30000
20.9 13.8 0 83 105 80 30000
20.9 14.45 0 76 105 80 30000
20.9 15.1 0 73 105 80 30000
20.9 15.75 0 75 105 80 30000
20.9 16.4 0 80 105 80 30000
20.9 17.05 0 88 105 80 30000
20.9 17.7 0 94 105 80 30000
20.9 18.35 0 97 105 80 30000
20.9 19 0 95 105 80 30000
20.9 19.65 0 88 105 80 30000
21.55 -20 0 97 105 80 30000
21.55 -19.35 0 95 105 80 30000
21.55 -18.7 0 88 105 80 30000
21.55 -18.05 0 81 105 80 30000
21.55 -17.4 0 75 105 80 30000
21.55 -16.75 0 73 105 80 30000
21.55 -16.1 0 76 105 80 30000
21.55 -15.45 0 83 105 80 30000
21.55 -14.8 0 90 105 80 30000
21.55 -14.15 0 96 105 80 30000
21.55 -13.5 0 97 105 80 30000
21.55 -12.85 0 93 105 80 30000
21.55 -12.2 0 86 105 80 30000
21.55 -11.55 0 78 105 80 30000
21.55 -10.9 0 74 105 80 30000
21.55 -10.25 0 74 105 80 30000
21.55 -9.6 0 78 105 80 30000
21.55 -8.95 0 85 105 80 30000
21.55 -8.3 0 93 105 80 30000
21.55 -7.65 0 97 105 80 30000
21.55 -7 0 96 105 80 30000
21.55 -6.35 0 91 105 80 30000
21.55 -5.7 0 83 105 80 30000
21.55 -5.05 0 76 105 80 30000
21.55 -4.4 0 73 105 80 30000
21.55 -3.75 0 75 105 80 30000
21.55 -3.1 0 80 105 80 30000
21.55 -2.45 0 88 105 80 30000
21.55 -1.8 0 94 105 80 30000
21.55 -1.15 0 97 105 80 30000
21.55 -0.5 0 95 105 80 30000
21.55 0.15 0 88 105 80 30000
21.55 0.8 0 81 105 80 30000
21.55 1.45 0 75 105 80 30000
21.55 2.1 0 73 105 80 30000
21.55 2.75 0 76 105 80 30000
21.55 3.4 0 83 105 80 30000
21.55 4.05 0 90 105 80 30000
21.55 4.7 0 96 105 80 30000
21.55 5.35 0 97 105 80 30000
21.55 6 0 93 105 80 30000
21.55 6.65 0 86 105 80 30000
21.55 7.3 0 78 105 80 30000
21.55 7.95 0 74 105 80 30000
21.55 8.6 0 74 105 80 30000
21.55 9.25 0 78 105 80 30000
21.55 9.9 0 85 105 80 30000
21.55 10.55 0 93 105 80 30000
21.55 11.2 0 97 105 80 30000
21.55 11.85 0 96 105 80 30000
21.55 12.5 0 91 105 80 30000
21.55 13.15 0 83 105 80 30000
21.55 13.8 0 76 105 80 30000
21.55 14.45 0 73 105 80 30000
21.55 15.1 0 75 105 80 30000
21.55 15.75 0 80 105 80 30000
21.55 16.4 0 88 105 80 30000
21.55 17.05 0 94 105 80 30000
21.55 17.7 0 97 105 80 30000
21.55 18.35 0 95 105 80 30000
21.55 19 0 88 105 80 30000
21.55 19.65 0 81 105 80 30000
-10 -8 0 170 160 144 30000
-10 8 0 159 150 138 30000
-10 -8 0.35 170 160 144 30000
-10 8 0.35 159 150 138 30000
-10 -8 0.7 170 160 144 30000
-10 8 0.7 159 150 138 30000
-10 -8 1.05 170 160 144 30000
-10 8 1.05 159 150 138 30000
-10 -8 1.4 170 160 144 30000
-10 8 1.4 159 150 138 30000
-10 -8 1.75 170 160 144 30000
-10 8 1.75 159 150 138 30000
-10 -8 2.1 170 160 144 30000
-10 8 2.1 159 150 138 30000
-10 -8 2.45 170 160 144 30000
-10 8 2.45 159 150 138 30000
-10 -8 2.8 170 160 144 30000
-10 8 2.8 159 150 138 30000
-10 -8 3.15 170 160 144 30000
-10 8 3.15 159 150 138 30000
-10 -8 3.5 170 160 144 30000
-10 8 3.5 159 150 138 30000
-10 -8 3.85 170 160 144 30000
-10 8 3.85 159 150 138 30000
-10 -8 4.2 170 160 144 30000
-10 8 4.2 159 150 138 30000
-10 -8 4.55 170 160 144 30000
-10 8 4.55 159 150 138 30000
-10 -8 4.9 170 160 144 30000
-10 8 4.9 159 150 138 30000
-10 -8 5.25 170 160 144 30000
-10 8 5.25 159 150 138 30000
-10 -8 5.6 170 160 144 30000
-10 8 5.6 159 150 138 30000
-10 -8 5.95 170 160 144 30000
-10 8 5.95 159 150 138 30000
-10 -8 6.3 170 160 144 30000
-10 8 6.3 159 150 138 30000
-10 -8 6.65 170 160 144 30000
-10 8 6.65 159 150 138 30000
-10 -8 7 170 160 144 30000
-10 8 7 159 150 138 30000
-10 -8 7.35 170 160 144 30000
-10 8 7.35 159 150 138 30000
-10 -8 7.7 170 160 144 30000
-10 8 7.7 159 150 138 30000
-9.65 -8 0 170 160 144 30000
-9.65 8 0 159 150 138 30000
-9.65 -8 0.35 170 160 144 30000
-9.65 8 0.35 159 150 138 30000
-9.65 -8 0.7 170 160 144 30000
-9.65 8 0.7 159 150 138 30000
-9.65 -8 1.05 170 160 144 30000
-9.65 8 1.05 159 150 138 30000
-9.65 -8 1.4 170 160 144 30000
-9.65 8 1.4 159 150 138 30000
-9.65 -8 1.75 170 160 144 30000
-9.65 8 1.75 159 150 138 30000
-9.65 -8 2.1 170 160 144 30000
-9.65 8 2.1 159 150 138 30000
-9.65 -8 2.45 170 160 144 30000
-9.65 8 2.45 159 150 138 30000
-9.65 -8 2.8 170 160 144 30000
-9.65 8 2.8 159 150 138 30000
-9.65 -8 3.15 170 160 144 30000
-9.65 8 3.15 159 150 138 30000
-9.65 -8 3.5 170 160 144 30000
-9.65 8 3.5 159 150 138 30000
-9.65 -8 3.85 170 160 144 30000
-9.65 8 3.85 159 150 138 30000
-9.65 -8 4.2 170 160 144 30000
-9.65 8 4.2 159 150 138 30000
-9.65 -8 4.55 170 160 144 30000
-9.65 8 4.55 159 150 138 30000
-9.65 -8 4.9 170 160 144 30000
-9.65 8 4.9 159 150 138 30000
-9.65 -8 5.25 170 160 144 30000
-9.65 8 5.25 159 150 138 30000
-9.65 -8 5.6 170 160 144 30000
-9.65 8 5.6 159 150 138 30000
-9.65 -8 5.95 170 160 144 30000
-9.65 8 5.95 159 150 138 30000
-9.65 -8 6.3 170 160 144 30000
-9.65 8 6.3 159 150 138 30000
-9.65 -8 6.65 170 160 144 30000
-9.65 8 6.65 159 150 138 30000
-9.65 -8 7 170 160 144 30000
-9.65 8 7 159 150 138 30000
-9.65 -8 7.35 170 160 144 30000
-9.65 8 7.35 159 150 138 30000
-9.65 -8 7.7 170 160 144 30000
-9.65 8 7.7 159 150 138 30000
-9.3 -8 0 170 160 144 30000
-9.3 8 0 159 150 138 30000
-9.3 -8 0.35 170 160 144 30000
-9.3 8 0.35 159 150 138 30000
-9.3 -8 0.7 170 160 144 30000
-9.3 8 0.7 159 150 138 30000
-9.3 -8 1.05 170 160 144 30000
-9.3 8 1.05 159 150 138 30000
-9.3 -8 1.4 170 160 144 30000
-9.3 8 1.4 159 150 138 30000
-9.3 -8 1.75 170 160 144 30000
-9.3 8 1.75 159 150 138 30000
-9.3 -8 2.1 170 160 144 30000
-9.3 8 2.1 159 150 138 30000
-9.3 -8 2.45 170 160 144 30000
-9.3 8 2.45 159 150 138 30000
-9.3 -8 2.8 170 160 144 30000
-9.3 8 2.8 159 150 138 30000
-9.3 -8 3.15 170 160 144 30000
-9.3 8 3.15 159 150 138 30000
-9.3 -8 3.5 170 160 144 30000
-9.3 8 3.5 159 150 138 30000
-9.3 -8 3.85 170 160 144 30000
-9.3 8 3.85 159 150 138 30000
-9.3 -8 4.2 170 160 144 30000
-9.3 8 4.2 159 150 138 30000
-9.3 -8 4.55 170 160 144 30000
-9.3 8 4.55 159 150 138 30000
-9.3 -8 4.9 170 160 144 30000
-9.3 8 4.9 159 150 138 30000
-9.3 -8 5.25 170 160 144 30000
-9.3 8 5.25 159 150 138 30000
-9.3 -8 5.6 170 160 144 30000
-9.3 8 5.6 159 150 138 30000
-9.3 -8 5.95 170 160 144 30000
-9.3 8 5.95 159 150 138 30000
-9.3 -8 6.3 170 160 144 30000
-9.3 8 6.3 159 150 138 30000
-9.3 -8 6.65 170 160 144 30000
-9.3 8 6.65 159 150 138 30000
-9.3 -8 7 170 160 144 30000
-9.3 8 7 159 150 138 30000
-9.3 -8 7.35 170 160 144 30000
-9.3 8 7.35 159 150 138 30000
-9.3 -8 7.7 170 160 144 30000
-9.3 8 7.7 159 150 138 30000
-8.95 -8 0 170 160 144 30000
-8.95 8 0 159 150 138 30000
-8.95 -8 0.35 170 160 144 30000
-8.95 8 0.35 159 150 138 30000
-8.95 -8 0.7 170 160 144 30000
-8.95 8 0.7 159 150 138 30000
-8.95 -8 1.05 170 160 144 30000
-8.95 8 1.05 159 150 138 30000
-8.95 -8 1.4 170 160 144 30000
-8.95 8 1.4 159 150 138 30000
-8.95 -8 1.75 170 160 144 30000
-8.95 8 1.75 159 150 138 30000
-8.95 -8 2.1 170 160 144 30000
-8.95 8 2.1 159 150 138 30000
-8.95 -8 2.45 170 160 144 30000
-8.95 8 2.45 159 150 138 30000
-8.95 -8 2.8 170 160 144 30000
-8.95 8 2.8 159 150 138 30000
-8.95 -8 3.15 170 160 144 30000
-8.95 8 3.15 159 150 138 30000
-8.95 -8 3.5 170 160 144 30000
-8.95 8 3.5 159 150 138 30000
-8.95 -8 3.85 170 160 144 30000
-8.95 8 3.85 159 150 138 30000
-8.95 -8 4.2 170 160 144 30000
-8.95 8 4.2 159 150 138 30000
-8.95 -8 4.55 170 160 144 30000
-8.95 8 4.55 159 150 138 30000
-8.95 -8 4.9 170 160 144 30000
-8.95 8 4.9 159 150 138 30000
-8.95 -8 5.25 170 160 144 30000
-8.95 8 5.25 159 150 138 30000
-8.95 -8 5.6 170 160 144 30000
-8.95 8 5.6 159 150 138 30000
-8.95 -8 5.95 170 160 144 30000
-8.95 8 5.95 159 150 138 30000
-8.95 -8 6.3 170 160 144 30000
-8.95 8 6.3 159 150 138 30000
-8.95 -8 6.65 170 160 144 30000
-8.95 8 6.65 159 150 138 30000
-8.95 -8 7 170 160 144 30000
-8.95 8 7 159 150 138 30000
-8.95 -8 7.35 170 160 144 30000
-8.95 8 7.35 159 150 138 30000
-8.95 -8 7.7 170 160 144 30000
-8.95 8 7.7 159 150 138 30000
-8.6 -8 0 170 160 144 30000
-8.6 8 0 159 150 138 30000
-8.6 -8 0.35 170 160 144 30000
-8.6 8 0.35 159 150 138 30000
-8.6 -8 0.7 170 160 144 30000
-8.6 8 0.7 159 150 138 30000
-8.6 -8 1.05 170 160 144 30000
-8.6 8 1.05 159 150 138 30000
-8.6 -8 1.4 170 160 144 30000
-8.6 8 1.4 159 150 138 30000
-8.6 -8 1.75 170 160 144 30000
-8.6 8 1.75 159 150 138 30000
-8.6 -8 2.1 170 160 144 30000
-8.6 8 2.1 159 150 138 30000
-8.6 -8 2.45 170 160 144 30000
-8.6 8 2.45 159 150 138 30000
-8.6 -8 2.8 170 160 144 30000
-8.6 8 2.8 159 150 138 30000
-8.6 -8 3.15 170 160 144 30000
-8.6 8 3.15 159 150 138 30000
-8.6 -8 3.5 170 160 144 30000
-8.6 8 3.5 159 150 138 30000
-8.6 -8 3.85 170 160 144 30000
-8.6 8 3.85 159 150 138 30000
-8.6 -8 4.2 170 160 144 30000
-8.6 8 4.2 159 150 138 30000
-8.6 -8 4.55 170 160 144 30000
-8.6 8 4.55 159 150 138 30000
-8.6 -8 4.9 170 160 144 30000
-8.6 8 4.9 159 150 138 30000
-8.6 -8 5.25 170 160 144 30000
-8.6 8 5.25 159 150 138 30000
-8.6 -8 5.6 170 160 144 30000
-8.6 8 5.6 159 150 138 30000
-8.6 -8 5.95 170 160 144 30000
-8.6 8 5.95 159 150 138 30000
-8.6 -8 6.3 170 160 144 30000
-8.6 8 6.3 159 150 138 30000
-8.6 -8 6.65 170 160 144 30000
-8.6 8 6.65 159 150 138 30000
-8.6 -8 7 170 160 144 30000
-8.6 8 7 159 150 138 30000
-8.6 -8 7.35 170 160 144 30000
-8.6 8 7.35 159 150 138 30000
-8.6 -8 7.7 170 160 144 30000
-8.6 8 7.7 159 150 138 30000
-8.25 -8 0 170 160 144 30000
-8.25 8 0 159 150 138 30000
-8.25 -8 0.35 170 160 144 30000
-8.25 8 0.35 159 150 138 30000
-8.25 -8 0.7 170 160 144 30000
-8.25 8 0.7 159 150 138 30000
-8.25 -8 1.05 170 160 144 30000
-8.25 8 1.05 159 150 138 30000
-8.25 -8 1.4 170 160 144 30000
-8.25 8 1.4 159 150 138 30000
-8.25 -8 1.75 170 160 144 30000
-8.25 8 1.75 159 150 138 30000
-8.25 -8 2.1 170 160 144 30000
-8.25 8 2.1 159 150 138 30000
-8.25 -8 2.45 170 160 144 30000
-8.25 8 2.45 159 150 138 30000
-8.25 -8 2.8 170 160 144 30000
-8.25 8 2.8 159 150 138 30000
-8.25 -8 3.15 170 160 144 30000
-8.25 8 3.15 159 150 138 30000
-8.25 -8 3.5 170 160 144 30000
-8.25 8 3.5 159 150 138 30000
-8.25 -8 3.85 170 160 144 30000
-8.25 8 3.85 159 150 138 30000
-8.25 -8 4.2 170 160 144 30000
-8.25 8 4.2 159 150 138 30000
-8.25 -8 4.55 170 160 144 30000
-8.25 8 4.55 159 150 138 30000
-8.25 -8 4.9 170 160 144 30000
-8.25 8 4.9 159 150 138 30000
-8.25 -8 5.25 170 160 144 30000
-8.25 8 5.25 159 150 138 30000
-8.25 -8 5.6 170 160 144 30000
-8.25 8 5.6 159 150 138 30000
-8.25 -8 5.95 170 160 144 30000
-8.25 8 5.95 159 150 138 30000
-8.25 -8 6.3 170 160 144 30000
-8.25 8 6.3 159 150 138 30000
-8.25 -8 6.65 170 160 144 30000
-8.25 8 6.65 159 150 138 30000
-8.25 -8 7 170 160 144 30000
-8.25 8 7 159 150 138 30000
-8.25 -8 7.35 170 160 144 30000
-8.25 8 7.35 159 150 138 30000
-8.25 -8 7.7 170 160 144 30000
-8.25 8 7.7 159 150 138 30000
-7.9 -8 0 170 160 144 30000
-7.9 8 0 159 150 138 30000
-7.9 -8 0.35 170 160 144 30000
-7.9 8 0.35 159 150 138 30000
-7.9 -8 0.7 170 160 144 30000
-7.9 8 0.7 159 150 138 30000
-7.9 -8 1.05 170 160 144 30000
-7.9 8 1.05 159 150 138 30000
-7.9 -8 1.4 170 160 144 30000
-7.9 8 1.4 159 150 138 30000
-7.9 -8 1.75 170 160 144 30000
-7.9 8 1.75 159 150 138 30000
-7.9 -8 2.1 170 160 144 30000
-7.9 8 2.1 159 150 138 30000
-7.9 -8 2.45 170 160 144 30000
-7.9 8 2.45 159 150 138 30000
-7.9 -8 2.8 170 160 144 30000
-7.9 8 2.8 159 150 138 30000
-7.9 -8 3.15 170 160 144 30000
-7.9 8 3.15 159 150 138 30000
-7.9 -8 3.5 170 160 144 30000
-7.9 8 3.5 159 150 138 30000
-7.9 -8 3.85 170 160 144 30000
-7.9 8 3.85 159 150 138 30000
-7.9 -8 4.2 170 160 144 30000
-7.9 8 4.2 159 150 138 30000
-7.9 -8 4.55 170 160 144 30000
-7.9 8 4.55 159 150 138 30000
-7.9 -8 4.9 170 160 144 30000
-7.9 8 4.9 159 150 138 30000
-7.9 -8 5.25 170 160 144 30000
-7.9 8 5.25 159 150 138 30000
-7.9 -8 5.6 170 160 144 30000
-7.9 8 5.6 159 150 138 30000
-7.9 -8 5.95 170 160 144 30000
-7.9 8 5.95 159 150 138 30000
-7.9 -8 6.3 170 160 144 30000
-7.9 8 6.3 159 150 138 30000
-7.9 -8 6.65 170 160 144 30000
-7.9 8 6.65 159 150 138 30000
-7.9 -8 7 170 160 144 30000
-7.9 8 7 159 150 138 30000
-7.9 -8 7.35 170 160 144 30000
-7.9 8 7.35 159 150 138 30000
-7.9 -8 7.7 170 160 144 30000
-7.9 8 7.7 159 150 138 30000
-7.55 -8 0 170 160 144 30000
-7.55 8 0 159 150 138 30000
-7.55 -8 0.35 170 160 144 30000
-7.55 8 0.35 159 150 138 30000
-7.55 -8 0.7 170 160 144 30000
-7.55 8 0.7 159 150 138 30000
-7.55 -8 1.05 170 160 144 30000
-7.55 8 1.05 159 150 138 30000
-7.55 -8 1.4 170 160 144 30000
-7.55 8 1.4 159 150 138 30000
-7.55 -8 1.75 170 160 144 30000
-7.55 8 1.75 159 150 138 30000
-7.55 -8 2.1 170 160 144 30000
-7.55 8 2.1 159 150 138 30000
-7.55 -8 2.45 170 160 144 30000
-7.55 8 2.45 159 150 138 30000
-7.55 -8 2.8 170 160 144 30000
-7.55 8 2.8 159 150 138 30000
-7.55 -8 3.15 170 160 144 30000
-7.55 8 3.15 159 150 138 30000
-7.55 -8 3.5 170 160 144 30000
-7.55 8 3.5 159 150 138 30000
-7.55 -8 3.85 170 160 144 30000
-7.55 8 3.85 159 150 138 30000
-7.55 -8 4.2 170 160 144 30000
-7.55 8 4.2 159 150 138 30000
-7.55 -8 4.55 170 160 144 30000
-7.55 8 4.55 159 150 138 30000
-7.55 -8 4.9 170 160 144 30000
-7.55 8 4.9 159 150 138 30000
-7.55 -8 5.25 170 160 144 30000
-7.55 8 5.25 159 150 138 30000
-7.55 -8 5.6 170 160 144 30000
-7.55 8 5.6 159 150 138 30000
-7.55 -8 5.95 170 160 144 30000
-7.55 8 5.95 159 150 138 30000
-7.55 -8 6.3 170 160 144 30000
-7.55 8 6.3 159 150 138 30000
-7.55 -8 6.65 170 160 144 30000
-7.55 8 6.65 159 150 138 30000
-7.55 -8 7 170 160 144 30000
-7.55 8 7 159 150 138 30000
-7.55 -8 7.35 170 160 144 30000
-7.55 8 7.35 159 150 138 30000
-7.55 -8 7.7 170 160 144 30000
-7.55 8 7.7 159 150 138 30000
-7.2 -8 0 170 160 144 30000
-7.2 8 0 159 150 138 30000
-7.2 -8 0.35 170 160 144 30000
-7.2 8 0.35 159 150 138 30000
-7.2 -8 0.7 170 160 144 30000
-7.2 8 0.7 159 150 138 30000
-7.2 -8 1.05 170 160 144 30000
-7.2 8 1.05 159 150 138 30000
-7.2 -8 1.4 170 160 144 30000
-7.2 8 1.4 159 150 138 30000
-7.2 -8 1.75 170 160 144 30000
-7.2 8 1.75 159 150 138 30000
-7.2 -8 2.1 170 160 144 30000
-7.2 8 2.1 159 150 138 30000
-7.2 -8 2.45 170 160 144 30000
-7.2 8 2.45 159 150 138 30000
-7.2 -8 2.8 170 160 144 30000
-7.2 8 2.8 159 150 138 30000
-7.2 -8 3.15 170 160 144 30000
-7.2 8 3.15 159 150 138 30000
-7.2 -8 3.5 170 160 144 30000
-7.2 8 3.5 159 150 138 30000
-7.2 -8 3.85 170 160 144 30000
-7.2 8 3.85 159 150 138 30000
-7.2 -8 4.2 170 160 144 30000
-7.2 8 4.2 159 150 138 30000
-7.2 -8 4.55 170 160 144 30000
-7.2 8 4.55 159 150 138 30000
-7.2 -8 4.9 170 160 144 30000
-7.2 8 4.9 159 150 138 30000
-7.2 -8 5.25 170 160 144 30000
-7.2 8 5.25 159 150 138 30000
-7.2 -8 5.6 170 160 144 30000
-7.2 8 5.6 159 150 138 30000
-7.2 -8 5.95 170 160 144 30000
-7.2 8 5.95 159 150 138 30000
-7.2 -8 6.3 170 160 144 30000
-7.2 8 6.3 159 150 138 30000
-7.2 -8 6.65 170 160 144 30000
-7.2 8 6.65 159 150 138 30000
-7.2 -8 7 170 160 144 30000
-7.2 8 7 159 150 138 30000
-7.2 -8 7.35 170 160 144 30000
-7.2 8 7.35 159 150 138 30000
-7.2 -8 7.7 170 160 144 30000
-7.2 8 7.7 159 150 138 30000
-6.85 -8 0 170 160 144 30000
-6.85 8 0 159 150 138 30000
-6.85 -8 0.35 170 160 144 30000
-6.85 8 0.35 159 150 138 30000
-6.85 -8 0.7 170 160 144 30000
-6.85 8 0.7 159 150 138 30000
-6.85 -8 1.05 170 160 144 30000
-6.85 8 1.05 159 150 138 30000
-6.85 -8 1.4 170 160 144 30000
-6.85 8 1.4 159 150 138 30000
-6.85 -8 1.75 170 160 144 30000
-6.85 8 1.75 159 150 138 30000
-6.85 -8 2.1 170 160 144 30000
-6.85 8 2.1 159 150 138 30000
-6.85 -8 2.45 170 160 144 30000
-6.85 8 2.45 159 150 138 30000
-6.85 -8 2.8 170 160 144 30000
-6.85 8 2.8 159 150 138 30000
-6.85 -8 3.15 170 160 144 30000
-6.85 8 3.15 159 150 138 30000
-6.85 -8 3.5 170 160 144 30000
-6.85 8 3.5 159 150 138 30000
-6.85 -8 3.85 170 160 144 30000
-6.85 8 3.85 159 150 138 30000
-6.85 -8 4.2 170 160 144 30000
-6.85 8 4.2 159 150 138 30000
-6.85 -8 4.55 170 160 144 30000
-6.85 8 4.55 159 150 138 30000
-6.85 -8 4.9 170 160 144 30000
-6.85 8 4.9 159 150 138 30000
-6.85 -8 5.25 170 160 144 30000
-6.85 8 5.25 159 150 138 30000
-6.85 -8 5.6 170 160 144 30000
-6.85 8 5.6 159 150 138 30000
-6.85 -8 5.95 170 160 144 30000
-6.85 8 5.95 159 150 138 30000
-6.85 -8 6.3 170 160 144 30000
-6.85 8 6.3 159 150 138 30000
-6.85 -8 6.65 170 160 144 30000
-6.85 8 6.65 159 150 138 30000
-6.85 -8 7 170 160 144 30000
-6.85 8 7 159 150 138 30000
-6.85 -8 7.35 170 160 144 30000
-6.85 8 7.35 159 150 138 30000
-6.85 -8 7.7 170 160 144 30000
-6.85 8 7.7 159 150 138 30000
-6.5 -8 0 170 160 144 30000
-6.5 8 0 159 150 138 30000
-6.5 -8 0.35 170 160 144 30000
-6.5 8 0.35 159 150 138 30000
-6.5 -8 0.7 170 160 144 30000
-6.5 8 0.7 159 150 138 30000
-6.5 -8 1.05 170 160 144 30000
-6.5 8 1.05 159 150 138 30000
-6.5 -8 1.4 170 160 144 30000
-6.5 8 1.4 159 150 138 30000
-6.5 -8 1.75 170 160 144 30000
-6.5 8 1.75 159 150 138 30000
-6.5 -8 2.1 170 160 144 30000
-6.5 8 2.1 159 150 138 30000
-6.5 -8 2.45 170 160 144 30000
-6.5 8 2.45 159 150 138 30000
-6.5 -8 2.8 170 160 144 30000
-6.5 8 2.8 159 150 138 30000
-6.5 -8 3.15 170 160 144 30000
-6.5 8 3.15 159 150 138 30000
-6.5 -8 3.5 170 160 144 30000
-6.5 8 3.5 159 150 138 30000
-6.5 -8 3.85 170 160 144 30000
-6.5 8 3.85 159 150 138 30000
-6.5 -8 4.2 170 160 144 30000
-6.5 8 4.2 159 150 138 30000
-6.5 -8 4.55 170 160 144 30000
-6.5 8 4.55 159 150 138 30000
-6.5 -8 4.9 170 160 144 30000
-6.5 8 4.9 159 150 138 30000
-6.5 -8 5.25 170 160 144 30000
-6.5 8 5.25 159 150 138 30000
-6.5 -8 5.6 170 160 144 30000
-6.5 8 5.6 159 150 138 30000
-6.5 -8 5.95 170 160 144 30000
-6.5 8 5.95 159 150 138 30000
-6.5 -8 6.3 170 160 144 30000
-6.5 8 6.3 159 150 138 30000
-6.5 -8 6.65 170 160 144 30000
-6.5 8 6.65 159 150 138 30000
-6.5 -8 7 170 160 144 30000
-6.5 8 7 159 150 138 30000
-6.5 -8 7.35 170 160 144 30000
-6.5 8 7.35 159 150 138 30000
-6.5 -8 7.7 170 160 144 30000
-6.5 8 7.7 159 150 138 30000
-6.15 -8 0 170 160 144 30000
-6.15 8 0 159 150 138 30000
-6.15 -8 0.35 170 160 144 30000
-6.15 8 0.35 159 150 138 30000
-6.15 -8 0.7 170 160 144 30000
-6.15 8 0.7 159 150 138 30000
-6.15 -8 1.05 170 160 144 30000
-6.15 8 1.05 159 150 138 30000
-6.15 -8 1.4 170 160 144 30000
-6.15 8 1.4 159 150 138 30000
-6.15 -8 1.75 170 160 144 30000
-6.15 8 1.75 159 150 138 30000
-6.15 -8 2.1 170 160 144 30000
-6.15 8 2.1 159 150 138 30000
-6.15 -8 2.45 170 160 144 30000
-6.15 8 2.45 159 150 138 30000
-6.15 -8 2.8 170 160 144 30000
-6.15 8 2.8 159 150 138 30000
-6.15 -8 3.15 170 160 144 30000
-6.15 8 3.15 159 150 138 30000
-6.15 -8 3.5 170 160 144 30000
-6.15 8 3.5 159 150 138 30000
-6.15 -8 3.85 170 160 144 30000
-6.15 8 3.85 159 150 138 30000
-6.15 -8 4.2 170 160 144 30000
-6.15 8 4.2 159 150 138 30000
-6.15 -8 4.55 170 160 144 30000
-6.15 8 4.55 159 150 138 30000
-6.15 -8 4.9 170 160 144 30000
-6.15 8 4.9 159 150 138 30000
-6.15 -8 5.25 170 160 144 30000
-6.15 8 5.25 159 150 138 30000
-6.15 -8 5.6 170 160 144 30000
-6.15 8 5.6 159 150 138 30000
-6.15 -8 5.95 170 160 144 30000
-6.15 8 5.95 159 150 138 30000
-6.15 -8 6.3 170 160 144 30000
-6.15 8 6.3 159 150 138 30000
-6.15 -8 6.65 170 160 144 30000
-6.15 8 6.65 159 150 138 30000
-6.15 -8 7 170 160 144 30000
-6.15 8 7 159 150 138 30000
-6.15 -8 7.35 170 160 144 30000
-6.15 8 7.35 159 150 138 30000
-6.15 -8 7.7 170 160 144 30000
-6.15 8 7.7 159 150 138 30000
-5.8 -8 0 170 160 144 30000
-5.8 8 0 159 150 138 30000
-5.8 -8 0.35 170 160 144 30000
-5.8 8 0.35 159 150 138 30000
-5.8 -8 0.7 170 160 144 30000
-5.8 8 0.7 159 150 138 30000
-5.8 -8 1.05 170 160 144 30000
-5.8 8 1.05 159 150 138 30000
-5.8 -8 1.4 170 160 144 30000
-5.8 8 1.4 159 150 138 30000
-5.8 -8 1.75 170 160 144 30000
-5.8 8 1.75 159 150 138 30000
-5.8 -8 2.1 170 160 144 30000
-5.8 8 2.1 159 150 138 30000
-5.8 -8 2.45 170 160 144 30000
-5.8 8 2.45 159 150 138 30000
-5.8 -8 2.8 170 160 144 30000
-5.8 8 2.8 159 150 138 30000
-5.8 -8 3.15 170 160 144 30000
-5.8 8 3.15 159 150 138 30000
-5.8 -8 3.5 170 160 144 30000
-5.8 8 3.5 159 150 138 30000
-5.8 -8 3.85 170 160 144 30000
-5.8 8 3.85 159 150 138 30000
-5.8 -8 4.2 170 160 144 30000
-5.8 8 4.2 159 150 138 30000
-5.8 -8 4.55 170 160 144 30000
-5.8 8 4.55 159 150 138 30000
-5.8 -8 4.9 170 160 144 30000
-5.8 8 4.9 159 150 138 30000
-5.8 -8 5.25 170 160 144 30000
-5.8 8 5.25 159 150 138 30000
-5.8 -8 5.6 170 160 144 30000
-5.8 8 5.6 159 150 138 30000
-5.8 -8 5.95 170 160 144 30000
-5.8 8 5.95 159 150 138 30000
-5.8 -8 6.3 170 160 144 30000
-5.8 8 6.3 159 150 138 30000
-5.8 -8 6.65 170 160 144 30000
-5.8 8 6.65 159 150 138 30000
-5.8 -8 7 170 160 144 30000
-5.8 8 7 159 150 138 30000
-5.8 -8 7.35 170 160 144 30000
-5.8 8 7.35 159 150 138 30000
-5.8 -8 7.7 170 160 144 30000
-5.8 8 7.7 159 150 138 30000
-5.45 -8 0 170 160 144 30000
-5.45 8 0 159 150 138 30000
-5.45 -8 0.35 170 160 144 30000
-5.45 8 0.35 159 150 138 30000
-5.45 -8 0.7 170 160 144 30000
-5.45 8 0.7 159 150 138 30000
-5.45 -8 1.05 170 160 144 30000
-5.45 8 1.05 159 150 138 30000
-5.45 -8 1.4 170 160 144 30000
-5.45 8 1.4 159 150 138 30000
-5.45 -8 1.75 170 160 144 30000
-5.45 8 1.75 159 150 138 30000
-5.45 -8 2.1 170 160 144 30000
-5.45 8 2.1 159 150 138 30000
-5.45 -8 2.45 170 160 144 30000
-5.45 8 2.45 159 150 138 30000
-5.45 -8 2.8 170 160 144 30000
-5.45 8 2.8 159 150 138 30000
-5.45 -8 3.15 170 160 144 30000
-5.45 8 3.15 159 150 138 30000
-5.45 -8 3.5 170 160 144 30000
-5.45 8 3.5 159 150 138 30000
-5.45 -8 3.85 170 160 144 30000
-5.45 8 3.85 159 150 138 30000
-5.45 -8 4.2 170 160 144 30000
-5.45 8 4.2 159 150 138 30000
-5.45 -8 4.55 170 160 144 30000
-5.45 8 4.55 159 150 138 30000
-5.45 -8 4.9 170 160 144 30000
-5.45 8 4.9 159 150 138 30000
-5.45 -8 5.25 170 160 144 30000
-5.45 8 5.25 159 150 138 30000
-5.45 -8 5.6 170 160 144 30000
-5.45 8 5.6 159 150 138 30000
-5.45 -8 5.95 170 160 144 30000
-5.45 8 5.95 159 150 138 30000
-5.45 -8 6.3 170 160 144 30000
-5.45 8 6.3 159 150 138 30000
-5.45 -8 6.65 170 160 144 30000
-5.45 8 6.65 159 150 138 30000
-5.45 -8 7 170 160 144 30000
-5.45 8 7 159 150 138 30000
-5.45 -8 7.35 170 160 144 30000
-5.45 8 7.35 159 150 138 30000
-5.45 -8 7.7 170 160 144 30000
-5.45 8 7.7 159 150 138 30000
-5.1 -8 0 170 160 144 30000
-5.1 8 0 159 150 138 30000
-5.1 -8 0.35 170 160 144 30000
-5.1 8 0.35 159 150 138 30000
-5.1 -8 0.7 170 160 144 30000
-5.1 8 0.7 159 150 138 30000
-5.1 -8 1.05 170 160 144 30000
-5.1 8 1.05 159 150 138 30000
-5.1 -8 1.4 170 160 144 30000
-5.1 8 1.4 159 150 138 30000
-5.1 -8 1.75 170 160 144 30000
-5.1 8 1.75 159 150 138 30000
-5.1 -8 2.1 170 160 144 30000
-5.1 8 2.1 159 150 138 30000
-5.1 -8 2.45 170 160 144 30000
-5.1 8 2.45 159 150 138 30000
-5.1 -8 2.8 170 160 144 30000
-5.1 8 2.8 159 150 138 30000
-5.1 -8 3.15 170 160 144 30000
-5.1 8 3.15 159 150 138 30000
-5.1 -8 3.5 170 160 144 30000
-5.1 8 3.5 159 150 138 30000
-5.1 -8 3.85 170 160 144 30000
-5.1 8 3.85 159 150 138 30000
-5.1 -8 4.2 170 160 144 30000
-5.1 8 4.2 159 150 138 30000
-5.1 -8 4.55 170 160 144 30000
-5.1 8 4.55 159 150 138 30000
-5.1 -8 4.9 170 160 144 30000
-5.1 8 4.9 159 150 138 30000
-5.1 -8 5.25 170 160 144 30000
-5.1 8 5.25 159 150 138 30000
-5.1 -8 5.6 170 160 144 30000
-5.1 8 5.6 159 150 138 30000
-5.1 -8 5.95 170 160 144 30000
-5.1 8 5.95 159 150 138 30000
-5.1 -8 6.3 170 160 144 30000
-5.1 8 6.3 159 150 138 30000
-5.1 -8 6.65 170 160 144 30000
-5.1 8 6.65 159 150 138 30000
-5.1 -8 7 170 160 144 30000
-5.1 8 7 159 150 138 30000
-5.1 -8 7.35 170 160 144 30000
-5.1 8 7.35 159 150 138 30000
-5.1 -8 7.7 170 160 144 30000
-5.1 8 7.7 159 150 138 30000
-4.75 -8 0 170 160 144 30000
-4.75 8 0 159 150 138 30000
-4.75 -8 0.35 170 160 144 30000
-4.75 8 0.35 159 150 138 30000
-4.75 -8 0.7 170 160 144 30000
-4.75 8 0.7 159 150 138 30000
-4.75 -8 1.05 170 160 144 30000
-4.75 8 1.05 159 150 138 30000
-4.75 -8 1.4 170 160 144 30000
-4.75 8 1.4 159 150 138 30000
-4.75 -8 1.75 170 160 144 30000
-4.75 8 1.75 159 150 138 30000
-4.75 -8 2.1 170 160 144 30000
-4.75 8 2.1 159 150 138 30000
-4.75 -8 2.45 170 160 144 30000
-4.75 8 2.45 159 150 138 30000
-4.75 -8 2.8 170 160 144 30000
-4.75 8 2.8 159 150 138 30000
-4.75 -8 3.15 170 160 144 30000
-4.75 8 3.15 159 150 138 30000
-4.75 -8 3.5 170 160 144 30000
-4.75 8 3.5 159 150 138 30000
-4.75 -8 3.85 170 160 144 30000
-4.75 8 3.85 159 150 138 30000
-4.75 -8 4.2 170 160 144 30000
-4.75 8 4.2 159 150 138 30000
-4.75 -8 4.55 170 160 144 30000
-4.75 8 4.55 159 150 138 30000
-4.75 -8 4.9 170 160 144 30000
-4.75 8 4.9 159 150 138 30000
-4.75 -8 5.25 170 160 144 30000
-4.75 8 5.25 159 150 138 30000
-4.75 -8 5.6 170 160 144 30000
-4.75 8 5.6 159 150 138 30000
-4.75 -8 5.95 170 160 144 30000
-4.75 8 5.95 159 150 138 30000
-4.75 -8 6.3 170 160 144 30000
-4.75 8 6.3 159 150 138 30000
-4.75 -8 6.65 170 160 144 30000
-4.75 8 6.65 159 150 138 30000
-4.75 -8 7 170 160 144 30000
-4.75 8 7 159 150 138 30000
-4.75 -8 7.35 170 160 144 30000
-4.75 8 7.35 159 150 138 30000
-4.75 -8 7.7 170 160 144 30000
-4.75 8 7.7 159 150 138 30000
-4.4 -8 0 170 160 144 30000
-4.4 8 0 159 150 138 30000
-4.4 -8 0.35 170 160 144 30000
-4.4 8 0.35 159 150 138 30000
-4.4 -8 0.7 170 160 144 30000
-4.4 8 0.7 159 150 138 30000
-4.4 -8 1.05 170 160 144 30000
-4.4 8 1.05 159 150 138 30000
-4.4 -8 1.4 170 160 144 30000
-4.4 8 1.4 159 150 138 30000
-4.4 -8 1.75 170 160 144 30000
-4.4 8 1.75 159 150 138 30000
-4.4 -8 2.1 170 160 144 30000
-4.4 8 2.1 159 150 138 30000
-4.4 -8 2.45 170 160 144 30000
-4.4 8 2.45 159 150 138 30000
-4.4 -8 2.8 170 160 144 30000
-4.4 8 2.8 159 150 138 30000
-4.4 -8 3.15 170 160 144 30000
-4.4 8 3.15 159 150 138 30000
-4.4 -8 3.5 170 160 144 30000
-4.4 8 3.5 159 150 138 30000
-4.4 -8 3.85 170 160 144 30000
-4.4 8 3.85 159 150 138 30000
-4.4 -8 4.2 170 160 144 30000
-4.4 8 4.2 159 150 138 30000
-4.4 -8 4.55 170 160 144 30000
-4.4 8 4.55 159 150 138 30000
-4.4 -8 4.9 170 160 144 30000
-4.4 8 4.9 159 150 138 30000
-4.4 -8 5.25 170 160 144 30000
-4.4 8 5.25 159 150 138 30000
-4.4 -8 5.6 170 160 144 30000
-4.4 8 5.6 159 150 138 30000
-4.4 -8 5.95 170 160 144 30000
-4.4 8 5.95 159 150 138 30000
-4.4 -8 6.3 170 160 144 30000
-4.4 8 6.3 159 150 138 30000
-4.4 -8 6.65 170 160 144 30000
-4.4 8 6.65 159 150 138 30000
-4.4 -8 7 170 160 144 30000
-4.4 8 7 159 150 138 30000
-4.4 -8 7.35 170 160 144 30000
-4.4 8 7.35 159 150 138 30000
-4.4 -8 7.7 170 160 144 30000
-4.4 8 7.7 159 150 138 30000
-4.05 -8 0 170 160 144 30000
-4.05 8 0 159 150 138 30000
-4.05 -8 0.35 170 160 144 30000
-4.05 8 0.35 159 150 138 30000
-4.05 -8 0.7 170 160 144 30000
-4.05 8 0.7 159 150 138 30000
-4.05 -8 1.05 170 160 144 30000
-4.05 8 1.05 159 150 138 30000
-4.05 -8 1.4 170 160 144 30000
-4.05 8 1.4 159 150 138 30000
-4.05 -8 1.75 170 160 144 30000
-4.05 8 1.75 159 150 138 30000
-4.05 -8 2.1 170 160 144 30000
-4.05 8 2.1 159 150 138 30000
-4.05 -8 2.45 170 160 144 30000
-4.05 8 2.45 159 150 138 30000
-4.05 -8 2.8 170 160 144 30000
-4.05 8 2.8 159 150 138 30000
-4.05 -8 3.15 170 160 144 30000
-4.05 8 3.15 159 150 138 30000
-4.05 -8 3.5 170 160 144 30000
-4.05 8 3.5 159 150 138 30000
-4.05 -8 3.85 170 160 144 30000
-4.05 8 3.85 159 150 138 30000
-4.05 -8 4.2 170 160 144 30000
-4.05 8 4.2 159 150 138 30000
-4.05 -8 4.55 170 160 144 30000
-4.05 8 4.55 159 150 138 30000
-4.05 -8 4.9 170 160 144 30000
-4.05 8 4.9 159 150 138 30000
-4.05 -8 5.25 170 160 144 30000
-4.05 8 5.25 159 150 138 30000
-4.05 -8 5.6 170 160 144 30000
-4.05 8 5.6 159 150 138 30000
-4.05 -8 5.95 170 160 144 30000
-4.05 8 5.95 159 150 138 30000
-4.05 -8 6.3 170 160 144 30000
-4.05 8 6.3 159 150 138 30000
-4.05 -8 6.65 170 160 144 30000
-4.05 8 6.65 159 150 138 30000
-4.05 -8 7 170 160 144 30000
-4.05 8 7 159 150 138 30000
-4.05 -8 7.35 170 160 144 30000
-4.05 8 7.35 159 150 138 30000
-4.05 -8 7.7 170 160 144 30000
-4.05 8 7.7 159 150 138 30000
-3.7 -8 0 170 160 144 30000
-3.7 8 0 159 150 138 30000
-3.7 -8 0.35 170 160 144 30000
-3.7 8 0.35 159 150 138 30000
-3.7 -8 0.7 170 160 144 30000
-3.7 8 0.7 159 150 138 30000
-3.7 -8 1.05 170 160 144 30000
-3.7 8 1.05 159 150 138 30000
-3.7 -8 1.4 170 160 144 30000
-3.7 8 1.4 159 150 138 30000
-3.7 -8 1.75 170 160 144 30000
-3.7 8 1.75 159 150 138 30000
-3.7 -8 2.1 170 160 144 30000
-3.7 8 2.1 159 150 138 30000
-3.7 -8 2.45 170 160 144 30000
-3.7 8 2.45 159 150 138 30000
-3.7 -8 2.8 170 160 144 30000
-3.7 8 2.8 159 150 138 30000
-3.7 -8 3.15 170 160 144 30000
-3.7 8 3.15 159 150 138 30000
-3.7 -8 3.5 170 160 144 30000
-3.7 8 3.5 159 150 138 30000
-3.7 -8 3.85 170 160 144 30000
-3.7 8 3.85 159 150 138 30000
-3.7 -8 4.2 170 160 144 30000
-3.7 8 4.2 159 150 138 30000
-3.7 -8 4.55 170 160 144 30000
-3.7 8 4.55 159 150 138 30000
-3.7 -8 4.9 170 160 144 30000
-3.7 8 4.9 159 150 138 30000
-3.7 -8 5.25 170 160 144 30000
-3.7 8 5.25 159 150 138 30000
-3.7 -8 5.6 170 160 144 30000
-3.7 8 5.6 159 150 138 30000
-3.7 -8 5.95 170 160 144 30000
-3.7 8 5.95 159 150 138 30000
-3.7 -8 6.3 170 160 144 30000
-3.7 8 6.3 159 150 138 30000
-3.7 -8 6.65 170 160 144 30000
-3.7 8 6.65 159 150 138 30000
-3.7 -8 7 170 160 144 30000
-3.7 8 7 159 150 138 30000
-3.7 -8 7.35 170 160 144 30000
-3.7 8 7.35 159 150 138 30000
-3.7 -8 7.7 170 160 144 30000
-3.7 8 7.7 159 150 138 30000
-3.35 -8 0 170 160 144 30000
-3.35 8 0 159 150 138 30000
-3.35 -8 0.35 170 160 144 30000
-3.35 8 0.35 159 150 138 30000
-3.35 -8 0.7 170 160 144 30000
-3.35 8 0.7 159 150 138 30000
-3.35 -8 1.05 170 160 144 30000
-3.35 8 1.05 159 150 138 30000
-3.35 -8 1.4 170 160 144 30000
-3.35 8 1.4 159 150 138 30000
-3.35 -8 1.75 170 160 144 30000
-3.35 8 1.75 159 150 138 30000
-3.35 -8 2.1 170 160 144 30000
-3.35 8 2.1 159 150 138 30000
-3.35 -8 2.45 170 160 144 30000
-3.35 8 2.45 159 150 138 30000
-3.35 -8 2.8 170 160 144 30000
-3.35 8 2.8 159 150 138 30000
-3.35 -8 3.15 170 160 144 30000
-3.35 8 3.15 159 150 138 30000
-3.35 -8 3.5 170 160 144 30000
-3.35 8 3.5 159 150 138 30000
-3.35 -8 3.85 170 160 144 30000
-3.35 8 3.85 159 150 138 30000
-3.35 -8 4.2 170 160 144 30000
-3.35 8 4.2 159 150 138 30000
-3.35 -8 4.55 170 160 144 30000
-3.35 8 4.55 159 150 138 30000
-3.35 -8 4.9 170 160 144 30000
-3.35 8 4.9 159 150 138 30000
-3.35 -8 5.25 170 160 144 30000
-3.35 8 5.25 159 150 138 30000
-3.35 -8 5.6 170 160 144 30000
-3.35 8 5.6 159 150 138 30000
-3.35 -8 5.95 170 160 144 30000
-3.35 8 5.95 159 150 138 30000
-3.35 -8 6.3 170 160 144 30000
-3.35 8 6.3 159 150 138 30000
-3.35 -8 6.65 170 160 144 30000
-3.35 8 6.65 159 150 138 30000
-3.35 -8 7 170 160 144 30000
-3.35 8 7 159 150 138 30000
-3.35 -8 7.35 170 160 144 30000
-3.35 8 7.35 159 150 138 30000
-3.35 -8 7.7 170 160 144 30000
-3.35 8 7.7 159 150 138 30000
-3 -8 0 170 160 144 30000
-3 8 0 159 150 138 30000
-3 -8 0.35 170 160 144 30000
-3 8 0.35 159 150 138 30000
-3 -8 0.7 170 160 144 30000
-3 8 0.7 159 150 138 30000
-3 -8 1.05 170 160 144 30000
-3 8 1.05 159 150 138 30000
-3 -8 1.4 170 160 144 30000
-3 8 1.4 159 150 138 30000
-3 -8 1.75 170 160 144 30000
-3 8 1.75 159 150 138 30000
-3 -8 2.1 170 160 144 30000
-3 8 2.1 159 150 138 30000
-3 -8 2.45 170 160 144 30000
-3 8 2.45 159 150 138 30000
-3 -8 2.8 170 160 144 30000
-3 8 2.8 159 150 138 30000
-3 -8 3.15 170 160 144 30000
-3 8 3.15 159 150 138 30000
-3 -8 3.5 170 160 144 30000
-3 8 3.5 159 150 138 30000
-3 -8 3.85 170 160 144 30000
-3 8 3.85 159 150 138 30000
-3 -8 4.2 170 160 144 30000
-3 8 4.2 159 150 138 30000
-3 -8 4.55 170 160 144 30000
-3 8 4.55 159 150 138 30000
-3 -8 4.9 170 160 144 30000
-3 8 4.9 159 150 138 30000
-3 -8 5.25 170 160 144 30000
-3 8 5.25 159 150 138 30000
-3 -8 5.6 170 160 144 30000
-3 8 5.6 159 150 138 30000
-3 -8 5.95 170 160 144 30000
-3 8 5.95 159 150 138 30000
-3 -8 6.3 170 160 144 30000
-3 8 6.3 159 150 138 30000
-3 -8 6.65 170 160 144 30000
-3 8 6.65 159 150 138 30000
-3 -8 7 170 160 144 30000
-3 8 7 159 150 138 30000
-3 -8 7.35 170 160 144 30000
-3 8 7.35 159 150 138 30000
-3 -8 7.7 170 160 144 30000
-3 8 7.7 159 150 138 30000
-2.65 -8 0 170 160 144 30000
-2.65 8 0 159 150 138 30000
-2.65 -8 0.35 170 160 144 30000
-2.65 8 0.35 159 150 138 30000
-2.65 -8 0.7 170 160 144 30000
-2.65 8 0.7 159 150 138 30000
-2.65 -8 1.05 170 160 144 30000
-2.65 8 1.05 159 150 138 30000
-2.65 -8 1.4 170 160 144 30000
-2.65 8 1.4 159 150 138 30000
-2.65 -8 1.75 170 160 144 30000
-2.65 8 1.75 159 150 138 30000
-2.65 -8 2.1 170 160 144 30000
-2.65 8 2.1 159 150 138 30000
-2.65 -8 2.45 170 160 144 30000
-2.65 8 2.45 159 150 138 30000
-2.65 -8 2.8 170 160 144 30000
-2.65 8 2.8 159 150 138 30000
-2.65 -8 3.15 170 160 144 30000
-2.65 8 3.15 159 150 138 30000
-2.65 -8 3.5 170 160 144 30000
-2.65 8 3.5 159 150 138 30000
-2.65 -8 3.85 170 160 144 30000
-2.65 8 3.85 159 150 138 30000
-2.65 -8 4.2 170 160 144 30000
-2.65 8 4.2 159 150 138 30000
-2.65 -8 4.55 170 160 144 30000
-2.65 8 4.55 159 150 138 30000
-2.65 -8 4.9 170 160 144 30000
-2.65 8 4.9 159 150 138 30000
-2.65 -8 5.25 170 160 144 30000
-2.65 8 5.25 159 150 138 30000
-2.65 -8 5.6 170 160 144 30000
-2.65 8 5.6 159 150 138 30000
-2.65 -8 5.95 170 160 144 30000
-2.65 8 5.95 159 150 138 30000
-2.65 -8 6.3 170 160 144 30000
-2.65 8 6.3 159 150 138 30000
-2.65 -8 6.65 170 160 144 30000
-2.65 8 6.65 159 150 138 30000
-2.65 -8 7 170 160 144 30000
-2.65 8 7 159 150 138 30000
-2.65 -8 7.35 170 160 144 30000
-2.65 8 7.35 159 150 138 30000
-2.65 -8 7.7 170 160 144 30000
-2.65 8 7.7 159 150 138 30000
-2.3 -8 0 170 160 144 30000
-2.3 8 0 159 150 138 30000
-2.3 -8 0.35 170 160 144 30000
-2.3 8 0.35 159 150 138 30000
-2.3 -8 0.7 170 160 144 30000
-2.3 8 0.7 159 150 138 30000
-2.3 -8 1.05 170 160 144 30000
-2.3 8 1.05 159 150 138 30000
-2.3 -8 1.4 170 160 144 30000
-2.3 8 1.4 159 150 138 30000
-2.3 -8 1.75 170 160 144 30000
-2.3 8 1.75 159 150 138 30000
-2.3 -8 2.1 170 160 144 30000
-2.3 8 2.1 159 150 138 30000
-2.3 -8 2.45 170 160 144 30000
-2.3 8 2.45 159 150 138 30000
-2.3 -8 2.8 170 160 144 30000
-2.3 8 2.8 159 150 138 30000
-2.3 -8 3.15 170 160 144 30000
-2.3 8 3.15 159 150 138 30000
-2.3 -8 3.5 170 160 144 30000
-2.3 8 3.5 159 150 138 30000
-2.3 -8 3.85 170 160 144 30000
-2.3 8 3.85 159 150 138 30000
-2.3 -8 4.2 170 160 144 30000
-2.3 8 4.2 159 150 138 30000
-2.3 -8 4.55 170 160 144 30000
-2.3 8 4.55 159 150 138 30000
-2.3 -8 4.9 170 160 144 30000
-2.3 8 4.9 159 150 138 30000
-2.3 -8 5.25 170 160 144 30000
-2.3 8 5.25 159 150 138 30000
-2.3 -8 5.6 170 160 144 30000
-2.3 8 5.6 159 150 138 30000
-2.3 -8 5.95 170 160 144 30000
-2.3 8 5.95 159 150 138 30000
-2.3 -8 6.3 170 160 144 30000
-2.3 8 6.3 159 150 138 30000
-2.3 -8 6.65 170 160 144 30000
-2.3 8 6.65 159 150 138 30000
-2.3 -8 7 170 160 144 30000
-2.3 8 7 159 150 138 30000
-2.3 -8 7.35 170 160 144 30000
-2.3 8 7.35 159 150 138 30000
-2.3 -8 7.7 170 160 144 30000
-2.3 8 7.7 159 150 138 30000
-1.95 -8 0 170 160 144 30000
-1.95 8 0 159 150 138 30000
-1.95 -8 0.35 170 160 144 30000
-1.95 8 0.35 159 150 138 30000
-1.95 -8 0.7 170 160 144 30000
-1.95 8 0.7 159 150 138 30000
-1.95 -8 1.05 170 160 144 30000
-1.95 8 1.05 159 150 138 30000
-1.95 -8 1.4 170 160 144 30000
-1.95 8 1.4 159 150 138 30000
-1.95 -8 1.75 170 160 144 30000
-1.95 8 1.75 159 150 138 30000
-1.95 -8 2.1 170 160 144 30000
-1.95 8 2.1 159 150 138 30000
-1.95 -8 2.45 170 160 144 30000
-1.95 8 2.45 159 150 138 30000
-1.95 -8 2.8 170 160 144 30000
-1.95 8 2.8 159 150 138 30000
-1.95 -8 3.15 170 160 144 30000
-1.95 8 3.15 159 150 138 30000
-1.95 -8 3.5 170 160 144 30000
-1.95 8 3.5 159 150 138 30000
-1.95 -8 3.85 170 160 144 30000
-1.95 8 3.85 159 150 138 30000
-1.95 -8 4.2 170 160 144 30000
-1.95 8 4.2 159 150 138 30000
-1.95 -8 4.55 170 160 144 30000
-1.95 8 4.55 159 150 138 30000
-1.95 -8 4.9 170 160 144 30000
-1.95 8 4.9 159 150 138 30000
-1.95 -8 5.25 170 160 144 30000
-1.95 8 5.25 159 150 138 30000
-1.95 -8 5.6 170 160 144 30000
-1.95 8 5.6 159 150 138 30000
-1.95 -8 5.95 170 160 144 30000
-1.95 8 5.95 159 150 138 30000
-1.95 -8 6.3 170 160 144 30000
-1.95 8 6.3 159 150 138 30000
-1.95 -8 6.65 170 160 144 30000
-1.95 8 6.65 159 150 138 30000
-1.95 -8 7 170 160 144 30000
-1.95 8 7 159 150 138 30000
-1.95 -8 7.35 170 160 144 30000
-1.95 8 7.35 159 150 138 30000
-1.95 -8 7.7 170 160 144 30000
-1.95 8 7.7 159 150 138 30000
-1.6 -8 0 170 160 144 30000
-1.6 8 0 159 150 138 30000
-1.6 -8 0.35 170 160 144 30000
-1.6 8 0.35 159 150 138 30000
-1.6 -8 0.7 170 160 144 30000
-1.6 8 0.7 159 150 138 30000
-1.6 -8 1.05 170 160 144 30000
-1.6 8 1.05 159 150 138 30000
-1.6 -8 1.4 170 160 144 30000
-1.6 8 1.4 159 150 138 30000
-1.6 -8 1.75 170 160 144 30000
-1.6 8 1.75 159 150 138 30000
-1.6 -8 2.1 170 160 144 30000
-1.6 8 2.1 159 150 138 30000
-1.6 -8 2.45 170 160 144 30000
-1.6 8 2.45 159 150 138 30000
-1.6 -8 2.8 170 160 144 30000
-1.6 8 2.8 159 150 138 30000
-1.6 -8 3.15 170 160 144 30000
-1.6 8 3.15 159 150 138 30000
-1.6 -8 3.5 170 160 144 30000
-1.6 8 3.5 159 150 138 30000
-1.6 -8 3.85 170 160 144 30000
-1.6 8 3.85 159 150 138 30000
-1.6 -8 4.2 170 160 144 30000
-1.6 8 4.2 159 150 138 30000
-1.6 -8 4.55 170 160 144 30000
-1.6 8 4.55 159 150 138 30000
-1.6 -8 4.9 170 160 144 30000
-1.6 8 4.9 159 150 138 30000
-1.6 -8 5.25 170 160 144 30000
-1.6 8 5.25 159 150 138 30000
-1.6 -8 5.6 170 160 144 30000
-1.6 8 5.6 159 150 138 30000
-1.6 -8 5.95 170 160 144 30000
-1.6 8 5.95 159 150 138 30000
-1.6 -8 6.3 170 160 144 30000
-1.6 8 6.3 159 150 138 30000
-1.6 -8 6.65 170 160 144 30000
-1.6 8 6.65 159 150 138 30000
-1.6 -8 7 170 160 144 30000
-1.6 8 7 159 150 138 30000
-1.6 -8 7.35 170 160 144 30000
-1.6 8 7.35 159 150 138 30000
-1.6 -8 7.7 170 160 144 30000
-1.6 8 7.7 159 150 138 30000
-1.25 -8 0 170 160 144 30000
-1.25 8 0 159 150 138 30000
-1.25 -8 0.35 170 160 144 30000
-1.25 8 0.35 159 150 138 30000
-1.25 -8 0.7 170 160 144 30000
-1.25 8 0.7 159 150 138 30000
-1.25 -8 1.05 170 160 144 30000
-1.25 8 1.05 159 150 138 30000
-1.25 -8 1.4 170 160 144 30000
-1.25 8 1.4 159 150 138 30000
-1.25 -8 1.75 170 160 144 30000
-1.25 8 1.75 159 150 138 30000
-1.25 -8 2.1 170 160 144 30000
-1.25 8 2.1 159 150 138 30000
-1.25 -8 2.45 170 160 144 30000
-1.25 8 2.45 159 150 138 30000
-1.25 -8 2.8 170 160 144 30000
-1.25 8 2.8 159 150 138 30000
-1.25 -8 3.15 170 160 144 30000
-1.25 8 3.15 159 150 138 30000
-1.25 -8 3.5 170 160 144 30000
-1.25 8 3.5 159 150 138 30000
-1.25 -8 3.85 170 160 144 30000
-1.25 8 3.85 159 150 138 30000
-1.25 -8 4.2 170 160 144 30000
-1.25 8 4.2 159 150 138 30000
-1.25 -8 4.55 170 160 144 30000
-1.25 8 4.55 159 150 138 30000
-1.25 -8 4.9 170 160 144 30000
-1.25 8 4.9 159 150 138 30000
-1.25 -8 5.25 170 160 144 30000
-1.25 8 5.25 159 150 138 30000
-1.25 -8 5.6 170 160 144 30000
-1.25 8 5.6 159 150 138 30000
-1.25 -8 5.95 170 160 144 30000
-1.25 8 5.95 159 150 138 30000
-1.25 -8 6.3 170 160 144 30000
-1.25 8 6.3 159 150 138 30000
-1.25 -8 6.65 170 160 144 30000
-1.25 8 6.65 159 150 138 30000
-1.25 -8 7 170 160 144 30000
-1.25 8 7 159 150 138 30000
-1.25 -8 7.35 170 160 144 30000
-1.25 8 7.35 159 150 138 30000
-1.25 -8 7.7 170 160 144 30000
-1.25 8 7.7 159 150 138 30000
-0.9 -8 0 170 160 144 30000
-0.9 8 0 159 150 138 30000
-0.9 -8 0.35 170 160 144 30000
-0.9 8 0.35 159 150 138 30000
-0.9 -8 0.7 170 160 144 30000
-0.9 8 0.7 159 150 138 30000
-0.9 -8 1.05 170 160 144 30000
-0.9 8 1.05 159 150 138 30000
-0.9 -8 1.4 170 160 144 30000
-0.9 8 1.4 159 150 138 30000
-0.9 -8 1.75 170 160 144 30000
-0.9 8 1.75 159 150 138 30000
-0.9 -8 2.1 170 160 144 30000
-0.9 8 2.1 159 150 138 30000
-0.9 -8 2.45 170 160 144 30000
-0.9 8 2.45 159 150 138 30000
-0.9 -8 2.8 170 160 144 30000
-0.9 8 2.8 159 150 138 30000
-0.9 -8 3.15 170 160 144 30000
-0.9 8 3.15 159 150 138 30000
-0.9 -8 3.5 170 160 144 30000
-0.9 8 3.5 159 150 138 30000
-0.9 -8 3.85 170 160 144 30000
-0.9 8 3.85 159 150 138 30000
-0.9 -8 4.2 170 160 144 30000
-0.9 8 4.2 159 150 138 30000
-0.9 -8 4.55 170 160 144 30000
-0.9 8 4.55 159 150 138 30000
-0.9 -8 4.9 170 160 144 30000
-0.9 8 4.9 159 150 138 30000
-0.9 -8 5.25 170 160 144 30000
-0.9 8 5.25 159 150 138 30000
-0.9 -8 5.6 170 160 144 30000
-0.9 8 5.6 159 150 138 30000
-0.9 -8 5.95 170 160 144 30000
-0.9 8 5.95 159 150 138 30000
-0.9 -8 6.3 170 160 144 30000
-0.9 8 6.3 159 150 138 30000
-0.9 -8 6.65 170 160 144 30000
-0.9 8 6.65 159 150 138 30000
-0.9 -8 7 170 160 144 30000
-0.9 8 7 159 150 138 30000
-0.9 -8 7.35 170 160 144 30000
-0.9 8 7.35 159 150 138 30000
-0.9 -8 7.7 170 160 144 30000
-0.9 8 7.7 159 150 138 30000
-0.55 -8 0 170 160 144 30000
-0.55 8 0 159 150 138 30000
-0.55 -8 0.35 170 160 144 30000
-0.55 8 0.35 159 150 138 30000
-0.55 -8 0.7 170 160 144 30000
-0.55 8 0.7 159 150 138 30000
-0.55 -8 1.05 170 160 144 30000
-0.55 8 1.05 159 150 138 30000
-0.55 -8 1.4 170 160 144 30000
-0.55 8 1.4 159 150 138 30000
-0.55 -8 1.75 170 160 144 30000
-0.55 8 1.75 159 150 138 30000
-0.55 -8 2.1 170 160 144 30000
-0.55 8 2.1 159 150 138 30000
-0.55 -8 2.45 170 160 144 30000
-0.55 8 2.45 159 150 138 30000
-0.55 -8 2.8 170 160 144 30000
-0.55 8 2.8 159 150 138 30000
-0.55 -8 3.15 170 160 144 30000
-0.55 8 3.15 159 150 138 30000
-0.55 -8 3.5 170 160 144 30000
-0.55 8 3.5 159 150 138 30000
-0.55 -8 3.85 170 160 144 30000
-0.55 8 3.85 159 150 138 30000
-0.55 -8 4.2 170 160 144 30000
-0.55 8 4.2 159 150 138 30000
-0.55 -8 4.55 170 160 144 30000
-0.55 8 4.55 159 150 138 30000
-0.55 -8 4.9 170 160 144 30000
-0.55 8 4.9 159 150 138 30000
-0.55 -8 5.25 170 160 144 30000
-0.55 8 5.25 159 150 138 30000
-0.55 -8 5.6 170 160 144 30000
-0.55 8 5.6 159 150 138 30000
-0.55 -8 5.95 170 160 144 30000
-0.55 8 5.95 159 150 138 30000
-0.55 -8 6.3 170 160 144 30000
-0.55 8 6.3 159 150 138 30000
-0.55 -8 6.65 170 160 144 30000
-0.55 8 6.65 159 150 138 30000
-0.55 -8 7 170 160 144 30000
-0.55 8 7 159 150 138 30000
-0.55 -8 7.35 170 160 144 30000
-0.55 8 7.35 159 150 138 30000
-0.55 -8 7.7 170 160 144 30000
-0.55 8 7.7 159 150 138 30000
-0.2 -8 0 170 160 144 30000
-0.2 8 0 159 150 138 30000
-0.2 -8 0.35 170 160 144 30000
-0.2 8 0.35 159 150 138 30000
-0.2 -8 0.7 170 160 144 30000
-0.2 8 0.7 159 150 138 30000
-0.2 -8 1.05 170 160 144 30000
-0.2 8 1.05 159 150 138 30000
-0.2 -8 1.4 170 160 144 30000
-0.2 8 1.4 159 150 138 30000
-0.2 -8 1.75 170 160 144 30000
-0.2 8 1.75 159 150 138 30000
-0.2 -8 2.1 170 160 144 30000
-0.2 8 2.1 159 150 138 30000
-0.2 -8 2.45 170 160 144 30000
-0.2 8 2.45 159 150 138 30000
-0.2 -8 2.8 170 160 144 30000
-0.2 8 2.8 159 150 138 30000
-0.2 -8 3.15 170 160 144 30000
-0.2 8 3.15 159 150 138 30000
-0.2 -8 3.5 170 160 144 30000
-0.2 8 3.5 159 150 138 30000
-0.2 -8 3.85 170 160 144 30000
-0.2 8 3.85 159 150 138 30000
-0.2 -8 4.2 170 160 144 30000
-0.2 8 4.2 159 150 138 30000
-0.2 -8 4.55 170 160 144 30000
-0.2 8 4.55 159 150 138 30000
-0.2 -8 4.9 170 160 144 30000
-0.2 8 4.9 159 150 138 30000
-0.2 -8 5.25 170 160 144 30000
-0.2 8 5.25 159 150 138 30000
-0.2 -8 5.6 170 160 144 30000
-0.2 8 5.6 159 150 138 30000
-0.2 -8 5.95 170 160 144 30000
-0.2 8 5.95 159 150 138 30000
-0.2 -8 6.3 170 160 144 30000
-0.2 8 6.3 159 150 138 30000
-0.2 -8 6.65 170 160 144 30000
-0.2 8 6.65 159 150 138 30000
-0.2 -8 7 170 160 144 30000
-0.2 8 7 159 150 138 30000
-0.2 -8 7.35 170 160 144 30000
-0.2 8 7.35 159 150 138 30000
-0.2 -8 7.7 170 160 144 30000
-0.2 8 7.7 159 150 138 30000
0.15 -8 0 170 160 144 30000
0.15 8 0 159 150 138 30000
0.15 -8 0.35 170 160 144 30000
0.15 8 0.35 159 150 138 30000
0.15 -8 0.7 170 160 144 30000
0.15 8 0.7 159 150 138 30000
0.15 -8 1.05 170 160 144 30000
0.15 8 1.05 159 150 138 30000
0.15 -8 1.4 170 160 144 30000
0.15 8 1.4 159 150 138 30000
0.15 -8 1.75 170 160 144 30000
0.15 8 1.75 159 150 138 30000
0.15 -8 2.1 170 160 144 30000
0.15 8 2.1 159 150 138 30000
0.15 -8 2.45 170 160 144 30000
0.15 8 2.45 159 150 138 30000
0.15 -8 2.8 170 160 144 30000
0.15 8 2.8 159 150 138 30000
0.15 -8 3.15 170 160 144 30000
0.15 8 3.15 159 150 138 30000
0.15 -8 3.5 170 160 144 30000
0.15 8 3.5 159 150 138 30000
0.15 -8 3.85 170 160 144 30000
0.15 8 3.85 159 150 138 30000
0.15 -8 4.2 170 160 144 30000
0.15 8 4.2 159 150 138 30000
0.15 -8 4.55 170 160 144 30000
0.15 8 4.55 159 150 138 30000
0.15 -8 4.9 170 160 144 30000
0.15 8 4.9 159 150 138 30000
0.15 -8 5.25 170 160 144 30000
0.15 8 5.25 159 150 138 30000
0.15 -8 5.6 170 160 144 30000
0.15 8 5.6 159 150 138 30000
0.15 -8 5.95 170 160 144 30000
0.15 8 5.95 159 150 138 30000
0.15 -8 6.3 170 160 144 30000
0.15 8 6.3 159 150 138 30000
0.15 -8 6.65 170 160 144 30000
0.15 8 6.65 159 150 138 30000
0.15 -8 7 170 160 144 30000
0.15 8 7 159 150 138 30000
0.15 -8 7.35 170 160 144 30000
0.15 8 7.35 159 150 138 30000
0.15 -8 7.7 170 160 144 30000
0.15 8 7.7 159 150 138 30000
0.5 -8 0 170 160 144 30000
0.5 8 0 159 150 138 30000
0.5 -8 0.35 170 160 144 30000
0.5 8 0.35 159 150 138 30000
0.5 -8 0.7 170 160 144 30000
0.5 8 0.7 159 150 138 30000
0.5 -8 1.05 170 160 144 30000
0.5 8 1.05 159 150 138 30000
0.5 -8 1.4 170 160 144 30000
0.5 8 1.4 159 150 138 30000
0.5 -8 1.75 170 160 144 30000
0.5 8 1.75 159 150 138 30000
0.5 -8 2.1 170 160 144 30000
0.5 8 2.1 159 150 138 30000
0.5 -8 2.45 170 160 144 30000
0.5 8 2.45 159 150 138 30000
0.5 -8 2.8 170 160 144 30000
0.5 8 2.8 159 150 138 30000
0.5 -8 3.15 170 160 144 30000
0.5 8 3.15 159 150 138 30000
0.5 -8 3.5 170 160 144 30000
0.5 8 3.5 159 150 138 30000
0.5 -8 3.85 170 160 144 30000
0.5 8 3.85 159 150 138 30000
0.5 -8 4.2 170 160 144 30000
0.5 8 4.2 159 150 138 30000
0.5 -8 4.55 170 160 144 30000
0.5 8 4.55 159 150 138 30000
0.5 -8 4.9 170 160 144 30000
0.5 8 4.9 159 150 138 30000
0.5 -8 5.25 170 160 144 30000
0.5 8 5.25 159 150 138 30000
0.5 -8 5.6 170 160 144 30000
0.5 8 5.6 159 150 138 30000
0.5 -8 5.95 170 160 144 30000
0.5 8 5.95 159 150 138 30000
0.5 -8 6.3 170 160 144 30000
0.5 8 6.3 159 150 138 30000
0.5 -8 6.65 170 160 144 30000
0.5 8 6.65 159 150 138 30000
0.5 -8 7 170 160 144 30000
0.5 8 7 159 150 138 30000
0.5 -8 7.35 170 160 144 30000
0.5 8 7.35 159 150 138 30000
0.5 -8 7.7 170 160 144 30000
0.5 8 7.7 159 150 138 30000
0.85 -8 0 170 160 144 30000
0.85 8 0 159 150 138 30000
0.85 -8 0.35 170 160 144 30000
0.85 8 0.35 159 150 138 30000
0.85 -8 0.7 170 160 144 30000
0.85 8 0.7 159 150 138 30000
0.85 -8 1.05 170 160 144 30000
0.85 8 1.05 159 150 138 30000
0.85 -8 1.4 170 160 144 30000
0.85 8 1.4 159 150 138 30000
0.85 -8 1.75 170 160 144 30000
0.85 8 1.75 159 150 138 30000
0.85 -8 2.1 170 160 144 30000
0.85 8 2.1 159 150 138 30000
0.85 -8 2.45 170 160 144 30000
0.85 8 2.45 159 150 138 30000
0.85 -8 2.8 170 160 144 30000
0.85 8 2.8 159 150 138 30000
0.85 -8 3.15 170 160 144 30000
0.85 8 3.15 159 150 138 30000
0.85 -8 3.5 170 160 144 30000
0.85 8 3.5 159 150 138 30000
0.85 -8 3.85 170 160 144 30000
0.85 8 3.85 159 150 138 30000
0.85 -8 4.2 170 160 144 30000
0.85 8 4.2 159 150 138 30000
0.85 -8 4.55 170 160 144 30000
0.85 8 4.55 159 150 138 30000
0.85 -8 4.9 170 160 144 30000
0.85 8 4.9 159 150 138 30000
0.85 -8 5.25 170 160 144 30000
0.85 8 5.25 159 150 138 30000
0.85 -8 5.6 170 160 144 30000
0.85 8 5.6 159 150 138 30000
0.85 -8 5.95 170 160 144 30000
0.85 8 5.95 159 150 138 30000
0.85 -8 6.3 170 160 144 30000
0.85 8 6.3 159 150 138 30000
0.85 -8 6.65 170 160 144 30000
0.85 8 6.65 159 150 138 30000
0.85 -8 7 170 160 144 30000
0.85 8 7 159 150 138 30000
0.85 -8 7.35 170 160 144 30000
0.85 8 7.35 159 150 138 30000
0.85 -8 7.7 170 160 144 30000
0.85 8 7.7 159 150 138 30000
1.2 -8 0 170 160 144 30000
1.2 8 0 159 150 138 30000
1.2 -8 0.35 170 160 144 30000
1.2 8 0.35 159 150 138 30000
1.2 -8 0.7 170 160 144 30000
1.2 8 0.7 159 150 138 30000
1.2 -8 1.05 170 160 144 30000
1.2 8 1.05 159 150 138 30000
1.2 -8 1.4 170 160 144 30000
1.2 8 1.4 159 150 138 30000
1.2 -8 1.75 170 160 144 30000
1.2 8 1.75 159 150 138 30000
1.2 -8 2.1 170 160 144 30000
1.2 8 2.1 159 150 138 30000
1.2 -8 2.45 170 160 144 30000
1.2 8 2.45 159 150 138 30000
1.2 -8 2.8 170 160 144 30000
1.2 8 2.8 159 150 138 30000
1.2 -8 3.15 170 160 144 30000
1.2 8 3.15 159 150 138 30000
1.2 -8 3.5 170 160 144 30000
1.2 8 3.5 159 150 138 30000
1.2 -8 3.85 170 160 144 30000
1.2 8 3.85 159 150 138 30000
1.2 -8 4.2 170 160 144 30000
1.2 8 4.2 159 150 138 30000
1.2 -8 4.55 170 160 144 30000
1.2 8 4.55 159 150 138 30000
1.2 -8 4.9 170 160 144 30000
1.2 8 4.9 159 150 138 30000
1.2 -8 5.25 170 160 144 30000
1.2 8 5.25 159 150 138 30000
1.2 -8 5.6 170 160 144 30000
1.2 8 5.6 159 150 138 30000
1.2 -8 5.95 170 160 144 30000
1.2 8 5.95 159 150 138 30000
1.2 -8 6.3 170 160 144 30000
1.2 8 6.3 159 150 138 30000
1.2 -8 6.65 170 160 144 30000
1.2 8 6.65 159 150 138 30000
1.2 -8 7 170 160 144 30000
1.2 8 7 159 150 138 30000
1.2 -8 7.35 170 160 144 30000
1.2 8 7.35 159 150 138 30000
1.2 -8 7.7 170 160 144 30000
1.2 8 7.7 159 150 138 30000
1.55 -8 0 170 160 144 30000
1.55 8 0 159 150 138 30000
1.55 -8 0.35 170 160 144 30000
1.55 8 0.35 159 150 138 30000
1.55 -8 0.7 170 160 144 30000
1.55 8 0.7 159 150 138 30000
1.55 -8 1.05 170 160 144 30000
1.55 8 1.05 159 150 138 30000
1.55 -8 1.4 170 160 144 30000
1.55 8 1.4 159 150 138 30000
1.55 -8 1.75 170 160 144 30000
1.55 8 1.75 159 150 138 30000
1.55 -8 2.1 170 160 144 30000
1.55 8 2.1 159 150 138 30000
1.55 -8 2.45 170 160 144 30000
1.55 8 2.45 159 150 138 30000
1.55 -8 2.8 170 160 144 30000
1.55 8 2.8 159 150 138 30000
1.55 -8 3.15 170 160 144 30000
1.55 8 3.15 159 150 138 30000
1.55 -8 3.5 170 160 144 30000
1.55 8 3.5 159 150 138 30000
1.55 -8 3.85 170 160 144 30000
1.55 8 3.85 159 150 138 30000
1.55 -8 4.2 170 160 144 30000
1.55 8 4.2 159 150 138 30000
1.55 -8 4.55 170 160 144 30000
1.55 8 4.55 159 150 138 30000
1.55 -8 4.9 170 160 144 30000
1.55 8 4.9 159 150 138 30000
1.55 -8 5.25 170 160 144 30000
1.55 8 5.25 159 150 138 30000
1.55 -8 5.6 170 160 144 30000
1.55 8 5.6 159 150 138 30000
1.55 -8 5.95 170 160 144 30000
1.55 8 5.95 159 150 138 30000
1.55 -8 6.3 170 160 144 30000
1.55 8 6.3 159 150 138 30000
1.55 -8 6.65 170 160 144 30000
1.55 8 6.65 159 150 138 30000
1.55 -8 7 170 160 144 30000
1.55 8 7 159 150 138 30000
1.55 -8 7.35 170 160 144 30000
1.55 8 7.35 159 150 138 30000
1.55 -8 7.7 170 160 144 30000
1.55 8 7.7 159 150 138 30000
1.9 -8 0 170 160 144 30000
1.9 8 0 159 150 138 30000
1.9 -8 0.35 170 160 144 30000
1.9 8 0.35 159 150 138 30000
1.9 -8 0.7 170 160 144 30000
1.9 8 0.7 159 150 138 30000
1.9 -8 1.05 170 160 144 30000
1.9 8 1.05 159 150 138 30000
1.9 -8 1.4 170 160 144 30000
1.9 8 1.4 159 150 138 30000
1.9 -8 1.75 170 160 144 30000
1.9 8 1.75 159 150 138 30000
1.9 -8 2.1 170 160 144 30000
1.9 8 2.1 159 150 138 30000
1.9 -8 2.45 170 160 144 30000
1.9 8 2.45 159 150 138 30000
1.9 -8 2.8 170 160 144 30000
1.9 8 2.8 159 150 138 30000
1.9 -8 3.15 170 160 144 30000
1.9 8 3.15 159 150 138 30000
1.9 -8 3.5 170 160 144 30000
1.9 8 3.5 159 150 138 30000
1.9 -8 3.85 170 160 144 30000
1.9 8 3.85 159 150 138 30000
1.9 -8 4.2 170 160 144 30000
1.9 8 4.2 159 150 138 30000
1.9 -8 4.55 170 160 144 30000
1.9 8 4.55 159 150 138 30000
1.9 -8 4.9 170 160 144 30000
1.9 8 4.9 159 150 138 30000
1.9 -8 5.25 170 160 144 30000
1.9 8 5.25 159 150 138 30000
1.9 -8 5.6 170 160 144 30000
1.9 8 5.6 159 150 138 30000
1.9 -8 5.95 170 160 144 30000
1.9 8 5.95 159 150 138 30000
1.9 -8 6.3 170 160 144 30000
1.9 8 6.3 159 150 138 30000
1.9 -8 6.65 170 160 144 30000
1.9 8 6.65 159 150 138 30000
1.9 -8 7 170 160 144 30000
1.9 8 7 159 150 138 30000
1.9 -8 7.35 170 160 144 30000
1.9 8 7.35 159 150 138 30000
1.9 -8 7.7 170 160 144 30000
1.9 8 7.7 159 150 138 30000
2.25 -8 0 170 160 144 30000
2.25 8 0 159 150 138 30000
2.25 -8 0.35 170 160 144 30000
2.25 8 0.35 159 150 138 30000
2.25 -8 0.7 170 160 144 30000
2.25 8 0.7 159 150 138 30000
2.25 -8 1.05 170 160 144 30000
2.25 8 1.05 159 150 138 30000
2.25 -8 1.4 170 160 144 30000
2.25 8 1.4 159 150 138 30000
2.25 -8 1.75 170 160 144 30000
2.25 8 1.75 159 150 138 30000
2.25 -8 2.1 170 160 144 30000
2.25 8 2.1 159 150 138 30000
2.25 -8 2.45 170 160 144 30000
2.25 8 2.45 159 150 138 30000
2.25 -8 2.8 170 160 144 30000
2.25 8 2.8 159 150 138 30000
2.25 -8 3.15 170 160 144 30000
2.25 8 3.15 159 150 138 30000
2.25 -8 3.5 170 160 144 30000
2.25 8 3.5 159 150 138 30000
2.25 -8 3.85 170 160 144 30000
2.25 8 3.85 159 150 138 30000
2.25 -8 4.2 170 160 144 30000
2.25 8 4.2 159 150 138 30000
2.25 -8 4.55 170 160 144 30000
2.25 8 4.55 159 150 138 30000
2.25 -8 4.9 170 160 144 30000
2.25 8 4.9 159 150 138 30000
2.25 -8 5.25 170 160 144 30000
2.25 8 5.25 159 150 138 30000
2.25 -8 5.6 170 160 144 30000
2.25 8 5.6 159 150 138 30000
2.25 -8 5.95 170 160 144 30000
2.25 8 5.95 159 150 138 30000
2.25 -8 6.3 170 160 144 30000
2.25 8 6.3 159 150 138 30000
2.25 -8 6.65 170 160 144 30000
2.25 8 6.65 159 150 138 30000
2.25 -8 7 170 160 144 30000
2.25 8 7 159 150 138 30000
2.25 -8 7.35 170 160 144 30000
2.25 8 7.35 159 150 138 30000
2.25 -8 7.7 170 160 144 30000
2.25 8 7.7 159 150 138 30000
2.6 -8 0 170 160 144 30000
2.6 8 0 159 150 138 30000
2.6 -8 0.35 170 160 144 30000
2.6 8 0.35 159 150 138 30000
2.6 -8 0.7 170 160 144 30000
2.6 8 0.7 159 150 138 30000
2.6 -8 1.05 170 160 144 30000
2.6 8 1.05 159 150 138 30000
2.6 -8 1.4 170 160 144 30000
2.6 8 1.4 159 150 138 30000
2.6 -8 1.75 170 160 144 30000
2.6 8 1.75 159 150 138 30000
2.6 -8 2.1 170 160 144 30000
2.6 8 2.1 159 150 138 30000
2.6 -8 2.45 170 160 144 30000
2.6 8 2.45 159 150 138 30000
2.6 -8 2.8 170 160 144 30000
2.6 8 2.8 159 150 138 30000
2.6 -8 3.15 170 160 144 30000
2.6 8 3.15 159 150 138 30000
2.6 -8 3.5 170 160 144 30000
2.6 8 3.5 159 150 138 30000
2.6 -8 3.85 170 160 144 30000
2.6 8 3.85 159 150 138 30000
2.6 -8 4.2 170 160 144 30000
2.6 8 4.2 159 150 138 30000
2.6 -8 4.55 170 160 144 30000
2.6 8 4.55 159 150 138 30000
2.6 -8 4.9 170 160 144 30000
2.6 8 4.9 159 150 138 30000
2.6 -8 5.25 170 160 144 30000
2.6 8 5.25 159 150 138 30000
2.6 -8 5.6 170 160 144 30000
2.6 8 5.6 159 150 138 30000
2.6 -8 5.95 170 160 144 30000
2.6 8 5.95 159 150 138 30000
2.6 -8 6.3 170 160 144 30000
2.6 8 6.3 159 150 138 30000
2.6 -8 6.65 170 160 144 30000
2.6 8 6.65 159 150 138 30000
2.6 -8 7 170 160 144 30000
2.6 8 7 159 150 138 30000
2.6 -8 7.35 170 160 144 30000
2.6 8 7.35 159 150 138 30000
2.6 -8 7.7 170 160 144 30000
2.6 8 7.7 159 150 138 30000
2.95 -8 0 170 160 144 30000
2.95 8 0 159 150 138 30000
2.95 -8 0.35 170 160 144 30000
2.95 8 0.35 159 150 138 30000
2.95 -8 0.7 170 160 144 30000
2.95 8 0.7 159 150 138 30000
2.95 -8 1.05 170 160 144 30000
2.95 8 1.05 159 150 138 30000
2.95 -8 1.4 170 160 144 30000
2.95 8 1.4 159 150 138 30000
2.95 -8 1.75 170 160 144 30000
2.95 8 1.75 159 150 138 30000
2.95 -8 2.1 170 160 144 30000
2.95 8 2.1 159 150 138 30000
2.95 -8 2.45 170 160 144 30000
2.95 8 2.45 159 150 138 30000
2.95 -8 2.8 170 160 144 30000
2.95 8 2.8 159 150 138 30000
2.95 -8 3.15 170 160 144 30000
2.95 8 3.15 159 150 138 30000
2.95 -8 3.5 170 160 144 30000
2.95 8 3.5 159 150 138 30000
2.95 -8 3.85 170 160 144 30000
2.95 8 3.85 159 150 138 30000
2.95 -8 4.2 170 160 144 30000
2.95 8 4.2 159 150 138 30000
2.95 -8 4.55 170 160 144 30000
2.95 8 4.55 159 150 138 30000
2.95 -8 4.9 170 160 144 30000
2.95 8 4.9 159 150 138 30000
2.95 -8 5.25 170 160 144 30000
2.95 8 5.25 159 150 138 30000
2.95 -8 5.6 170 160 144 30000
2.95 8 5.6 159 150 138 30000
2.95 -8 5.95 170 160 144 30000
2.95 8 5.95 159 150 138 30000
2.95 -8 6.3 170 160 144 30000
2.95 8 6.3 159 150 138 30000
2.95 -8 6.65 170 160 144 30000
2.95 8 6.65 159 150 138 30000
2.95 -8 7 170 160 144 30000
2.95 8 7 159 150 138 30000
2.95 -8 7.35 170 160 144 30000
2.95 8 7.35 159 150 138 30000
2.95 -8 7.7 170 160 144 30000
2.95 8 7.7 159 150 138 30000
3.3 -8 0 170 160 144 30000
3.3 8 0 159 150 138 30000
3.3 -8 0.35 170 160 144 30000
3.3 8 0.35 159 150 138 30000
3.3 -8 0.7 170 160 144 30000
3.3 8 0.7 159 150 138 30000
3.3 -8 1.05 170 160 144 30000
3.3 8 1.05 159 150 138 30000
3.3 -8 1.4 170 160 144 30000
3.3 8 1.4 159 150 138 30000
3.3 -8 1.75 170 160 144 30000
3.3 8 1.75 159 150 138 30000
3.3 -8 2.1 170 160 144 30000
3.3 8 2.1 159 150 138 30000
3.3 -8 2.45 170 160 144 30000
3.3 8 2.45 159 150 138 30000
3.3 -8 2.8 170 160 144 30000
3.3 8 2.8 159 150 138 30000
3.3 -8 3.15 170 160 144 30000
3.3 8 3.15 159 150 138 30000
3.3 -8 3.5 170 160 144 30000
3.3 8 3.5 159 150 138 30000
3.3 -8 3.85 170 160 144 30000
3.3 8 3.85 159 150 138 30000
3.3 -8 4.2 170 160 144 30000
3.3 8 4.2 159 150 138 30000
3.3 -8 4.55 170 160 144 30000
3.3 8 4.55 159 150 138 30000
3.3 -8 4.9 170 160 144 30000
3.3 8 4.9 159 150 138 30000
3.3 -8 5.25 170 160 144 30000
3.3 8 5.25 159 150 138 30000
3.3 -8 5.6 170 160 144 30000
3.3 8 5.6 159 150 138 30000
3.3 -8 5.95 170 160 144 30000
3.3 8 5.95 159 150 138 30000
3.3 -8 6.3 170 160 144 30000
3.3 8 6.3 159 150 138 30000
3.3 -8 6.65 170 160 144 30000
3.3 8 6.65 159 150 138 30000
3.3 -8 7 170 160 144 30000
3.3 8 7 159 150 138 30000
3.3 -8 7.35 170 160 144 30000
3.3 8 7.35 159 150 138 30000
3.3 -8 7.7 170 160 144 30000
3.3 8 7.7 159 150 138 30000
3.65 -8 0 170 160 144 30000
3.65 8 0 159 150 138 30000
3.65 -8 0.35 170 160 144 30000
3.65 8 0.35 159 150 138 30000
3.65 -8 0.7 170 160 144 30000
3.65 8 0.7 159 150 138 30000
3.65 -8 1.05 170 160 144 30000
3.65 8 1.05 159 150 138 30000
3.65 -8 1.4 170 160 144 30000
3.65 8 1.4 159 150 138 30000
3.65 -8 1.75 170 160 144 30000
3.65 8 1.75 159 150 138 30000
3.65 -8 2.1 170 160 144 30000
3.65 8 2.1 159 150 138 30000
3.65 -8 2.45 170 160 144 30000
3.65 8 2.45 159 150 138 30000
3.65 -8 2.8 170 160 144 30000
3.65 8 2.8 159 150 138 30000
3.65 -8 3.15 170 160 144 30000
3.65 8 3.15 159 150 138 30000
3.65 -8 3.5 170 160 144 30000
3.65 8 3.5 159 150 138 30000
3.65 -8 3.85 170 160 144 30000
3.65 8 3.85 159 150 138 30000
3.65 -8 4.2 170 160 144 30000
3.65 8 4.2 159 150 138 30000
3.65 -8 4.55 170 160 144 30000
3.65 8 4.55 159 150 138 30000
3.65 -8 4.9 170 160 144 30000
3.65 8 4.9 159 150 138 30000
3.65 -8 5.25 170 160 144 30000
3.65 8 5.25 159 150 138 30000
3.65 -8 5.6 170 160 144 30000
3.65 8 5.6 159 150 138 30000
3.65 -8 5.95 170 160 144 30000
3.65 8 5.95 159 150 138 30000
3.65 -8 6.3 170 160 144 30000
3.65 8 6.3 159 150 138 30000
3.65 -8 6.65 170 160 144 30000
3.65 8 6.65 159 150 138 30000
3.65 -8 7 170 160 144 30000
3.65 8 7 159 150 138 30000
3.65 -8 7.35 170 160 144 30000
3.65 8 7.35 159 150 138 30000
3.65 -8 7.7 170 160 144 30000
3.65 8 7.7 159 150 138 30000
4 -8 0 170 160 144 30000
4 8 0 159 150 138 30000
4 -8 0.35 170 160 144 30000
4 8 0.35 159 150 138 30000
4 -8 0.7 170 160 144 30000
4 8 0.7 159 150 138 30000
4 -8 1.05 170 160 144 30000
4 8 1.05 159 150 138 30000
4 -8 1.4 170 160 144 30000
4 8 1.4 159 150 138 30000
4 -8 1.75 170 160 144 30000
4 8 1.75 159 150 138 30000
4 -8 2.1 170 160 144 30000
4 8 2.1 159 150 138 30000
4 -8 2.45 170 160 144 30000
4 8 2.45 159 150 138 30000
4 -8 2.8 170 160 144 30000
4 8 2.8 159 150 138 30000
4 -8 3.15 170 160 144 30000
4 8 3.15 159 150 138 30000
4 -8 3.5 170 160 144 30000
4 8 3.5 159 150 138 30000
4 -8 3.85 170 160 144 30000
4 8 3.85 159 150 138 30000
4 -8 4.2 170 160 144 30000
4 8 4.2 159 150 138 30000
4 -8 4.55 170 160 144 30000
4 8 4.55 159 150 138 30000
4 -8 4.9 170 160 144 30000
4 8 4.9 159 150 138 30000
4 -8 5.25 170 160 144 30000
4 8 5.25 159 150 138 30000
4 -8 5.6 170 160 144 30000
4 8 5.6 159 150 138 30000
4 -8 5.95 170 160 144 30000
4 8 5.95 159 150 138 30000
4 -8 6.3 170 160 144 30000
4 8 6.3 159 150 138 30000
4 -8 6.65 170 160 144 30000
4 8 6.65 159 150 138 30000
4 -8 7 170 160 144 30000
4 8 7 159 150 138 30000
4 -8 7.35 170 160 144 30000
4 8 7.35 159 150 138 30000
4 -8 7.7 170 160 144 30000
4 8 7.7 159 150 138 30000
4.35 -8 0 170 160 144 30000
4.35 8 0 159 150 138 30000
4.35 -8 0.35 170 160 144 30000
4.35 8 0.35 159 150 138 30000
4.35 -8 0.7 170 160 144 30000
4.35 8 0.7 159 150 138 30000
4.35 -8 1.05 170 160 144 30000
4.35 8 1.05 159 150 138 30000
4.35 -8 1.4 170 160 144 30000
4.35 8 1.4 159 150 138 30000
4.35 -8 1.75 170 160 144 30000
4.35 8 1.75 159 150 138 30000
4.35 -8 2.1 170 160 144 30000
4.35 8 2.1 159 150 138 30000
4.35 -8 2.45 170 160 144 30000
4.35 8 2.45 159 150 138 30000
4.35 -8 2.8 170 160 144 30000
4.35 8 2.8 159 150 138 30000
4.35 -8 3.15 170 160 144 30000
4.35 8 3.15 159 150 138 30000
4.35 -8 3.5 170 160 144 30000
4.35 8 3.5 159 150 138 30000
4.35 -8 3.85 170 160 144 30000
4.35 8 3.85 159 150 138 30000
4.35 -8 4.2 170 160 144 30000
4.35 8 4.2 159 150 138 30000
4.35 -8 4.55 170 160 144 30000
4.35 8 4.55 159 150 138 30000
4.35 -8 4.9 170 160 144 30000
4.35 8 4.9 159 150 138 30000
4.35 -8 5.25 170 160 144 30000
4.35 8 5.25 159 150 138 30000
4.35 -8 5.6 170 160 144 30000
4.35 8 5.6 159 150 138 30000
4.35 -8 5.95 170 160 144 30000
4.35 8 5.95 159 150 138 30000
4.35 -8 6.3 170 160 144 30000
4.35 8 6.3 159 150 138 30000
4.35 -8 6.65 170 160 144 30000
4.35 8 6.65 159 150 138 30000
4.35 -8 7 170 160 144 30000
4.35 8 7 159 150 138 30000
4.35 -8 7.35 170 160 144 30000
4.35 8 7.35 159 150 138 30000
4.35 -8 7.7 170 160 144 30000
4.35 8 7.7 159 150 138 30000
4.7 -8 0 170 160 144 30000
4.7 8 0 159 150 138 30000
4.7 -8 0.35 170 160 144 30000
4.7 8 0.35 159 150 138 30000
4.7 -8 0.7 170 160 144 30000
4.7 8 0.7 159 150 138 30000
4.7 -8 1.05 170 160 144 30000
4.7 8 1.05 159 150 138 30000
4.7 -8 1.4 170 160 144 30000
4.7 8 1.4 159 150 138 30000
4.7 -8 1.75 170 160 144 30000
4.7 8 1.75 159 150 138 30000
4.7 -8 2.1 170 160 144 30000
4.7 8 2.1 159 150 138 30000
4.7 -8 2.45 170 160 144 30000
4.7 8 2.45 159 150 138 30000
4.7 -8 2.8 170 160 144 30000
4.7 8 2.8 159 150 138 30000
4.7 -8 3.15 170 160 144 30000
4.7 8 3.15 159 150 138 30000
4.7 -8 3.5 170 160 144 30000
4.7 8 3.5 159 150 138 30000
4.7 -8 3.85 170 160 144 30000
4.7 8 3.85 159 150 138 30000
4.7 -8 4.2 170 160 144 30000
4.7 8 4.2 159 150 138 30000
4.7 -8 4.55 170 160 144 30000
4.7 8 4.55 159 150 138 30000
4.7 -8 4.9 170 160 144 30000
4.7 8 4.9 159 150 138 30000
4.7 -8 5.25 170 160 144 30000
4.7 8 5.25 159 150 138 30000
4.7 -8 5.6 170 160 144 30000
4.7 8 5.6 159 150 138 30000
4.7 -8 5.95 170 160 144 30000
4.7 8 5.95 159 150 138 30000
4.7 -8 6.3 170 160 144 30000
4.7 8 6.3 159 150 138 30000
4.7 -8 6.65 170 160 144 30000
4.7 8 6.65 159 150 138 30000
4.7 -8 7 170 160 144 30000
4.7 8 7 159 150 138 30000
4.7 -8 7.35 170 160 144 30000
4.7 8 7.35 159 150 138 30000
4.7 -8 7.7 170 160 144 30000
4.7 8 7.7 159 150 138 30000
5.05 -8 0 170 160 144 30000
5.05 8 0 159 150 138 30000
5.05 -8 0.35 170 160 144 30000
5.05 8 0.35 159 150 138 30000
5.05 -8 0.7 170 160 144 30000
5.05 8 0.7 159 150 138 30000
5.05 -8 1.05 170 160 144 30000
5.05 8 1.05 159 150 138 30000
5.05 -8 1.4 170 160 144 30000
5.05 8 1.4 159 150 138 30000
5.05 -8 1.75 170 160 144 30000
5.05 8 1.75 159 150 138 30000
5.05 -8 2.1 170 160 144 30000
5.05 8 2.1 159 150 138 30000
5.05 -8 2.45 170 160 144 30000
5.05 8 2.45 159 150 138 30000
5.05 -8 2.8 170 160 144 30000
5.05 8 2.8 159 150 138 30000
5.05 -8 3.15 170 160 144 30000
5.05 8 3.15 159 150 138 30000
5.05 -8 3.5 170 160 144 30000
5.05 8 3.5 159 150 138 30000
5.05 -8 3.85 170 160 144 30000
5.05 8 3.85 159 150 138 30000
5.05 -8 4.2 170 160 144 30000
5.05 8 4.2 159 150 138 30000
5.05 -8 4.55 170 160 144 30000
5.05 8 4.55 159 150 138 30000
5.05 -8 4.9 170 160 144 30000
5.05 8 4.9 159 150 138 30000
5.05 -8 5.25 170 160 144 30000
5.05 8 5.25 159 150 138 30000
5.05 -8 5.6 170 160 144 30000
5.05 8 5.6 159 150 138 30000
5.05 -8 5.95 170 160 144 30000
5.05 8 5.95 159 150 138 30000
5.05 -8 6.3 170 160 144 30000
5.05 8 6.3 159 150 138 30000
5.05 -8 6.65 170 160 144 30000
5.05 8 6.65 159 150 138 30000
5.05 -8 7 170 160 144 30000
5.05 8 7 159 150 138 30000
5.05 -8 7.35 170 160 144 30000
5.05 8 7.35 159 150 138 30000
5.05 -8 7.7 170 160 144 30000
5.05 8 7.7 159 150 138 30000
5.4 -8 0 170 160 144 30000
5.4 8 0 159 150 138 30000
5.4 -8 0.35 170 160 144 30000
5.4 8 0.35 159 150 138 30000
5.4 -8 0.7 170 160 144 30000
5.4 8 0.7 159 150 138 30000
5.4 -8 1.05 170 160 144 30000
5.4 8 1.05 159 150 138 30000
5.4 -8 1.4 170 160 144 30000
5.4 8 1.4 159 150 138 30000
5.4 -8 1.75 170 160 144 30000
5.4 8 1.75 159 150 138 30000
5.4 -8 2.1 170 160 144 30000
5.4 8 2.1 159 150 138 30000
5.4 -8 2.45 170 160 144 30000
5.4 8 2.45 159 150 138 30000
5.4 -8 2.8 170 160 144 30000
5.4 8 2.8 159 150 138 30000
5.4 -8 3.15 170 160 144 30000
5.4 8 3.15 159 150 138 30000
5.4 -8 3.5 170 160 144 30000
5.4 8 3.5 159 150 138 30000
5.4 -8 3.85 170 160 144 30000
5.4 8 3.85 159 150 138 30000
5.4 -8 4.2 170 160 144 30000
5.4 8 4.2 159 150 138 30000
5.4 -8 4.55 170 160 144 30000
5.4 8 4.55 159 150 138 30000
5.4 -8 4.9 170 160 144 30000
5.4 8 4.9 159 150 138 30000
5.4 -8 5.25 170 160 144 30000
5.4 8 5.25 159 150 138 30000
5.4 -8 5.6 170 160 144 30000
5.4 8 5.6 159 150 138 30000
5.4 -8 5.95 170 160 144 30000
5.4 8 5.95 159 150 138 30000
5.4 -8 6.3 170 160 144 30000
5.4 8 6.3 159 150 138 30000
5.4 -8 6.65 170 160 144 30000
5.4 8 6.65 159 150 138 30000
5.4 -8 7 170 160 144 30000
5.4 8 7 159 150 138 30000
5.4 -8 7.35 170 160 144 30000
5.4 8 7.35 159 150 138 30000
5.4 -8 7.7 170 160 144 30000
5.4 8 7.7 159 150 138 30000
5.75 -8 0 170 160 144 30000
5.75 8 0 159 150 138 30000
5.75 -8 0.35 170 160 144 30000
5.75 8 0.35 159 150 138 30000
5.75 -8 0.7 170 160 144 30000
5.75 8 0.7 159 150 138 30000
5.75 -8 1.05 170 160 144 30000
5.75 8 1.05 159 150 138 30000
5.75 -8 1.4 170 160 144 30000
5.75 8 1.4 159 150 138 30000
5.75 -8 1.75 170 160 144 30000
5.75 8 1.75 159 150 138 30000
5.75 -8 2.1 170 160 144 30000
5.75 8 2.1 159 150 138 30000
5.75 -8 2.45 170 160 144 30000
5.75 8 2.45 159 150 138 30000
5.75 -8 2.8 170 160 144 30000
5.75 8 2.8 159 150 138 30000
5.75 -8 3.15 170 160 144 30000
5.75 8 3.15 159 150 138 30000
5.75 -8 3.5 170 160 144 30000
5.75 8 3.5 159 150 138 30000
5.75 -8 3.85 170 160 144 30000
5.75 8 3.85 159 150 138 30000
5.75 -8 4.2 170 160 144 30000
5.75 8 4.2 159 150 138 30000
5.75 -8 4.55 170 160 144 30000
5.75 8 4.55 159 150 138 30000
5.75 -8 4.9 170 160 144 30000
5.75 8 4.9 159 150 138 30000
5.75 -8 5.25 170 160 144 30000
5.75 8 5.25 159 150 138 30000
5.75 -8 5.6 170 160 144 30000
5.75 8 5.6 159 150 138 30000
5.75 -8 5.95 170 160 144 30000
5.75 8 5.95 159 150 138 30000
5.75 -8 6.3 170 160 144 30000
5.75 8 6.3 159 150 138 30000
5.75 -8 6.65 170 160 144 30000
5.75 8 6.65 159 150 138 30000
5.75 -8 7 170 160 144 30000
5.75 8 7 159 150 138 30000
5.75 -8 7.35 170 160 144 30000
5.75 8 7.35 159 150 138 30000
5.75 -8 7.7 170 160 144 30000
5.75 8 7.7 159 150 138 30000
6.1 -8 0 170 160 144 30000
6.1 8 0 159 150 138 30000
6.1 -8 0.35 170 160 144 30000
6.1 8 0.35 159 150 138 30000
6.1 -8 0.7 170 160 144 30000
6.1 8 0.7 159 150 138 30000
6.1 -8 1.05 170 160 144 30000
6.1 8 1.05 159 150 138 30000
6.1 -8 1.4 170 160 144 30000
6.1 8 1.4 159 150 138 30000
6.1 -8 1.75 170 160 144 30000
6.1 8 1.75 159 150 138 30000
6.1 -8 2.1 170 160 144 30000
6.1 8 2.1 159 150 138 30000
6.1 -8 2.45 170 160 144 30000
6.1 8 2.45 159 150 138 30000
6.1 -8 2.8 170 160 144 30000
6.1 8 2.8 159 150 138 30000
6.1 -8 3.15 170 160 144 30000
6.1 8 3.15 159 150 138 30000
6.1 -8 3.5 170 160 144 30000
6.1 8 3.5 159 150 138 30000
6.1 -8 3.85 170 160 144 30000
6.1 8 3.85 159 150 138 30000
6.1 -8 4.2 170 160 144 30000
6.1 8 4.2 159 150 138 30000
6.1 -8 4.55 170 160 144 30000
6.1 8 4.55 159 150 138 30000
6.1 -8 4.9 170 160 144 30000
6.1 8 4.9 159 150 138 30000
6.1 -8 5.25 170 160 144 30000
6.1 8 5.25 159 150 138 30000
6.1 -8 5.6 170 160 144 30000
6.1 8 5.6 159 150 138 30000
6.1 -8 5.95 170 160 144 30000
6.1 8 5.95 159 150 138 30000
6.1 -8 6.3 170 160 144 30000
6.1 8 6.3 159 150 138 30000
6.1 -8 6.65 170 160 144 30000
6.1 8 6.65 159 150 138 30000
6.1 -8 7 170 160 144 30000
6.1 8 7 159 150 138 30000
6.1 -8 7.35 170 160 144 30000
6.1 8 7.35 159 150 138 30000
6.1 -8 7.7 170 160 144 30000
6.1 8 7.7 159 150 138 30000
6.45 -8 0 170 160 144 30000
6.45 8 0 159 150 138 30000
6.45 -8 0.35 170 160 144 30000
6.45 8 0.35 159 150 138 30000
6.45 -8 0.7 170 160 144 30000
6.45 8 0.7 159 150 138 30000
6.45 -8 1.05 170 160 144 30000
6.45 8 1.05 159 150 138 30000
6.45 -8 1.4 170 160 144 30000
6.45 8 1.4 159 150 138 30000
6.45 -8 1.75 170 160 144 30000
6.45 8 1.75 159 150 138 30000
6.45 -8 2.1 170 160 144 30000
6.45 8 2.1 159 150 138 30000
6.45 -8 2.45 170 160 144 30000
6.45 8 2.45 159 150 138 30000
6.45 -8 2.8 170 160 144 30000
6.45 8 2.8 159 150 138 30000
6.45 -8 3.15 170 160 144 30000
6.45 8 3.15 159 150 138 30000
6.45 -8 3.5 170 160 144 30000
6.45 8 3.5 159 150 138 30000
6.45 -8 3.85 170 160 144 30000
6.45 8 3.85 159 150 138 30000
6.45 -8 4.2 170 160 144 30000
6.45 8 4.2 159 150 138 30000
6.45 -8 4.55 170 160 144 30000
6.45 8 4.55 159 150 138 30000
6.45 -8 4.9 170 160 144 30000
6.45 8 4.9 159 150 138 30000
6.45 -8 5.25 170 160 144 30000
6.45 8 5.25 159 150 138 30000
6.45 -8 5.6 170 160 144 30000
6.45 8 5.6 159 150 138 30000
6.45 -8 5.95 170 160 144 30000
6.45 8 5.95 159 150 138 30000
6.45 -8 6.3 170 160 144 30000
6.45 8 6.3 159 150 138 30000
6.45 -8 6.65 170 160 144 30000
6.45 8 6.65 159 150 138 30000
6.45 -8 7 170 160 144 30000
6.45 8 7 159 150 138 30000
6.45 -8 7.35 170 160 144 30000
6.45 8 7.35 159 150 138 30000
6.45 -8 7.7 170 160 144 30000
6.45 8 7.7 159 150 138 30000
6.8 -8 0 170 160 144 30000
6.8 8 0 159 150 138 30000
6.8 -8 0.35 170 160 144 30000
6.8 8 0.35 159 150 138 30000
6.8 -8 0.7 170 160 144 30000
6.8 8 0.7 159 150 138 30000
6.8 -8 1.05 170 160 144 30000
6.8 8 1.05 159 150 138 30000
6.8 -8 1.4 170 160 144 30000
6.8 8 1.4 159 150 138 30000
6.8 -8 1.75 170 160 144 30000
6.8 8 1.75 159 150 138 30000
6.8 -8 2.1 170 160 144 30000
6.8 8 2.1 159 150 138 30000
6.8 -8 2.45 170 160 144 30000
6.8 8 2.45 159 150 138 30000
6.8 -8 2.8 170 160 144 30000
6.8 8 2.8 159 150 138 30000
6.8 -8 3.15 170 160 144 30000
6.8 8 3.15 159 150 138 30000
6.8 -8 3.5 170 160 144 30000
6.8 8 3.5 159 150 138 30000
6.8 -8 3.85 170 160 144 30000
6.8 8 3.85 159 150 138 30000
6.8 -8 4.2 170 160 144 30000
6.8 8 4.2 159 150 138 30000
6.8 -8 4.55 170 160 144 30000
6.8 8 4.55 159 150 138 30000
6.8 -8 4.9 170 160 144 30000
6.8 8 4.9 159 150 138 30000
6.8 -8 5.25 170 160 144 30000
6.8 8 5.25 159 150 138 30000
6.8 -8 5.6 170 160 144 30000
6.8 8 5.6 159 150 138 30000
6.8 -8 5.95 170 160 144 30000
6.8 8 5.95 159 150 138 30000
6.8 -8 6.3 170 160 144 30000
6.8 8 6.3 159 150 138 30000
6.8 -8 6.65 170 160 144 30000
6.8 8 6.65 159 150 138 30000
6.8 -8 7 170 160 144 30000
6.8 8 7 159 150 138 30000
6.8 -8 7.35 170 160 144 30000
6.8 8 7.35 159 150 138 30000
6.8 -8 7.7 170 160 144 30000
6.8 8 7.7 159 150 138 30000
7.15 -8 0 170 160 144 30000
7.15 8 0 159 150 138 30000
7.15 -8 0.35 170 160 144 30000
7.15 8 0.35 159 150 138 30000
7.15 -8 0.7 170 160 144 30000
7.15 8 0.7 159 150 138 30000
7.15 -8 1.05 170 160 144 30000
7.15 8 1.05 159 150 138 30000
7.15 -8 1.4 170 160 144 30000
7.15 8 1.4 159 150 138 30000
7.15 -8 1.75 170 160 144 30000
7.15 8 1.75 159 150 138 30000
7.15 -8 2.1 170 160 144 30000
7.15 8 2.1 159 150 138 30000
7.15 -8 2.45 170 160 144 30000
7.15 8 2.45 159 150 138 30000
7.15 -8 2.8 170 160 144 30000
7.15 8 2.8 159 150 138 30000
7.15 -8 3.15 170 160 144 30000
7.15 8 3.15 159 150 138 30000
7.15 -8 3.5 170 160 144 30000
7.15 8 3.5 159 150 138 30000
7.15 -8 3.85 170 160 144 30000
7.15 8 3.85 159 150 138 30000
7.15 -8 4.2 170 160 144 30000
7.15 8 4.2 159 150 138 30000
7.15 -8 4.55 170 160 144 30000
7.15 8 4.55 159 150 138 30000
7.15 -8 4.9 170 160 144 30000
7.15 8 4.9 159 150 138 30000
7.15 -8 5.25 170 160 144 30000
7.15 8 5.25 159 150 138 30000
7.15 -8 5.6 170 160 144 30000
7.15 8 5.6 159 150 138 30000
7.15 -8 5.95 170 160 144 30000
7.15 8 5.95 159 150 138 30000
7.15 -8 6.3 170 160 144 30000
7.15 8 6.3 159 150 138 30000
7.15 -8 6.65 170 160 144 30000
7.15 8 6.65 159 150 138 30000
7.15 -8 7 170 160 144 30000
7.15 8 7 159 150 138 30000
7.15 -8 7.35 170 160 144 30000
7.15 8 7.35 159 150 138 30000
7.15 -8 7.7 170 160 144 30000
7.15 8 7.7 159 150 138 30000
7.5 -8 0 170 160 144 30000
7.5 8 0 159 150 138 30000
7.5 -8 0.35 170 160 144 30000
7.5 8 0.35 159 150 138 30000
7.5 -8 0.7 170 160 144 30000
7.5 8 0.7 159 150 138 30000
7.5 -8 1.05 170 160 144 30000
7.5 8 1.05 159 150 138 30000
7.5 -8 1.4 170 160 144 30000
7.5 8 1.4 159 150 138 30000
7.5 -8 1.75 170 160 144 30000
7.5 8 1.75 159 150 138 30000
7.5 -8 2.1 170 160 144 30000
7.5 8 2.1 159 150 138 30000
7.5 -8 2.45 170 160 144 30000
7.5 8 2.45 159 150 138 30000
7.5 -8 2.8 170 160 144 30000
7.5 8 2.8 159 150 138 30000
7.5 -8 3.15 170 160 144 30000
7.5 8 3.15 159 150 138 30000
7.5 -8 3.5 170 160 144 30000
7.5 8 3.5 159 150 138 30000
7.5 -8 3.85 170 160 144 30000
7.5 8 3.85 159 150 138 30000
7.5 -8 4.2 170 160 144 30000
7.5 8 4.2 159 150 138 30000
7.5 -8 4.55 170 160 144 30000
7.5 8 4.55 159 150 138 30000
7.5 -8 4.9 170 160 144 30000
7.5 8 4.9 159 150 138 30000
7.5 -8 5.25 170 160 144 30000
7.5 8 5.25 159 150 138 30000
7.5 -8 5.6 170 160 144 30000
7.5 8 5.6 159 150 138 30000
7.5 -8 5.95 170 160 144 30000
7.5 8 5.95 159 150 138 30000
7.5 -8 6.3 170 160 144 30000
7.5 8 6.3 159 150 138 30000
7.5 -8 6.65 170 160 144 30000
7.5 8 6.65 159 150 138 30000
7.5 -8 7 170 160 144 30000
7.5 8 7 159 150 138 30000
7.5 -8 7.35 170 160 144 30000
7.5 8 7.35 159 150 138 30000
7.5 -8 7.7 170 160 144 30000
7.5 8 7.7 159 150 138 30000
7.85 -8 0 170 160 144 30000
7.85 8 0 159 150 138 30000
7.85 -8 0.35 170 160 144 30000
7.85 8 0.35 159 150 138 30000
7.85 -8 0.7 170 160 144 30000
7.85 8 0.7 159 150 138 30000
7.85 -8 1.05 170 160 144 30000
7.85 8 1.05 159 150 138 30000
7.85 -8 1.4 170 160 144 30000
7.85 8 1.4 159 150 138 30000
7.85 -8 1.75 170 160 144 30000
7.85 8 1.75 159 150 138 30000
7.85 -8 2.1 170 160 144 30000
7.85 8 2.1 159 150 138 30000
7.85 -8 2.45 170 160 144 30000
7.85 8 2.45 159 150 138 30000
7.85 -8 2.8 170 160 144 30000
7.85 8 2.8 159 150 138 30000
7.85 -8 3.15 170 160 144 30000
7.85 8 3.15 159 150 138 30000
7.85 -8 3.5 170 160 144 30000
7.85 8 3.5 159 150 138 30000
7.85 -8 3.85 170 160 144 30000
7.85 8 3.85 159 150 138 30000
7.85 -8 4.2 170 160 144 30000
7.85 8 4.2 159 150 138 30000
7.85 -8 4.55 170 160 144 30000
7.85 8 4.55 159 150 138 30000
7.85 -8 4.9 170 160 144 30000
7.85 8 4.9 159 150 138 30000
7.85 -8 5.25 170 160 144 30000
7.85 8 5.25 159 150 138 30000
7.85 -8 5.6 170 160 144 30000
7.85 8 5.6 159 150 138 30000
7.85 -8 5.95 170 160 144 30000
7.85 8 5.95 159 150 138 30000
7.85 -8 6.3 170 160 144 30000
7.85 8 6.3 159 150 138 30000
7.85 -8 6.65 170 160 144 30000
7.85 8 6.65 159 150 138 30000
7.85 -8 7 170 160 144 30000
7.85 8 7 159 150 138 30000
7.85 -8 7.35 170 160 144 30000
7.85 8 7.35 159 150 138 30000
7.85 -8 7.7 170 160 144 30000
7.85 8 7.7 159 150 138 30000
8.2 -8 0 170 160 144 30000
8.2 8 0 159 150 138 30000
8.2 -8 0.35 170 160 144 30000
8.2 8 0.35 159 150 138 30000
8.2 -8 0.7 170 160 144 30000
8.2 8 0.7 159 150 138 30000
8.2 -8 1.05 170 160 144 30000
8.2 8 1.05 159 150 138 30000
8.2 -8 1.4 170 160 144 30000
8.2 8 1.4 159 150 138 30000
8.2 -8 1.75 170 160 144 30000
8.2 8 1.75 159 150 138 30000
8.2 -8 2.1 170 160 144 30000
8.2 8 2.1 159 150 138 30000
8.2 -8 2.45 170 160 144 30000
8.2 8 2.45 159 150 138 30000
8.2 -8 2.8 170 160 144 30000
8.2 8 2.8 159 150 138 30000
8.2 -8 3.15 170 160 144 30000
8.2 8 3.15 159 150 138 30000
8.2 -8 3.5 170 160 144 30000
8.2 8 3.5 159 150 138 30000
8.2 -8 3.85 170 160 144 30000
8.2 8 3.85 159 150 138 30000
8.2 -8 4.2 170 160 144 30000
8.2 8 4.2 159 150 138 30000
8.2 -8 4.55 170 160 144 30000
8.2 8 4.55 159 150 138 30000
8.2 -8 4.9 170 160 144 30000
8.2 8 4.9 159 150 138 30000
8.2 -8 5.25 170 160 144 30000
8.2 8 5.25 159 150 138 30000
8.2 -8 5.6 170 160 144 30000
8.2 8 5.6 159 150 138 30000
8.2 -8 5.95 170 160 144 30000
8.2 8 5.95 159 150 138 30000
8.2 -8 6.3 170 160 144 30000
8.2 8 6.3 159 150 138 30000
8.2 -8 6.65 170 160 144 30000
8.2 8 6.65 159 150 138 30000
8.2 -8 7 170 160 144 30000
8.2 8 7 159 150 138 30000
8.2 -8 7.35 170 160 144 30000
8.2 8 7.35 159 150 138 30000
8.2 -8 7.7 170 160 144 30000
8.2 8 7.7 159 150 138 30000
8.55 -8 0 170 160 144 30000
8.55 8 0 159 150 138 30000
8.55 -8 0.35 170 160 144 30000
8.55 8 0.35 159 150 138 30000
8.55 -8 0.7 170 160 144 30000
8.55 8 0.7 159 150 138 30000
8.55 -8 1.05 170 160 144 30000
8.55 8 1.05 159 150 138 30000
8.55 -8 1.4 170 160 144 30000
8.55 8 1.4 159 150 138 30000
8.55 -8 1.75 170 160 144 30000
8.55 8 1.75 159 150 138 30000
8.55 -8 2.1 170 160 144 30000
8.55 8 2.1 159 150 138 30000
8.55 -8 2.45 170 160 144 30000
8.55 8 2.45 159 150 138 30000
8.55 -8 2.8 170 160 144 30000
8.55 8 2.8 159 150 138 30000
8.55 -8 3.15 170 160 144 30000
8.55 8 3.15 159 150 138 30000
8.55 -8 3.5 170 160 144 30000
8.55 8 3.5 159 150 138 30000
8.55 -8 3.85 170 160 144 30000
8.55 8 3.85 159 150 138 30000
8.55 -8 4.2 170 160 144 30000
8.55 8 4.2 159 150 138 30000
8.55 -8 4.55 170 160 144 30000
8.55 8 4.55 159 150 138 30000
8.55 -8 4.9 170 160 144 30000
8.55 8 4.9 159 150 138 30000
8.55 -8 5.25 170 160 144 30000
8.55 8 5.25 159 150 138 30000
8.55 -8 5.6 170 160 144 30000
8.55 8 5.6 159 150 138 30000
8.55 -8 5.95 170 160 144 30000
8.55 8 5.95 159 150 138 30000
8.55 -8 6.3 170 160 144 30000
8.55 8 6.3 159 150 138 30000
8.55 -8 6.65 170 160 144 30000
8.55 8 6.65 159 150 138 30000
8.55 -8 7 170 160 144 30000
8.55 8 7 159 150 138 30000
8.55 -8 7.35 170 160 144 30000
8.55 8 7.35 159 150 138 30000
8.55 -8 7.7 170 160 144 30000
8.55 8 7.7 159 150 138 30000
8.9 -8 0 170 160 144 30000
8.9 8 0 159 150 138 30000
8.9 -8 0.35 170 160 144 30000
8.9 8 0.35 159 150 138 30000
8.9 -8 0.7 170 160 144 30000
8.9 8 0.7 159 150 138 30000
8.9 -8 1.05 170 160 144 30000
8.9 8 1.05 159 150 138 30000
8.9 -8 1.4 170 160 144 30000
8.9 8 1.4 159 150 138 30000
8.9 -8 1.75 170 160 144 30000
8.9 8 1.75 159 150 138 30000
8.9 -8 2.1 170 160 144 30000
8.9 8 2.1 159 150 138 30000
8.9 -8 2.45 170 160 144 30000
8.9 8 2.45 159 150 138 30000
8.9 -8 2.8 170 160 144 30000
8.9 8 2.8 159 150 138 30000
8.9 -8 3.15 170 160 144 30000
8.9 8 3.15 159 150 138 30000
8.9 -8 3.5 170 160 144 30000
8.9 8 3.5 159 150 138 30000
8.9 -8 3.85 170 160 144 30000
8.9 8 3.85 159 150 138 30000
8.9 -8 4.2 170 160 144 30000
8.9 8 4.2 159 150 138 30000
8.9 -8 4.55 170 160 144 30000
8.9 8 4.55 159 150 138 30000
8.9 -8 4.9 170 160 144 30000
8.9 8 4.9 159 150 138 30000
8.9 -8 5.25 170 160 144 30000
8.9 8 5.25 159 150 138 30000
8.9 -8 5.6 170 160 144 30000
8.9 8 5.6 159 150 138 30000
8.9 -8 5.95 170 160 144 30000
8.9 8 5.95 159 150 138 30000
8.9 -8 6.3 170 160 144 30000
8.9 8 6.3 159 150 138 30000
8.9 -8 6.65 170 160 144 30000
8.9 8 6.65 159 150 138 30000
8.9 -8 7 170 160 144 30000
8.9 8 7 159 150 138 30000
8.9 -8 7.35 170 160 144 30000
8.9 8 7.35 159 150 138 30000
8.9 -8 7.7 170 160 144 30000
8.9 8 7.7 159 150 138 30000
9.25 -8 0 170 160 144 30000
9.25 8 0 159 150 138 30000
9.25 -8 0.35 170 160 144 30000
9.25 8 0.35 159 150 138 30000
9.25 -8 0.7 170 160 144 30000
9.25 8 0.7 159 150 138 30000
9.25 -8 1.05 170 160 144 30000
9.25 8 1.05 159 150 138 30000
9.25 -8 1.4 170 160 144 30000
9.25 8 1.4 159 150 138 30000
9.25 -8 1.75 170 160 144 30000
9.25 8 1.75 159 150 138 30000
9.25 -8 2.1 170 160 144 30000
9.25 8 2.1 159 150 138 30000
9.25 -8 2.45 170 160 144 30000
9.25 8 2.45 159 150 138 30000
9.25 -8 2.8 170 160 144 30000
9.25 8 2.8 159 150 138 30000
9.25 -8 3.15 170 160 144 30000
9.25 8 3.15 159 150 138 30000
9.25 -8 3.5 170 160 144 30000
9.25 8 3.5 159 150 138 30000
9.25 -8 3.85 170 160 144 30000
9.25 8 3.85 159 150 138 30000
9.25 -8 4.2 170 160 144 30000
9.25 8 4.2 159 150 138 30000
9.25 -8 4.55 170 160 144 30000
9.25 8 4.55 159 150 138 30000
9.25 -8 4.9 170 160 144 30000
9.25 8 4.9 159 150 138 30000
9.25 -8 5.25 170 160 144 30000
9.25 8 5.25 159 150 138 30000
9.25 -8 5.6 170 160 144 30000
9.25 8 5.6 159 150 138 30000
9.25 -8 5.95 170 160 144 30000
9.25 8 5.95 159 150 138 30000
9.25 -8 6.3 170 160 144 30000
9.25 8 6.3 159 150 138 30000
9.25 -8 6.65 170 160 144 30000
9.25 8 6.65 159 150 138 30000
9.25 -8 7 170 160 144 30000
9.25 8 7 159 150 138 30000
9.25 -8 7.35 170 160 144 30000
9.25 8 7.35 159 150 138 30000
9.25 -8 7.7 170 160 144 30000
9.25 8 7.7 159 150 138 30000
9.6 -8 0 170 160 144 30000
9.6 8 0 159 150 138 30000
9.6 -8 0.35 170 160 144 30000
9.6 8 0.35 159 150 138 30000
9.6 -8 0.7 170 160 144 30000
9.6 8 0.7 159 150 138 30000
9.6 -8 1.05 170 160 144 30000
9.6 8 1.05 159 150 138 30000
9.6 -8 1.4 170 160 144 30000
9.6 8 1.4 159 150 138 30000
9.6 -8 1.75 170 160 144 30000
9.6 8 1.75 159 150 138 30000
9.6 -8 2.1 170 160 144 30000
9.6 8 2.1 159 150 138 30000
9.6 -8 2.45 170 160 144 30000
9.6 8 2.45 159 150 138 30000
9.6 -8 2.8 170 160 144 30000
9.6 8 2.8 159 150 138 30000
9.6 -8 3.15 170 160 144 30000
9.6 8 3.15 159 150 138 30000
9.6 -8 3.5 170 160 144 30000
9.6 8 3.5 159 150 138 30000
9.6 -8 3.85 170 160 144 30000
9.6 8 3.85 159 150 138 30000
9.6 -8 4.2 170 160 144 30000
9.6 8 4.2 159 150 138 30000
9.6 -8 4.55 170 160 144 30000
9.6 8 4.55 159 150 138 30000
9.6 -8 4.9 170 160 144 30000
9.6 8 4.9 159 150 138 30000
9.6 -8 5.25 170 160 144 30000
9.6 8 5.25 159 150 138 30000
9.6 -8 5.6 170 160 144 30000
9.6 8 5.6 159 150 138 30000
9.6 -8 5.95 170 160 144 30000
9.6 8 5.95 159 150 138 30000
9.6 -8 6.3 170 160 144 30000
9.6 8 6.3 159 150 138 30000
9.6 -8 6.65 170 160 144 30000
9.6 8 6.65 159 150 138 30000
9.6 -8 7 170 160 144 30000
9.6 8 7 159 150 138 30000
9.6 -8 7.35 170 160 144 30000
9.6 8 7.35 159 150 138 30000
9.6 -8 7.7 170 160 144 30000
9.6 8 7.7 159 150 138 30000
9.95 -8 0 170 160 144 30000
9.95 8 0 159 150 138 30000
9.95 -8 0.35 170 160 144 30000
9.95 8 0.35 159 150 138 30000
9.95 -8 0.7 170 160 144 30000
9.95 8 0.7 159 150 138 30000
9.95 -8 1.05 170 160 144 30000
9.95 8 1.05 159 150 138 30000
9.95 -8 1.4 170 160 144 30000
9.95 8 1.4 159 150 138 30000
9.95 -8 1.75 170 160 144 30000
9.95 8 1.75 159 150 138 30000
9.95 -8 2.1 170 160 144 30000
9.95 8 2.1 159 150 138 30000
9.95 -8 2.45 170 160 144 30000
9.95 8 2.45 159 150 138 30000
9.95 -8 2.8 170 160 144 30000
9.95 8 2.8 159 150 138 30000
9.95 -8 3.15 170 160 144 30000
9.95 8 3.15 159 150 138 30000
9.95 -8 3.5 170 160 144 30000
9.95 8 3.5 159 150 138 30000
9.95 -8 3.85 170 160 144 30000
9.95 8 3.85 159 150 138 30000
9.95 -8 4.2 170 160 144 30000
9.95 8 4.2 159 150 138 30000
9.95 -8 4.55 170 160 144 30000
9.95 8 4.55 159 150 138 30000
9.95 -8 4.9 170 160 144 30000
9.95 8 4.9 159 150 138 30000
9.95 -8 5.25 170 160 144 30000
9.95 8 5.25 159 150 138 30000
9.95 -8 5.6 170 160 144 30000
9.95 8 5.6 159 150 138 30000
9.95 -8 5.95 170 160 144 30000
9.95 8 5.95 159 150 138 30000
9.95 -8 6.3 170 160 144 30000
9.95 8 6.3 159 150 138 30000
9.95 -8 6.65 170 160 144 30000
9.95 8 6.65 159 150 138 30000
9.95 -8 7 170 160 144 30000
9.95 8 7 159 150 138 30000
9.95 -8 7.35 170 160 144 30000
9.95 8 7.35 159 150 138 30000
9.95 -8 7.7 170 160 144 30000
9.95 8 7.7 159 150 138 30000
-10 -8 0 155 148 136 30000
10 -8 0 163 150 139 30000
-10 -8 0.35 155 148 136 30000
10 -8 0.35 163 150 139 30000
-10 -8 0.7 155 148 136 30000
10 -8 0.7 163 150 139 30000
-10 -8 1.05 155 148 136 30000
10 -8 1.05 163 150 139 30000
-10 -8 1.4 155 148 136 30000
10 -8 1.4 163 150 139 30000
-10 -8 1.75 155 148 136 30000
10 -8 1.75 163 150 139 30000
-10 -8 2.1 155 148 136 30000
10 -8 2.1 163 150 139 30000
-10 -8 2.45 155 148 136 30000
10 -8 2.45 163 150 139 30000
-10 -8 2.8 155 148 136 30000
10 -8 2.8 163 150 139 30000
-10 -8 3.15 155 148 136 30000
10 -8 3.15 163 150 139 30000
-10 -8 3.5 155 148 136 30000
10 -8 3.5 163 150 139 30000
-10 -8 3.85 155 148 136 30000
10 -8 3.85 163 150 139 30000
-10 -8 4.2 155 148 136 30000
10 -8 4.2 163 150 139 30000
-10 -8 4.55 155 148 136 30000
10 -8 4.55 163 150 139 30000
-10 -8 4.9 155 148 136 30000
10 -8 4.9 163 150 139 30000
-10 -8 5.25 155 148 136 30000
10 -8 5.25 163 150 139 30000
-10 -8 5.6 155 148 136 30000
10 -8 5.6 163 150 139 30000
-10 -8 5.95 155 148 136 30000
10 -8 5.95 163 150 139 30000
-10 -8 6.3 155 148 136 30000
10 -8 6.3 163 150 139 30000
-10 -8 6.65 155 148 136 30000
10 -8 6.65 163 150 139 30000
-10 -8 7 155 148 136 30000
10 -8 7 163 150 139 30000
-10 -8 7.35 155 148 136 30000
10 -8 7.35 163 150 139 30000
-10 -8 7.7 155 148 136 30000
10 -8 7.7 163 150 139 30000
-10 -7.65 0 155 148 136 30000
10 -7.65 0 163 150 139 30000
-10 -7.65 0.35 155 148 136 30000
10 -7.65 0.35 163 150 139 30000
-10 -7.65 0.7 155 148 136 30000
10 -7.65 0.7 163 150 139 30000
-10 -7.65 1.05 155 148 136 30000
10 -7.65 1.05 163 150 139 30000
-10 -7.65 1.4 155 148 136 30000
10 -7.65 1.4 163 150 139 30000
-10 -7.65 1.75 155 148 136 30000
10 -7.65 1.75 163 150 139 30000
-10 -7.65 2.1 155 148 136 30000
10 -7.65 2.1 163 150 139 30000
-10 -7.65 2.45 155 148 136 30000
10 -7.65 2.45 163 150 139 30000
-10 -7.65 2.8 155 148 136 30000
10 -7.65 2.8 163 150 139 30000
-10 -7.65 3.15 155 148 136 30000
10 -7.65 3.15 163 150 139 30000
-10 -7.65 3.5 155 148 136 30000
10 -7.65 3.5 163 150 139 30000
-10 -7.65 3.85 155 148 136 30000
10 -7.65 3.85 163 150 139 30000
-10 -7.65 4.2 155 148 136 30000
10 -7.65 4.2 163 150 139 30000
-10 -7.65 4.55 155 148 136 30000
10 -7.65 4.55 163 150 139 30000
-10 -7.65 4.9 155 148 136 30000
10 -7.65 4.9 163 150 139 30000
-10 -7.65 5.25 155 148 136 30000
10 -7.65 5.25 163 150 139 30000
-10 -7.65 5.6 155 148 136 30000
10 -7.65 5.6 163 150 139 30000
-10 -7.65 5.95 155 148 136 30000
10 -7.65 5.95 163 150 139 30000
-10 -7.65 6.3 155 148 136 30000
10 -7.65 6.3 163 150 139 30000
-10 -7.65 6.65 155 148 136 30000
10 -7.65 6.65 163 150 139 30000
-10 -7.65 7 155 148 136 30000
10 -7.65 7 163 150 139 30000
-10 -7.65 7.35 155 148 136 30000
10 -7.65 7.35 163 150 139 30000
-10 -7.65 7.7 155 148 136 30000
10 -7.65 7.7 163 150 139 30000
-10 -7.3 0 155 148 136 30000
10 -7.3 0 163 150 139 30000
-10 -7.3 0.35 155 148 136 30000
10 -7.3 0.35 163 150 139 30000
-10 -7.3 0.7 155 148 136 30000
10 -7.3 0.7 163 150 139 30000
-10 -7.3 1.05 155 148 136 30000
10 -7.3 1.05 163 150 139 30000
-10 -7.3 1.4 155 148 136 30000
10 -7.3 1.4 163 150 139 30000
-10 -7.3 1.75 155 148 136 30000
10 -7.3 1.75 163 150 139 30000
-10 -7.3 2.1 155 148 136 30000
10 -7.3 2.1 163 150 139 30000
-10 -7.3 2.45 155 148 136 30000
10 -7.3 2.45 163 150 139 30000
-10 -7.3 2.8 155 148 136 30000
10 -7.3 2.8 163 150 139 30000
-10 -7.3 3.15 155 148 136 30000
10 -7.3 3.15 163 150 139 30000
-10 -7.3 3.5 155 148 136 30000
10 -7.3 3.5 163 150 139 30000
-10 -7.3 3.85 155 148 136 30000
10 -7.3 3.85 163 150 139 30000
-10 -7.3 4.2 155 148 136 30000
10 -7.3 4.2 163 150 139 30000
-10 -7.3 4.55 155 148 136 30000
10 -7.3 4.55 163 150 139 30000
-10 -7.3 4.9 155 148 136 30000
10 -7.3 4.9 163 150 139 30000
-10 -7.3 5.25 155 148 136 30000
10 -7.3 5.25 163 150 139 30000
-10 -7.3 5.6 155 148 136 30000
10 -7.3 5.6 163 150 139 30000
-10 -7.3 5.95 155 148 136 30000
10 -7.3 5.95 163 150 139 30000
-10 -7.3 6.3 155 148 136 30000
10 -7.3 6.3 163 150 139 30000
-10 -7.3 6.65 155 148 136 30000
10 -7.3 6.65 163 150 139 30000
-10 -7.3 7 155 148 136 30000
10 -7.3 7 163 150 139 30000
-10 -7.3 7.35 155 148 136 30000
10 -7.3 7.35 163 150 139 30000
-10 -7.3 7.7 155 148 136 30000
10 -7.3 7.7 163 150 139 30000
-10 -6.95 0 155 148 136 30000
10 -6.95 0 163 150 139 30000
-10 -6.95 0.35 155 148 136 30000
10 -6.95 0.35 163 150 139 30000
-10 -6.95 0.7 155 148 136 30000
10 -6.95 0.7 163 150 139 30000
-10 -6.95 1.05 155 148 136 30000
10 -6.95 1.05 163 150 139 30000
-10 -6.95 1.4 155 148 136 30000
10 -6.95 1.4 163 150 139 30000
-10 -6.95 1.75 155 148 136 30000
10 -6.95 1.75 163 150 139 30000
-10 -6.95 2.1 155 148 136 30000
10 -6.95 2.1 163 150 139 30000
-10 -6.95 2.45 155 148 136 30000
10 -6.95 2.45 163 150 139 30000
-10 -6.95 2.8 155 148 136 30000
10 -6.95 2.8 163 150 139 30000
-10 -6.95 3.15 155 148 136 30000
10 -6.95 3.15 163 150 139 30000
-10 -6.95 3.5 155 148 136 30000
10 -6.95 3.5 163 150 139 30000
-10 -6.95 3.85 155 148 136 30000
10 -6.95 3.85 163 150 139 30000
-10 -6.95 4.2 155 148 136 30000
10 -6.95 4.2 163 150 139 30000
-10 -6.95 4.55 155 148 136 30000
10 -6.95 4.55 163 150 139 30000
-10 -6.95 4.9 155 148 136 30000
10 -6.95 4.9 163 150 139 30000
-10 -6.95 5.25 155 148 136 30000
10 -6.95 5.25 163 150 139 30000
-10 -6.95 5.6 155 148 136 30000
10 -6.95 5.6 163 150 139 30000
-10 -6.95 5.95 155 148 136 30000
10 -6.95 5.95 163 150 139 30000
-10 -6.95 6.3 155 148 136 30000
10 -6.95 6.3 163 150 139 30000
-10 -6.95 6.65 155 148 136 30000
10 -6.95 6.65 163 150 139 30000
-10 -6.95 7 155 148 136 30000
10 -6.95 7 163 150 139 30000
-10 -6.95 7.35 155 148 136 30000
10 -6.95 7.35 163 150 139 30000
-10 -6.95 7.7 155 148 136 30000
10 -6.95 7.7 163 150 139 30000
-10 -6.6 0 155 148 136 30000
10 -6.6 0 163 150 139 30000
-10 -6.6 0.35 155 148 136 30000
10 -6.6 0.35 163 150 139 30000
-10 -6.6 0.7 155 148 136 30000
10 -6.6 0.7 163 150 139 30000
-10 -6.6 1.05 155 148 136 30000
10 -6.6 1.05 163 150 139 30000
-10 -6.6 1.4 155 148 136 30000
10 -6.6 1.4 163 150 139 30000
-10 -6.6 1.75 155 148 136 30000
10 -6.6 1.75 163 150 139 30000
-10 -6.6 2.1 155 148 136 30000
10 -6.6 2.1 163 150 139 30000
-10 -6.6 2.45 155 148 136 30000
10 -6.6 2.45 163 150 139 30000
-10 -6.6 2.8 155 148 136 30000
10 -6.6 2.8 163 150 139 30000
-10 -6.6 3.15 155 148 136 30000
10 -6.6 3.15 163 150 139 30000
-10 -6.6 3.5 155 148 136 30000
10 -6.6 3.5 163 150 139 30000
-10 -6.6 3.85 155 148 136 30000
10 -6.6 3.85 163 150 139 30000
-10 -6.6 4.2 155 148 136 30000
10 -6.6 4.2 163 150 139 30000
-10 -6.6 4.55 155 148 136 30000
10 -6.6 4.55 163 150 139 30000
-10 -6.6 4.9 155 148 136 30000
10 -6.6 4.9 163 150 139 30000
-10 -6.6 5.25 155 148 136 30000
10 -6.6 5.25 163 150 139 30000
-10 -6.6 5.6 155 148 136 30000
10 -6.6 5.6 163 150 139 30000
-10 -6.6 5.95 155 148 136 30000
10 -6.6 5.95 163 150 139 30000
-10 -6.6 6.3 155 148 136 30000
10 -6.6 6.3 163 150 139 30000
-10 -6.6 6.65 155 148 136 30000
10 -6.6 6.65 163 150 139 30000
-10 -6.6 7 155 148 136 30000
10 -6.6 7 163 150 139 30000
-10 -6.6 7.35 155 148 136 30000
10 -6.6 7.35 163 150 139 30000
-10 -6.6 7.7 155 148 136 30000
10 -6.6 7.7 163 150 139 30000
-10 -6.25 0 155 148 136 30000
10 -6.25 0 163 150 139 30000
-10 -6.25 0.35 155 148 136 30000
10 -6.25 0.35 163 150 139 30000
-10 -6.25 0.7 155 148 136 30000
10 -6.25 0.7 163 150 139 30000
-10 -6.25 1.05 155 148 136 30000
10 -6.25 1.05 163 150 139 30000
-10 -6.25 1.4 155 148 136 30000
10 -6.25 1.4 163 150 139 30000
-10 -6.25 1.75 155 148 136 30000
10 -6.25 1.75 163 150 139 30000
-10 -6.25 2.1 155 148 136 30000
10 -6.25 2.1 163 150 139 30000
-10 -6.25 2.45 155 148 136 30000
10 -6.25 2.45 163 150 139 30000
-10 -6.25 2.8 155 148 136 30000
10 -6.25 2.8 163 150 139 30000
-10 -6.25 3.15 155 148 136 30000
10 -6.25 3.15 163 150 139 30000
-10 -6.25 3.5 155 148 136 30000
10 -6.25 3.5 163 150 139 30000
-10 -6.25 3.85 155 148 136 30000
10 -6.25 3.85 163 150 139 30000
-10 -6.25 4.2 155 148 136 30000
10 -6.25 4.2 163 150 139 30000
-10 -6.25 4.55 155 148 136 30000
10 -6.25 4.55 163 150 139 30000
-10 -6.25 4.9 155 148 136 30000
10 -6.25 4.9 163 150 139 30000
-10 -6.25 5.25 155 148 136 30000
10 -6.25 5.25 163 150 139 30000
-10 -6.25 5.6 155 148 136 30000
10 -6.25 5.6 163 150 139 30000
-10 -6.25 5.95 155 148 136 30000
10 -6.25 5.95 163 150 139 30000
-10 -6.25 6.3 155 148 136 30000
10 -6.25 6.3 163 150 139 30000
-10 -6.25 6.65 155 148 136 30000
10 -6.25 6.65 163 150 139 30000
-10 -6.25 7 155 148 136 30000
10 -6.25 7 163 150 139 30000
-10 -6.25 7.35 155 148 136 30000
10 -6.25 7.35 163 150 139 30000
-10 -6.25 7.7 155 148 136 30000
10 -6.25 7.7 163 150 139 30000
-10 -5.9 0 155 148 136 30000
10 -5.9 0 163 150 139 30000
-10 -5.9 0.35 155 148 136 30000
10 -5.9 0.35 163 150 139 30000
-10 -5.9 0.7 155 148 136 30000
10 -5.9 0.7 163 150 139 30000
-10 -5.9 1.05 155 148 136 30000
10 -5.9 1.05 163 150 139 30000
-10 -5.9 1.4 155 148 136 30000
10 -5.9 1.4 163 150 139 30000
-10 -5.9 1.75 155 148 136 30000
10 -5.9 1.75 163 150 139 30000
-10 -5.9 2.1 155 148 136 30000
10 -5.9 2.1 163 150 139 30000
-10 -5.9 2.45 155 148 136 30000
10 -5.9 2.45 163 150 139 30000
-10 -5.9 2.8 155 148 136 30000
10 -5.9 2.8 163 150 139 30000
-10 -5.9 3.15 155 148 136 30000
10 -5.9 3.15 163 150 139 30000
-10 -5.9 3.5 155 148 136 30000
10 -5.9 3.5 163 150 139 30000
-10 -5.9 3.85 155 148 136 30000
10 -5.9 3.85 163 150 139 30000
-10 -5.9 4.2 155 148 136 30000
10 -5.9 4.2 163 150 139 30000
-10 -5.9 4.55 155 148 136 30000
10 -5.9 4.55 163 150 139 30000
-10 -5.9 4.9 155 148 136 30000
10 -5.9 4.9 163 150 139 30000
-10 -5.9 5.25 155 148 136 30000
10 -5.9 5.25 163 150 139 30000
-10 -5.9 5.6 155 148 136 30000
10 -5.9 5.6 163 150 139 30000
-10 -5.9 5.95 155 148 136 30000
10 -5.9 5.95 163 150 139 30000
-10 -5.9 6.3 155 148 136 30000
10 -5.9 6.3 163 150 139 30000
-10 -5.9 6.65 155 148 136 30000
10 -5.9 6.65 163 150 139 30000
-10 -5.9 7 155 148 136 30000
10 -5.9 7 163 150 139 30000
-10 -5.9 7.35 155 148 136 30000
10 -5.9 7.35 163 150 139 30000
-10 -5.9 7.7 155 148 136 30000
10 -5.9 7.7 163 150 139 30000
-10 -5.55 0 155 148 136 30000
10 -5.55 0 163 150 139 30000
-10 -5.55 0.35 155 148 136 30000
10 -5.55 0.35 163 150 139 30000
-10 -5.55 0.7 155 148 136 30000
10 -5.55 0.7 163 150 139 30000
-10 -5.55 1.05 155 148 136 30000
10 -5.55 1.05 163 150 139 30000
-10 -5.55 1.4 155 148 136 30000
10 -5.55 1.4 163 150 139 30000
-10 -5.55 1.75 155 148 136 30000
10 -5.55 1.75 163 150 139 30000
-10 -5.55 2.1 155 148 136 30000
10 -5.55 2.1 163 150 139 30000
-10 -5.55 2.45 155 148 136 30000
10 -5.55 2.45 163 150 139 30000
-10 -5.55 2.8 155 148 136 30000
10 -5.55 2.8 163 150 139 30000
-10 -5.55 3.15 155 148 136 30000
10 -5.55 3.15 163 150 139 30000
-10 -5.55 3.5 155 148 136 30000
10 -5.55 3.5 163 150 139 30000
-10 -5.55 3.85 155 148 136 30000
10 -5.55 3.85 163 150 139 30000
-10 -5.55 4.2 155 148 136 30000
10 -5.55 4.2 163 150 139 30000
-10 -5.55 4.55 155 148 136 30000
10 -5.55 4.55 163 150 139 30000
-10 -5.55 4.9 155 148 136 30000
10 -5.55 4.9 163 150 139 30000
-10 -5.55 5.25 155 148 136 30000
10 -5.55 5.25 163 150 139 30000
-10 -5.55 5.6 155 148 136 30000
10 -5.55 5.6 163 150 139 30000
-10 -5.55 5.95 155 148 136 30000
10 -5.55 5.95 163 150 139 30000
-10 -5.55 6.3 155 148 136 30000
10 -5.55 6.3 163 150 139 30000
-10 -5.55 6.65 155 148 136 30000
10 -5.55 6.65 163 150 139 30000
-10 -5.55 7 155 148 136 30000
10 -5.55 7 163 150 139 30000
-10 -5.55 7.35 155 148 136 30000
10 -5.55 7.35 163 150 139 30000
-10 -5.55 7.7 155 148 136 30000
10 -5.55 7.7 163 150 139 30000
-10 -5.2 0 155 148 136 30000
10 -5.2 0 163 150 139 30000
-10 -5.2 0.35 155 148 136 30000
10 -5.2 0.35 163 150 139 30000
-10 -5.2 0.7 155 148 136 30000
10 -5.2 0.7 163 150 139 30000
-10 -5.2 1.05 155 148 136 30000
10 -5.2 1.05 163 150 139 30000
-10 -5.2 1.4 155 148 136 30000
10 -5.2 1.4 163 150 139 30000
-10 -5.2 1.75 155 148 136 30000
10 -5.2 1.75 163 150 139 30000
-10 -5.2 2.1 155 148 136 30000
10 -5.2 2.1 163 150 139 30000
-10 -5.2 2.45 155 148 136 30000
10 -5.2 2.45 163 150 139 30000
-10 -5.2 2.8 155 148 136 30000
10 -5.2 2.8 163 150 139 30000
-10 -5.2 3.15 155 148 136 30000
10 -5.2 3.15 163 150 139 30000
-10 -5.2 3.5 155 148 136 30000
10 -5.2 3.5 163 150 139 30000
-10 -5.2 3.85 155 148 136 30000
10 -5.2 3.85 163 150 139 30000
-10 -5.2 4.2 155 148 136 30000
10 -5.2 4.2 163 150 139 30000
-10 -5.2 4.55 155 148 136 30000
10 -5.2 4.55 163 150 139 30000
-10 -5.2 4.9 155 148 136 30000
10 -5.2 4.9 163 150 139 30000
-10 -5.2 5.25 155 148 136 30000
10 -5.2 5.25 163 150 139 30000
-10 -5.2 5.6 155 148 136 30000
10 -5.2 5.6 163 150 139 30000
-10 -5.2 5.95 155 148 136 30000
10 -5.2 5.95 163 150 139 30000
-10 -5.2 6.3 155 148 136 30000
10 -5.2 6.3 163 150 139 30000
-10 -5.2 6.65 155 148 136 30000
10 -5.2 6.65 163 150 139 30000
-10 -5.2 7 155 148 136 30000
10 -5.2 7 163 150 139 30000
-10 -5.2 7.35 155 148 136 30000
10 -5.2 7.35 163 150 139 30000
-10 -5.2 7.7 155 148 136 30000
10 -5.2 7.7 163 150 139 30000
-10 -4.85 0 155 148 136 30000
10 -4.85 0 163 150 139 30000
-10 -4.85 0.35 155 148 136 30000
10 -4.85 0.35 163 150 139 30000
-10 -4.85 0.7 155 148 136 30000
10 -4.85 0.7 163 150 139 30000
-10 -4.85 1.05 155 148 136 30000
10 -4.85 1.05 163 150 139 30000
-10 -4.85 1.4 155 148 136 30000
10 -4.85 1.4 163 150 139 30000
-10 -4.85 1.75 155 148 136 30000
10 -4.85 1.75 163 150 139 30000
-10 -4.85 2.1 155 148 136 30000
10 -4.85 2.1 163 150 139 30000
-10 -4.85 2.45 155 148 136 30000
10 -4.85 2.45 163 150 139 30000
-10 -4.85 2.8 155 148 136 30000
10 -4.85 2.8 163 150 139 30000
-10 -4.85 3.15 155 148 136 30000
10 -4.85 3.15 163 150 139 30000
-10 -4.85 3.5 155 148 136 30000
10 -4.85 3.5 163 150 139 30000
-10 -4.85 3.85 155 148 136 30000
10 -4.85 3.85 163 150 139 30000
-10 -4.85 4.2 155 148 136 30000
10 -4.85 4.2 163 150 139 30000
-10 -4.85 4.55 155 148 136 30000
10 -4.85 4.55 163 150 139 30000
-10 -4.85 4.9 155 148 136 30000
10 -4.85 4.9 163 150 139 30000
-10 -4.85 5.25 155 148 136 30000
10 -4.85 5.25 163 150 139 30000
-10 -4.85 5.6 155 148 136 30000
10 -4.85 5.6 163 150 139 30000
-10 -4.85 5.95 155 148 136 30000
10 -4.85 5.95 163 150 139 30000
-10 -4.85 6.3 155 148 136 30000
10 -4.85 6.3 163 150 139 30000
-10 -4.85 6.65 155 148 136 30000
10 -4.85 6.65 163 150 139 30000
-10 -4.85 7 155 148 136 30000
10 -4.85 7 163 150 139 30000
-10 -4.85 7.35 155 148 136 30000
10 -4.85 7.35 163 150 139 30000
-10 -4.85 7.7 155 148 136 30000
10 -4.85 7.7 163 150 139 30000
-10 -4.5 0 155 148 136 30000
10 -4.5 0 163 150 139 30000
-10 -4.5 0.35 155 148 136 30000
10 -4.5 0.35 163 150 139 30000
-10 -4.5 0.7 155 148 136 30000
10 -4.5 0.7 163 150 139 30000
-10 -4.5 1.05 155 148 136 30000
10 -4.5 1.05 163 150 139 30000
-10 -4.5 1.4 155 148 136 30000
10 -4.5 1.4 163 150 139 30000
-10 -4.5 1.75 155 148 136 30000
10 -4.5 1.75 163 150 139 30000
-10 -4.5 2.1 155 148 136 30000
10 -4.5 2.1 163 150 139 30000
-10 -4.5 2.45 155 148 136 30000
10 -4.5 2.45 163 150 139 30000
-10 -4.5 2.8 155 148 136 30000
10 -4.5 2.8 163 150 139 30000
-10 -4.5 3.15 155 148 136 30000
10 -4.5 3.15 163 150 139 30000
-10 -4.5 3.5 155 148 136 30000
10 -4.5 3.5 163 150 139 30000
-10 -4.5 3.85 155 148 136 30000
10 -4.5 3.85 163 150 139 30000
-10 -4.5 4.2 155 148 136 30000
10 -4.5 4.2 163 150 139 30000
-10 -4.5 4.55 155 148 136 30000
10 -4.5 4.55 163 150 139 30000
-10 -4.5 4.9 155 148 136 30000
10 -4.5 4.9 163 150 139 30000
-10 -4.5 5.25 155 148 136 30000
10 -4.5 5.25 163 150 139 30000
-10 -4.5 5.6 155 148 136 30000
10 -4.5 5.6 163 150 139 30000
-10 -4.5 5.95 155 148 136 30000
10 -4.5 5.95 163 150 139 30000
-10 -4.5 6.3 155 148 136 30000
10 -4.5 6.3 163 150 139 30000
-10 -4.5 6.65 155 148 136 30000
10 -4.5 6.65 163 150 139 30000
-10 -4.5 7 155 148 136 30000
10 -4.5 7 163 150 139 30000
-10 -4.5 7.35 155 148 136 30000
10 -4.5 7.35 163 150 139 30000
-10 -4.5 7.7 155 148 136 30000
10 -4.5 7.7 163 150 139 30000
-10 -4.15 0 155 148 136 30000
10 -4.15 0 163 150 139 30000
-10 -4.15 0.35 155 148 136 30000
10 -4.15 0.35 163 150 139 30000
-10 -4.15 0.7 155 148 136 30000
10 -4.15 0.7 163 150 139 30000
-10 -4.15 1.05 155 148 136 30000
10 -4.15 1.05 163 150 139 30000
-10 -4.15 1.4 155 148 136 30000
10 -4.15 1.4 163 150 139 30000
-10 -4.15 1.75 155 148 136 30000
10 -4.15 1.75 163 150 139 30000
-10 -4.15 2.1 155 148 136 30000
10 -4.15 2.1 163 150 139 30000
-10 -4.15 2.45 155 148 136 30000
10 -4.15 2.45 163 150 139 30000
-10 -4.15 2.8 155 148 136 30000
10 -4.15 2.8 163 150 139 30000
-10 -4.15 3.15 155 148 136 30000
10 -4.15 3.15 163 150 139 30000
-10 -4.15 3.5 155 148 136 30000
10 -4.15 3.5 163 150 139 30000
-10 -4.15 3.85 155 148 136 30000
10 -4.15 3.85 163 150 139 30000
-10 -4.15 4.2 155 148 136 30000
10 -4.15 4.2 163 150 139 30000
-10 -4.15 4.55 155 148 136 30000
10 -4.15 4.55 163 150 139 30000
-10 -4.15 4.9 155 148 136 30000
10 -4.15 4.9 163 150 139 30000
-10 -4.15 5.25 155 148 136 30000
10 -4.15 5.25 163 150 139 30000
-10 -4.15 5.6 155 148 136 30000
10 -4.15 5.6 163 150 139 30000
-10 -4.15 5.95 155 148 136 30000
10 -4.15 5.95 163 150 139 30000
-10 -4.15 6.3 155 148 136 30000
10 -4.15 6.3 163 150 139 30000
-10 -4.15 6.65 155 148 136 30000
10 -4.15 6.65 163 150 139 30000
-10 -4.15 7 155 148 136 30000
10 -4.15 7 163 150 139 30000
-10 -4.15 7.35 155 148 136 30000
10 -4.15 7.35 163 150 139 30000
-10 -4.15 7.7 155 148 136 30000
10 -4.15 7.7 163 150 139 30000
-10 -3.8 0 155 148 136 30000
10 -3.8 0 163 150 139 30000
-10 -3.8 0.35 155 148 136 30000
10 -3.8 0.35 163 150 139 30000
-10 -3.8 0.7 155 148 136 30000
10 -3.8 0.7 163 150 139 30000
-10 -3.8 1.05 155 148 136 30000
10 -3.8 1.05 163 150 139 30000
-10 -3.8 1.4 155 148 136 30000
10 -3.8 1.4 163 150 139 30000
-10 -3.8 1.75 155 148 136 30000
10 -3.8 1.75 163 150 139 30000
-10 -3.8 2.1 155 148 136 30000
10 -3.8 2.1 163 150 139 30000
-10 -3.8 2.45 155 148 136 30000
10 -3.8 2.45 163 150 139 30000
-10 -3.8 2.8 155 148 136 30000
10 -3.8 2.8 163 150 139 30000
-10 -3.8 3.15 155 148 136 30000
10 -3.8 3.15 163 150 139 30000
-10 -3.8 3.5 155 148 136 30000
10 -3.8 3.5 163 150 139 30000
-10 -3.8 3.85 155 148 136 30000
10 -3.8 3.85 163 150 139 30000
-10 -3.8 4.2 155 148 136 30000
10 -3.8 4.2 163 150 139 30000
-10 -3.8 4.55 155 148 136 30000
10 -3.8 4.55 163 150 139 30000
-10 -3.8 4.9 155 148 136 30000
10 -3.8 4.9 163 150 139 30000
-10 -3.8 5.25 155 148 136 30000
10 -3.8 5.25 163 150 139 30000
-10 -3.8 5.6 155 148 136 30000
10 -3.8 5.6 163 150 139 30000
-10 -3.8 5.95 155 148 136 30000
10 -3.8 5.95 163 150 139 30000
-10 -3.8 6.3 155 148 136 30000
10 -3.8 6.3 163 150 139 30000
-10 -3.8 6.65 155 148 136 30000
10 -3.8 6.65 163 150 139 30000
-10 -3.8 7 155 148 136 30000
10 -3.8 7 163 150 139 30000
-10 -3.8 7.35 155 148 136 30000
10 -3.8 7.35 163 150 139 30000
-10 -3.8 7.7 155 148 136 30000
10 -3.8 7.7 163 150 139 30000
-10 -3.45 0 155 148 136 30000
10 -3.45 0 163 150 139 30000
-10 -3.45 0.35 155 148 136 30000
10 -3.45 0.35 163 150 139 30000
-10 -3.45 0.7 155 148 136 30000
10 -3.45 0.7 163 150 139 30000
-10 -3.45 1.05 155 148 136 30000
10 -3.45 1.05 163 150 139 30000
-10 -3.45 1.4 155 148 136 30000
10 -3.45 1.4 163 150 139 30000
-10 -3.45 1.75 155 148 136 30000
10 -3.45 1.75 163 150 139 30000
-10 -3.45 2.1 155 148 136 30000
10 -3.45 2.1 163 150 139 30000
-10 -3.45 2.45 155 148 136 30000
10 -3.45 2.45 163 150 139 30000
-10 -3.45 2.8 155 148 136 30000
10 -3.45 2.8 163 150 139 30000
-10 -3.45 3.15 155 148 136 30000
10 -3.45 3.15 163 150 139 30000
-10 -3.45 3.5 155 148 136 30000
10 -3.45 3.5 163 150 139 30000
-10 -3.45 3.85 155 148 136 30000
10 -3.45 3.85 163 150 139 30000
-10 -3.45 4.2 155 148 136 30000
10 -3.45 4.2 163 150 139 30000
-10 -3.45 4.55 155 148 136 30000
10 -3.45 4.55 163 150 139 30000
-10 -3.45 4.9 155 148 136 30000
10 -3.45 4.9 163 150 139 30000
-10 -3.45 5.25 155 148 136 30000
10 -3.45 5.25 163 150 139 30000
-10 -3.45 5.6 155 148 136 30000
10 -3.45 5.6 163 150 139 30000
-10 -3.45 5.95 155 148 136 30000
10 -3.45 5.95 163 150 139 30000
-10 -3.45 6.3 155 148 136 30000
10 -3.45 6.3 163 150 139 30000
-10 -3.45 6.65 155 148 136 30000
10 -3.45 6.65 163 150 139 30000
-10 -3.45 7 155 148 136 30000
10 -3.45 7 163 150 139 30000
-10 -3.45 7.35 155 148 136 30000
10 -3.45 7.35 163 150 139 30000
-10 -3.45 7.7 155 148 136 30000
10 -3.45 7.7 163 150 139 30000
-10 -3.1 0 155 148 136 30000
10 -3.1 0 163 150 139 30000
-10 -3.1 0.35 155 148 136 30000
10 -3.1 0.35 163 150 139 30000
-10 -3.1 0.7 155 148 136 30000
10 -3.1 0.7 163 150 139 30000
-10 -3.1 1.05 155 148 136 30000
10 -3.1 1.05 163 150 139 30000
-10 -3.1 1.4 155 148 136 30000
10 -3.1 1.4 163 150 139 30000
-10 -3.1 1.75 155 148 136 30000
10 -3.1 1.75 163 150 139 30000
-10 -3.1 2.1 155 148 136 30000
10 -3.1 2.1 163 150 139 30000
-10 -3.1 2.45 155 148 136 30000
10 -3.1 2.45 163 150 139 30000
-10 -3.1 2.8 155 148 136 30000
10 -3.1 2.8 163 150 139 30000
-10 -3.1 3.15 155 148 136 30000
10 -3.1 3.15 163 150 139 30000
-10 -3.1 3.5 155 148 136 30000
10 -3.1 3.5 163 150 139 30000
-10 -3.1 3.85 155 148 136 30000
10 -3.1 3.85 163 150 139 30000
-10 -3.1 4.2 155 148 136 30000
10 -3.1 4.2 163 150 139 30000
-10 -3.1 4.55 155 148 136 30000
10 -3.1 4.55 163 150 139 30000
-10 -3.1 4.9 155 148 136 30000
10 -3.1 4.9 163 150 139 30000
-10 -3.1 5.25 155 148 136 30000
10 -3.1 5.25 163 150 139 30000
-10 -3.1 5.6 155 148 136 30000
10 -3.1 5.6 163 150 139 30000
-10 -3.1 5.95 155 148 136 30000
10 -3.1 5.95 163 150 139 30000
-10 -3.1 6.3 155 148 136 30000
10 -3.1 6.3 163 150 139 30000
-10 -3.1 6.65 155 148 136 30000
10 -3.1 6.65 163 150 139 30000
-10 -3.1 7 155 148 136 30000
10 -3.1 7 163 150 139 30000
-10 -3.1 7.35 155 148 136 30000
10 -3.1 7.35 163 150 139 30000
-10 -3.1 7.7 155 148 136 30000
10 -3.1 7.7 163 150 139 30000
-10 -2.75 0 155 148 136 30000
10 -2.75 0 163 150 139 30000
-10 -2.75 0.35 155 148 136 30000
10 -2.75 0.35 163 150 139 30000
-10 -2.75 0.7 155 148 136 30000
10 -2.75 0.7 163 150 139 30000
-10 -2.75 1.05 155 148 136 30000
10 -2.75 1.05 163 150 139 30000
-10 -2.75 1.4 155 148 136 30000
10 -2.75 1.4 163 150 139 30000
-10 -2.75 1.75 155 148 136 30000
10 -2.75 1.75 163 150 139 30000
-10 -2.75 2.1 155 148 136 30000
10 -2.75 2.1 163 150 139 30000
-10 -2.75 2.45 155 148 136 30000
10 -2.75 2.45 163 150 139 30000
-10 -2.75 2.8 155 148 136 30000
10 -2.75 2.8 163 150 139 30000
-10 -2.75 3.15 155 148 136 30000
10 -2.75 3.15 163 150 139 30000
-10 -2.75 3.5 155 148 136 30000
10 -2.75 3.5 163 150 139 30000
-10 -2.75 3.85 155 148 136 30000
10 -2.75 3.85 163 150 139 30000
-10 -2.75 4.2 155 148 136 30000
10 -2.75 4.2 163 150 139 30000
-10 -2.75 4.55 155 148 136 30000
10 -2.75 4.55 163 150 139 30000
-10 -2.75 4.9 155 148 136 30000
10 -2.75 4.9 163 150 139 30000
-10 -2.75 5.25 155 148 136 30000
10 -2.75 5.25 163 150 139 30000
-10 -2.75 5.6 155 148 136 30000
10 -2.75 5.6 163 150 139 30000
-10 -2.75 5.95 155 148 136 30000
10 -2.75 5.95 163 150 139 30000
-10 -2.75 6.3 155 148 136 30000
10 -2.75 6.3 163 150 139 30000
-10 -2.75 6.65 155 148 136 30000
10 -2.75 6.65 163 150 139 30000
-10 -2.75 7 155 148 136 30000
10 -2.75 7 163 150 139 30000
-10 -2.75 7.35 155 148 136 30000
10 -2.75 7.35 163 150 139 30000
-10 -2.75 7.7 155 148 136 30000
10 -2.75 7.7 163 150 139 30000
-10 -2.4 0 155 148 136 30000
10 -2.4 0 163 150 139 30000
-10 -2.4 0.35 155 148 136 30000
10 -2.4 0.35 163 150 139 30000
-10 -2.4 0.7 155 148 136 30000
10 -2.4 0.7 163 150 139 30000
-10 -2.4 1.05 155 148 136 30000
10 -2.4 1.05 163 150 139 30000
-10 -2.4 1.4 155 148 136 30000
10 -2.4 1.4 163 150 139 30000
-10 -2.4 1.75 155 148 136 30000
10 -2.4 1.75 163 150 139 30000
-10 -2.4 2.1 155 148 136 30000
10 -2.4 2.1 163 150 139 30000
-10 -2.4 2.45 155 148 136 30000
10 -2.4 2.45 163 150 139 30000
-10 -2.4 2.8 155 148 136 30000
10 -2.4 2.8 163 150 139 30000
-10 -2.4 3.15 155 148 136 30000
10 -2.4 3.15 163 150 139 30000
-10 -2.4 3.5 155 148 136 30000
10 -2.4 3.5 163 150 139 30000
-10 -2.4 3.85 155 148 136 30000
10 -2.4 3.85 163 150 139 30000
-10 -2.4 4.2 155 148 136 30000
10 -2.4 4.2 163 150 139 30000
-10 -2.4 4.55 155 148 136 30000
10 -2.4 4.55 163 150 139 30000
-10 -2.4 4.9 155 148 136 30000
10 -2.4 4.9 163 150 139 30000
-10 -2.4 5.25 155 148 136 30000
10 -2.4 5.25 163 150 139 30000
-10 -2.4 5.6 155 148 136 30000
10 -2.4 5.6 163 150 139 30000
-10 -2.4 5.95 155 148 136 30000
10 -2.4 5.95 163 150 139 30000
-10 -2.4 6.3 155 148 136 30000
10 -2.4 6.3 163 150 139 30000
-10 -2.4 6.65 155 148 136 30000
10 -2.4 6.65 163 150 139 30000
-10 -2.4 7 155 148 136 30000
10 -2.4 7 163 150 139 30000
-10 -2.4 7.35 155 148 136 30000
10 -2.4 7.35 163 150 139 30000
-10 -2.4 7.7 155 148 136 30000
10 -2.4 7.7 163 150 139 30000
-10 -2.05 0 155 148 136 30000
10 -2.05 0 163 150 139 30000
-10 -2.05 0.35 155 148 136 30000
10 -2.05 0.35 163 150 139 30000
-10 -2.05 0.7 155 148 136 30000
10 -2.05 0.7 163 150 139 30000
-10 -2.05 1.05 155 148 136 30000
10 -2.05 1.05 163 150 139 30000
-10 -2.05 1.4 155 148 136 30000
10 -2.05 1.4 163 150 139 30000
-10 -2.05 1.75 155 148 136 30000
10 -2.05 1.75 163 150 139 30000
-10 -2.05 2.1 155 148 136 30000
10 -2.05 2.1 163 150 139 30000
-10 -2.05 2.45 155 148 136 30000
10 -2.05 2.45 163 150 139 30000
-10 -2.05 2.8 155 148 136 30000
10 -2.05 2.8 163 150 139 30000
-10 -2.05 3.15 155 148 136 30000
10 -2.05 3.15 163 150 139 30000
-10 -2.05 3.5 155 148 136 30000
10 -2.05 3.5 163 150 139 30000
-10 -2.05 3.85 155 148 136 30000
10 -2.05 3.85 163 150 139 30000
-10 -2.05 4.2 155 148 136 30000
10 -2.05 4.2 163 150 139 30000
-10 -2.05 4.55 155 148 136 30000
10 -2.05 4.55 163 150 139 30000
-10 -2.05 4.9 155 148 136 30000
10 -2.05 4.9 163 150 139 30000
-10 -2.05 5.25 155 148 136 30000
10 -2.05 5.25 163 150 139 30000
-10 -2.05 5.6 155 148 136 30000
10 -2.05 5.6 163 150 139 30000
-10 -2.05 5.95 155 148 136 30000
10 -2.05 5.95 163 150 139 30000
-10 -2.05 6.3 155 148 136 30000
10 -2.05 6.3 163 150 139 30000
-10 -2.05 6.65 155 148 136 30000
10 -2.05 6.65 163 150 139 30000
-10 -2.05 7 155 148 136 30000
10 -2.05 7 163 150 139 30000
-10 -2.05 7.35 155 148 136 30000
10 -2.05 7.35 163 150 139 30000
-10 -2.05 7.7 155 148 136 30000
10 -2.05 7.7 163 150 139 30000
-10 -1.7 0 155 148 136 30000
10 -1.7 0 163 150 139 30000
-10 -1.7 0.35 155 148 136 30000
10 -1.7 0.35 163 150 139 30000
-10 -1.7 0.7 155 148 136 30000
10 -1.7 0.7 163 150 139 30000
-10 -1.7 1.05 155 148 136 30000
10 -1.7 1.05 163 150 139 30000
-10 -1.7 1.4 155 148 136 30000
10 -1.7 1.4 163 150 139 30000
-10 -1.7 1.75 155 148 136 30000
10 -1.7 1.75 163 150 139 30000
-10 -1.7 2.1 155 148 136 30000
10 -1.7 2.1 163 150 139 30000
-10 -1.7 2.45 155 148 136 30000
10 -1.7 2.45 163 150 139 30000
-10 -1.7 2.8 155 148 136 30000
10 -1.7 2.8 163 150 139 30000
-10 -1.7 3.15 155 148 136 30000
10 -1.7 3.15 163 150 139 30000
-10 -1.7 3.5 155 148 136 30000
10 -1.7 3.5 163 150 139 30000
-10 -1.7 3.85 155 148 136 30000
10 -1.7 3.85 163 150 139 30000
-10 -1.7 4.2 155 148 136 30000
10 -1.7 4.2 163 150 139 30000
-10 -1.7 4.55 155 148 136 30000
10 -1.7 4.55 163 150 139 30000
-10 -1.7 4.9 155 148 136 30000
10 -1.7 4.9 163 150 139 30000
-10 -1.7 5.25 155 148 136 30000
10 -1.7 5.25 163 150 139 30000
-10 -1.7 5.6 155 148 136 30000
10 -1.7 5.6 163 150 139 30000
-10 -1.7 5.95 155 148 136 30000
10 -1.7 5.95 163 150 139 30000
-10 -1.7 6.3 155 148 136 30000
10 -1.7 6.3 163 150 139 30000
-10 -1.7 6.65 155 148 136 30000
10 -1.7 6.65 163 150 139 30000
-10 -1.7 7 155 148 136 30000
10 -1.7 7 163 150 139 30000
-10 -1.7 7.35 155 148 136 30000
10 -1.7 7.35 163 150 139 30000
-10 -1.7 7.7 155 148 136 30000
10 -1.7 7.7 163 150 139 30000
-10 -1.35 0 155 148 136 30000
10 -1.35 0 163 150 139 30000
-10 -1.35 0.35 155 148 136 30000
10 -1.35 0.35 163 150 139 30000
-10 -1.35 0.7 155 148 136 30000
10 -1.35 0.7 163 150 139 30000
-10 -1.35 1.05 155 148 136 30000
10 -1.35 1.05 163 150 139 30000
-10 -1.35 1.4 155 148 136 30000
10 -1.35 1.4 163 150 139 30000
-10 -1.35 1.75 155 148 136 30000
10 -1.35 1.75 163 150 139 30000
-10 -1.35 2.1 155 148 136 30000
10 -1.35 2.1 163 150 139 30000
-10 -1.35 2.45 155 148 136 30000
10 -1.35 2.45 163 150 139 30000
-10 -1.35 2.8 155 148 136 30000
10 -1.35 2.8 163 150 139 30000
-10 -1.35 3.15 155 148 136 30000
10 -1.35 3.15 163 150 139 30000
-10 -1.35 3.5 155 148 136 30000
10 -1.35 3.5 163 150 139 30000
-10 -1.35 3.85 155 148 136 30000
10 -1.35 3.85 163 150 139 30000
-10 -1.35 4.2 155 148 136 30000
10 -1.35 4.2 163 150 139 30000
-10 -1.35 4.55 155 148 136 30000
10 -1.35 4.55 163 150 139 30000
-10 -1.35 4.9 155 148 136 30000
10 -1.35 4.9 163 150 139 30000
-10 -1.35 5.25 155 148 136 30000
10 -1.35 5.25 163 150 139 30000
-10 -1.35 5.6 155 148 136 30000
10 -1.35 5.6 163 150 139 30000
-10 -1.35 5.95 155 148 136 30000
10 -1.35 5.95 163 150 139 30000
-10 -1.35 6.3 155 148 136 30000
10 -1.35 6.3 163 150 139 30000
-10 -1.35 6.65 155 148 136 30000
10 -1.35 6.65 163 150 139 30000
-10 -1.35 7 155 148 136 30000
10 -1.35 7 163 150 139 30000
-10 -1.35 7.35 155 148 136 30000
10 -1.35 7.35 163 150 139 30000
-10 -1.35 7.7 155 148 136 30000
10 -1.35 7.7 163 150 139 30000
-10 -1 0 155 148 136 30000
10 -1 0 163 150 139 30000
-10 -1 0.35 155 148 136 30000
10 -1 0.35 163 150 139 30000
-10 -1 0.7 155 148 136 30000
10 -1 0.7 163 150 139 30000
-10 -1 1.05 155 148 136 30000
10 -1 1.05 163 150 139 30000
-10 -1 1.4 155 148 136 30000
10 -1 1.4 163 150 139 30000
-10 -1 1.75 155 148 136 30000
10 -1 1.75 163 150 139 30000
-10 -1 2.1 155 148 136 30000
10 -1 2.1 163 150 139 30000
-10 -1 2.45 155 148 136 30000
10 -1 2.45 163 150 139 30000
-10 -1 2.8 155 148 136 30000
10 -1 2.8 163 150 139 30000
-10 -1 3.15 155 148 136 30000
10 -1 3.15 163 150 139 30000
-10 -1 3.5 155 148 136 30000
10 -1 3.5 163 150 139 30000
-10 -1 3.85 155 148 136 30000
10 -1 3.85 163 150 139 30000
-10 -1 4.2 155 148 136 30000
10 -1 4.2 163 150 139 30000
-10 -1 4.55 155 148 136 30000
10 -1 4.55 163 150 139 30000
-10 -1 4.9 155 148 136 30000
10 -1 4.9 163 150 139 30000
-10 -1 5.25 155 148 136 30000
10 -1 5.25 163 150 139 30000
-10 -1 5.6 155 148 136 30000
10 -1 5.6 163 150 139 30000
-10 -1 5.95 155 148 136 30000
10 -1 5.95 163 150 139 30000
-10 -1 6.3 155 148 136 30000
10 -1 6.3 163 150 139 30000
-10 -1 6.65 155 148 136 30000
10 -1 6.65 163 150 139 30000
-10 -1 7 155 148 136 30000
10 -1 7 163 150 139 30000
-10 -1 7.35 155 148 136 30000
10 -1 7.35 163 150 139 30000
-10 -1 7.7 155 148 136 30000
10 -1 7.7 163 150 139 30000
-10 -0.65 0 155 148 136 30000
10 -0.65 0 163 150 139 30000
-10 -0.65 0.35 155 148 136 30000
10 -0.65 0.35 163 150 139 30000
-10 -0.65 0.7 155 148 136 30000
10 -0.65 0.7 163 150 139 30000
-10 -0.65 1.05 155 148 136 30000
10 -0.65 1.05 163 150 139 30000
-10 -0.65 1.4 155 148 136 30000
10 -0.65 1.4 163 150 139 30000
-10 -0.65 1.75 155 148 136 30000
10 -0.65 1.75 163 150 139 30000
-10 -0.65 2.1 155 148 136 30000
10 -0.65 2.1 163 150 139 30000
-10 -0.65 2.45 155 148 136 30000
10 -0.65 2.45 163 150 139 30000
-10 -0.65 2.8 155 148 136 30000
10 -0.65 2.8 163 150 139 30000
-10 -0.65 3.15 155 148 136 30000
10 -0.65 3.15 163 150 139 30000
-10 -0.65 3.5 155 148 136 30000
10 -0.65 3.5 163 150 139 30000
-10 -0.65 3.85 155 148 136 30000
10 -0.65 3.85 163 150 139 30000
-10 -0.65 4.2 155 148 136 30000
10 -0.65 4.2 163 150 139 30000
-10 -0.65 4.55 155 148 136 30000
10 -0.65 4.55 163 150 139 30000
-10 -0.65 4.9 155 148 136 30000
10 -0.65 4.9 163 150 139 30000
-10 -0.65 5.25 155 148 136 30000
10 -0.65 5.25 163 150 139 30000
-10 -0.65 5.6 155 148 136 30000
10 -0.65 5.6 163 150 139 30000
-10 -0.65 5.95 155 148 136 30000
10 -0.65 5.95 163 150 139 30000
-10 -0.65 6.3 155 148 136 30000
10 -0.65 6.3 163 150 139 30000
-10 -0.65 6.65 155 148 136 30000
10 -0.65 6.65 163 150 139 30000
-10 -0.65 7 155 148 136 30000
10 -0.65 7 163 150 139 30000
-10 -0.65 7.35 155 148 136 30000
10 -0.65 7.35 163 150 139 30000
-10 -0.65 7.7 155 148 136 30000
10 -0.65 7.7 163 150 139 30000
-10 -0.3 0 155 148 136 30000
10 -0.3 0 163 150 139 30000
-10 -0.3 0.35 155 148 136 30000
10 -0.3 0.35 163 150 139 30000
-10 -0.3 0.7 155 148 136 30000
10 -0.3 0.7 163 150 139 30000
-10 -0.3 1.05 155 148 136 30000
10 -0.3 1.05 163 150 139 30000
-10 -0.3 1.4 155 148 136 30000
10 -0.3 1.4 163 150 139 30000
-10 -0.3 1.75 155 148 136 30000
10 -0.3 1.75 163 150 139 30000
-10 -0.3 2.1 155 148 136 30000
10 -0.3 2.1 163 150 139 30000
-10 -0.3 2.45 155 148 136 30000
10 -0.3 2.45 163 150 139 30000
-10 -0.3 2.8 155 148 136 30000
10 -0.3 2.8 163 150 139 30000
-10 -0.3 3.15 155 148 136 30000
10 -0.3 3.15 163 150 139 30000
-10 -0.3 3.5 155 148 136 30000
10 -0.3 3.5 163 150 139 30000
-10 -0.3 3.85 155 148 136 30000
10 -0.3 3.85 163 150 139 30000
-10 -0.3 4.2 155 148 136 30000
10 -0.3 4.2 163 150 139 30000
-10 -0.3 4.55 155 148 136 30000
10 -0.3 4.55 163 150 139 30000
-10 -0.3 4.9 155 148 136 30000
10 -0.3 4.9 163 150 139 30000
-10 -0.3 5.25 155 148 136 30000
10 -0.3 5.25 163 150 139 30000
-10 -0.3 5.6 155 148 136 30000
10 -0.3 5.6 163 150 139 30000
-10 -0.3 5.95 155 148 136 30000
10 -0.3 5.95 163 150 139 30000
-10 -0.3 6.3 155 148 136 30000
10 -0.3 6.3 163 150 139 30000
-10 -0.3 6.65 155 148 136 30000
10 -0.3 6.65 163 150 139 30000
-10 -0.3 7 155 148 136 30000
10 -0.3 7 163 150 139 30000
-10 -0.3 7.35 155 148 136 30000
10 -0.3 7.35 163 150 139 30000
-10 -0.3 7.7 155 148 136 30000
10 -0.3 7.7 163 150 139 30000
-10 0.05 0 155 148 136 30000
10 0.05 0 163 150 139 30000
-10 0.05 0.35 155 148 136 30000
10 0.05 0.35 163 150 139 30000
-10 0.05 0.7 155 148 136 30000
10 0.05 0.7 163 150 139 30000
-10 0.05 1.05 155 148 136 30000
10 0.05 1.05 163 150 139 30000
-10 0.05 1.4 155 148 136 30000
10 0.05 1.4 163 150 139 30000
-10 0.05 1.75 155 148 136 30000
10 0.05 1.75 163 150 139 30000
-10 0.05 2.1 155 148 136 30000
10 0.05 2.1 163 150 139 30000
-10 0.05 2.45 155 148 136 30000
10 0.05 2.45 163 150 139 30000
-10 0.05 2.8 155 148 136 30000
10 0.05 2.8 163 150 139 30000
-10 0.05 3.15 155 148 136 30000
10 0.05 3.15 163 150 139 30000
-10 0.05 3.5 155 148 136 30000
10 0.05 3.5 163 150 139 30000
-10 0.05 3.85 155 148 136 30000
10 0.05 3.85 163 150 139 30000
-10 0.05 4.2 155 148 136 30000
10 0.05 4.2 163 150 139 30000
-10 0.05 4.55 155 148 136 30000
10 0.05 4.55 163 150 139 30000
-10 0.05 4.9 155 148 136 30000
10 0.05 4.9 163 150 139 30000
-10 0.05 5.25 155 148 136 30000
10 0.05 5.25 163 150 139 30000
-10 0.05 5.6 155 148 136 30000
10 0.05 5.6 163 150 139 30000
-10 0.05 5.95 155 148 136 30000
10 0.05 5.95 163 150 139 30000
-10 0.05 6.3 155 148 136 30000
10 0.05 6.3 163 150 139 30000
-10 0.05 6.65 155 148 136 30000
10 0.05 6.65 163 150 139 30000
-10 0.05 7 155 148 136 30000
10 0.05 7 163 150 139 30000
-10 0.05 7.35 155 148 136 30000
10 0.05 7.35 163 150 139 30000
-10 0.05 7.7 155 148 136 30000
10 0.05 7.7 163 150 139 30000
-10 0.4 0 155 148 136 30000
10 0.4 0 163 150 139 30000
-10 0.4 0.35 155 148 136 30000
10 0.4 0.35 163 150 139 30000
-10 0.4 0.7 155 148 136 30000
10 0.4 0.7 163 150 139 30000
-10 0.4 1.05 155 148 136 30000
10 0.4 1.05 163 150 139 30000
-10 0.4 1.4 155 148 136 30000
10 0.4 1.4 163 150 139 30000
-10 0.4 1.75 155 148 136 30000
10 0.4 1.75 163 150 139 30000
-10 0.4 2.1 155 148 136 30000
10 0.4 2.1 163 150 139 30000
-10 0.4 2.45 155 148 136 30000
10 0.4 2.45 163 150 139 30000
-10 0.4 2.8 155 148 136 30000
10 0.4 2.8 163 150 139 30000
-10 0.4 3.15 155 148 136 30000
10 0.4 3.15 163 150 139 30000
-10 0.4 3.5 155 148 136 30000
10 0.4 3.5 163 150 139 30000
-10 0.4 3.85 155 148 136 30000
10 0.4 3.85 163 150 139 30000
-10 0.4 4.2 155 148 136 30000
10 0.4 4.2 163 150 139 30000
-10 0.4 4.55 155 148 136 30000
10 0.4 4.55 163 150 139 30000
-10 0.4 4.9 155 148 136 30000
10 0.4 4.9 163 150 139 30000
-10 0.4 5.25 155 148 136 30000
10 0.4 5.25 163 150 139 30000
-10 0.4 5.6 155 148 136 30000
10 0.4 5.6 163 150 139 30000
-10 0.4 5.95 155 148 136 30000
10 0.4 5.95 163 150 139 30000
-10 0.4 6.3 155 148 136 30000
10 0.4 6.3 163 150 139 30000
-10 0.4 6.65 155 148 136 30000
10 0.4 6.65 163 150 139 30000
-10 0.4 7 155 148 136 30000
10 0.4 7 163 150 139 30000
-10 0.4 7.35 155 148 136 30000
10 0.4 7.35 163 150 139 30000
-10 0.4 7.7 155 148 136 30000
10 0.4 7.7 163 150 139 30000
-10 0.75 0 155 148 136 30000
10 0.75 0 163 150 139 30000
-10 0.75 0.35 155 148 136 30000
10 0.75 0.35 163 150 139 30000
-10 0.75 0.7 155 148 136 30000
10 0.75 0.7 163 150 139 30000
-10 0.75 1.05 155 148 136 30000
10 0.75 1.05 163 150 139 30000
-10 0.75 1.4 155 148 136 30000
10 0.75 1.4 163 150 139 30000
-10 0.75 1.75 155 148 136 30000
10 0.75 1.75 163 150 139 30000
-10 0.75 2.1 155 148 136 30000
10 0.75 2.1 163 150 139 30000
-10 0.75 2.45 155 148 136 30000
10 0.75 2.45 163 150 139 30000
-10 0.75 2.8 155 148 136 30000
10 0.75 2.8 163 150 139 30000
-10 0.75 3.15 155 148 136 30000
10 0.75 3.15 163 150 139 30000
-10 0.75 3.5 155 148 136 30000
10 0.75 3.5 163 150 139 30000
-10 0.75 3.85 155 148 136 30000
10 0.75 3.85 163 150 139 30000
-10 0.75 4.2 155 148 136 30000
10 0.75 4.2 163 150 139 30000
-10 0.75 4.55 155 148 136 30000
10 0.75 4.55 163 150 139 30000
-10 0.75 4.9 155 148 136 30000
10 0.75 4.9 163 150 139 30000
-10 0.75 5.25 155 148 136 30000
10 0.75 5.25 163 150 139 30000
-10 0.75 5.6 155 148 136 30000
10 0.75 5.6 163 150 139 30000
-10 0.75 5.95 155 148 136 30000
10 0.75 5.95 163 150 139 30000
-10 0.75 6.3 155 148 136 30000
10 0.75 6.3 163 150 139 30000
-10 0.75 6.65 155 148 136 30000
10 0.75 6.65 163 150 139 30000
-10 0.75 7 155 148 136 30000
10 0.75 7 163 150 139 30000
-10 0.75 7.35 155 148 136 30000
10 0.75 7.35 163 150 139 30000
-10 0.75 7.7 155 148 136 30000
10 0.75 7.7 163 150 139 30000
-10 1.1 0 155 148 136 30000
10 1.1 0 163 150 139 30000
-10 1.1 0.35 155 148 136 30000
10 1.1 0.35 163 150 139 30000
-10 1.1 0.7 155 148 136 30000
10 1.1 0.7 163 150 139 30000
-10 1.1 1.05 155 148 136 30000
10 1.1 1.05 163 150 139 30000
-10 1.1 1.4 155 148 136 30000
10 1.1 1.4 163 150 139 30000
-10 1.1 1.75 155 148 136 30000
10 1.1 1.75 163 150 139 30000
-10 1.1 2.1 155 148 136 30000
10 1.1 2.1 163 150 139 30000
-10 1.1 2.45 155 148 136 30000
10 1.1 2.45 163 150 139 30000
-10 1.1 2.8 155 148 136 30000
10 1.1 2.8 163 150 139 30000
-10 1.1 3.15 155 148 136 30000
10 1.1 3.15 163 150 139 30000
-10 1.1 3.5 155 148 136 30000
10 1.1 3.5 163 150 139 30000
-10 1.1 3.85 155 148 136 30000
10 1.1 3.85 163 150 139 30000
-10 1.1 4.2 155 148 136 30000
10 1.1 4.2 163 150 139 30000
-10 1.1 4.55 155 148 136 30000
10 1.1 4.55 163 150 139 30000
-10 1.1 4.9 155 148 136 30000
10 1.1 4.9 163 150 139 30000
-10 1.1 5.25 155 148 136 30000
10 1.1 5.25 163 150 139 30000
-10 1.1 5.6 155 148 136 30000
10 1.1 5.6 163 150 139 30000
-10 1.1 5.95 155 148 136 30000
10 1.1 5.95 163 150 139 30000
-10 1.1 6.3 155 148 136 30000
10 1.1 6.3 163 150 139 30000
-10 1.1 6.65 155 148 136 30000
10 1.1 6.65 163 150 139 30000
-10 1.1 7 155 148 136 30000
10 1.1 7 163 150 139 30000
-10 1.1 7.35 155 148 136 30000
10 1.1 7.35 163 150 139 30000
-10 1.1 7.7 155 148 136 30000
10 1.1 7.7 163 150 139 30000
-10 1.45 0 155 148 136 30000
10 1.45 0 163 150 139 30000
-10 1.45 0.35 155 148 136 30000
10 1.45 0.35 163 150 139 30000
-10 1.45 0.7 155 148 136 30000
10 1.45 0.7 163 150 139 30000
-10 1.45 1.05 155 148 136 30000
10 1.45 1.05 163 150 139 30000
-10 1.45 1.4 155 148 136 30000
10 1.45 1.4 163 150 139 30000
-10 1.45 1.75 155 148 136 30000
10 1.45 1.75 163 150 139 30000
-10 1.45 2.1 155 148 136 30000
10 1.45 2.1 163 150 139 30000
-10 1.45 2.45 155 148 136 30000
10 1.45 2.45 163 150 139 30000
-10 1.45 2.8 155 148 136 30000
10 1.45 2.8 163 150 139 30000
-10 1.45 3.15 155 148 136 30000
10 1.45 3.15 163 150 139 30000
-10 1.45 3.5 155 148 136 30000
10 1.45 3.5 163 150 139 30000
-10 1.45 3.85 155 148 136 30000
10 1.45 3.85 163 150 139 30000
-10 1.45 4.2 155 148 136 30000
10 1.45 4.2 163 150 139 30000
-10 1.45 4.55 155 148 136 30000
10 1.45 4.55 163 150 139 30000
-10 1.45 4.9 155 148 136 30000
10 1.45 4.9 163 150 139 30000
-10 1.45 5.25 155 148 136 30000
10 1.45 5.25 163 150 139 30000
-10 1.45 5.6 155 148 136 30000
10 1.45 5.6 163 150 139 30000
-10 1.45 5.95 155 148 136 30000
10 1.45 5.95 163 150 139 30000
-10 1.45 6.3 155 148 136 30000
10 1.45 6.3 163 150 139 30000
-10 1.45 6.65 155 148 136 30000
10 1.45 6.65 163 150 139 30000
-10 1.45 7 155 148 136 30000
10 1.45 7 163 150 139 30000
-10 1.45 7.35 155 148 136 30000
10 1.45 7.35 163 150 139 30000
-10 1.45 7.7 155 148 136 30000
10 1.45 7.7 163 150 139 30000
-10 1.8 0 155 148 136 30000
10 1.8 0 163 150 139 30000
-10 1.8 0.35 155 148 136 30000
10 1.8 0.35 163 150 139 30000
-10 1.8 0.7 155 148 136 30000
10 1.8 0.7 163 150 139 30000
-10 1.8 1.05 155 148 136 30000
10 1.8 1.05 163 150 139 30000
-10 1.8 1.4 155 148 136 30000
10 1.8 1.4 163 150 139 30000
-10 1.8 1.75 155 148 136 30000
10 1.8 1.75 163 150 139 30000
-10 1.8 2.1 155 148 136 30000
10 1.8 2.1 163 150 139 30000
-10 1.8 2.45 155 148 136 30000
10 1.8 2.45 163 150 139 30000
-10 1.8 2.8 155 148 136 30000
10 1.8 2.8 163 150 139 30000
-10 1.8 3.15 155 148 136 30000
10 1.8 3.15 163 150 139 30000
-10 1.8 3.5 155 148 136 30000
10 1.8 3.5 163 150 139 30000
-10 1.8 3.85 155 148 136 30000
10 1.8 3.85 163 150 139 30000
-10 1.8 4.2 155 148 136 30000
10 1.8 4.2 163 150 139 30000
-10 1.8 4.55 155 148 136 30000
10 1.8 4.55 163 150 139 30000
-10 1.8 4.9 155 148 136 30000
10 1.8 4.9 163 150 139 30000
-10 1.8 5.25 155 148 136 30000
10 1.8 5.25 163 150 139 30000
-10 1.8 5.6 155 148 136 30000
10 1.8 5.6 163 150 139 30000
-10 1.8 5.95 155 148 136 30000
10 1.8 5.95 163 150 139 30000
-10 1.8 6.3 155 148 136 30000
10 1.8 6.3 163 150 139 30000
-10 1.8 6.65 155 148 136 30000
10 1.8 6.65 163 150 139 30000
-10 1.8 7 155 148 136 30000
10 1.8 7 163 150 139 30000
-10 1.8 7.35 155 148 136 30000
10 1.8 7.35 163 150 139 30000
-10 1.8 7.7 155 148 136 30000
10 1.8 7.7 163 150 139 30000
-10 2.15 0 155 148 136 30000
10 2.15 0 163 150 139 30000
-10 2.15 0.35 155 148 136 30000
10 2.15 0.35 163 150 139 30000
-10 2.15 0.7 155 148 136 30000
10 2.15 0.7 163 150 139 30000
-10 2.15 1.05 155 148 136 30000
10 2.15 1.05 163 150 139 30000
-10 2.15 1.4 155 148 136 30000
10 2.15 1.4 163 150 139 30000
-10 2.15 1.75 155 148 136 30000
10 2.15 1.75 163 150 139 30000
-10 2.15 2.1 155 148 136 30000
10 2.15 2.1 163 150 139 30000
-10 2.15 2.45 155 148 136 30000
10 2.15 2.45 163 150 139 30000
-10 2.15 2.8 155 148 136 30000
10 2.15 2.8 163 150 139 30000
-10 2.15 3.15 155 148 136 30000
10 2.15 3.15 163 150 139 30000
-10 2.15 3.5 155 148 136 30000
10 2.15 3.5 163 150 139 30000
-10 2.15 3.85 155 148 136 30000
10 2.15 3.85 163 150 139 30000
-10 2.15 4.2 155 148 136 30000
10 2.15 4.2 163 150 139 30000
-10 2.15 4.55 155 148 136 30000
10 2.15 4.55 163 150 139 30000
-10 2.15 4.9 155 148 136 30000
10 2.15 4.9 163 150 139 30000
-10 2.15 5.25 155 148 136 30000
10 2.15 5.25 163 150 139 30000
-10 2.15 5.6 155 148 136 30000
10 2.15 5.6 163 150 139 30000
-10 2.15 5.95 155 148 136 30000
10 2.15 5.95 163 150 139 30000
-10 2.15 6.3 155 148 136 30000
10 2.15 6.3 163 150 139 30000
-10 2.15 6.65 155 148 136 30000
10 2.15 6.65 163 150 139 30000
-10 2.15 7 155 148 136 30000
10 2.15 7 163 150 139 30000
-10 2.15 7.35 155 148 136 30000
10 2.15 7.35 163 150 139 30000
-10 2.15 7.7 155 148 136 30000
10 2.15 7.7 163 150 139 30000
-10 2.5 0 155 148 136 30000
10 2.5 0 163 150 139 30000
-10 2.5 0.35 155 148 136 30000
10 2.5 0.35 163 150 139 30000
-10 2.5 0.7 155 148 136 30000
10 2.5 0.7 163 150 139 30000
-10 2.5 1.05 155 148 136 30000
10 2.5 1.05 163 150 139 30000
-10 2.5 1.4 155 148 136 30000
10 2.5 1.4 163 150 139 30000
-10 2.5 1.75 155 148 136 30000
10 2.5 1.75 163 150 139 30000
-10 2.5 2.1 155 148 136 30000
10 2.5 2.1 163 150 139 30000
-10 2.5 2.45 155 148 136 30000
10 2.5 2.45 163 150 139 30000
-10 2.5 2.8 155 148 136 30000
10 2.5 2.8 163 150 139 30000
-10 2.5 3.15 155 148 136 30000
10 2.5 3.15 163 150 139 30000
-10 2.5 3.5 155 148 136 30000
10 2.5 3.5 163 150 139 30000
-10 2.5 3.85 155 148 136 30000
10 2.5 3.85 163 150 139 30000
-10 2.5 4.2 155 148 136 30000
10 2.5 4.2 163 150 139 30000
-10 2.5 4.55 155 148 136 30000
10 2.5 4.55 163 150 139 30000
-10 2.5 4.9 155 148 136 30000
10 2.5 4.9 163 150 139 30000
-10 2.5 5.25 155 148 136 30000
10 2.5 5.25 163 150 139 30000
-10 2.5 5.6 155 148 136 30000
10 2.5 5.6 163 150 139 30000
-10 2.5 5.95 155 148 136 30000
10 2.5 5.95 163 150 139 30000
-10 2.5 6.3 155 148 136 30000
10 2.5 6.3 163 150 139 30000
-10 2.5 6.65 155 148 136 30000
10 2.5 6.65 163 150 139 30000
-10 2.5 7 155 148 136 30000
10 2.5 7 163 150 139 30000
-10 2.5 7.35 155 148 136 30000
10 2.5 7.35 163 150 139 30000
-10 2.5 7.7 155 148 136 30000
10 2.5 7.7 163 150 139 30000
-10 2.85 0 155 148 136 30000
10 2.85 0 163 150 139 30000
-10 2.85 0.35 155 148 136 30000
10 2.85 0.35 163 150 139 30000
-10 2.85 0.7 155 148 136 30000
10 2.85 0.7 163 150 139 30000
-10 2.85 1.05 155 148 136 30000
10 2.85 1.05 163 150 139 30000
-10 2.85 1.4 155 148 136 30000
10 2.85 1.4 163 150 139 30000
-10 2.85 1.75 155 148 136 30000
10 2.85 1.75 163 150 139 30000
-10 2.85 2.1 155 148 136 30000
10 2.85 2.1 163 150 139 30000
-10 2.85 2.45 155 148 136 30000
10 2.85 2.45 163 150 139 30000
-10 2.85 2.8 155 148 136 30000
10 2.85 2.8 163 150 139 30000
-10 2.85 3.15 155 148 136 30000
10 2.85 3.15 163 150 139 30000
-10 2.85 3.5 155 148 136 30000
10 2.85 3.5 163 150 139 30000
-10 2.85 3.85 155 148 136 30000
10 2.85 3.85 163 150 139 30000
-10 2.85 4.2 155 148 136 30000
10 2.85 4.2 163 150 139 30000
-10 2.85 4.55 155 148 136 30000
10 2.85 4.55 163 150 139 30000
-10 2.85 4.9 155 148 136 30000
10 2.85 4.9 163 150 139 30000
-10 2.85 5.25 155 148 136 30000
10 2.85 5.25 163 150 139 30000
-10 2.85 5.6 155 148 136 30000
10 2.85 5.6 163 150 139 30000
-10 2.85 5.95 155 148 136 30000
10 2.85 5.95 163 150 139 30000
-10 2.85 6.3 155 148 136 30000
10 2.85 6.3 163 150 139 30000
-10 2.85 6.65 155 148 136 30000
10 2.85 6.65 163 150 139 30000
-10 2.85 7 155 148 136 30000
10 2.85 7 163 150 139 30000
-10 2.85 7.35 155 148 136 30000
10 2.85 7.35 163 150 139 30000
-10 2.85 7.7 155 148 136 30000
10 2.85 7.7 163 150 139 30000
-10 3.2 0 155 148 136 30000
10 3.2 0 163 150 139 30000
-10 3.2 0.35 155 148 136 30000
10 3.2 0.35 163 150 139 30000
-10 3.2 0.7 155 148 136 30000
10 3.2 0.7 163 150 139 30000
-10 3.2 1.05 155 148 136 30000
10 3.2 1.05 163 150 139 30000
-10 3.2 1.4 155 148 136 30000
10 3.2 1.4 163 150 139 30000
-10 3.2 1.75 155 148 136 30000
10 3.2 1.75 163 150 139 30000
-10 3.2 2.1 155 148 136 30000
10 3.2 2.1 163 150 139 30000
-10 3.2 2.45 155 148 136 30000
10 3.2 2.45 163 150 139 30000
-10 3.2 2.8 155 148 136 30000
10 3.2 2.8 163 150 139 30000
-10 3.2 3.15 155 148 136 30000
10 3.2 3.15 163 150 139 30000
-10 3.2 3.5 155 148 136 30000
10 3.2 3.5 163 150 139 30000
-10 3.2 3.85 155 148 136 30000
10 3.2 3.85 163 150 139 30000
-10 3.2 4.2 155 148 136 30000
10 3.2 4.2 163 150 139 30000
-10 3.2 4.55 155 148 136 30000
10 3.2 4.55 163 150 139 30000
-10 3.2 4.9 155 148 136 30000
10 3.2 4.9 163 150 139 30000
-10 3.2 5.25 155 148 136 30000
10 3.2 5.25 163 150 139 30000
-10 3.2 5.6 155 148 136 30000
10 3.2 5.6 163 150 139 30000
-10 3.2 5.95 155 148 136 30000
10 3.2 5.95 163 150 139 30000
-10 3.2 6.3 155 148 136 30000
10 3.2 6.3 163 150 139 30000
-10 3.2 6.65 155 148 136 30000
10 3.2 6.65 163 150 139 30000
-10 3.2 7 155 148 136 30000
10 3.2 7 163 150 139 30000
-10 3.2 7.35 155 148 136 30000
10 3.2 7.35 163 150 139 30000
-10 3.2 7.7 155 148 136 30000
10 3.2 7.7 163 150 139 30000
-10 3.55 0 155 148 136 30000
10 3.55 0 163 150 139 30000
-10 3.55 0.35 155 148 136 30000
10 3.55 0.35 163 150 139 30000
-10 3.55 0.7 155 148 136 30000
10 3.55 0.7 163 150 139 30000
-10 3.55 1.05 155 148 136 30000
10 3.55 1.05 163 150 139 30000
-10 3.55 1.4 155 148 136 30000
10 3.55 1.4 163 150 139 30000
-10 3.55 1.75 155 148 136 30000
10 3.55 1.75 163 150 139 30000
-10 3.55 2.1 155 148 136 30000
10 3.55 2.1 163 150 139 30000
-10 3.55 2.45 155 148 136 30000
10 3.55 2.45 163 150 139 30000
-10 3.55 2.8 155 148 136 30000
10 3.55 2.8 163 150 139 30000
-10 3.55 3.15 155 148 136 30000
10 3.55 3.15 163 150 139 30000
-10 3.55 3.5 155 148 136 30000
10 3.55 3.5 163 150 139 30000
-10 3.55 3.85 155 148 136 30000
10 3.55 3.85 163 150 139 30000
-10 3.55 4.2 155 148 136 30000
10 3.55 4.2 163 150 139 30000
-10 3.55 4.55 155 148 136 30000
10 3.55 4.55 163 150 139 30000
-10 3.55 4.9 155 148 136 30000
10 3.55 4.9 163 150 139 30000
-10 3.55 5.25 155 148 136 30000
10 3.55 5.25 163 150 139 30000
-10 3.55 5.6 155 148 136 30000
10 3.55 5.6 163 150 139 30000
-10 3.55 5.95 155 148 136 30000
10 3.55 5.95 163 150 139 30000
-10 3.55 6.3 155 148 136 30000
10 3.55 6.3 163 150 139 30000
-10 3.55 6.65 155 148 136 30000
10 3.55 6.65 163 150 139 30000
-10 3.55 7 155 148 136 30000
10 3.55 7 163 150 139 30000
-10 3.55 7.35 155 148 136 30000
10 3.55 7.35 163 150 139 30000
-10 3.55 7.7 155 148 136 30000
10 3.55 7.7 163 150 139 30000
-10 3.9 0 155 148 136 30000
10 3.9 0 163 150 139 30000
-10 3.9 0.35 155 148 136 30000
10 3.9 0.35 163 150 139 30000
-10 3.9 0.7 155 148 136 30000
10 3.9 0.7 163 150 139 30000
-10 3.9 1.05 155 148 136 30000
10 3.9 1.05 163 150 139 30000
-10 3.9 1.4 155 148 136 30000
10 3.9 1.4 163 150 139 30000
-10 3.9 1.75 155 148 136 30000
10 3.9 1.75 163 150 139 30000
-10 3.9 2.1 155 148 136 30000
10 3.9 2.1 163 150 139 30000
-10 3.9 2.45 155 148 136 30000
10 3.9 2.45 163 150 139 30000
-10 3.9 2.8 155 148 136 30000
10 3.9 2.8 163 150 139 30000
-10 3.9 3.15 155 148 136 30000
10 3.9 3.15 163 150 139 30000
-10 3.9 3.5 155 148 136 30000
10 3.9 3.5 163 150 139 30000
-10 3.9 3.85 155 148 136 30000
10 3.9 3.85 163 150 139 30000
-10 3.9 4.2 155 148 136 30000
10 3.9 4.2 163 150 139 30000
-10 3.9 4.55 155 148 136 30000
10 3.9 4.55 163 150 139 30000
-10 3.9 4.9 155 148 136 30000
10 3.9 4.9 163 150 139 30000
-10 3.9 5.25 155 148 136 30000
10 3.9 5.25 163 150 139 30000
-10 3.9 5.6 155 148 136 30000
10 3.9 5.6 163 150 139 30000
-10 3.9 5.95 155 148 136 30000
10 3.9 5.95 163 150 139 30000
-10 3.9 6.3 155 148 136 30000
10 3.9 6.3 163 150 139 30000
-10 3.9 6.65 155 148 136 30000
10 3.9 6.65 163 150 139 30000
-10 3.9 7 155 148 136 30000
10 3.9 7 163 150 139 30000
-10 3.9 7.35 155 148 136 30000
10 3.9 7.35 163 150 139 30000
-10 3.9 7.7 155 148 136 30000
10 3.9 7.7 163 150 139 30000
-10 4.25 0 155 148 136 30000
10 4.25 0 163 150 139 30000
-10 4.25 0.35 155 148 136 30000
10 4.25 0.35 163 150 139 30000
-10 4.25 0.7 155 148 136 30000
10 4.25 0.7 163 150 139 30000
-10 4.25 1.05 155 148 136 30000
10 4.25 1.05 163 150 139 30000
-10 4.25 1.4 155 148 136 30000
10 4.25 1.4 163 150 139 30000
-10 4.25 1.75 155 148 136 30000
10 4.25 1.75 163 150 139 30000
-10 4.25 2.1 155 148 136 30000
10 4.25 2.1 163 150 139 30000
-10 4.25 2.45 155 148 136 30000
10 4.25 2.45 163 150 139 30000
-10 4.25 2.8 155 148 136 30000
10 4.25 2.8 163 150 139 30000
-10 4.25 3.15 155 148 136 30000
10 4.25 3.15 163 150 139 30000
-10 4.25 3.5 155 148 136 30000
10 4.25 3.5 163 150 139 30000
-10 4.25 3.85 155 148 136 30000
10 4.25 3.85 163 150 139 30000
-10 4.25 4.2 155 148 136 30000
10 4.25 4.2 163 150 139 30000
-10 4.25 4.55 155 148 136 30000
10 4.25 4.55 163 150 139 30000
-10 4.25 4.9 155 148 136 30000
10 4.25 4.9 163 150 139 30000
-10 4.25 5.25 155 148 136 30000
10 4.25 5.25 163 150 139 30000
-10 4.25 5.6 155 148 136 30000
10 4.25 5.6 163 150 139 30000
-10 4.25 5.95 155 148 136 30000
10 4.25 5.95 163 150 139 30000
-10 4.25 6.3 155 148 136 30000
10 4.25 6.3 163 150 139 30000
-10 4.25 6.65 155 148 136 30000
10 4.25 6.65 163 150 139 30000
-10 4.25 7 155 148 136 30000
10 4.25 7 163 150 139 30000
-10 4.25 7.35 155 148 136 30000
10 4.25 7.35 163 150 139 30000
-10 4.25 7.7 155 148 136 30000
10 4.25 7.7 163 150 139 30000
-10 4.6 0 155 148 136 30000
10 4.6 0 163 150 139 30000
-10 4.6 0.35 155 148 136 30000
10 4.6 0.35 163 150 139 30000
-10 4.6 0.7 155 148 136 30000
10 4.6 0.7 163 150 139 30000
-10 4.6 1.05 155 148 136 30000
10 4.6 1.05 163 150 139 30000
-10 4.6 1.4 155 148 136 30000
10 4.6 1.4 163 150 139 30000
-10 4.6 1.75 155 148 136 30000
10 4.6 1.75 163 150 139 30000
-10 4.6 2.1 155 148 136 30000
10 4.6 2.1 163 150 139 30000
-10 4.6 2.45 155 148 136 30000
10 4.6 2.45 163 150 139 30000
-10 4.6 2.8 155 148 136 30000
10 4.6 2.8 163 150 139 30000
-10 4.6 3.15 155 148 136 30000
10 4.6 3.15 163 150 139 30000
-10 4.6 3.5 155 148 136 30000
10 4.6 3.5 163 150 139 30000
-10 4.6 3.85 155 148 136 30000
10 4.6 3.85 163 150 139 30000
-10 4.6 4.2 155 148 136 30000
10 4.6 4.2 163 150 139 30000
-10 4.6 4.55 155 148 136 30000
10 4.6 4.55 163 150 139 30000
-10 4.6 4.9 155 148 136 30000
10 4.6 4.9 163 150 139 30000
-10 4.6 5.25 155 148 136 30000
10 4.6 5.25 163 150 139 30000
-10 4.6 5.6 155 148 136 30000
10 4.6 5.6 163 150 139 30000
-10 4.6 5.95 155 148 136 30000
10 4.6 5.95 163 150 139 30000
-10 4.6 6.3 155 148 136 30000
10 4.6 6.3 163 150 139 30000
-10 4.6 6.65 155 148 136 30000
10 4.6 6.65 163 150 139 30000
-10 4.6 7 155 148 136 30000
10 4.6 7 163 150 139 30000
-10 4.6 7.35 155 148 136 30000
10 4.6 7.35 163 150 139 30000
-10 4.6 7.7 155 148 136 30000
10 4.6 7.7 163 150 139 30000
-10 4.95 0 155 148 136 30000
10 4.95 0 163 150 139 30000
-10 4.95 0.35 155 148 136 30000
10 4.95 0.35 163 150 139 30000
-10 4.95 0.7 155 148 136 30000
10 4.95 0.7 163 150 139 30000
-10 4.95 1.05 155 148 136 30000
10 4.95 1.05 163 150 139 30000
-10 4.95 1.4 155 148 136 30000
10 4.95 1.4 163 150 139 30000
-10 4.95 1.75 155 148 136 30000
10 4.95 1.75 163 150 139 30000
-10 4.95 2.1 155 148 136 30000
10 4.95 2.1 163 150 139 30000
-10 4.95 2.45 155 148 136 30000
10 4.95 2.45 163 150 139 30000
-10 4.95 2.8 155 148 136 30000
10 4.95 2.8 163 150 139 30000
-10 4.95 3.15 155 148 136 30000
10 4.95 3.15 163 150 139 30000
-10 4.95 3.5 155 148 136 30000
10 4.95 3.5 163 150 139 30000
-10 4.95 3.85 155 148 136 30000
10 4.95 3.85 163 150 139 30000
-10 4.95 4.2 155 148 136 30000
10 4.95 4.2 163 150 139 30000
-10 4.95 4.55 155 148 136 30000
10 4.95 4.55 163 150 139 30000
-10 4.95 4.9 155 148 136 30000
10 4.95 4.9 163 150 139 30000
-10 4.95 5.25 155 148 136 30000
10 4.95 5.25 163 150 139 30000
-10 4.95 5.6 155 148 136 30000
10 4.95 5.6 163 150 139 30000
-10 4.95 5.95 155 148 136 30000
10 4.95 5.95 163 150 139 30000
-10 4.95 6.3 155 148 136 30000
10 4.95 6.3 163 150 139 30000
-10 4.95 6.65 155 148 136 30000
10 4.95 6.65 163 150 139 30000
-10 4.95 7 155 148 136 30000
10 4.95 7 163 150 139 30000
-10 4.95 7.35 155 148 136 30000
10 4.95 7.35 163 150 139 30000
-10 4.95 7.7 155 148 136 30000
10 4.95 7.7 163 150 139 30000
-10 5.3 0 155 148 136 30000
10 5.3 0 163 150 139 30000
-10 5.3 0.35 155 148 136 30000
10 5.3 0.35 163 150 139 30000
-10 5.3 0.7 155 148 136 30000
10 5.3 0.7 163 150 139 30000
-10 5.3 1.05 155 148 136 30000
10 5.3 1.05 163 150 139 30000
-10 5.3 1.4 155 148 136 30000
10 5.3 1.4 163 150 139 30000
-10 5.3 1.75 155 148 136 30000
10 5.3 1.75 163 150 139 30000
-10 5.3 2.1 155 148 136 30000
10 5.3 2.1 163 150 139 30000
-10 5.3 2.45 155 148 136 30000
10 5.3 2.45 163 150 139 30000
-10 5.3 2.8 155 148 136 30000
10 5.3 2.8 163 150 139 30000
-10 5.3 3.15 155 148 136 30000
10 5.3 3.15 163 150 139 30000
-10 5.3 3.5 155 148 136 30000
10 5.3 3.5 163 150 139 30000
-10 5.3 3.85 155 148 136 30000
10 5.3 3.85 163 150 139 30000
-10 5.3 4.2 155 148 136 30000
10 5.3 4.2 163 150 139 30000
-10 5.3 4.55 155 148 136 30000
10 5.3 4.55 163 150 139 30000
-10 5.3 4.9 155 148 136 30000
10 5.3 4.9 163 150 139 30000
-10 5.3 5.25 155 148 136 30000
10 5.3 5.25 163 150 139 30000
-10 5.3 5.6 155 148 136 30000
10 5.3 5.6 163 150 139 30000
-10 5.3 5.95 155 148 136 30000
10 5.3 5.95 163 150 139 30000
-10 5.3 6.3 155 148 136 30000
10 5.3 6.3 163 150 139 30000
-10 5.3 6.65 155 148 136 30000
10 5.3 6.65 163 150 139 30000
-10 5.3 7 155 148 136 30000
10 5.3 7 163 150 139 30000
-10 5.3 7.35 155 148 136 30000
10 5.3 7.35 163 150 139 30000
-10 5.3 7.7 155 148 136 30000
10 5.3 7.7 163 150 139 30000
-10 5.65 0 155 148 136 30000
10 5.65 0 163 150 139 30000
-10 5.65 0.35 155 148 136 30000
10 5.65 0.35 163 150 139 30000
-10 5.65 0.7 155 148 136 30000
10 5.65 0.7 163 150 139 30000
-10 5.65 1.05 155 148 136 30000
10 5.65 1.05 163 150 139 30000
-10 5.65 1.4 155 148 136 30000
10 5.65 1.4 163 150 139 30000
-10 5.65 1.75 155 148 136 30000
10 5.65 1.75 163 150 139 30000
-10 5.65 2.1 155 148 136 30000
10 5.65 2.1 163 150 139 30000
-10 5.65 2.45 155 148 136 30000
10 5.65 2.45 163 150 139 30000
-10 5.65 2.8 155 148 136 30000
10 5.65 2.8 163 150 139 30000
-10 5.65 3.15 155 148 136 30000
10 5.65 3.15 163 150 139 30000
-10 5.65 3.5 155 148 136 30000
10 5.65 3.5 163 150 139 30000
-10 5.65 3.85 155 148 136 30000
10 5.65 3.85 163 150 139 30000
-10 5.65 4.2 155 148 136 30000
10 5.65 4.2 163 150 139 30000
-10 5.65 4.55 155 148 136 30000
10 5.65 4.55 163 150 139 30000
-10 5.65 4.9 155 148 136 30000
10 5.65 4.9 163 150 139 30000
-10 5.65 5.25 155 148 136 30000
10 5.65 5.25 163 150 139 30000
-10 5.65 5.6 155 148 136 30000
10 5.65 5.6 163 150 139 30000
-10 5.65 5.95 155 148 136 30000
10 5.65 5.95 163 150 139 30000
-10 5.65 6.3 155 148 136 30000
10 5.65 6.3 163 150 139 30000
-10 5.65 6.65 155 148 136 30000
10 5.65 6.65 163 150 139 30000
-10 5.65 7 155 148 136 30000
10 5.65 7 163 150 139 30000
-10 5.65 7.35 155 148 136 30000
10 5.65 7.35 163 150 139 30000
-10 5.65 7.7 155 148 136 30000
10 5.65 7.7 163 150 139 30000
-10 6 0 155 148 136 30000
10 6 0 163 150 139 30000
-10 6 0.35 155 148 136 30000
10 6 0.35 163 150 139 30000
-10 6 0.7 155 148 136 30000
10 6 0.7 163 150 139 30000
-10 6 1.05 155 148 136 30000
10 6 1.05 163 150 139 30000
-10 6 1.4 155 148 136 30000
10 6 1.4 163 150 139 30000
-10 6 1.75 155 148 136 30000
10 6 1.75 163 150 139 30000
-10 6 2.1 155 148 136 30000
10 6 2.1 163 150 139 30000
-10 6 2.45 155 148 136 30000
10 6 2.45 163 150 139 30000
-10 6 2.8 155 148 136 30000
10 6 2.8 163 150 139 30000
-10 6 3.15 155 148 136 30000
10 6 3.15 163 150 139 30000
-10 6 3.5 155 148 136 30000
10 6 3.5 163 150 139 30000
-10 6 3.85 155 148 136 30000
10 6 3.85 163 150 139 30000
-10 6 4.2 155 148 136 30000
10 6 4.2 163 150 139 30000
-10 6 4.55 155 148 136 30000
10 6 4.55 163 150 139 30000
-10 6 4.9 155 148 136 30000
10 6 4.9 163 150 139 30000
-10 6 5.25 155 148 136 30000
10 6 5.25 163 150 139 30000
-10 6 5.6 155 148 136 30000
10 6 5.6 163 150 139 30000
-10 6 5.95 155 148 136 30000
10 6 5.95 163 150 139 30000
-10 6 6.3 155 148 136 30000
10 6 6.3 163 150 139 30000
-10 6 6.65 155 148 136 30000
10 6 6.65 163 150 139 30000
-10 6 7 155 148 136 30000
10 6 7 163 150 139 30000
-10 6 7.35 155 148 136 30000
10 6 7.35 163 150 139 30000
-10 6 7.7 155 148 136 30000
10 6 7.7 163 150 139 30000
-10 6.35 0 155 148 136 30000
10 6.35 0 163 150 139 30000
-10 6.35 0.35 155 148 136 30000
10 6.35 0.35 163 150 139 30000
-10 6.35 0.7 155 148 136 30000
10 6.35 0.7 163 150 139 30000
-10 6.35 1.05 155 148 136 30000
10 6.35 1.05 163 150 139 30000
-10 6.35 1.4 155 148 136 30000
10 6.35 1.4 163 150 139 30000
-10 6.35 1.75 155 148 136 30000
10 6.35 1.75 163 150 139 30000
-10 6.35 2.1 155 148 136 30000
10 6.35 2.1 163 150 139 30000
-10 6.35 2.45 155 148 136 30000
10 6.35 2.45 163 150 139 30000
-10 6.35 2.8 155 148 136 30000
10 6.35 2.8 163 150 139 30000
-10 6.35 3.15 155 148 136 30000
10 6.35 3.15 163 150 139 30000
-10 6.35 3.5 155 148 136 30000
10 6.35 3.5 163 150 139 30000
-10 6.35 3.85 155 148 136 30000
10 6.35 3.85 163 150 139 30000
-10 6.35 4.2 155 148 136 30000
10 6.35 4.2 163 150 139 30000
-10 6.35 4.55 155 148 136 30000
10 6.35 4.55 163 150 139 30000
-10 6.35 4.9 155 148 136 30000
10 6.35 4.9 163 150 139 30000
-10 6.35 5.25 155 148 136 30000
10 6.35 5.25 163 150 139 30000
-10 6.35 5.6 155 148 136 30000
10 6.35 5.6 163 150 139 30000
-10 6.35 5.95 155 148 136 30000
10 6.35 5.95 163 150 139 30000
-10 6.35 6.3 155 148 136 30000
10 6.35 6.3 163 150 139 30000
-10 6.35 6.65 155 148 136 30000
10 6.35 6.65 163 150 139 30000
-10 6.35 7 155 148 136 30000
10 6.35 7 163 150 139 30000
-10 6.35 7.35 155 148 136 30000
10 6.35 7.35 163 150 139 30000
-10 6.35 7.7 155 148 136 30000
10 6.35 7.7 163 150 139 30000
-10 6.7 0 155 148 136 30000
10 6.7 0 163 150 139 30000
-10 6.7 0.35 155 148 136 30000
10 6.7 0.35 163 150 139 30000
-10 6.7 0.7 155 148 136 30000
10 6.7 0.7 163 150 139 30000
-10 6.7 1.05 155 148 136 30000
10 6.7 1.05 163 150 139 30000
-10 6.7 1.4 155 148 136 30000
10 6.7 1.4 163 150 139 30000
-10 6.7 1.75 155 148 136 30000
10 6.7 1.75 163 150 139 30000
-10 6.7 2.1 155 148 136 30000
10 6.7 2.1 163 150 139 30000
-10 6.7 2.45 155 148 136 30000
10 6.7 2.45 163 150 139 30000
-10 6.7 2.8 155 148 136 30000
10 6.7 2.8 163 150 139 30000
-10 6.7 3.15 155 148 136 30000
10 6.7 3.15 163 150 139 30000
-10 6.7 3.5 155 148 136 30000
10 6.7 3.5 163 150 139 30000
-10 6.7 3.85 155 148 136 30000
10 6.7 3.85 163 150 139 30000
-10 6.7 4.2 155 148 136 30000
10 6.7 4.2 163 150 139 30000
-10 6.7 4.55 155 148 136 30000
10 6.7 4.55 163 150 139 30000
-10 6.7 4.9 155 148 136 30000
10 6.7 4.9 163 150 139 30000
-10 6.7 5.25 155 148 136 30000
10 6.7 5.25 163 150 139 30000
-10 6.7 5.6 155 148 136 30000
10 6.7 5.6 163 150 139 30000
-10 6.7 5.95 155 148 136 30000
10 6.7 5.95 163 150 139 30000
-10 6.7 6.3 155 148 136 30000
10 6.7 6.3 163 150 139 30000
-10 6.7 6.65 155 148 136 30000
10 6.7 6.65 163 150 139 30000
-10 6.7 7 155 148 136 30000
10 6.7 7 163 150 139 30000
-10 6.7 7.35 155 148 136 30000
10 6.7 7.35 163 150 139 30000
-10 6.7 7.7 155 148 136 30000
10 6.7 7.7 163 150 139 30000
-10 7.05 0 155 148 136 30000
10 7.05 0 163 150 139 30000
-10 7.05 0.35 155 148 136 30000
10 7.05 0.35 163 150 139 30000
-10 7.05 0.7 155 148 136 30000
10 7.05 0.7 163 150 139 30000
-10 7.05 1.05 155 148 136 30000
10 7.05 1.05 163 150 139 30000
-10 7.05 1.4 155 148 136 30000
10 7.05 1.4 163 150 139 30000
-10 7.05 1.75 155 148 136 30000
10 7.05 1.75 163 150 139 30000
-10 7.05 2.1 155 148 136 30000
10 7.05 2.1 163 150 139 30000
-10 7.05 2.45 155 148 136 30000
10 7.05 2.45 163 150 139 30000
-10 7.05 2.8 155 148 136 30000
10 7.05 2.8 163 150 139 30000
-10 7.05 3.15 155 148 136 30000
10 7.05 3.15 163 150 139 30000
-10 7.05 3.5 155 148 136 30000
10 7.05 3.5 163 150 139 30000
-10 7.05 3.85 155 148 136 30000
10 7.05 3.85 163 150 139 30000
-10 7.05 4.2 155 148 136 30000
10 7.05 4.2 163 150 139 30000
-10 7.05 4.55 155 148 136 30000
10 7.05 4.55 163 150 139 30000
-10 7.05 4.9 155 148 136 30000
10 7.05 4.9 163 150 139 30000
-10 7.05 5.25 155 148 136 30000
10 7.05 5.25 163 150 139 30000
-10 7.05 5.6 155 148 136 30000
10 7.05 5.6 163 150 139 30000
-10 7.05 5.95 155 148 136 30000
10 7.05 5.95 163 150 139 30000
-10 7.05 6.3 155 148 136 30000
10 7.05 6.3 163 150 139 30000
-10 7.05 6.65 155 148 136 30000
10 7.05 6.65 163 150 139 30000
-10 7.05 7 155 148 136 30000
10 7.05 7 163 150 139 30000
-10 7.05 7.35 155 148 136 30000
10 7.05 7.35 163 150 139 30000
-10 7.05 7.7 155 148 136 30000
10 7.05 7.7 163 150 139 30000
-10 7.4 0 155 148 136 30000
10 7.4 0 163 150 139 30000
-10 7.4 0.35 155 148 136 30000
10 7.4 0.35 163 150 139 30000
-10 7.4 0.7 155 148 136 30000
10 7.4 0.7 163 150 139 30000
-10 7.4 1.05 155 148 136 30000
10 7.4 1.05 163 150 139 30000
-10 7.4 1.4 155 148 136 30000
10 7.4 1.4 163 150 139 30000
-10 7.4 1.75 155 148 136 30000
10 7.4 1.75 163 150 139 30000
-10 7.4 2.1 155 148 136 30000
10 7.4 2.1 163 150 139 30000
-10 7.4 2.45 155 148 136 30000
10 7.4 2.45 163 150 139 30000
-10 7.4 2.8 155 148 136 30000
10 7.4 2.8 163 150 139 30000
-10 7.4 3.15 155 148 136 30000
10 7.4 3.15 163 150 139 30000
-10 7.4 3.5 155 148 136 30000
10 7.4 3.5 163 150 139 30000
-10 7.4 3.85 155 148 136 30000
10 7.4 3.85 163 150 139 30000
-10 7.4 4.2 155 148 136 30000
10 7.4 4.2 163 150 139 30000
-10 7.4 4.55 155 148 136 30000
10 7.4 4.55 163 150 139 30000
-10 7.4 4.9 155 148 136 30000
10 7.4 4.9 163 150 139 30000
-10 7.4 5.25 155 148 136 30000
10 7.4 5.25 163 150 139 30000
-10 7.4 5.6 155 148 136 30000
10 7.4 5.6 163 150 139 30000
-10 7.4 5.95 155 148 136 30000
10 7.4 5.95 163 150 139 30000
-10 7.4 6.3 155 148 136 30000
10 7.4 6.3 163 150 139 30000
-10 7.4 6.65 155 148 136 30000
10 7.4 6.65 163 150 139 30000
-10 7.4 7 155 148 136 30000
10 7.4 7 163 150 139 30000
-10 7.4 7.35 155 148 136 30000
10 7.4 7.35 163 150 139 30000
-10 7.4 7.7 155 148 136 30000
10 7.4 7.7 163 150 139 30000
-10 7.75 0 155 148 136 30000
10 7.75 0 163 150 139 30000
-10 7.75 0.35 155 148 136 30000
10 7.75 0.35 163 150 139 30000
-10 7.75 0.7 155 148 136 30000
10 7.75 0.7 163 150 139 30000
-10 7.75 1.05 155 148 136 30000
10 7.75 1.05 163 150 139 30000
-10 7.75 1.4 155 148 136 30000
10 7.75 1.4 163 150 139 30000
-10 7.75 1.75 155 148 136 30000
10 7.75 1.75 163 150 139 30000
-10 7.75 2.1 155 148 136 30000
10 7.75 2.1 163 150 139 30000
-10 7.75 2.45 155 148 136 30000
10 7.75 2.45 163 150 139 30000
-10 7.75 2.8 155 148 136 30000
10 7.75 2.8 163 150 139 30000
-10 7.75 3.15 155 148 136 30000
10 7.75 3.15 163 150 139 30000
-10 7.75 3.5 155 148 136 30000
10 7.75 3.5 163 150 139 30000
-10 7.75 3.85 155 148 136 30000
10 7.75 3.85 163 150 139 30000
-10 7.75 4.2 155 148 136 30000
10 7.75 4.2 163 150 139 30000
-10 7.75 4.55 155 148 136 30000
10 7.75 4.55 163 150 139 30000
-10 7.75 4.9 155 148 136 30000
10 7.75 4.9 163 150 139 30000
-10 7.75 5.25 155 148 136 30000
10 7.75 5.25 163 150 139 30000
-10 7.75 5.6 155 148 136 30000
10 7.75 5.6 163 150 139 30000
-10 7.75 5.95 155 148 136 30000
10 7.75 5.95 163 150 139 30000
-10 7.75 6.3 155 148 136 30000
10 7.75 6.3 163 150 139 30000
-10 7.75 6.65 155 148 136 30000
10 7.75 6.65 163 150 139 30000
-10 7.75 7 155 148 136 30000
10 7.75 7 163 150 139 30000
-10 7.75 7.35 155 148 136 30000
10 7.75 7.35 163 150 139 30000
-10 7.75 7.7 155 148 136 30000
10 7.75 7.7 163 150 139 30000
-10 -8 8 160 90 63 30000
-10 -7.65 8.13 160 90 63 30000
-10 -7.3 8.26 160 90 63 30000
-10 -6.95 8.39 160 90 63 30000
-10 -6.6 8.52 160 90 63 30000
-10 -6.25 8.66 160 90 63 30000
-10 -5.9 8.79 160 90 63 30000
-10 -5.55 8.92 160 90 63 30000
-10 -5.2 9.05 160 90 63 30000
-10 -4.85 9.18 160 90 63 30000
-10 -4.5 9.31 160 90 63 30000
-10 -4.15 9.44 160 90 63 30000
-10 -3.8 9.57 160 90 63 30000
-10 -3.45 9.71 160 90 63 30000
-10 -3.1 9.84 160 90 63 30000
-10 -2.75 9.97 160 90 63 30000
-10 -2.4 10.1 160 90 63 30000
-10 -2.05 10.23 160 90 63 30000
-10 -1.7 10.36 160 90 63 30000
-10 -1.35 10.49 160 90 63 30000
-10 -1 10.62 160 90 63 30000
-10 -0.65 10.76 160 90 63 30000
-10 -0.3 10.89 160 90 63 30000
-10 0.05 10.98 160 90 63 30000
-10 0.4 10.85 160 90 63 30000
-10 0.75 10.72 160 90 63 30000
-10 1.1 10.59 160 90 63 30000
-10 1.45 10.46 160 90 63 30000
-10 1.8 10.33 160 90 63 30000
-10 2.15 10.19 160 90 63 30000
-10 2.5 10.06 160 90 63 30000
-10 2.85 9.93 160 90 63 30000
-10 3.2 9.8 160 90 63 30000
-10 3.55 9.67 160 90 63 30000
-10 3.9 9.54 160 90 63 30000
-10 4.25 9.41 160 90 63 30000
-10 4.6 9.28 160 90 63 30000
-10 4.95 9.14 160 90 63 30000
-10 5.3 9.01 160 90 63 30000
-10 5.65 8.88 160 90 63 30000
-10 6 8.75 160 90 63 30000
-10 6.35 8.62 160 90 63 30000
-10 6.7 8.49 160 90 63 30000
-10 7.05 8.36 160 90 63 30000
-10 7.4 8.23 160 90 63 30000
-10 7.75 8.09 160 90 63 30000
-9.65 -8 8 160 90 63 30000
-9.65 -7.65 8.13 160 90 63 30000
-9.65 -7.3 8.26 160 90 63 30000
-9.65 -6.95 8.39 160 90 63 30000
-9.65 -6.6 8.52 160 90 63 30000
-9.65 -6.25 8.66 160 90 63 30000
-9.65 -5.9 8.79 160 90 63 30000
-9.65 -5.55 8.92 160 90 63 30000
-9.65 -5.2 9.05 160 90 63 30000
-9.65 -4.85 9.18 160 90 63 30000
-9.65 -4.5 9.31 160 90 63 30000
-9.65 -4.15 9.44 160 90 63 30000
-9.65 -3.8 9.57 160 90 63 30000
-9.65 -3.45 9.71 160 90 63 30000
-9.65 -3.1 9.84 160 90 63 30000
-9.65 -2.75 9.97 160 90 63 30000
-9.65 -2.4 10.1 160 90 63 30000
-9.65 -2.05 10.23 160 90 63 30000
-9.65 -1.7 10.36 160 90 63 30000
-9.65 -1.35 10.49 160 90 63 30000
-9.65 -1 10.62 160 90 63 30000
-9.65 -0.65 10.76 160 90 63 30000
-9.65 -0.3 10.89 160 90 63 30000
-9.65 0.05 10.98 160 90 63 30000
-9.65 0.4 10.85 160 90 63 30000
-9.65 0.75 10.72 160 90 63 30000
-9.65 1.1 10.59 160 90 63 30000
-9.65 1.45 10.46 160 90 63 30000
-9.65 1.8 10.33 160 90 63 30000
-9.65 2.15 10.19 160 90 63 30000
-9.65 2.5 10.06 160 90 63 30000
-9.65 2.85 9.93 160 90 63 30000
-9.65 3.2 9.8 160 90 63 30000
-9.65 3.55 9.67 160 90 63 30000
-9.65 3.9 9.54 160 90 63 30000
-9.65 4.25 9.41 160 90 63 30000
-9.65 4.6 9.28 160 90 63 30000
-9.65 4.95 9.14 160 90 63 30000
-9.65 5.3 9.01 160 90 63 30000
-9.65 5.65 8.88 160 90 63 30000
-9.65 6 8.75 160 90 63 30000
-9.65 6.35 8.62 160 90 63 30000
-9.65 6.7 8.49 160 90 63 30000
-9.65 7.05 8.36 160 90 63 30000
-9.65 7.4 8.23 160 90 63 30000
-9.65 7.75 8.09 160 90 63 30000
-9.3 -8 8 160 90 63 30000
-9.3 -7.65 8.13 160 90 63 30000
-9.3 -7.3 8.26 160 90 63 30000
-9.3 -6.95 8.39 160 90 63 30000
-9.3 -6.6 8.52 160 90 63 30000
-9.3 -6.25 8.66 160 90 63 30000
-9.3 -5.9 8.79 160 90 63 30000
-9.3 -5.55 8.92 160 90 63 30000
-9.3 -5.2 9.05 160 90 63 30000
-9.3 -4.85 9.18 160 90 63 30000
-9.3 -4.5 9.31 160 90 63 30000
-9.3 -4.15 9.44 160 90 63 30000
-9.3 -3.8 9.57 160 90 63 30000
-9.3 -3.45 9.71 160 90 63 30000
-9.3 -3.1 9.84 160 90 63 30000
-9.3 -2.75 9.97 160 90 63 30000
-9.3 -2.4 10.1 160 90 63 30000
-9.3 -2.05 10.23 160 90 63 30000
-9.3 -1.7 10.36 160 90 63 30000
-9.3 -1.35 10.49 160 90 63 30000
-9.3 -1 10.62 160 90 63 30000
-9.3 -0.65 10.76 160 90 63 30000
-9.3 -0.3 10.89 160 90 63 30000
-9.3 0.05 10.98 160 90 63 30000
-9.3 0.4 10.85 160 90 63 30000
-9.3 0.75 10.72 160 90 63 30000
-9.3 1.1 10.59 160 90 63 30000
-9.3 1.45 10.46 160 90 63 30000
-9.3 1.8 10.33 160 90 63 30000
-9.3 2.15 10.19 160 90 63 30000
-9.3 2.5 10.06 160 90 63 30000
-9.3 2.85 9.93 160 90 63 30000
-9.3 3.2 9.8 160 90 63 30000
-9.3 3.55 9.67 160 90 63 30000
-9.3 3.9 9.54 160 90 63 30000
-9.3 4.25 9.41 160 90 63 30000
-9.3 4.6 9.28 160 90 63 30000
-9.3 4.95 9.14 160 90 63 30000
-9.3 5.3 9.01 160 90 63 30000
-9.3 5.65 8.88 160 90 63 30000
-9.3 6 8.75 160 90 63 30000
-9.3 6.35 8.62 160 90 63 30000
-9.3 6.7 8.49 160 90 63 30000
-9.3 7.05 8.36 160 90 63 30000
-9.3 7.4 8.23 160 90 63 30000
-9.3 7.75 8.09 160 90 63 30000
-8.95 -8 8 160 90 63 30000
-8.95 -7.65 8.13 160 90 63 30000
-8.95 -7.3 8.26 160 90 63 30000
-8.95 -6.95 8.39 160 90 63 30000
-8.95 -6.6 8.52 160 90 63 30000
-8.95 -6.25 8.66 160 90 63 30000
-8.95 -5.9 8.79 160 90 63 30000
-8.95 -5.55 8.92 160 90 63 30000
-8.95 -5.2 9.05 160 90 63 30000
-8.95 -4.85 9.18 160 90 63 30000
-8.95 -4.5 9.31 160 90 63 30000
-8.95 -4.15 9.44 160 90 63 30000
-8.95 -3.8 9.57 160 90 63 30000
-8.95 -3.45 9.71 160 90 63 30000
-8.95 -3.1 9.84 160 90 63 30000
-8.95 -2.75 9.97 160 90 63 30000
-8.95 -2.4 10.1 160 90 63 30000
-8.95 -2.05 10.23 160 90 63 30000
-8.95 -1.7 10.36 160 90 63 30000
-8.95 -1.35 10.49 160 90 63 30000
-8.95 -1 10.62 160 90 63 30000
-8.95 -0.65 10.76 160 90 63 30000
-8.95 -0.3 10.89 160 90 63 30000
-8.95 0.05 10.98 160 90 63 30000
-8.95 0.4 10.85 160 90 63 30000
-8.95 0.75 10.72 160 90 63 30000
-8.95 1.1 10.59 160 90 63 30000
-8.95 1.45 10.46 160 90 63 30000
-8.95 1.8 10.33 160 90 63 30000
-8.95 2.15 10.19 160 90 63 30000
-8.95 2.5 10.06 160 90 63 30000
-8.95 2.85 9.93 160 90 63 30000
-8.95 3.2 9.8 160 90 63 30000
-8.95 3.55 9.67 160 90 63 30000
-8.95 3.9 9.54 160 90 63 30000
-8.95 4.25 9.41 160 90 63 30000
-8.95 4.6 9.28 160 90 63 30000
-8.95 4.95 9.14 160 90 63 30000
-8.95 5.3 9.01 160 90 63 30000
-8.95 5.65 8.88 160 90 63 30000
-8.95 6 8.75 160 90 63 30000
-8.95 6.35 8.62 160 90 63 30000
-8.95 6.7 8.49 160 90 63 30000
-8.95 7.05 8.36 160 90 63 30000
-8.95 7.4 8.23 160 90 63 30000
-8.95 7.75 8.09 160 90 63 30000
-8.6 -8 8 160 90 63 30000
-8.6 -7.65 8.13 160 90 63 30000
-8.6 -7.3 8.26 160 90 63 30000
-8.6 -6.95 8.39 160 90 63 30000
-8.6 -6.6 8.52 160 90 63 30000
-8.6 -6.25 8.66 160 90 63 30000
-8.6 -5.9 8.79 160 90 63 30000
-8.6 -5.55 8.92 160 90 63 30000
-8.6 -5.2 9.05 160 90 63 30000
-8.6 -4.85 9.18 160 90 63 30000
-8.6 -4.5 9.31 160 90 63 30000
-8.6 -4.15 9.44 160 90 63 30000
-8.6 -3.8 9.57 160 90 63 30000
-8.6 -3.45 9.71 160 90 63 30000
-8.6 -3.1 9.84 160 90 63 30000
-8.6 -2.75 9.97 160 90 63 30000
-8.6 -2.4 10.1 160 90 63 30000
-8.6 -2.05 10.23 160 90 63 30000
-8.6 -1.7 10.36 160 90 63 30000
-8.6 -1.35 10.49 160 90 63 30000
-8.6 -1 10.62 160 90 63 30000
-8.6 -0.65 10.76 160 90 63 30000
-8.6 -0.3 10.89 160 90 63 30000
-8.6 0.05 10.98 160 90 63 30000
-8.6 0.4 10.85 160 90 63 30000
-8.6 0.75 10.72 160 90 63 30000
-8.6 1.1 10.59 160 90 63 30000
-8.6 1.45 10.46 160 90 63 30000
-8.6 1.8 10.33 160 90 63 30000
-8.6 2.15 10.19 160 90 63 30000
-8.6 2.5 10.06 160 90 63 30000
-8.6 2.85 9.93 160 90 63 30000
-8.6 3.2 9.8 160 90 63 30000
-8.6 3.55 9.67 160 90 63 30000
-8.6 3.9 9.54 160 90 63 30000
-8.6 4.25 9.41 160 90 63 30000
-8.6 4.6 9.28 160 90 63 30000
-8.6 4.95 9.14 160 90 63 30000
-8.6 5.3 9.01 160 90 63 30000
-8.6 5.65 8.88 160 90 63 30000
-8.6 6 8.75 160 90 63 30000
-8.6 6.35 8.62 160 90 63 30000
-8.6 6.7 8.49 160 90 63 30000
-8.6 7.05 8.36 160 90 63 30000
-8.6 7.4 8.23 160 90 63 30000
-8.6 7.75 8.09 160 90 63 30000
-8.25 -8 8 160 90 63 30000
-8.25 -7.65 8.13 160 90 63 30000
-8.25 -7.3 8.26 160 90 63 30000
-8.25 -6.95 8.39 160 90 63 30000
-8.25 -6.6 8.52 160 90 63 30000
-8.25 -6.25 8.66 160 90 63 30000
-8.25 -5.9 8.79 160 90 63 30000
-8.25 -5.55 8.92 160 90 63 30000
-8.25 -5.2 9.05 160 90 63 30000
-8.25 -4.85 9.18 160 90 63 30000
-8.25 -4.5 9.31 160 90 63 30000
-8.25 -4.15 9.44 160 90 63 30000
-8.25 -3.8 9.57 160 90 63 30000
-8.25 -3.45 9.71 160 90 63 30000
-8.25 -3.1 9.84 160 90 63 30000
-8.25 -2.75 9.97 160 90 63 30000
-8.25 -2.4 10.1 160 90 63 30000
-8.25 -2.05 10.23 160 90 63 30000
-8.25 -1.7 10.36 160 90 63 30000
-8.25 -1.35 10.49 160 90 63 30000
-8.25 -1 10.62 160 90 63 30000
-8.25 -0.65 10.76 160 90 63 30000
-8.25 -0.3 10.89 160 90 63 30000
-8.25 0.05 10.98 160 90 63 30000
-8.25 0.4 10.85 160 90 63 30000
-8.25 0.75 10.72 160 90 63 30000
-8.25 1.1 10.59 160 90 63 30000
-8.25 1.45 10.46 160 90 63 30000
-8.25 1.8 10.33 160 90 63 30000
-8.25 2.15 10.19 160 90 63 30000
-8.25 2.5 10.06 160 90 63 30000
-8.25 2.85 9.93 160 90 63 30000
-8.25 3.2 9.8 160 90 63 30000
-8.25 3.55 9.67 160 90 63 30000
-8.25 3.9 9.54 160 90 63 30000
-8.25 4.25 9.41 160 90 63 30000
-8.25 4.6 9.28 160 90 63 30000
-8.25 4.95 9.14 160 90 63 30000
-8.25 5.3 9.01 160 90 63 30000
-8.25 5.65 8.88 160 90 63 30000
-8.25 6 8.75 160 90 63 30000
-8.25 6.35 8.62 160 90 63 30000
-8.25 6.7 8.49 160 90 63 30000
-8.25 7.05 8.36 160 90 63 30000
-8.25 7.4 8.23 160 90 63 30000
-8.25 7.75 8.09 160 90 63 30000
-7.9 -8 8 160 90 63 30000
-7.9 -7.65 8.13 160 90 63 30000
-7.9 -7.3 8.26 160 90 63 30000
-7.9 -6.95 8.39 160 90 63 30000
-7.9 -6.6 8.52 160 90 63 30000
-7.9 -6.25 8.66 160 90 63 30000
-7.9 -5.9 8.79 160 90 63 30000
-7.9 -5.55 8.92 160 90 63 30000
-7.9 -5.2 9.05 160 90 63 30000
-7.9 -4.85 9.18 160 90 63 30000
-7.9 -4.5 9.31 160 90 63 30000
-7.9 -4.15 9.44 160 90 63 30000
-7.9 -3.8 9.57 160 90 63 30000
-7.9 -3.45 9.71 160 90 63 30000
-7.9 -3.1 9.84 160 90 63 30000
-7.9 -2.75 9.97 160 90 63 30000
-7.9 -2.4 10.1 160 90 63 30000
-7.9 -2.05 10.23 160 90 63 30000
-7.9 -1.7 10.36 160 90 63 30000
-7.9 -1.35 10.49 160 90 63 30000
-7.9 -1 10.62 160 90 63 30000
-7.9 -0.65 10.76 160 90 63 30000
-7.9 -0.3 10.89 160 90 63 30000
-7.9 0.05 10.98 160 90 63 30000
-7.9 0.4 10.85 160 90 63 30000
-7.9 0.75 10.72 160 90 63 30000
-7.9 1.1 10.59 160 90 63 30000
-7.9 1.45 10.46 160 90 63 30000
-7.9 1.8 10.33 160 90 63 30000
-7.9 2.15 10.19 160 90 63 30000
-7.9 2.5 10.06 160 90 63 30000
-7.9 2.85 9.93 160 90 63 30000
-7.9 3.2 9.8 160 90 63 30000
-7.9 3.55 9.67 160 90 63 30000
-7.9 3.9 9.54 160 90 63 30000
-7.9 4.25 9.41 160 90 63 30000
-7.9 4.6 9.28 160 90 63 30000
-7.9 4.95 9.14 160 90 63 30000
-7.9 5.3 9.01 160 90 63 30000
-7.9 5.65 8.88 160 90 63 30000
-7.9 6 8.75 160 90 63 30000
-7.9 6.35 8.62 160 90 63 30000
-7.9 6.7 8.49 160 90 63 30000
-7.9 7.05 8.36 160 90 63 30000
-7.9 7.4 8.23 160 90 63 30000
-7.9 7.75 8.09 160 90 63 30000
-7.55 -8 8 160 90 63 30000
-7.55 -7.65 8.13 160 90 63 30000
-7.55 -7.3 8.26 160 90 63 30000
-7.55 -6.95 8.39 160 90 63 30000
-7.55 -6.6 8.52 160 90 63 30000
-7.55 -6.25 8.66 160 90 63 30000
-7.55 -5.9 8.79 160 90 63 30000
-7.55 -5.55 8.92 160 90 63 30000
-7.55 -5.2 9.05 160 90 63 30000
-7.55 -4.85 9.18 160 90 63 30000
-7.55 -4.5 9.31 160 90 63 30000
-7.55 -4.15 9.44 160 90 63 30000
-7.55 -3.8 9.57 160 90 63 30000
-7.55 -3.45 9.71 160 90 63 30000
-7.55 -3.1 9.84 160 90 63 30000
-7.55 -2.75 9.97 160 90 63 30000
-7.55 -2.4 10.1 160 90 63 30000
-7.55 -2.05 10.23 160 90 63 30000
-7.55 -1.7 10.36 160 90 63 30000
-7.55 -1.35 10.49 160 90 63 30000
-7.55 -1 10.62 160 90 63 30000
-7.55 -0.65 10.76 160 90 63 30000
-7.55 -0.3 10.89 160 90 63 30000
-7.55 0.05 10.98 160 90 63 30000
-7.55 0.4 10.85 160 90 63 30000
-7.55 0.75 10.72 160 90 63 30000
-7.55 1.1 10.59 160 90 63 30000
-7.55 1.45 10.46 160 90 63 30000
-7.55 1.8 10.33 160 90 63 30000
-7.55 2.15 10.19 160 90 63 30000
-7.55 2.5 10.06 160 90 63 30000
-7.55 2.85 9.93 160 90 63 30000
-7.55 3.2 9.8 160 90 63 30000
-7.55 3.55 9.67 160 90 63 30000
-7.55 3.9 9.54 160 90 63 30000
-7.55 4.25 9.41 160 90 63 30000
-7.55 4.6 9.28 160 90 63 30000
-7.55 4.95 9.14 160 90 63 30000
-7.55 5.3 9.01 160 90 63 30000
-7.55 5.65 8.88 160 90 63 30000
-7.55 6 8.75 160 90 63 30000
-7.55 6.35 8.62 160 90 63 30000
-7.55 6.7 8.49 160 90 63 30000
-7.55 7.05 8.36 160 90 63 30000
-7.55 7.4 8.23 160 90 63 30000
-7.55 7.75 8.09 160 90 63 30000
-7.2 -8 8 160 90 63 30000
-7.2 -7.65 8.13 160 90 63 30000
-7.2 -7.3 8.26 160 90 63 30000
-7.2 -6.95 8.39 160 90 63 30000
-7.2 -6.6 8.52 160 90 63 30000
-7.2 -6.25 8.66 160 90 63 30000
-7.2 -5.9 8.79 160 90 63 30000
-7.2 -5.55 8.92 160 90 63 30000
-7.2 -5.2 9.05 160 90 63 30000
-7.2 -4.85 9.18 160 90 63 30000
-7.2 -4.5 9.31 160 90 63 30000
-7.2 -4.15 9.44 160 90 63 30000
-7.2 -3.8 9.57 160 90 63 30000
-7.2 -3.45 9.71 160 90 63 30000
-7.2 -3.1 9.84 160 90 63 30000
-7.2 -2.75 9.97 160 90 63 30000
-7.2 -2.4 10.1 160 90 63 30000
-7.2 -2.05 10.23 160 90 63 30000
-7.2 -1.7 10.36 160 90 63 30000
-7.2 -1.35 10.49 160 90 63 30000
-7.2 -1 10.62 160 90 63 30000
-7.2 -0.65 10.76 160 90 63 30000
-7.2 -0.3 10.89 160 90 63 30000
-7.2 0.05 10.98 160 90 63 30000
-7.2 0.4 10.85 160 90 63 30000
-7.2 0.75 10.72 160 90 63 30000
-7.2 1.1 10.59 160 90 63 30000
-7.2 1.45 10.46 160 90 63 30000
-7.2 1.8 10.33 160 90 63 30000
-7.2 2.15 10.19 160 90 63 30000
-7.2 2.5 10.06 160 90 63 30000
-7.2 2.85 9.93 160 90 63 30000
-7.2 3.2 9.8 160 90 63 30000
-7.2 3.55 9.67 160 90 63 30000
-7.2 3.9 9.54 160 90 63 30000
-7.2 4.25 9.41 160 90 63 30000
-7.2 4.6 9.28 160 90 63 30000
-7.2 4.95 9.14 160 90 63 30000
-7.2 5.3 9.01 160 90 63 30000
-7.2 5.65 8.88 160 90 63 30000
-7.2 6 8.75 160 90 63 30000
-7.2 6.35 8.62 160 90 63 30000
-7.2 6.7 8.49 160 90 63 30000
-7.2 7.05 8.36 160 90 63 30000
-7.2 7.4 8.23 160 90 63 30000
-7.2 7.75 8.09 160 90 63 30000
-6.85 -8 8 160 90 63 30000
-6.85 -7.65 8.13 160 90 63 30000
-6.85 -7.3 8.26 160 90 63 30000
-6.85 -6.95 8.39 160 90 63 30000
-6.85 -6.6 8.52 160 90 63 30000
-6.85 -6.25 8.66 160 90 63 30000
-6.85 -5.9 8.79 160 90 63 30000
-6.85 -5.55 8.92 160 90 63 30000
-6.85 -5.2 9.05 160 90 63 30000
-6.85 -4.85 9.18 160 90 63 30000
-6.85 -4.5 9.31 160 90 63 30000
-6.85 -4.15 9.44 160 90 63 30000
-6.85 -3.8 9.57 160 90 63 30000
-6.85 -3.45 9.71 160 90 63 30000
-6.85 -3.1 9.84 160 90 63 30000
-6.85 -2.75 9.97 160 90 63 30000
-6.85 -2.4 10.1 160 90 63 30000
-6.85 -2.05 10.23 160 90 63 30000
-6.85 -1.7 10.36 160 90 63 30000
-6.85 -1.35 10.49 160 90 63 30000
-6.85 -1 10.62 160 90 63 30000
-6.85 -0.65 10.76 160 90 63 30000
-6.85 -0.3 10.89 160 90 63 30000
-6.85 0.05 10.98 160 90 63 30000
-6.85 0.4 10.85 160 90 63 30000
-6.85 0.75 10.72 160 90 63 30000
-6.85 1.1 10.59 160 90 63 30000
-6.85 1.45 10.46 160 90 63 30000
-6.85 1.8 10.33 160 90 63 30000
-6.85 2.15 10.19 160 90 63 30000
-6.85 2.5 10.06 160 90 63 30000
-6.85 2.85 9.93 160 90 63 30000
-6.85 3.2 9.8 160 90 63 30000
-6.85 3.55 9.67 160 90 63 30000
-6.85 3.9 9.54 160 90 63 30000
-6.85 4.25 9.41 160 90 63 30000
-6.85 4.6 9.28 160 90 63 30000
-6.85 4.95 9.14 160 90 63 30000
-6.85 5.3 9.01 160 90 63 30000
-6.85 5.65 8.88 160 90 63 30000
-6.85 6 8.75 160 90 63 30000
-6.85 6.35 8.62 160 90 63 30000
-6.85 6.7 8.49 160 90 63 30000
-6.85 7.05 8.36 160 90 63 30000
-6.85 7.4 8.23 160 90 63 30000
-6.85 7.75 8.09 160 90 63 30000
-6.5 -8 8 160 90 63 30000
-6.5 -7.65 8.13 160 90 63 30000
-6.5 -7.3 8.26 160 90 63 30000
-6.5 -6.95 8.39 160 90 63 30000
-6.5 -6.6 8.52 160 90 63 30000
-6.5 -6.25 8.66 160 90 63 30000
-6.5 -5.9 8.79 160 90 63 30000
-6.5 -5.55 8.92 160 90 63 30000
-6.5 -5.2 9.05 160 90 63 30000
-6.5 -4.85 9.18 160 90 63 30000
-6.5 -4.5 9.31 160 90 63 30000
-6.5 -4.15 9.44 160 90 63 30000
-6.5 -3.8 9.57 160 90 63 30000
-6.5 -3.45 9.71 160 90 63 30000
-6.5 -3.1 9.84 160 90 63 30000
-6.5 -2.75 9.97 160 90 63 30000
-6.5 -2.4 10.1 160 90 63 30000
-6.5 -2.05 10.23 160 90 63 30000
-6.5 -1.7 10.36 160 90 63 30000
-6.5 -1.35 10.49 160 90 63 30000
-6.5 -1 10.62 160 90 63 30000
-6.5 -0.65 10.76 160 90 63 30000
-6.5 -0.3 10.89 160 90 63 30000
-6.5 0.05 10.98 160 90 63 30000
-6.5 0.4 10.85 160 90 63 30000
-6.5 0.75 10.72 160 90 63 30000
-6.5 1.1 10.59 160 90 63 30000
-6.5 1.45 10.46 160 90 63 30000
-6.5 1.8 10.33 160 90 63 30000
-6.5 2.15 10.19 160 90 63 30000
-6.5 2.5 10.06 160 90 63 30000
-6.5 2.85 9.93 160 90 63 30000
-6.5 3.2 9.8 160 90 63 30000
-6.5 3.55 9.67 160 90 63 30000
-6.5 3.9 9.54 160 90 63 30000
-6.5 4.25 9.41 160 90 63 30000
-6.5 4.6 9.28 160 90 63 30000
-6.5 4.95 9.14 160 90 63 30000
-6.5 5.3 9.01 160 90 63 30000
-6.5 5.65 8.88 160 90 63 30000
-6.5 6 8.75 160 90 63 30000
-6.5 6.35 8.62 160 90 63 30000
-6.5 6.7 8.49 160 90 63 30000
-6.5 7.05 8.36 160 90 63 30000
-6.5 7.4 8.23 160 90 63 30000
-6.5 7.75 8.09 160 90 63 30000
-6.15 -8 8 160 90 63 30000
-6.15 -7.65 8.13 160 90 63 30000
-6.15 -7.3 8.26 160 90 63 30000
-6.15 -6.95 8.39 160 90 63 30000
-6.15 -6.6 8.52 160 90 63 30000
-6.15 -6.25 8.66 160 90 63 30000
-6.15 -5.9 8.79 160 90 63 30000
-6.15 -5.55 8.92 160 90 63 30000
-6.15 -5.2 9.05 160 90 63 30000
-6.15 -4.85 9.18 160 90 63 30000
-6.15 -4.5 9.31 160 90 63 30000
-6.15 -4.15 9.44 160 90 63 30000
-6.15 -3.8 9.57 160 90 63 30000
-6.15 -3.45 9.71 160 90 63 30000
-6.15 -3.1 9.84 160 90 63 30000
-6.15 -2.75 9.97 160 90 63 30000
-6.15 -2.4 10.1 160 90 63 30000
-6.15 -2.05 10.23 160 90 63 30000
-6.15 -1.7 10.36 160 90 63 30000
-6.15 -1.35 10.49 160 90 63 30000
-6.15 -1 10.62 160 90 63 30000
-6.15 -0.65 10.76 160 90 63 30000
-6.15 -0.3 10.89 160 90 63 30000
-6.15 0.05 10.98 160 90 63 30000
-6.15 0.4 10.85 160 90 63 30000
-6.15 0.75 10.72 160 90 63 30000
-6.15 1.1 10.59 160 90 63 30000
-6.15 1.45 10.46 160 90 63 30000
-6.15 1.8 10.33 160 90 63 30000
-6.15 2.15 10.19 160 90 63 30000
-6.15 2.5 10.06 160 90 63 30000
-6.15 2.85 9.93 160 90 63 30000
-6.15 3.2 9.8 160 90 63 30000
-6.15 3.55 9.67 160 90 63 30000
-6.15 3.9 9.54 160 90 63 30000
-6.15 4.25 9.41 160 90 63 30000
-6.15 4.6 9.28 160 90 63 30000
-6.15 4.95 9.14 160 90 63 30000
-6.15 5.3 9.01 160 90 63 30000
-6.15 5.65 8.88 160 90 63 30000
-6.15 6 8.75 160 90 63 30000
-6.15 6.35 8.62 160 90 63 30000
-6.15 6.7 8.49 160 90 63 30000
-6.15 7.05 8.36 160 90 63 30000
-6.15 7.4 8.23 160 90 63 30000
-6.15 7.75 8.09 160 90 63 30000
-5.8 -8 8 160 90 63 30000
-5.8 -7.65 8.13 160 90 63 30000
-5.8 -7.3 8.26 160 90 63 30000
-5.8 -6.95 8.39 160 90 63 30000
-5.8 -6.6 8.52 160 90 63 30000
-5.8 -6.25 8.66 160 90 63 30000
-5.8 -5.9 8.79 160 90 63 30000
-5.8 -5.55 8.92 160 90 63 30000
-5.8 -5.2 9.05 160 90 63 30000
-5.8 -4.85 9.18 160 90 63 30000
-5.8 -4.5 9.31 160 90 63 30000
-5.8 -4.15 9.44 160 90 63 30000
-5.8 -3.8 9.57 160 90 63 30000
-5.8 -3.45 9.71 160 90 63 30000
-5.8 -3.1 9.84 160 90 63 30000
-5.8 -2.75 9.97 160 90 63 30000
-5.8 -2.4 10.1 160 90 63 30000
-5.8 -2.05 10.23 160 90 63 30000
-5.8 -1.7 10.36 160 90 63 30000
-5.8 -1.35 10.49 160 90 63 30000
-5.8 -1 10.62 160 90 63 30000
-5.8 -0.65 10.76 160 90 63 30000
-5.8 -0.3 10.89 160 90 63 30000
-5.8 0.05 10.98 160 90 63 30000
-5.8 0.4 10.85 160 90 63 30000
-5.8 0.75 10.72 160 90 63 30000
-5.8 1.1 10.59 160 90 63 30000
-5.8 1.45 10.46 160 90 63 30000
-5.8 1.8 10.33 160 90 63 30000
-5.8 2.15 10.19 160 90 63 30000
-5.8 2.5 10.06 160 90 63 30000
-5.8 2.85 9.93 160 90 63 30000
-5.8 3.2 9.8 160 90 63 30000
-5.8 3.55 9.67 160 90 63 30000
-5.8 3.9 9.54 160 90 63 30000
-5.8 4.25 9.41 160 90 63 30000
-5.8 4.6 9.28 160 90 63 30000
-5.8 4.95 9.14 160 90 63 30000
-5.8 5.3 9.01 160 90 63 30000
-5.8 5.65 8.88 160 90 63 30000
-5.8 6 8.75 160 90 63 30000
-5.8 6.35 8.62 160 90 63 30000
-5.8 6.7 8.49 160 90 63 30000
-5.8 7.05 8.36 160 90 63 30000
-5.8 7.4 8.23 160 90 63 30000
-5.8 7.75 8.09 160 90 63 30000
-5.45 -8 8 160 90 63 30000
-5.45 -7.65 8.13 160 90 63 30000
-5.45 -7.3 8.26 160 90 63 30000
-5.45 -6.95 8.39 160 90 63 30000
-5.45 -6.6 8.52 160 90 63 30000
-5.45 -6.25 8.66 160 90 63 30000
-5.45 -5.9 8.79 160 90 63 30000
-5.45 -5.55 8.92 160 90 63 30000
-5.45 -5.2 9.05 160 90 63 30000
-5.45 -4.85 9.18 160 90 63 30000
-5.45 -4.5 9.31 160 90 63 30000
-5.45 -4.15 9.44 160 90 63 30000
-5.45 -3.8 9.57 160 90 63 30000
-5.45 -3.45 9.71 160 90 63 30000
-5.45 -3.1 9.84 160 90 63 30000
-5.45 -2.75 9.97 160 90 63 30000
-5.45 -2.4 10.1 160 90 63 30000
-5.45 -2.05 10.23 160 90 63 30000
-5.45 -1.7 10.36 160 90 63 30000
-5.45 -1.35 10.49 160 90 63 30000
-5.45 -1 10.62 160 90 63 30000
-5.45 -0.65 10.76 160 90 63 30000
-5.45 -0.3 10.89 160 90 63 30000
-5.45 0.05 10.98 160 90 63 30000
-5.45 0.4 10.85 160 90 63 30000
-5.45 0.75 10.72 160 90 63 30000
-5.45 1.1 10.59 160 90 63 30000
-5.45 1.45 10.46 160 90 63 30000
-5.45 1.8 10.33 160 90 63 30000
-5.45 2.15 10.19 160 90 63 30000
-5.45 2.5 10.06 160 90 63 30000
-5.45 2.85 9.93 160 90 63 30000
-5.45 3.2 9.8 160 90 63 30000
-5.45 3.55 9.67 160 90 63 30000
-5.45 3.9 9.54 160 90 63 30000
-5.45 4.25 9.41 160 90 63 30000
-5.45 4.6 9.28 160 90 63 30000
-5.45 4.95 9.14 160 90 63 30000
-5.45 5.3 9.01 160 90 63 30000
-5.45 5.65 8.88 160 90 63 30000
-5.45 6 8.75 160 90 63 30000
-5.45 6.35 8.62 160 90 63 30000
-5.45 6.7 8.49 160 90 63 30000
-5.45 7.05 8.36 160 90 63 30000
-5.45 7.4 8.23 160 90 63 30000
-5.45 7.75 8.09 160 90 63 30000
-5.1 -8 8 160 90 63 30000
-5.1 -7.65 8.13 160 90 63 30000
-5.1 -7.3 8.26 160 90 63 30000
-5.1 -6.95 8.39 160 90 63 30000
-5.1 -6.6 8.52 160 90 63 30000
-5.1 -6.25 8.66 160 90 63 30000
-5.1 -5.9 8.79 160 90 63 30000
-5.1 -5.55 8.92 160 90 63 30000
-5.1 -5.2 9.05 160 90 63 30000
-5.1 -4.85 9.18 160 90 63 30000
-5.1 -4.5 9.31 160 90 63 30000
-5.1 -4.15 9.44 160 90 63 30000
-5.1 -3.8 9.57 160 90 63 30000
-5.1 -3.45 9.71 160 90 63 30000
-5.1 -3.1 9.84 160 90 63 30000
-5.1 -2.75 9.97 160 90 63 30000
-5.1 -2.4 10.1 160 90 63 30000
-5.1 -2.05 10.23 160 90 63 30000
-5.1 -1.7 10.36 160 90 63 30000
-5.1 -1.35 10.49 160 90 63 30000
-5.1 -1 10.62 160 90 63 30000
-5.1 -0.65 10.76 160 90 63 30000
-5.1 -0.3 10.89 160 90 63 30000
-5.1 0.05 10.98 160 90 63 30000
-5.1 0.4 10.85 160 90 63 30000
-5.1 0.75 10.72 160 90 63 30000
-5.1 1.1 10.59 160 90 63 30000
-5.1 1.45 10.46 160 90 63 30000
-5.1 1.8 10.33 160 90 63 30000
-5.1 2.15 10.19 160 90 63 30000
-5.1 2.5 10.06 160 90 63 30000
-5.1 2.85 9.93 160 90 63 30000
-5.1 3.2 9.8 160 90 63 30000
-5.1 3.55 9.67 160 90 63 30000
-5.1 3.9 9.54 160 90 63 30000
-5.1 4.25 9.41 160 90 63 30000
-5.1 4.6 9.28 160 90 63 30000
-5.1 4.95 9.14 160 90 63 30000
-5.1 5.3 9.01 160 90 63 30000
-5.1 5.65 8.88 160 90 63 30000
-5.1 6 8.75 160 90 63 30000
-5.1 6.35 8.62 160 90 63 30000
-5.1 6.7 8.49 160 90 63 30000
-5.1 7.05 8.36 160 90 63 30000
-5.1 7.4 8.23 160 90 63 30000
-5.1 7.75 8.09 160 90 63 30000
-4.75 -8 8 160 90 63 30000
-4.75 -7.65 8.13 160 90 63 30000
-4.75 -7.3 8.26 160 90 63 30000
-4.75 -6.95 8.39 160 90 63 30000
-4.75 -6.6 8.52 160 90 63 30000
-4.75 -6.25 8.66 160 90 63 30000
-4.75 -5.9 8.79 160 90 63 30000
-4.75 -5.55 8.92 160 90 63 30000
-4.75 -5.2 9.05 160 90 63 30000
-4.75 -4.85 9.18 160 90 63 30000
-4.75 -4.5 9.31 160 90 63 30000
-4.75 -4.15 9.44 160 90 63 30000
-4.75 -3.8 9.57 160 90 63 30000
-4.75 -3.45 9.71 160 90 63 30000
-4.75 -3.1 9.84 160 90 63 30000
-4.75 -2.75 9.97 160 90 63 30000
-4.75 -2.4 10.1 160 90 63 30000
-4.75 -2.05 10.23 160 90 63 30000
-4.75 -1.7 10.36 160 90 63 30000
-4.75 -1.35 10.49 160 90 63 30000
-4.75 -1 10.62 160 90 63 30000
-4.75 -0.65 10.76 160 90 63 30000
-4.75 -0.3 10.89 160 90 63 30000
-4.75 0.05 10.98 160 90 63 30000
-4.75 0.4 10.85 160 90 63 30000
-4.75 0.75 10.72 160 90 63 30000
-4.75 1.1 10.59 160 90 63 30000
-4.75 1.45 10.46 160 90 63 30000
-4.75 1.8 10.33 160 90 63 30000
-4.75 2.15 10.19 160 90 63 30000
-4.75 2.5 10.06 160 90 63 30000
-4.75 2.85 9.93 160 90 63 30000
-4.75 3.2 9.8 160 90 63 30000
-4.75 3.55 9.67 160 90 63 30000
-4.75 3.9 9.54 160 90 63 30000
-4.75 4.25 9.41 160 90 63 30000
-4.75 4.6 9.28 160 90 63 30000
-4.75 4.95 9.14 160 90 63 30000
-4.75 5.3 9.01 160 90 63 30000
-4.75 5.65 8.88 160 90 63 30000
-4.75 6 8.75 160 90 63 30000
-4.75 6.35 8.62 160 90 63 30000
-4.75 6.7 8.49 160 90 63 30000
-4.75 7.05 8.36 160 90 63 30000
-4.75 7.4 8.23 160 90 63 30000
-4.75 7.75 8.09 160 90 63 30000
-4.4 -8 8 160 90 63 30000
-4.4 -7.65 8.13 160 90 63 30000
-4.4 -7.3 8.26 160 90 63 30000
-4.4 -6.95 8.39 160 90 63 30000
-4.4 -6.6 8.52 160 90 63 30000
-4.4 -6.25 8.66 160 90 63 30000
-4.4 -5.9 8.79 160 90 63 30000
-4.4 -5.55 8.92 160 90 63 30000
-4.4 -5.2 9.05 160 90 63 30000
-4.4 -4.85 9.18 160 90 63 30000
-4.4 -4.5 9.31 160 90 63 30000
-4.4 -4.15 9.44 160 90 63 30000
-4.4 -3.8 9.57 160 90 63 30000
-4.4 -3.45 9.71 160 90 63 30000
-4.4 -3.1 9.84 160 90 63 30000
-4.4 -2.75 9.97 160 90 63 30000
-4.4 -2.4 10.1 160 90 63 30000
-4.4 -2.05 10.23 160 90 63 30000
-4.4 -1.7 10.36 160 90 63 30000
-4.4 -1.35 10.49 160 90 63 30000
-4.4 -1 10.62 160 90 63 30000
-4.4 -0.65 10.76 160 90 63 30000
-4.4 -0.3 10.89 160 90 63 30000
-4.4 0.05 10.98 160 90 63 30000
-4.4 0.4 10.85 160 90 63 30000
-4.4 0.75 10.72 160 90 63 30000
-4.4 1.1 10.59 160 90 63 30000
-4.4 1.45 10.46 160 90 63 30000
-4.4 1.8 10.33 160 90 63 30000
-4.4 2.15 10.19 160 90 63 30000
-4.4 2.5 10.06 160 90 63 30000
-4.4 2.85 9.93 160 90 63 30000
-4.4 3.2 9.8 160 90 63 30000
-4.4 3.55 9.67 160 90 63 30000
-4.4 3.9 9.54 160 90 63 30000
-4.4 4.25 9.41 160 90 63 30000
-4.4 4.6 9.28 160 90 63 30000
-4.4 4.95 9.14 160 90 63 30000
-4.4 5.3 9.01 160 90 63 30000
-4.4 5.65 8.88 160 90 63 30000
-4.4 6 8.75 160 90 63 30000
-4.4 6.35 8.62 160 90 63 30000
-4.4 6.7 8.49 160 90 63 30000
-4.4 7.05 8.36 160 90 63 30000
-4.4 7.4 8.23 160 90 63 30000
-4.4 7.75 8.09 160 90 63 30000
-4.05 -8 8 160 90 63 30000
-4.05 -7.65 8.13 160 90 63 30000
-4.05 -7.3 8.26 160 90 63 30000
-4.05 -6.95 8.39 160 90 63 30000
-4.05 -6.6 8.52 160 90 63 30000
-4.05 -6.25 8.66 160 90 63 30000
-4.05 -5.9 8.79 160 90 63 30000
-4.05 -5.55 8.92 160 90 63 30000
-4.05 -5.2 9.05 160 90 63 30000
-4.05 -4.85 9.18 160 90 63 30000
-4.05 -4.5 9.31 160 90 63 30000
-4.05 -4.15 9.44 160 90 63 30000
-4.05 -3.8 9.57 160 90 63 30000
-4.05 -3.45 9.71 160 90 63 30000
-4.05 -3.1 9.84 160 90 63 30000
-4.05 -2.75 9.97 160 90 63 30000
-4.05 -2.4 10.1 160 90 63 30000
-4.05 -2.05 10.23 160 90 63 30000
-4.05 -1.7 10.36 160 90 63 30000
-4.05 -1.35 10.49 160 90 63 30000
-4.05 -1 10.62 160 90 63 30000
-4.05 -0.65 10.76 160 90 63 30000
-4.05 -0.3 10.89 160 90 63 30000
-4.05 0.05 10.98 160 90 63 30000
-4.05 0.4 10.85 160 90 63 30000
-4.05 0.75 10.72 160 90 63 30000
-4.05 1.1 10.59 160 90 63 30000
-4.05 1.45 10.46 160 90 63 30000
-4.05 1.8 10.33 160 90 63 30000
-4.05 2.15 10.19 160 90 63 30000
-4.05 2.5 10.06 160 90 63 30000
-4.05 2.85 9.93 160 90 63 30000
-4.05 3.2 9.8 160 90 63 30000
-4.05 3.55 9.67 160 90 63 30000
-4.05 3.9 9.54 160 90 63 30000
-4.05 4.25 9.41 160 90 63 30000
-4.05 4.6 9.28 160 90 63 30000
-4.05 4.95 9.14 160 90 63 30000
-4.05 5.3 9.01 160 90 63 30000
-4.05 5.65 8.88 160 90 63 30000
-4.05 6 8.75 160 90 63 30000
-4.05 6.35 8.62 160 90 63 30000
-4.05 6.7 8.49 160 90 63 30000
-4.05 7.05 8.36 160 90 63 30000
-4.05 7.4 8.23 160 90 63 30000
-4.05 7.75 8.09 160 90 63 30000
-3.7 -8 8 160 90 63 30000
-3.7 -7.65 8.13 160 90 63 30000
-3.7 -7.3 8.26 160 90 63 30000
-3.7 -6.95 8.39 160 90 63 30000
-3.7 -6.6 8.52 160 90 63 30000
-3.7 -6.25 8.66 160 90 63 30000
-3.7 -5.9 8.79 160 90 63 30000
-3.7 -5.55 8.92 160 90 63 30000
-3.7 -5.2 9.05 160 90 63 30000
-3.7 -4.85 9.18 160 90 63 30000
-3.7 -4.5 9.31 160 90 63 30000
-3.7 -4.15 9.44 160 90 63 30000
-3.7 -3.8 9.57 160 90 63 30000
-3.7 -3.45 9.71 160 90 63 30000
-3.7 -3.1 9.84 160 90 63 30000
-3.7 -2.75 9.97 160 90 63 30000
-3.7 -2.4 10.1 160 90 63 30000
-3.7 -2.05 10.23 160 90 63 30000
-3.7 -1.7 10.36 160 90 63 30000
-3.7 -1.35 10.49 160 90 63 30000
-3.7 -1 10.62 160 90 63 30000
-3.7 -0.65 10.76 160 90 63 30000
-3.7 -0.3 10.89 160 90 63 30000
-3.7 0.05 10.98 160 90 63 30000
-3.7 0.4 10.85 160 90 63 30000
-3.7 0.75 10.72 160 90 63 30000
-3.7 1.1 10.59 160 90 63 30000
-3.7 1.45 10.46 160 90 63 30000
-3.7 1.8 10.33 160 90 63 30000
-3.7 2.15 10.19 160 90 63 30000
-3.7 2.5 10.06 160 90 63 30000
-3.7 2.85 9.93 160 90 63 30000
-3.7 3.2 9.8 160 90 63 30000
-3.7 3.55 9.67 160 90 63 30000
-3.7 3.9 9.54 160 90 63 30000
-3.7 4.25 9.41 160 90 63 30000
-3.7 4.6 9.28 160 90 63 30000
-3.7 4.95 9.14 160 90 63 30000
-3.7 5.3 9.01 160 90 63 30000
-3.7 5.65 8.88 160 90 63 30000
-3.7 6 8.75 160 90 63 30000
-3.7 6.35 8.62 160 90 63 30000
-3.7 6.7 8.49 160 90 63 30000
-3.7 7.05 8.36 160 90 63 30000
-3.7 7.4 8.23 160 90 63 30000
-3.7 7.75 8.09 160 90 63 30000
-3.35 -8 8 160 90 63 30000
-3.35 -7.65 8.13 160 90 63 30000
-3.35 -7.3 8.26 160 90 63 30000
-3.35 -6.95 8.39 160 90 63 30000
-3.35 -6.6 8.52 160 90 63 30000
-3.35 -6.25 8.66 160 90 63 30000
-3.35 -5.9 8.79 160 90 63 30000
-3.35 -5.55 8.92 160 90 63 30000
-3.35 -5.2 9.05 160 90 63 30000
-3.35 -4.85 9.18 160 90 63 30000
-3.35 -4.5 9.31 160 90 63 30000
-3.35 -4.15 9.44 160 90 63 30000
-3.35 -3.8 9.57 160 90 63 30000
-3.35 -3.45 9.71 160 90 63 30000
-3.35 -3.1 9.84 160 90 63 30000
-3.35 -2.75 9.97 160 90 63 30000
-3.35 -2.4 10.1 160 90 63 30000
-3.35 -2.05 10.23 160 90 63 30000
-3.35 -1.7 10.36 160 90 63 30000
-3.35 -1.35 10.49 160 90 63 30000
-3.35 -1 10.62 160 90 63 30000
-3.35 -0.65 10.76 160 90 63 30000
-3.35 -0.3 10.89 160 90 63 30000
-3.35 0.05 10.98 160 90 63 30000
-3.35 0.4 10.85 160 90 63 30000
-3.35 0.75 10.72 160 90 63 30000
-3.35 1.1 10.59 160 90 63 30000
-3.35 1.45 10.46 160 90 63 30000
-3.35 1.8 10.33 160 90 63 30000
-3.35 2.15 10.19 160 90 63 30000
-3.35 2.5 10.06 160 90 63 30000
-3.35 2.85 9.93 160 90 63 30000
-3.35 3.2 9.8 160 90 63 30000
-3.35 3.55 9.67 160 90 63 30000
-3.35 3.9 9.54 160 90 63 30000
-3.35 4.25 9.41 160 90 63 30000
-3.35 4.6 9.28 160 90 63 30000
-3.35 4.95 9.14 160 90 63 30000
-3.35 5.3 9.01 160 90 63 30000
-3.35 5.65 8.88 160 90 63 30000
-3.35 6 8.75 160 90 63 30000
-3.35 6.35 8.62 160 90 63 30000
-3.35 6.7 8.49 160 90 63 30000
-3.35 7.05 8.36 160 90 63 30000
-3.35 7.4 8.23 160 90 63 30000
-3.35 7.75 8.09 160 90 63 30000
-3 -8 8 160 90 63 30000
-3 -7.65 8.13 160 90 63 30000
-3 -7.3 8.26 160 90 63 30000
-3 -6.95 8.39 160 90 63 30000
-3 -6.6 8.52 160 90 63 30000
-3 -6.25 8.66 160 90 63 30000
-3 -5.9 8.79 160 90 63 30000
-3 -5.55 8.92 160 90 63 30000
-3 -5.2 9.05 160 90 63 30000
-3 -4.85 9.18 160 90 63 30000
-3 -4.5 9.31 160 90 63 30000
-3 -4.15 9.44 160 90 63 30000
-3 -3.8 9.57 160 90 63 30000
-3 -3.45 9.71 160 90 63 30000
-3 -3.1 9.84 160 90 63 30000
-3 -2.75 9.97 160 90 63 30000
-3 -2.4 10.1 160 90 63 30000
-3 -2.05 10.23 160 90 63 30000
-3 -1.7 10.36 160 90 63 30000
-3 -1.35 10.49 160 90 63 30000
-3 -1 10.62 160 90 63 30000
-3 -0.65 10.76 160 90 63 30000
-3 -0.3 10.89 160 90 63 30000
-3 0.05 10.98 160 90 63 30000
-3 0.4 10.85 160 90 63 30000
-3 0.75 10.72 160 90 63 30000
-3 1.1 10.59 160 90 63 30000
-3 1.45 10.46 160 90 63 30000
-3 1.8 10.33 160 90 63 30000
-3 2.15 10.19 160 90 63 30000
-3 2.5 10.06 160 90 63 30000
-3 2.85 9.93 160 90 63 30000
-3 3.2 9.8 160 90 63 30000
-3 3.55 9.67 160 90 63 30000
-3 3.9 9.54 160 90 63 30000
-3 4.25 9.41 160 90 63 30000
-3 4.6 9.28 160 90 63 30000
-3 4.95 9.14 160 90 63 30000
-3 5.3 9.01 160 90 63 30000
-3 5.65 8.88 160 90 63 30000
-3 6 8.75 160 90 63 30000
-3 6.35 8.62 160 90 63 30000
-3 6.7 8.49 160 90 63 30000
-3 7.05 8.36 160 90 63 30000
-3 7.4 8.23 160 90 63 30000
-3 7.75 8.09 160 90 63 30000
-2.65 -8 8 160 90 63 30000
-2.65 -7.65 8.13 160 90 63 30000
-2.65 -7.3 8.26 160 90 63 30000
-2.65 -6.95 8.39 160 90 63 30000
-2.65 -6.6 8.52 160 90 63 30000
-2.65 -6.25 8.66 160 90 63 30000
-2.65 -5.9 8.79 160 90 63 30000
-2.65 -5.55 8.92 160 90 63 30000
-2.65 -5.2 9.05 160 90 63 30000
-2.65 -4.85 9.18 160 90 63 30000
-2.65 -4.5 9.31 160 90 63 30000
-2.65 -4.15 9.44 160 90 63 30000
-2.65 -3.8 9.57 160 90 63 30000
-2.65 -3.45 9.71 160 90 63 30000
-2.65 -3.1 9.84 160 90 63 30000
-2.65 -2.75 9.97 160 90 63 30000
-2.65 -2.4 10.1 160 90 63 30000
-2.65 -2.05 10.23 160 90 63 30000
-2.65 -1.7 10.36 160 90 63 30000
-2.65 -1.35 10.49 160 90 63 30000
-2.65 -1 10.62 160 90 63 30000
-2.65 -0.65 10.76 160 90 63 30000
-2.65 -0.3 10.89 160 90 63 30000
-2.65 0.05 10.98 160 90 63 30000
-2.65 0.4 10.85 160 90 63 30000
-2.65 0.75 10.72 160 90 63 30000
-2.65 1.1 10.59 160 90 63 30000
-2.65 1.45 10.46 160 90 63 30000
-2.65 1.8 10.33 160 90 63 30000
-2.65 2.15 10.19 160 90 63 30000
-2.65 2.5 10.06 160 90 63 30000
-2.65 2.85 9.93 160 90 63 30000
-2.65 3.2 9.8 160 90 63 30000
-2.65 3.55 9.67 160 90 63 30000
-2.65 3.9 9.54 160 90 63 30000
-2.65 4.25 9.41 160 90 63 30000
-2.65 4.6 9.28 160 90 63 30000
-2.65 4.95 9.14 160 90 63 30000
-2.65 5.3 9.01 160 90 63 30000
-2.65 5.65 8.88 160 90 63 30000
-2.65 6 8.75 160 90 63 30000
-2.65 6.35 8.62 160 90 63 30000
-2.65 6.7 8.49 160 90 63 30000
-2.65 7.05 8.36 160 90 63 30000
-2.65 7.4 8.23 160 90 63 30000
-2.65 7.75 8.09 160 90 63 30000
-2.3 -8 8 160 90 63 30000
-2.3 -7.65 8.13 160 90 63 30000
-2.3 -7.3 8.26 160 90 63 30000
-2.3 -6.95 8.39 160 90 63 30000
-2.3 -6.6 8.52 160 90 63 30000
-2.3 -6.25 8.66 160 90 63 30000
-2.3 -5.9 8.79 160 90 63 30000
-2.3 -5.55 8.92 160 90 63 30000
-2.3 -5.2 9.05 160 90 63 30000
-2.3 -4.85 9.18 160 90 63 30000
-2.3 -4.5 9.31 160 90 63 30000
-2.3 -4.15 9.44 160 90 63 30000
-2.3 -3.8 9.57 160 90 63 30000
-2.3 -3.45 9.71 160 90 63 30000
-2.3 -3.1 9.84 160 90 63 30000
-2.3 -2.75 9.97 160 90 63 30000
-2.3 -2.4 10.1 160 90 63 30000
-2.3 -2.05 10.23 160 90 63 30000
-2.3 -1.7 10.36 160 90 63 30000
-2.3 -1.35 10.49 160 90 63 30000
-2.3 -1 10.62 160 90 63 30000
-2.3 -0.65 10.76 160 90 63 30000
-2.3 -0.3 10.89 160 90 63 30000
-2.3 0.05 10.98 160 90 63 30000
-2.3 0.4 10.85 160 90 63 30000
-2.3 0.75 10.72 160 90 63 30000
-2.3 1.1 10.59 160 90 63 30000
-2.3 1.45 10.46 160 90 63 30000
-2.3 1.8 10.33 160 90 63 30000
-2.3 2.15 10.19 160 90 63 30000
-2.3 2.5 10.06 160 90 63 30000
-2.3 2.85 9.93 160 90 63 30000
-2.3 3.2 9.8 160 90 63 30000
-2.3 3.55 9.67 160 90 63 30000
-2.3 3.9 9.54 160 90 63 30000
-2.3 4.25 9.41 160 90 63 30000
-2.3 4.6 9.28 160 90 63 30000
-2.3 4.95 9.14 160 90 63 30000
-2.3 5.3 9.01 160 90 63 30000
-2.3 5.65 8.88 160 90 63 30000
-2.3 6 8.75 160 90 63 30000
-2.3 6.35 8.62 160 90 63 30000
-2.3 6.7 8.49 160 90 63 30000
-2.3 7.05 8.36 160 90 63 30000
-2.3 7.4 8.23 160 90 63 30000
-2.3 7.75 8.09 160 90 63 30000
-1.95 -8 8 160 90 63 30000
-1.95 -7.65 8.13 160 90 63 30000
-1.95 -7.3 8.26 160 90 63 30000
-1.95 -6.95 8.39 160 90 63 30000
-1.95 -6.6 8.52 160 90 63 30000
-1.95 -6.25 8.66 160 90 63 30000
-1.95 -5.9 8.79 160 90 63 30000
-1.95 -5.55 8.92 160 90 63 30000
-1.95 -5.2 9.05 160 90 63 30000
-1.95 -4.85 9.18 160 90 63 30000
-1.95 -4.5 9.31 160 90 63 30000
-1.95 -4.15 9.44 160 90 63 30000
-1.95 -3.8 9.57 160 90 63 30000
-1.95 -3.45 9.71 160 90 63 30000
-1.95 -3.1 9.84 160 90 63 30000
-1.95 -2.75 9.97 160 90 63 30000
-1.95 -2.4 10.1 160 90 63 30000
-1.95 -2.05 10.23 160 90 63 30000
-1.95 -1.7 10.36 160 90 63 30000
-1.95 -1.35 10.49 160 90 63 30000
-1.95 -1 10.62 160 90 63 30000
-1.95 -0.65 10.76 160 90 63 30000
-1.95 -0.3 10.89 160 90 63 30000
-1.95 0.05 10.98 160 90 63 30000
-1.95 0.4 10.85 160 90 63 30000
-1.95 0.75 10.72 160 90 63 30000
-1.95 1.1 10.59 160 90 63 30000
-1.95 1.45 10.46 160 90 63 30000
-1.95 1.8 10.33 160 90 63 30000
-1.95 2.15 10.19 160 90 63 30000
-1.95 2.5 10.06 160 90 63 30000
-1.95 2.85 9.93 160 90 63 30000
-1.95 3.2 9.8 160 90 63 30000
-1.95 3.55 9.67 160 90 63 30000
-1.95 3.9 9.54 160 90 63 30000
-1.95 4.25 9.41 160 90 63 30000
-1.95 4.6 9.28 160 90 63 30000
-1.95 4.95 9.14 160 90 63 30000
-1.95 5.3 9.01 160 90 63 30000
-1.95 5.65 8.88 160 90 63 30000
-1.95 6 8.75 160 90 63 30000
-1.95 6.35 8.62 160 90 63 30000
-1.95 6.7 8.49 160 90 63 30000
-1.95 7.05 8.36 160 90 63 30000
-1.95 7.4 8.23 160 90 63 30000
-1.95 7.75 8.09 160 90 63 30000
-1.6 -8 8 160 90 63 30000
-1.6 -7.65 8.13 160 90 63 30000
-1.6 -7.3 8.26 160 90 63 30000
-1.6 -6.95 8.39 160 90 63 30000
-1.6 -6.6 8.52 160 90 63 30000
-1.6 -6.25 8.66 160 90 63 30000
-1.6 -5.9 8.79 160 90 63 30000
-1.6 -5.55 8.92 160 90 63 30000
-1.6 -5.2 9.05 160 90 63 30000
-1.6 -4.85 9.18 160 90 63 30000
-1.6 -4.5 9.31 160 90 63 30000
-1.6 -4.15 9.44 160 90 63 30000
-1.6 -3.8 9.57 160 90 63 30000
-1.6 -3.45 9.71 160 90 63 30000
-1.6 -3.1 9.84 160 90 63 30000
-1.6 -2.75 9.97 160 90 63 30000
-1.6 -2.4 10.1 160 90 63 30000
-1.6 -2.05 10.23 160 90 63 30000
-1.6 -1.7 10.36 160 90 63 30000
-1.6 -1.35 10.49 160 90 63 30000
-1.6 -1 10.62 160 90 63 30000
-1.6 -0.65 10.76 160 90 63 30000
-1.6 -0.3 10.89 160 90 63 30000
-1.6 0.05 10.98 160 90 63 30000
-1.6 0.4 10.85 160 90 63 30000
-1.6 0.75 10.72 160 90 63 30000
-1.6 1.1 10.59 160 90 63 30000
-1.6 1.45 10.46 160 90 63 30000
-1.6 1.8 10.33 160 90 63 30000
-1.6 2.15 10.19 160 90 63 30000
-1.6 2.5 10.06 160 90 63 30000
-1.6 2.85 9.93 160 90 63 30000
-1.6 3.2 9.8 160 90 63 30000
-1.6 3.55 9.67 160 90 63 30000
-1.6 3.9 9.54 160 90 63 30000
-1.6 4.25 9.41 160 90 63 30000
-1.6 4.6 9.28 160 90 63 30000
-1.6 4.95 9.14 160 90 63 30000
-1.6 5.3 9.01 160 90 63 30000
-1.6 5.65 8.88 160 90 63 30000
-1.6 6 8.75 160 90 63 30000
-1.6 6.35 8.62 160 90 63 30000
-1.6 6.7 8.49 160 90 63 30000
-1.6 7.05 8.36 160 90 63 30000
-1.6 7.4 8.23 160 90 63 30000
-1.6 7.75 8.09 160 90 63 30000
-1.25 -8 8 160 90 63 30000
-1.25 -7.65 8.13 160 90 63 30000
-1.25 -7.3 8.26 160 90 63 30000
-1.25 -6.95 8.39 160 90 63 30000
-1.25 -6.6 8.52 160 90 63 30000
-1.25 -6.25 8.66 160 90 63 30000
-1.25 -5.9 8.79 160 90 63 30000
-1.25 -5.55 8.92 160 90 63 30000
-1.25 -5.2 9.05 160 90 63 30000
-1.25 -4.85 9.18 160 90 63 30000
-1.25 -4.5 9.31 160 90 63 30000
-1.25 -4.15 9.44 160 90 63 30000
-1.25 -3.8 9.57 160 90 63 30000
-1.25 -3.45 9.71 160 90 63 30000
-1.25 -3.1 9.84 160 90 63 30000
-1.25 -2.75 9.97 160 90 63 30000
-1.25 -2.4 10.1 160 90 63 30000
-1.25 -2.05 10.23 160 90 63 30000
-1.25 -1.7 10.36 160 90 63 30000
-1.25 -1.35 10.49 160 90 63 30000
-1.25 -1 10.62 160 90 63 30000
-1.25 -0.65 10.76 160 90 63 30000
-1.25 -0.3 10.89 160 90 63 30000
-1.25 0.05 10.98 160 90 63 30000
-1.25 0.4 10.85 160 90 63 30000
-1.25 0.75 10.72 160 90 63 30000
-1.25 1.1 10.59 160 90 63 30000
-1.25 1.45 10.46 160 90 63 30000
-1.25 1.8 10.33 160 90 63 30000
-1.25 2.15 10.19 160 90 63 30000
-1.25 2.5 10.06 160 90 63 30000
-1.25 2.85 9.93 160 90 63 30000
-1.25 3.2 9.8 160 90 63 30000
-1.25 3.55 9.67 160 90 63 30000
-1.25 3.9 9.54 160 90 63 30000
-1.25 4.25 9.41 160 90 63 30000
-1.25 4.6 9.28 160 90 63 30000
-1.25 4.95 9.14 160 90 63 30000
-1.25 5.3 9.01 160 90 63 30000
-1.25 5.65 8.88 160 90 63 30000
-1.25 6 8.75 160 90 63 30000
-1.25 6.35 8.62 160 90 63 30000
-1.25 6.7 8.49 160 90 63 30000
-1.25 7.05 8.36 160 90 63 30000
-1.25 7.4 8.23 160 90 63 30000
-1.25 7.75 8.09 160 90 63 30000
-0.9 -8 8 160 90 63 30000
-0.9 -7.65 8.13 160 90 63 30000
-0.9 -7.3 8.26 160 90 63 30000
-0.9 -6.95 8.39 160 90 63 30000
-0.9 -6.6 8.52 160 90 63 30000
-0.9 -6.25 8.66 160 90 63 30000
-0.9 -5.9 8.79 160 90 63 30000
-0.9 -5.55 8.92 160 90 63 30000
-0.9 -5.2 9.05 160 90 63 30000
-0.9 -4.85 9.18 160 90 63 30000
-0.9 -4.5 9.31 160 90 63 30000
-0.9 -4.15 9.44 160 90 63 30000
-0.9 -3.8 9.57 160 90 63 30000
-0.9 -3.45 9.71 160 90 63 30000
-0.9 -3.1 9.84 160 90 63 30000
-0.9 -2.75 9.97 160 90 63 30000
-0.9 -2.4 10.1 160 90 63 30000
-0.9 -2.05 10.23 160 90 63 30000
-0.9 -1.7 10.36 160 90 63 30000
-0.9 -1.35 10.49 160 90 63 30000
-0.9 -1 10.62 160 90 63 30000
-0.9 -0.65 10.76 160 90 63 30000
-0.9 -0.3 10.89 160 90 63 30000
-0.9 0.05 10.98 160 90 63 30000
-0.9 0.4 10.85 160 90 63 30000
-0.9 0.75 10.72 160 90 63 30000
-0.9 1.1 10.59 160 90 63 30000
-0.9 1.45 10.46 160 90 63 30000
-0.9 1.8 10.33 160 90 63 30000
-0.9 2.15 10.19 160 90 63 30000
-0.9 2.5 10.06 160 90 63 30000
-0.9 2.85 9.93 160 90 63 30000
-0.9 3.2 9.8 160 90 63 30000
-0.9 3.55 9.67 160 90 63 30000
-0.9 3.9 9.54 160 90 63 30000
-0.9 4.25 9.41 160 90 63 30000
-0.9 4.6 9.28 160 90 63 30000
-0.9 4.95 9.14 160 90 63 30000
-0.9 5.3 9.01 160 90 63 30000
-0.9 5.65 8.88 160 90 63 30000
-0.9 6 8.75 160 90 63 30000
-0.9 6.35 8.62 160 90 63 30000
-0.9 6.7 8.49 160 90 63 30000
-0.9 7.05 8.36 160 90 63 30000
-0.9 7.4 8.23 160 90 63 30000
-0.9 7.75 8.09 160 90 63 30000
-0.55 -8 8 160 90 63 30000
-0.55 -7.65 8.13 160 90 63 30000
-0.55 -7.3 8.26 160 90 63 30000
-0.55 -6.95 8.39 160 90 63 30000
-0.55 -6.6 8.52 160 90 63 30000
-0.55 -6.25 8.66 160 90 63 30000
-0.55 -5.9 8.79 160 90 63 30000
-0.55 -5.55 8.92 160 90 63 30000
-0.55 -5.2 9.05 160 90 63 30000
-0.55 -4.85 9.18 160 90 63 30000
-0.55 -4.5 9.31 160 90 63 30000
-0.55 -4.15 9.44 160 90 63 30000
-0.55 -3.8 9.57 160 90 63 30000
-0.55 -3.45 9.71 160 90 63 30000
-0.55 -3.1 9.84 160 90 63 30000
-0.55 -2.75 9.97 160 90 63 30000
-0.55 -2.4 10.1 160 90 63 30000
-0.55 -2.05 10.23 160 90 63 30000
-0.55 -1.7 10.36 160 90 63 30000
-0.55 -1.35 10.49 160 90 63 30000
-0.55 -1 10.62 160 90 63 30000
-0.55 -0.65 10.76 160 90 63 30000
-0.55 -0.3 10.89 160 90 63 30000
-0.55 0.05 10.98 160 90 63 30000
-0.55 0.4 10.85 160 90 63 30000
-0.55 0.75 10.72 160 90 63 30000
-0.55 1.1 10.59 160 90 63 30000
-0.55 1.45 10.46 160 90 63 30000
-0.55 1.8 10.33 160 90 63 30000
-0.55 2.15 10.19 160 90 63 30000
-0.55 2.5 10.06 160 90 63 30000
-0.55 2.85 9.93 160 90 63 30000
-0.55 3.2 9.8 160 90 63 30000
-0.55 3.55 9.67 160 90 63 30000
-0.55 3.9 9.54 160 90 63 30000
-0.55 4.25 9.41 160 90 63 30000
-0.55 4.6 9.28 160 90 63 30000
-0.55 4.95 9.14 160 90 63 30000
-0.55 5.3 9.01 160 90 63 30000
-0.55 5.65 8.88 160 90 63 30000
-0.55 6 8.75 160 90 63 30000
-0.55 6.35 8.62 160 90 63 30000
-0.55 6.7 8.49 160 90 63 30000
-0.55 7.05 8.36 160 90 63 30000
-0.55 7.4 8.23 160 90 63 30000
-0.55 7.75 8.09 160 90 63 30000
-0.2 -8 8 160 90 63 30000
-0.2 -7.65 8.13 160 90 63 30000
-0.2 -7.3 8.26 160 90 63 30000
-0.2 -6.95 8.39 160 90 63 30000
-0.2 -6.6 8.52 160 90 63 30000
-0.2 -6.25 8.66 160 90 63 30000
-0.2 -5.9 8.79 160 90 63 30000
-0.2 -5.55 8.92 160 90 63 30000
-0.2 -5.2 9.05 160 90 63 30000
-0.2 -4.85 9.18 160 90 63 30000
-0.2 -4.5 9.31 160 90 63 30000
-0.2 -4.15 9.44 160 90 63 30000
-0.2 -3.8 9.57 160 90 63 30000
-0.2 -3.45 9.71 160 90 63 30000
-0.2 -3.1 9.84 160 90 63 30000
-0.2 -2.75 9.97 160 90 63 30000
-0.2 -2.4 10.1 160 90 63 30000
-0.2 -2.05 10.23 160 90 63 30000
-0.2 -1.7 10.36 160 90 63 30000
-0.2 -1.35 10.49 160 90 63 30000
-0.2 -1 10.62 160 90 63 30000
-0.2 -0.65 10.76 160 90 63 30000
-0.2 -0.3 10.89 160 90 63 30000
-0.2 0.05 10.98 160 90 63 30000
-0.2 0.4 10.85 160 90 63 30000
-0.2 0.75 10.72 160 90 63 30000
-0.2 1.1 10.59 160 90 63 30000
-0.2 1.45 10.46 160 90 63 30000
-0.2 1.8 10.33 160 90 63 30000
-0.2 2.15 10.19 160 90 63 30000
-0.2 2.5 10.06 160 90 63 30000
-0.2 2.85 9.93 160 90 63 30000
-0.2 3.2 9.8 160 90 63 30000
-0.2 3.55 9.67 160 90 63 30000
-0.2 3.9 9.54 160 90 63 30000
-0.2 4.25 9.41 160 90 63 30000
-0.2 4.6 9.28 160 90 63 30000
-0.2 4.95 9.14 160 90 63 30000
-0.2 5.3 9.01 160 90 63 30000
-0.2 5.65 8.88 160 90 63 30000
-0.2 6 8.75 160 90 63 30000
-0.2 6.35 8.62 160 90 63 30000
-0.2 6.7 8.49 160 90 63 30000
-0.2 7.05 8.36 160 90 63 30000
-0.2 7.4 8.23 160 90 63 30000
-0.2 7.75 8.09 160 90 63 30000
0.15 -8 8 160 90 63 30000
0.15 -7.65 8.13 160 90 63 30000
0.15 -7.3 8.26 160 90 63 30000
0.15 -6.95 8.39 160 90 63 30000
0.15 -6.6 8.52 160 90 63 30000
0.15 -6.25 8.66 160 90 63 30000
0.15 -5.9 8.79 160 90 63 30000
0.15 -5.55 8.92 160 90 63 30000
0.15 -5.2 9.05 160 90 63 30000
0.15 -4.85 9.18 160 90 63 30000
0.15 -4.5 9.31 160 90 63 30000
0.15 -4.15 9.44 160 90 63 30000
0.15 -3.8 9.57 160 90 63 30000
0.15 -3.45 9.71 160 90 63 30000
0.15 -3.1 9.84 160 90 63 30000
0.15 -2.75 9.97 160 90 63 30000
0.15 -2.4 10.1 160 90 63 30000
0.15 -2.05 10.23 160 90 63 30000
0.15 -1.7 10.36 160 90 63 30000
0.15 -1.35 10.49 160 90 63 30000
0.15 -1 10.62 160 90 63 30000
0.15 -0.65 10.76 160 90 63 30000
0.15 -0.3 10.89 160 90 63 30000
0.15 0.05 10.98 160 90 63 30000
0.15 0.4 10.85 160 90 63 30000
0.15 0.75 10.72 160 90 63 30000
0.15 1.1 10.59 160 90 63 30000
0.15 1.45 10.46 160 90 63 30000
0.15 1.8 10.33 160 90 63 30000
0.15 2.15 10.19 160 90 63 30000
0.15 2.5 10.06 160 90 63 30000
0.15 2.85 9.93 160 90 63 30000
0.15 3.2 9.8 160 90 63 30000
0.15 3.55 9.67 160 90 63 30000
0.15 3.9 9.54 160 90 63 30000
0.15 4.25 9.41 160 90 63 30000
0.15 4.6 9.28 160 90 63 30000
0.15 4.95 9.14 160 90 63 30000
0.15 5.3 9.01 160 90 63 30000
0.15 5.65 8.88 160 90 63 30000
0.15 6 8.75 160 90 63 30000
0.15 6.35 8.62 160 90 63 30000
0.15 6.7 8.49 160 90 63 30000
0.15 7.05 8.36 160 90 63 30000
0.15 7.4 8.23 160 90 63 30000
0.15 7.75 8.09 160 90 63 30000
0.5 -8 8 160 90 63 30000
0.5 -7.65 8.13 160 90 63 30000
0.5 -7.3 8.26 160 90 63 30000
0.5 -6.95 8.39 160 90 63 30000
0.5 -6.6 8.52 160 90 63 30000
0.5 -6.25 8.66 160 90 63 30000
0.5 -5.9 8.79 160 90 63 30000
0.5 -5.55 8.92 160 90 63 30000
0.5 -5.2 9.05 160 90 63 30000
0.5 -4.85 9.18 160 90 63 30000
0.5 -4.5 9.31 160 90 63 30000
0.5 -4.15 9.44 160 90 63 30000
0.5 -3.8 9.57 160 90 63 30000
0.5 -3.45 9.71 160 90 63 30000
0.5 -3.1 9.84 160 90 63 30000
0.5 -2.75 9.97 160 90 63 30000
0.5 -2.4 10.1 160 90 63 30000
0.5 -2.05 10.23 160 90 63 30000
0.5 -1.7 10.36 160 90 63 30000
0.5 -1.35 10.49 160 90 63 30000
0.5 -1 10.62 160 90 63 30000
0.5 -0.65 10.76 160 90 63 30000
0.5 -0.3 10.89 160 90 63 30000
0.5 0.05 10.98 160 90 63 30000
0.5 0.4 10.85 160 90 63 30000
0.5 0.75 10.72 160 90 63 30000
0.5 1.1 10.59 160 90 63 30000
0.5 1.45 10.46 160 90 63 30000
0.5 1.8 10.33 160 90 63 30000
0.5 2.15 10.19 160 90 63 30000
0.5 2.5 10.06 160 90 63 30000
0.5 2.85 9.93 160 90 63 30000
0.5 3.2 9.8 160 90 63 30000
0.5 3.55 9.67 160 90 63 30000
0.5 3.9 9.54 160 90 63 30000
0.5 4.25 9.41 160 90 63 30000
0.5 4.6 9.28 160 90 63 30000
0.5 4.95 9.14 160 90 63 30000
0.5 5.3 9.01 160 90 63 30000
0.5 5.65 8.88 160 90 63 30000
0.5 6 8.75 160 90 63 30000
0.5 6.35 8.62 160 90 63 30000
0.5 6.7 8.49 160 90 63 30000
0.5 7.05 8.36 160 90 63 30000
0.5 7.4 8.23 160 90 63 30000
0.5 7.75 8.09 160 90 63 30000
0.85 -8 8 160 90 63 30000
0.85 -7.65 8.13 160 90 63 30000
0.85 -7.3 8.26 160 90 63 30000
0.85 -6.95 8.39 160 90 63 30000
0.85 -6.6 8.52 160 90 63 30000
0.85 -6.25 8.66 160 90 63 30000
0.85 -5.9 8.79 160 90 63 30000
0.85 -5.55 8.92 160 90 63 30000
0.85 -5.2 9.05 160 90 63 30000
0.85 -4.85 9.18 160 90 63 30000
0.85 -4.5 9.31 160 90 63 30000
0.85 -4.15 9.44 160 90 63 30000
0.85 -3.8 9.57 160 90 63 30000
0.85 -3.45 9.71 160 90 63 30000
0.85 -3.1 9.84 160 90 63 30000
0.85 -2.75 9.97 160 90 63 30000
0.85 -2.4 10.1 160 90 63 30000
0.85 -2.05 10.23 160 90 63 30000
0.85 -1.7 10.36 160 90 63 30000
0.85 -1.35 10.49 160 90 63 30000
0.85 -1 10.62 160 90 63 30000
0.85 -0.65 10.76 160 90 63 30000
0.85 -0.3 10.89 160 90 63 30000
0.85 0.05 10.98 160 90 63 30000
0.85 0.4 10.85 160 90 63 30000
0.85 0.75 10.72 160 90 63 30000
0.85 1.1 10.59 160 90 63 30000
0.85 1.45 10.46 160 90 63 30000
0.85 1.8 10.33 160 90 63 30000
0.85 2.15 10.19 160 90 63 30000
0.85 2.5 10.06 160 90 63 30000
0.85 2.85 9.93 160 90 63 30000
0.85 3.2 9.8 160 90 63 30000
0.85 3.55 9.67 160 90 63 30000
0.85 3.9 9.54 160 90 63 30000
0.85 4.25 9.41 160 90 63 30000
0.85 4.6 9.28 160 90 63 30000
0.85 4.95 9.14 160 90 63 30000
0.85 5.3 9.01 160 90 63 30000
0.85 5.65 8.88 160 90 63 30000
0.85 6 8.75 160 90 63 30000
0.85 6.35 8.62 160 90 63 30000
0.85 6.7 8.49 160 90 63 30000
0.85 7.05 8.36 160 90 63 30000
0.85 7.4 8.23 160 90 63 30000
0.85 7.75 8.09 160 90 63 30000
1.2 -8 8 160 90 63 30000
1.2 -7.65 8.13 160 90 63 30000
1.2 -7.3 8.26 160 90 63 30000
1.2 -6.95 8.39 160 90 63 30000
1.2 -6.6 8.52 160 90 63 30000
1.2 -6.25 8.66 160 90 63 30000
1.2 -5.9 8.79 160 90 63 30000
1.2 -5.55 8.92 160 90 63 30000
1.2 -5.2 9.05 160 90 63 30000
1.2 -4.85 9.18 160 90 63 30000
1.2 -4.5 9.31 160 90 63 30000
1.2 -4.15 9.44 160 90 63 30000
1.2 -3.8 9.57 160 90 63 30000
1.2 -3.45 9.71 160 90 63 30000
1.2 -3.1 9.84 160 90 63 30000
1.2 -2.75 9.97 160 90 63 30000
1.2 -2.4 10.1 160 90 63 30000
1.2 -2.05 10.23 160 90 63 30000
1.2 -1.7 10.36 160 90 63 30000
1.2 -1.35 10.49 160 90 63 30000
1.2 -1 10.62 160 90 63 30000
1.2 -0.65 10.76 160 90 63 30000
1.2 -0.3 10.89 160 90 63 30000
1.2 0.05 10.98 160 90 63 30000
1.2 0.4 10.85 160 90 63 30000
1.2 0.75 10.72 160 90 63 30000
1.2 1.1 10.59 160 90 63 30000
1.2 1.45 10.46 160 90 63 30000
1.2 1.8 10.33 160 90 63 30000
1.2 2.15 10.19 160 90 63 30000
1.2 2.5 10.06 160 90 63 30000
1.2 2.85 9.93 160 90 63 30000
1.2 3.2 9.8 160 90 63 30000
1.2 3.55 9.67 160 90 63 30000
1.2 3.9 9.54 160 90 63 30000
1.2 4.25 9.41 160 90 63 30000
1.2 4.6 9.28 160 90 63 30000
1.2 4.95 9.14 160 90 63 30000
1.2 5.3 9.01 160 90 63 30000
1.2 5.65 8.88 160 90 63 30000
1.2 6 8.75 160 90 63 30000
1.2 6.35 8.62 160 90 63 30000
1.2 6.7 8.49 160 90 63 30000
1.2 7.05 8.36 160 90 63 30000
1.2 7.4 8.23 160 90 63 30000
1.2 7.75 8.09 160 90 63 30000
1.55 -8 8 160 90 63 30000
1.55 -7.65 8.13 160 90 63 30000
1.55 -7.3 8.26 160 90 63 30000
1.55 -6.95 8.39 160 90 63 30000
1.55 -6.6 8.52 160 90 63 30000
1.55 -6.25 8.66 160 90 63 30000
1.55 -5.9 8.79 160 90 63 30000
1.55 -5.55 8.92 160 90 63 30000
1.55 -5.2 9.05 160 90 63 30000
1.55 -4.85 9.18 160 90 63 30000
1.55 -4.5 9.31 160 90 63 30000
1.55 -4.15 9.44 160 90 63 30000
1.55 -3.8 9.57 160 90 63 30000
1.55 -3.45 9.71 160 90 63 30000
1.55 -3.1 9.84 160 90 63 30000
1.55 -2.75 9.97 160 90 63 30000
1.55 -2.4 10.1 160 90 63 30000
1.55 -2.05 10.23 160 90 63 30000
1.55 -1.7 10.36 160 90 63 30000
1.55 -1.35 10.49 160 90 63 30000
1.55 -1 10.62 160 90 63 30000
1.55 -0.65 10.76 160 90 63 30000
1.55 -0.3 10.89 160 90 63 30000
1.55 0.05 10.98 160 90 63 30000
1.55 0.4 10.85 160 90 63 30000
1.55 0.75 10.72 160 90 63 30000
1.55 1.1 10.59 160 90 63 30000
1.55 1.45 10.46 160 90 63 30000
1.55 1.8 10.33 160 90 63 30000
1.55 2.15 10.19 160 90 63 30000
1.55 2.5 10.06 160 90 63 30000
1.55 2.85 9.93 160 90 63 30000
1.55 3.2 9.8 160 90 63 30000
1.55 3.55 9.67 160 90 63 30000
1.55 3.9 9.54 160 90 63 30000
1.55 4.25 9.41 160 90 63 30000
1.55 4.6 9.28 160 90 63 30000
1.55 4.95 9.14 160 90 63 30000
1.55 5.3 9.01 160 90 63 30000
1.55 5.65 8.88 160 90 63 30000
1.55 6 8.75 160 90 63 30000
1.55 6.35 8.62 160 90 63 30000
1.55 6.7 8.49 160 90 63 30000
1.55 7.05 8.36 160 90 63 30000
1.55 7.4 8.23 160 90 63 30000
1.55 7.75 8.09 160 90 63 30000
1.9 -8 8 160 90 63 30000
1.9 -7.65 8.13 160 90 63 30000
1.9 -7.3 8.26 160 90 63 30000
1.9 -6.95 8.39 160 90 63 30000
1.9 -6.6 8.52 160 90 63 30000
1.9 -6.25 8.66 160 90 63 30000
1.9 -5.9 8.79 160 90 63 30000
1.9 -5.55 8.92 160 90 63 30000
1.9 -5.2 9.05 160 90 63 30000
1.9 -4.85 9.18 160 90 63 30000
1.9 -4.5 9.31 160 90 63 30000
1.9 -4.15 9.44 160 90 63 30000
1.9 -3.8 9.57 160 90 63 30000
1.9 -3.45 9.71 160 90 63 30000
1.9 -3.1 9.84 160 90 63 30000
1.9 -2.75 9.97 160 90 63 30000
1.9 -2.4 10.1 160 90 63 30000
1.9 -2.05 10.23 160 90 63 30000
1.9 -1.7 10.36 160 90 63 30000
1.9 -1.35 10.49 160 90 63 30000
1.9 -1 10.62 160 90 63 30000
1.9 -0.65 10.76 160 90 63 30000
1.9 -0.3 10.89 160 90 63 30000
1.9 0.05 10.98 160 90 63 30000
1.9 0.4 10.85 160 90 63 30000
1.9 0.75 10.72 160 90 63 30000
1.9 1.1 10.59 160 90 63 30000
1.9 1.45 10.46 160 90 63 30000
1.9 1.8 10.33 160 90 63 30000
1.9 2.15 10.19 160 90 63 30000
1.9 2.5 10.06 160 90 63 30000
1.9 2.85 9.93 160 90 63 30000
1.9 3.2 9.8 160 90 63 30000
1.9 3.55 9.67 160 90 63 30000
1.9 3.9 9.54 160 90 63 30000
1.9 4.25 9.41 160 90 63 30000
1.9 4.6 9.28 160 90 63 30000
1.9 4.95 9.14 160 90 63 30000
1.9 5.3 9.01 160 90 63 30000
1.9 5.65 8.88 160 90 63 30000
1.9 6 8.75 160 90 63 30000
1.9 6.35 8.62 160 90 63 30000
1.9 6.7 8.49 160 90 63 30000
1.9 7.05 8.36 160 90 63 30000
1.9 7.4 8.23 160 90 63 30000
1.9 7.75 8.09 160 90 63 30000
2.25 -8 8 160 90 63 30000
2.25 -7.65 8.13 160 90 63 30000
2.25 -7.3 8.26 160 90 63 30000
2.25 -6.95 8.39 160 90 63 30000
2.25 -6.6 8.52 160 90 63 30000
2.25 -6.25 8.66 160 90 63 30000
2.25 -5.9 8.79 160 90 63 30000
2.25 -5.55 8.92 160 90 63 30000
2.25 -5.2 9.05 160 90 63 30000
2.25 -4.85 9.18 160 90 63 30000
2.25 -4.5 9.31 160 90 63 30000
2.25 -4.15 9.44 160 90 63 30000
2.25 -3.8 9.57 160 90 63 30000
2.25 -3.45 9.71 160 90 63 30000
2.25 -3.1 9.84 160 90 63 30000
2.25 -2.75 9.97 160 90 63 30000
2.25 -2.4 10.1 160 90 63 30000
2.25 -2.05 10.23 160 90 63 30000
2.25 -1.7 10.36 160 90 63 30000
2.25 -1.35 10.49 160 90 63 30000
2.25 -1 10.62 160 90 63 30000
2.25 -0.65 10.76 160 90 63 30000
2.25 -0.3 10.89 160 90 63 30000
2.25 0.05 10.98 160 90 63 30000
2.25 0.4 10.85 160 90 63 30000
2.25 0.75 10.72 160 90 63 30000
2.25 1.1 10.59 160 90 63 30000
2.25 1.45 10.46 160 90 63 30000
2.25 1.8 10.33 160 90 63 30000
2.25 2.15 10.19 160 90 63 30000
2.25 2.5 10.06 160 90 63 30000
2.25 2.85 9.93 160 90 63 30000
2.25 3.2 9.8 160 90 63 30000
2.25 3.55 9.67 160 90 63 30000
2.25 3.9 9.54 160 90 63 30000
2.25 4.25 9.41 160 90 63 30000
2.25 4.6 9.28 160 90 63 30000
2.25 4.95 9.14 160 90 63 30000
2.25 5.3 9.01 160 90 63 30000
2.25 5.65 8.88 160 90 63 30000
2.25 6 8.75 160 90 63 30000
2.25 6.35 8.62 160 90 63 30000
2.25 6.7 8.49 160 90 63 30000
2.25 7.05 8.36 160 90 63 30000
2.25 7.4 8.23 160 90 63 30000
2.25 7.75 8.09 160 90 63 30000
2.6 -8 8 160 90 63 30000
2.6 -7.65 8.13 160 90 63 30000
2.6 -7.3 8.26 160 90 63 30000
2.6 -6.95 8.39 160 90 63 30000
2.6 -6.6 8.52 160 90 63 30000
2.6 -6.25 8.66 160 90 63 30000
2.6 -5.9 8.79 160 90 63 30000
2.6 -5.55 8.92 160 90 63 30000
2.6 -5.2 9.05 160 90 63 30000
2.6 -4.85 9.18 160 90 63 30000
2.6 -4.5 9.31 160 90 63 30000
2.6 -4.15 9.44 160 90 63 30000
2.6 -3.8 9.57 160 90 63 30000
2.6 -3.45 9.71 160 90 63 30000
2.6 -3.1 9.84 160 90 63 30000
2.6 -2.75 9.97 160 90 63 30000
2.6 -2.4 10.1 160 90 63 30000
2.6 -2.05 10.23 160 90 63 30000
2.6 -1.7 10.36 160 90 63 30000
2.6 -1.35 10.49 160 90 63 30000
2.6 -1 10.62 160 90 63 30000
2.6 -0.65 10.76 160 90 63 30000
2.6 -0.3 10.89 160 90 63 30000
2.6 0.05 10.98 160 90 63 30000
2.6 0.4 10.85 160 90 63 30000
2.6 0.75 10.72 160 90 63 30000
2.6 1.1 10.59 160 90 63 30000
2.6 1.45 10.46 160 90 63 30000
2.6 1.8 10.33 160 90 63 30000
2.6 2.15 10.19 160 90 63 30000
2.6 2.5 10.06 160 90 63 30000
2.6 2.85 9.93 160 90 63 30000
2.6 3.2 9.8 160 90 63 30000
2.6 3.55 9.67 160 90 63 30000
2.6 3.9 9.54 160 90 63 30000
2.6 4.25 9.41 160 90 63 30000
2.6 4.6 9.28 160 90 63 30000
2.6 4.95 9.14 160 90 63 30000
2.6 5.3 9.01 160 90 63 30000
2.6 5.65 8.88 160 90 63 30000
2.6 6 8.75 160 90 63 30000
2.6 6.35 8.62 160 90 63 30000
2.6 6.7 8.49 160 90 63 30000
2.6 7.05 8.36 160 90 63 30000
2.6 7.4 8.23 160 90 63 30000
2.6 7.75 8.09 160 90 63 30000
2.95 -8 8 160 90 63 30000
2.95 -7.65 8.13 160 90 63 30000
2.95 -7.3 8.26 160 90 63 30000
2.95 -6.95 8.39 160 90 63 30000
2.95 -6.6 8.52 160 90 63 30000
2.95 -6.25 8.66 160 90 63 30000
2.95 -5.9 8.79 160 90 63 30000
2.95 -5.55 8.92 160 90 63 30000
2.95 -5.2 9.05 160 90 63 30000
2.95 -4.85 9.18 160 90 63 30000
2.95 -4.5 9.31 160 90 63 30000
2.95 -4.15 9.44 160 90 63 30000
2.95 -3.8 9.57 160 90 63 30000
2.95 -3.45 9.71 160 90 63 30000
2.95 -3.1 9.84 160 90 63 30000
2.95 -2.75 9.97 160 90 63 30000
2.95 -2.4 10.1 160 90 63 30000
2.95 -2.05 10.23 160 90 63 30000
2.95 -1.7 10.36 160 90 63 30000
2.95 -1.35 10.49 160 90 63 30000
2.95 -1 10.62 160 90 63 30000
2.95 -0.65 10.76 160 90 63 30000
2.95 -0.3 10.89 160 90 63 30000
2.95 0.05 10.98 160 90 63 30000
2.95 0.4 10.85 160 90 63 30000
2.95 0.75 10.72 160 90 63 30000
2.95 1.1 10.59 160 90 63 30000
2.95 1.45 10.46 160 90 63 30000
2.95 1.8 10.33 160 90 63 30000
2.95 2.15 10.19 160 90 63 30000
2.95 2.5 10.06 160 90 63 30000
2.95 2.85 9.93 160 90 63 30000
2.95 3.2 9.8 160 90 63 30000
2.95 3.55 9.67 160 90 63 30000
2.95 3.9 9.54 160 90 63 30000
2.95 4.25 9.41 160 90 63 30000
2.95 4.6 9.28 160 90 63 30000
2.95 4.95 9.14 160 90 63 30000
2.95 5.3 9.01 160 90 63 30000
2.95 5.65 8.88 160 90 63 30000
2.95 6 8.75 160 90 63 30000
2.95 6.35 8.62 160 90 63 30000
2.95 6.7 8.49 160 90 63 30000
2.95 7.05 8.36 160 90 63 30000
2.95 7.4 8.23 160 90 63 30000
2.95 7.75 8.09 160 90 63 30000
3.3 -8 8 160 90 63 30000
3.3 -7.65 8.13 160 90 63 30000
3.3 -7.3 8.26 160 90 63 30000
3.3 -6.95 8.39 160 90 63 30000
3.3 -6.6 8.52 160 90 63 30000
3.3 -6.25 8.66 160 90 63 30000
3.3 -5.9 8.79 160 90 63 30000
3.3 -5.55 8.92 160 90 63 30000
3.3 -5.2 9.05 160 90 63 30000
3.3 -4.85 9.18 160 90 63 30000
3.3 -4.5 9.31 160 90 63 30000
3.3 -4.15 9.44 160 90 63 30000
3.3 -3.8 9.57 160 90 63 30000
3.3 -3.45 9.71 160 90 63 30000
3.3 -3.1 9.84 160 90 63 30000
3.3 -2.75 9.97 160 90 63 30000
3.3 -2.4 10.1 160 90 63 30000
3.3 -2.05 10.23 160 90 63 30000
3.3 -1.7 10.36 160 90 63 30000
3.3 -1.35 10.49 160 90 63 30000
3.3 -1 10.62 160 90 63 30000
3.3 -0.65 10.76 160 90 63 30000
3.3 -0.3 10.89 160 90 63 30000
3.3 0.05 10.98 160 90 63 30000
3.3 0.4 10.85 160 90 63 30000
3.3 0.75 10.72 160 90 63 30000
3.3 1.1 10.59 160 90 63 30000
3.3 1.45 10.46 160 90 63 30000
3.3 1.8 10.33 160 90 63 30000
3.3 2.15 10.19 160 90 63 30000
3.3 2.5 10.06 160 90 63 30000
3.3 2.85 9.93 160 90 63 30000
3.3 3.2 9.8 160 90 63 30000
3.3 3.55 9.67 160 90 63 30000
3.3 3.9 9.54 160 90 63 30000
3.3 4.25 9.41 160 90 63 30000
3.3 4.6 9.28 160 90 63 30000
3.3 4.95 9.14 160 90 63 30000
3.3 5.3 9.01 160 90 63 30000
3.3 5.65 8.88 160 90 63 30000
3.3 6 8.75 160 90 63 30000
3.3 6.35 8.62 160 90 63 30000
3.3 6.7 8.49 160 90 63 30000
3.3 7.05 8.36 160 90 63 30000
3.3 7.4 8.23 160 90 63 30000
3.3 7.75 8.09 160 90 63 30000
3.65 -8 8 160 90 63 30000
3.65 -7.65 8.13 160 90 63 30000
3.65 -7.3 8.26 160 90 63 30000
3.65 -6.95 8.39 160 90 63 30000
3.65 -6.6 8.52 160 90 63 30000
3.65 -6.25 8.66 160 90 63 30000
3.65 -5.9 8.79 160 90 63 30000
3.65 -5.55 8.92 160 90 63 30000
3.65 -5.2 9.05 160 90 63 30000
3.65 -4.85 9.18 160 90 63 30000
3.65 -4.5 9.31 160 90 63 30000
3.65 -4.15 9.44 160 90 63 30000
3.65 -3.8 9.57 160 90 63 30000
3.65 -3.45 9.71 160 90 63 30000
3.65 -3.1 9.84 160 90 63 30000
3.65 -2.75 9.97 160 90 63 30000
3.65 -2.4 10.1 160 90 63 30000
3.65 -2.05 10.23 160 90 63 30000
3.65 -1.7 10.36 160 90 63 30000
3.65 -1.35 10.49 160 90 63 30000
3.65 -1 10.62 160 90 63 30000
3.65 -0.65 10.76 160 90 63 30000
3.65 -0.3 10.89 160 90 63 30000
3.65 0.05 10.98 160 90 63 30000
3.65 0.4 10.85 160 90 63 30000
3.65 0.75 10.72 160 90 63 30000
3.65 1.1 10.59 160 90 63 30000
3.65 1.45 10.46 160 90 63 30000
3.65 1.8 10.33 160 90 63 30000
3.65 2.15 10.19 160 90 63 30000
3.65 2.5 10.06 160 90 63 30000
3.65 2.85 9.93 160 90 63 30000
3.65 3.2 9.8 160 90 63 30000
3.65 3.55 9.67 160 90 63 30000
3.65 3.9 9.54 160 90 63 30000
3.65 4.25 9.41 160 90 63 30000
3.65 4.6 9.28 160 90 63 30000
3.65 4.95 9.14 160 90 63 30000
3.65 5.3 9.01 160 90 63 30000
3.65 5.65 8.88 160 90 63 30000
3.65 6 8.75 160 90 63 30000
3.65 6.35 8.62 160 90 63 30000
3.65 6.7 8.49 160 90 63 30000
3.65 7.05 8.36 160 90 63 30000
3.65 7.4 8.23 160 90 63 30000
3.65 7.75 8.09 160 90 63 30000
4 -8 8 160 90 63 30000
4 -7.65 8.13 160 90 63 30000
4 -7.3 8.26 160 90 63 30000
4 -6.95 8.39 160 90 63 30000
4 -6.6 8.52 160 90 63 30000
4 -6.25 8.66 160 90 63 30000
4 -5.9 8.79 160 90 63 30000
4 -5.55 8.92 160 90 63 30000
4 -5.2 9.05 160 90 63 30000
4 -4.85 9.18 160 90 63 30000
4 -4.5 9.31 160 90 63 30000
4 -4.15 9.44 160 90 63 30000
4 -3.8 9.57 160 90 63 30000
4 -3.45 9.71 160 90 63 30000
4 -3.1 9.84 160 90 63 30000
4 -2.75 9.97 160 90 63 30000
4 -2.4 10.1 160 90 63 30000
4 -2.05 10.23 160 90 63 30000
4 -1.7 10.36 160 90 63 30000
4 -1.35 10.49 160 90 63 30000
4 -1 10.62 160 90 63 30000
4 -0.65 10.76 160 90 63 30000
4 -0.3 10.89 160 90 63 30000
4 0.05 10.98 160 90 63 30000
4 0.4 10.85 160 90 63 30000
4 0.75 10.72 160 90 63 30000
4 1.1 10.59 160 90 63 30000
4 1.45 10.46 160 90 63 30000
4 1.8 10.33 160 90 63 30000
4 2.15 10.19 160 90 63 30000
4 2.5 10.06 160 90 63 30000
4 2.85 9.93 160 90 63 30000
4 3.2 9.8 160 90 63 30000
4 3.55 9.67 160 90 63 30000
4 3.9 9.54 160 90 63 30000
4 4.25 9.41 160 90 63 30000
4 4.6 9.28 160 90 63 30000
4 4.95 9.14 160 90 63 30000
4 5.3 9.01 160 90 63 30000
4 5.65 8.88 160 90 63 30000
4 6 8.75 160 90 63 30000
4 6.35 8.62 160 90 63 30000
4 6.7 8.49 160 90 63 30000
4 7.05 8.36 160 90 63 30000
4 7.4 8.23 160 90 63 30000
4 7.75 8.09 160 90 63 30000
4.35 -8 8 160 90 63 30000
4.35 -7.65 8.13 160 90 63 30000
4.35 -7.3 8.26 160 90 63 30000
4.35 -6.95 8.39 160 90 63 30000
4.35 -6.6 8.52 160 90 63 30000
4.35 -6.25 8.66 160 90 63 30000
4.35 -5.9 8.79 160 90 63 30000
4.35 -5.55 8.92 160 90 63 30000
4.35 -5.2 9.05 160 90 63 30000
4.35 -4.85 9.18 160 90 63 30000
4.35 -4.5 9.31 160 90 63 30000
4.35 -4.15 9.44 160 90 63 30000
4.35 -3.8 9.57 160 90 63 30000
4.35 -3.45 9.71 160 90 63 30000
4.35 -3.1 9.84 160 90 63 30000
4.35 -2.75 9.97 160 90 63 30000
4.35 -2.4 10.1 160 90 63 30000
4.35 -2.05 10.23 160 90 63 30000
4.35 -1.7 10.36 160 90 63 30000
4.35 -1.35 10.49 160 90 63 30000
4.35 -1 10.62 160 90 63 30000
4.35 -0.65 10.76 160 90 63 30000
4.35 -0.3 10.89 160 90 63 30000
4.35 0.05 10.98 160 90 63 30000
4.35 0.4 10.85 160 90 63 30000
4.35 0.75 10.72 160 90 63 30000
4.35 1.1 10.59 160 90 63 30000
4.35 1.45 10.46 160 90 63 30000
4.35 1.8 10.33 160 90 63 30000
4.35 2.15 10.19 160 90 63 30000
4.35 2.5 10.06 160 90 63 30000
4.35 2.85 9.93 160 90 63 30000
4.35 3.2 9.8 160 90 63 30000
4.35 3.55 9.67 160 90 63 30000
4.35 3.9 9.54 160 90 63 30000
4.35 4.25 9.41 160 90 63 30000
4.35 4.6 9.28 160 90 63 30000
4.35 4.95 9.14 160 90 63 30000
4.35 5.3 9.01 160 90 63 30000
4.35 5.65 8.88 160 90 63 30000
4.35 6 8.75 160 90 63 30000
4.35 6.35 8.62 160 90 63 30000
4.35 6.7 8.49 160 90 63 30000
4.35 7.05 8.36 160 90 63 30000
4.35 7.4 8.23 160 90 63 30000
4.35 7.75 8.09 160 90 63 30000
4.7 -8 8 160 90 63 30000
4.7 -7.65 8.13 160 90 63 30000
4.7 -7.3 8.26 160 90 63 30000
4.7 -6.95 8.39 160 90 63 30000
4.7 -6.6 8.52 160 90 63 30000
4.7 -6.25 8.66 160 90 63 30000
4.7 -5.9 8.79 160 90 63 30000
4.7 -5.55 8.92 160 90 63 30000
4.7 -5.2 9.05 160 90 63 30000
4.7 -4.85 9.18 160 90 63 30000
4.7 -4.5 9.31 160 90 63 30000
4.7 -4.15 9.44 160 90 63 30000
4.7 -3.8 9.57 160 90 63 30000
4.7 -3.45 9.71 160 90 63 30000
4.7 -3.1 9.84 160 90 63 30000
4.7 -2.75 9.97 160 90 63 30000
4.7 -2.4 10.1 160 90 63 30000
4.7 -2.05 10.23 160 90 63 30000
4.7 -1.7 10.36 160 90 63 30000
4.7 -1.35 10.49 160 90 63 30000
4.7 -1 10.62 160 90 63 30000
4.7 -0.65 10.76 160 90 63 30000
4.7 -0.3 10.89 160 90 63 30000
4.7 0.05 10.98 160 90 63 30000
4.7 0.4 10.85 160 90 63 30000
4.7 0.75 10.72 160 90 63 30000
4.7 1.1 10.59 160 90 63 30000
4.7 1.45 10.46 160 90 63 30000
4.7 1.8 10.33 160 90 63 30000
4.7 2.15 10.19 160 90 63 30000
4.7 2.5 10.06 160 90 63 30000
4.7 2.85 9.93 160 90 63 30000
4.7 3.2 9.8 160 90 63 30000
4.7 3.55 9.67 160 90 63 30000
4.7 3.9 9.54 160 90 63 30000
4.7 4.25 9.41 160 90 63 30000
4.7 4.6 9.28 160 90 63 30000
4.7 4.95 9.14 160 90 63 30000
4.7 5.3 9.01 160 90 63 30000
4.7 5.65 8.88 160 90 63 30000
4.7 6 8.75 160 90 63 30000
4.7 6.35 8.62 160 90 63 30000
4.7 6.7 8.49 160 90 63 30000
4.7 7.05 8.36 160 90 63 30000
4.7 7.4 8.23 160 90 63 30000
4.7 7.75 8.09 160 90 63 30000
5.05 -8 8 160 90 63 30000
5.05 -7.65 8.13 160 90 63 30000
5.05 -7.3 8.26 160 90 63 30000
5.05 -6.95 8.39 160 90 63 30000
5.05 -6.6 8.52 160 90 63 30000
5.05 -6.25 8.66 160 90 63 30000
5.05 -5.9 8.79 160 90 63 30000
5.05 -5.55 8.92 160 90 63 30000
5.05 -5.2 9.05 160 90 63 30000
5.05 -4.85 9.18 160 90 63 30000
5.05 -4.5 9.31 160 90 63 30000
5.05 -4.15 9.44 160 90 63 30000
5.05 -3.8 9.57 160 90 63 30000
5.05 -3.45 9.71 160 90 63 30000
5.05 -3.1 9.84 160 90 63 30000
5.05 -2.75 9.97 160 90 63 30000
5.05 -2.4 10.1 160 90 63 30000
5.05 -2.05 10.23 160 90 63 30000
5.05 -1.7 10.36 160 90 63 30000
5.05 -1.35 10.49 160 90 63 30000
5.05 -1 10.62 160 90 63 30000
5.05 -0.65 10.76 160 90 63 30000
5.05 -0.3 10.89 160 90 63 30000
5.05 0.05 10.98 160 90 63 30000
5.05 0.4 10.85 160 90 63 30000
5.05 0.75 10.72 160 90 63 30000
5.05 1.1 10.59 160 90 63 30000
5.05 1.45 10.46 160 90 63 30000
5.05 1.8 10.33 160 90 63 30000
5.05 2.15 10.19 160 90 63 30000
5.05 2.5 10.06 160 90 63 30000
5.05 2.85 9.93 160 90 63 30000
5.05 3.2 9.8 160 90 63 30000
5.05 3.55 9.67 160 90 63 30000
5.05 3.9 9.54 160 90 63 30000
5.05 4.25 9.41 160 90 63 30000
5.05 4.6 9.28 160 90 63 30000
5.05 4.95 9.14 160 90 63 30000
5.05 5.3 9.01 160 90 63 30000
5.05 5.65 8.88 160 90 63 30000
5.05 6 8.75 160 90 63 30000
5.05 6.35 8.62 160 90 63 30000
5.05 6.7 8.49 160 90 63 30000
5.05 7.05 8.36 160 90 63 30000
5.05 7.4 8.23 160 90 63 30000
5.05 7.75 8.09 160 90 63 30000
5.4 -8 8 160 90 63 30000
5.4 -7.65 8.13 160 90 63 30000
5.4 -7.3 8.26 160 90 63 30000
5.4 -6.95 8.39 160 90 63 30000
5.4 -6.6 8.52 160 90 63 30000
5.4 -6.25 8.66 160 90 63 30000
5.4 -5.9 8.79 160 90 63 30000
5.4 -5.55 8.92 160 90 63 30000
5.4 -5.2 9.05 160 90 63 30000
5.4 -4.85 9.18 160 90 63 30000
5.4 -4.5 9.31 160 90 63 30000
5.4 -4.15 9.44 160 90 63 30000
5.4 -3.8 9.57 160 90 63 30000
5.4 -3.45 9.71 160 90 63 30000
5.4 -3.1 9.84 160 90 63 30000
5.4 -2.75 9.97 160 90 63 30000
5.4 -2.4 10.1 160 90 63 30000
5.4 -2.05 10.23 160 90 63 30000
5.4 -1.7 10.36 160 90 63 30000
5.4 -1.35 10.49 160 90 63 30000
5.4 -1 10.62 160 90 63 30000
5.4 -0.65 10.76 160 90 63 30000
5.4 -0.3 10.89 160 90 63 30000
5.4 0.05 10.98 160 90 63 30000
5.4 0.4 10.85 160 90 63 30000
5.4 0.75 10.72 160 90 63 30000
5.4 1.1 10.59 160 90 63 30000
5.4 1.45 10.46 160 90 63 30000
5.4 1.8 10.33 160 90 63 30000
5.4 2.15 10.19 160 90 63 30000
5.4 2.5 10.06 160 90 63 30000
5.4 2.85 9.93 160 90 63 30000
5.4 3.2 9.8 160 90 63 30000
5.4 3.55 9.67 160 90 63 30000
5.4 3.9 9.54 160 90 63 30000
5.4 4.25 9.41 160 90 63 30000
5.4 4.6 9.28 160 90 63 30000
5.4 4.95 9.14 160 90 63 30000
5.4 5.3 9.01 160 90 63 30000
5.4 5.65 8.88 160 90 63 30000
5.4 6 8.75 160 90 63 30000
5.4 6.35 8.62 160 90 63 30000
5.4 6.7 8.49 160 90 63 30000
5.4 7.05 8.36 160 90 63 30000
5.4 7.4 8.23 160 90 63 30000
5.4 7.75 8.09 160 90 63 30000
5.75 -8 8 160 90 63 30000
5.75 -7.65 8.13 160 90 63 30000
5.75 -7.3 8.26 160 90 63 30000
5.75 -6.95 8.39 160 90 63 30000
5.75 -6.6 8.52 160 90 63 30000
5.75 -6.25 8.66 160 90 63 30000
5.75 -5.9 8.79 160 90 63 30000
5.75 -5.55 8.92 160 90 63 30000
5.75 -5.2 9.05 160 90 63 30000
5.75 -4.85 9.18 160 90 63 30000
5.75 -4.5 9.31 160 90 63 30000
5.75 -4.15 9.44 160 90 63 30000
5.75 -3.8 9.57 160 90 63 30000
5.75 -3.45 9.71 160 90 63 30000
5.75 -3.1 9.84 160 90 63 30000
5.75 -2.75 9.97 160 90 63 30000
5.75 -2.4 10.1 160 90 63 30000
5.75 -2.05 10.23 160 90 63 30000
5.75 -1.7 10.36 160 90 63 30000
5.75 -1.35 10.49 160 90 63 30000
5.75 -1 10.62 160 90 63 30000
5.75 -0.65 10.76 160 90 63 30000
5.75 -0.3 10.89 160 90 63 30000
5.75 0.05 10.98 160 90 63 30000
5.75 0.4 10.85 160 90 63 30000
5.75 0.75 10.72 160 90 63 30000
5.75 1.1 10.59 160 90 63 30000
5.75 1.45 10.46 160 90 63 30000
5.75 1.8 10.33 160 90 63 30000
5.75 2.15 10.19 160 90 63 30000
5.75 2.5 10.06 160 90 63 30000
5.75 2.85 9.93 160 90 63 30000
5.75 3.2 9.8 160 90 63 30000
5.75 3.55 9.67 160 90 63 30000
5.75 3.9 9.54 160 90 63 30000
5.75 4.25 9.41 160 90 63 30000
5.75 4.6 9.28 160 90 63 30000
5.75 4.95 9.14 160 90 63 30000
5.75 5.3 9.01 160 90 63 30000
5.75 5.65 8.88 160 90 63 30000
5.75 6 8.75 160 90 63 30000
5.75 6.35 8.62 160 90 63 30000
5.75 6.7 8.49 160 90 63 30000
5.75 7.05 8.36 160 90 63 30000
5.75 7.4 8.23 160 90 63 30000
5.75 7.75 8.09 160 90 63 30000
6.1 -8 8 160 90 63 30000
6.1 -7.65 8.13 160 90 63 30000
6.1 -7.3 8.26 160 90 63 30000
6.1 -6.95 8.39 160 90 63 30000
6.1 -6.6 8.52 160 90 63 30000
6.1 -6.25 8.66 160 90 63 30000
6.1 -5.9 8.79 160 90 63 30000
6.1 -5.55 8.92 160 90 63 30000
6.1 -5.2 9.05 160 90 63 30000
6.1 -4.85 9.18 160 90 63 30000
6.1 -4.5 9.31 160 90 63 30000
6.1 -4.15 9.44 160 90 63 30000
6.1 -3.8 9.57 160 90 63 30000
6.1 -3.45 9.71 160 90 63 30000
6.1 -3.1 9.84 160 90 63 30000
6.1 -2.75 9.97 160 90 63 30000
6.1 -2.4 10.1 160 90 63 30000
6.1 -2.05 10.23 160 90 63 30000
6.1 -1.7 10.36 160 90 63 30000
6.1 -1.35 10.49 160 90 63 30000
6.1 -1 10.62 160 90 63 30000
6.1 -0.65 10.76 160 90 63 30000
6.1 -0.3 10.89 160 90 63 30000
6.1 0.05 10.98 160 90 63 30000
6.1 0.4 10.85 160 90 63 30000
6.1 0.75 10.72 160 90 63 30000
6.1 1.1 10.59 160 90 63 30000
6.1 1.45 10.46 160 90 63 30000
6.1 1.8 10.33 160 90 63 30000
6.1 2.15 10.19 160 90 63 30000
6.1 2.5 10.06 160 90 63 30000
6.1 2.85 9.93 160 90 63 30000
6.1 3.2 9.8 160 90 63 30000
6.1 3.55 9.67 160 90 63 30000
6.1 3.9 9.54 160 90 63 30000
6.1 4.25 9.41 160 90 63 30000
6.1 4.6 9.28 160 90 63 30000
6.1 4.95 9.14 160 90 63 30000
6.1 5.3 9.01 160 90 63 30000
6.1 5.65 8.88 160 90 63 30000
6.1 6 8.75 160 90 63 30000
6.1 6.35 8.62 160 90 63 30000
6.1 6.7 8.49 160 90 63 30000
6.1 7.05 8.36 160 90 63 30000
6.1 7.4 8.23 160 90 63 30000
6.1 7.75 8.09 160 90 63 30000
6.45 -8 8 160 90 63 30000
6.45 -7.65 8.13 160 90 63 30000
6.45 -7.3 8.26 160 90 63 30000
6.45 -6.95 8.39 160 90 63 30000
6.45 -6.6 8.52 160 90 63 30000
6.45 -6.25 8.66 160 90 63 30000
6.45 -5.9 8.79 160 90 63 30000
6.45 -5.55 8.92 160 90 63 30000
6.45 -5.2 9.05 160 90 63 30000
6.45 -4.85 9.18 160 90 63 30000
6.45 -4.5 9.31 160 90 63 30000
6.45 -4.15 9.44 160 90 63 30000
6.45 -3.8 9.57 160 90 63 30000
6.45 -3.45 9.71 160 90 63 30000
6.45 -3.1 9.84 160 90 63 30000
6.45 -2.75 9.97 160 90 63 30000
6.45 -2.4 10.1 160 90 63 30000
6.45 -2.05 10.23 160 90 63 30000
6.45 -1.7 10.36 160 90 63 30000
6.45 -1.35 10.49 160 90 63 30000
6.45 -1 10.62 160 90 63 30000
6.45 -0.65 10.76 160 90 63 30000
6.45 -0.3 10.89 160 90 63 30000
6.45 0.05 10.98 160 90 63 30000
6.45 0.4 10.85 160 90 63 30000
6.45 0.75 10.72 160 90 63 30000
6.45 1.1 10.59 160 90 63 30000
6.45 1.45 10.46 160 90 63 30000
6.45 1.8 10.33 160 90 63 30000
6.45 2.15 10.19 160 90 63 30000
6.45 2.5 10.06 160 90 63 30000
6.45 2.85 9.93 160 90 63 30000
6.45 3.2 9.8 160 90 63 30000
6.45 3.55 9.67 160 90 63 30000
6.45 3.9 9.54 160 90 63 30000
6.45 4.25 9.41 160 90 63 30000
6.45 4.6 9.28 160 90 63 30000
6.45 4.95 9.14 160 90 63 30000
6.45 5.3 9.01 160 90 63 30000
6.45 5.65 8.88 160 90 63 30000
6.45 6 8.75 160 90 63 30000
6.45 6.35 8.62 160 90 63 30000
6.45 6.7 8.49 160 90 63 30000
6.45 7.05 8.36 160 90 63 30000
6.45 7.4 8.23 160 90 63 30000
6.45 7.75 8.09 160 90 63 30000
6.8 -8 8 160 90 63 30000
6.8 -7.65 8.13 160 90 63 30000
6.8 -7.3 8.26 160 90 63 30000
6.8 -6.95 8.39 160 90 63 30000
6.8 -6.6 8.52 160 90 63 30000
6.8 -6.25 8.66 160 90 63 30000
6.8 -5.9 8.79 160 90 63 30000
6.8 -5.55 8.92 160 90 63 30000
6.8 -5.2 9.05 160 90 63 30000
6.8 -4.85 9.18 160 90 63 30000
6.8 -4.5 9.31 160 90 63 30000
6.8 -4.15 9.44 160 90 63 30000
6.8 -3.8 9.57 160 90 63 30000
6.8 -3.45 9.71 160 90 63 30000
6.8 -3.1 9.84 160 90 63 30000
6.8 -2.75 9.97 160 90 63 30000
6.8 -2.4 10.1 160 90 63 30000
6.8 -2.05 10.23 160 90 63 30000
6.8 -1.7 10.36 160 90 63 30000
6.8 -1.35 10.49 160 90 63 30000
6.8 -1 10.62 160 90 63 30000
6.8 -0.65 10.76 160 90 63 30000
6.8 -0.3 10.89 160 90 63 30000
6.8 0.05 10.98 160 90 63 30000
6.8 0.4 10.85 160 90 63 30000
6.8 0.75 10.72 160 90 63 30000
6.8 1.1 10.59 160 90 63 30000
6.8 1.45 10.46 160 90 63 30000
6.8 1.8 10.33 160 90 63 30000
6.8 2.15 10.19 160 90 63 30000
6.8 2.5 10.06 160 90 63 30000
6.8 2.85 9.93 160 90 63 30000
6.8 3.2 9.8 160 90 63 30000
6.8 3.55 9.67 160 90 63 30000
6.8 3.9 9.54 160 90 63 30000
6.8 4.25 9.41 160 90 63 30000
6.8 4.6 9.28 160 90 63 30000
6.8 4.95 9.14 160 90 63 30000
6.8 5.3 9.01 160 90 63 30000
6.8 5.65 8.88 160 90 63 30000
6.8 6 8.75 160 90 63 30000
6.8 6.35 8.62 160 90 63 30000
6.8 6.7 8.49 160 90 63 30000
6.8 7.05 8.36 160 90 63 30000
6.8 7.4 8.23 160 90 63 30000
6.8 7.75 8.09 160 90 63 30000
7.15 -8 8 160 90 63 30000
7.15 -7.65 8.13 160 90 63 30000
7.15 -7.3 8.26 160 90 63 30000
7.15 -6.95 8.39 160 90 63 30000
7.15 -6.6 8.52 160 90 63 30000
7.15 -6.25 8.66 160 90 63 30000
7.15 -5.9 8.79 160 90 63 30000
7.15 -5.55 8.92 160 90 63 30000
7.15 -5.2 9.05 160 90 63 30000
7.15 -4.85 9.18 160 90 63 30000
7.15 -4.5 9.31 160 90 63 30000
7.15 -4.15 9.44 160 90 63 30000
7.15 -3.8 9.57 160 90 63 30000
7.15 -3.45 9.71 160 90 63 30000
7.15 -3.1 9.84 160 90 63 30000
7.15 -2.75 9.97 160 90 63 30000
7.15 -2.4 10.1 160 90 63 30000
7.15 -2.05 10.23 160 90 63 30000
7.15 -1.7 10.36 160 90 63 30000
7.15 -1.35 10.49 160 90 63 30000
7.15 -1 10.62 160 90 63 30000
7.15 -0.65 10.76 160 90 63 30000
7.15 -0.3 10.89 160 90 63 30000
7.15 0.05 10.98 160 90 63 30000
7.15 0.4 10.85 160 90 63 30000
7.15 0.75 10.72 160 90 63 30000
7.15 1.1 10.59 160 90 63 30000
7.15 1.45 10.46 160 90 63 30000
7.15 1.8 10.33 160 90 63 30000
7.15 2.15 10.19 160 90 63 30000
7.15 2.5 10.06 160 90 63 30000
7.15 2.85 9.93 160 90 63 30000
7.15 3.2 9.8 160 90 63 30000
7.15 3.55 9.67 160 90 63 30000
7.15 3.9 9.54 160 90 63 30000
7.15 4.25 9.41 160 90 63 30000
7.15 4.6 9.28 160 90 63 30000
7.15 4.95 9.14 160 90 63 30000
7.15 5.3 9.01 160 90 63 30000
7.15 5.65 8.88 160 90 63 30000
7.15 6 8.75 160 90 63 30000
7.15 6.35 8.62 160 90 63 30000
7.15 6.7 8.49 160 90 63 30000
7.15 7.05 8.36 160 90 63 30000
7.15 7.4 8.23 160 90 63 30000
7.15 7.75 8.09 160 90 63 30000
7.5 -8 8 160 90 63 30000
7.5 -7.65 8.13 160 90 63 30000
7.5 -7.3 8.26 160 90 63 30000
7.5 -6.95 8.39 160 90 63 30000
7.5 -6.6 8.52 160 90 63 30000
7.5 -6.25 8.66 160 90 63 30000
7.5 -5.9 8.79 160 90 63 30000
7.5 -5.55 8.92 160 90 63 30000
7.5 -5.2 9.05 160 90 63 30000
7.5 -4.85 9.18 160 90 63 30000
7.5 -4.5 9.31 160 90 63 30000
7.5 -4.15 9.44 160 90 63 30000
7.5 -3.8 9.57 160 90 63 30000
7.5 -3.45 9.71 160 90 63 30000
7.5 -3.1 9.84 160 90 63 30000
7.5 -2.75 9.97 160 90 63 30000
7.5 -2.4 10.1 160 90 63 30000
7.5 -2.05 10.23 160 90 63 30000
7.5 -1.7 10.36 160 90 63 30000
7.5 -1.35 10.49 160 90 63 30000
7.5 -1 10.62 160 90 63 30000
7.5 -0.65 10.76 160 90 63 30000
7.5 -0.3 10.89 160 90 63 30000
7.5 0.05 10.98 160 90 63 30000
7.5 0.4 10.85 160 90 63 30000
7.5 0.75 10.72 160 90 63 30000
7.5 1.1 10.59 160 90 63 30000
7.5 1.45 10.46 160 90 63 30000
7.5 1.8 10.33 160 90 63 30000
7.5 2.15 10.19 160 90 63 30000
7.5 2.5 10.06 160 90 63 30000
7.5 2.85 9.93 160 90 63 30000
7.5 3.2 9.8 160 90 63 30000
7.5 3.55 9.67 160 90 63 30000
7.5 3.9 9.54 160 90 63 30000
7.5 4.25 9.41 160 90 63 30000
7.5 4.6 9.28 160 90 63 30000
7.5 4.95 9.14 160 90 63 30000
7.5 5.3 9.01 160 90 63 30000
7.5 5.65 8.88 160 90 63 30000
7.5 6 8.75 160 90 63 30000
7.5 6.35 8.62 160 90 63 30000
7.5 6.7 8.49 160 90 63 30000
7.5 7.05 8.36 160 90 63 30000
7.5 7.4 8.23 160 90 63 30000
7.5 7.75 8.09 160 90 63 30000
7.85 -8 8 160 90 63 30000
7.85 -7.65 8.13 160 90 63 30000
7.85 -7.3 8.26 160 90 63 30000
7.85 -6.95 8.39 160 90 63 30000
7.85 -6.6 8.52 160 90 63 30000
7.85 -6.25 8.66 160 90 63 30000
7.85 -5.9 8.79 160 90 63 30000
7.85 -5.55 8.92 160 90 63 30000
7.85 -5.2 9.05 160 90 63 30000
7.85 -4.85 9.18 160 90 63 30000
7.85 -4.5 9.31 160 90 63 30000
7.85 -4.15 9.44 160 90 63 30000
7.85 -3.8 9.57 160 90 63 30000
7.85 -3.45 9.71 160 90 63 30000
7.85 -3.1 9.84 160 90 63 30000
7.85 -2.75 9.97 160 90 63 30000
7.85 -2.4 10.1 160 90 63 30000
7.85 -2.05 10.23 160 90 63 30000
7.85 -1.7 10.36 160 90 63 30000
7.85 -1.35 10.49 160 90 63 30000
7.85 -1 10.62 160 90 63 30000
7.85 -0.65 10.76 160 90 63 30000
7.85 -0.3 10.89 160 90 63 30000
7.85 0.05 10.98 160 90 63 30000
7.85 0.4 10.85 160 90 63 30000
7.85 0.75 10.72 160 90 63 30000
7.85 1.1 10.59 160 90 63 30000
7.85 1.45 10.46 160 90 63 30000
7.85 1.8 10.33 160 90 63 30000
7.85 2.15 10.19 160 90 63 30000
7.85 2.5 10.06 160 90 63 30000
7.85 2.85 9.93 160 90 63 30000
7.85 3.2 9.8 160 90 63 30000
7.85 3.55 9.67 160 90 63 30000
7.85 3.9 9.54 160 90 63 30000
7.85 4.25 9.41 160 90 63 30000
7.85 4.6 9.28 160 90 63 30000
7.85 4.95 9.14 160 90 63 30000
7.85 5.3 9.01 160 90 63 30000
7.85 5.65 8.88 160 90 63 30000
7.85 6 8.75 160 90 63 30000
7.85 6.35 8.62 160 90 63 30000
7.85 6.7 8.49 160 90 63 30000
7.85 7.05 8.36 160 90 63 30000
7.85 7.4 8.23 160 90 63 30000
7.85 7.75 8.09 160 90 63 30000
8.2 -8 8 160 90 63 30000
8.2 -7.65 8.13 160 90 63 30000
8.2 -7.3 8.26 160 90 63 30000
8.2 -6.95 8.39 160 90 63 30000
8.2 -6.6 8.52 160 90 63 30000
8.2 -6.25 8.66 160 90 63 30000
8.2 -5.9 8.79 160 90 63 30000
8.2 -5.55 8.92 160 90 63 30000
8.2 -5.2 9.05 160 90 63 30000
8.2 -4.85 9.18 160 90 63 30000
8.2 -4.5 9.31 160 90 63 30000
8.2 -4.15 9.44 160 90 63 30000
8.2 -3.8 9.57 160 90 63 30000
8.2 -3.45 9.71 160 90 63 30000
8.2 -3.1 9.84 160 90 63 30000
8.2 -2.75 9.97 160 90 63 30000
8.2 -2.4 10.1 160 90 63 30000
8.2 -2.05 10.23 160 90 63 30000
8.2 -1.7 10.36 160 90 63 30000
8.2 -1.35 10.49 160 90 63 30000
8.2 -1 10.62 160 90 63 30000
8.2 -0.65 10.76 160 90 63 30000
8.2 -0.3 10.89 160 90 63 30000
8.2 0.05 10.98 160 90 63 30000
8.2 0.4 10.85 160 90 63 30000
8.2 0.75 10.72 160 90 63 30000
8.2 1.1 10.59 160 90 63 30000
8.2 1.45 10.46 160 90 63 30000
8.2 1.8 10.33 160 90 63 30000
8.2 2.15 10.19 160 90 63 30000
8.2 2.5 10.06 160 90 63 30000
8.2 2.85 9.93 160 90 63 30000
8.2 3.2 9.8 160 90 63 30000
8.2 3.55 9.67 160 90 63 30000
8.2 3.9 9.54 160 90 63 30000
8.2 4.25 9.41 160 90 63 30000
8.2 4.6 9.28 160 90 63 30000
8.2 4.95 9.14 160 90 63 30000
8.2 5.3 9.01 160 90 63 30000
8.2 5.65 8.88 160 90 63 30000
8.2 6 8.75 160 90 63 30000
8.2 6.35 8.62 160 90 63 30000
8.2 6.7 8.49 160 90 63 30000
8.2 7.05 8.36 160 90 63 30000
8.2 7.4 8.23 160 90 63 30000
8.2 7.75 8.09 160 90 63 30000
8.55 -8 8 160 90 63 30000
8.55 -7.65 8.13 160 90 63 30000
8.55 -7.3 8.26 160 90 63 30000
8.55 -6.95 8.39 160 90 63 30000
8.55 -6.6 8.52 160 90 63 30000
8.55 -6.25 8.66 160 90 63 30000
8.55 -5.9 8.79 160 90 63 30000
8.55 -5.55 8.92 160 90 63 30000
8.55 -5.2 9.05 160 90 63 30000
8.55 -4.85 9.18 160 90 63 30000
8.55 -4.5 9.31 160 90 63 30000
8.55 -4.15 9.44 160 90 63 30000
8.55 -3.8 9.57 160 90 63 30000
8.55 -3.45 9.71 160 90 63 30000
8.55 -3.1 9.84 160 90 63 30000
8.55 -2.75 9.97 160 90 63 30000
8.55 -2.4 10.1 160 90 63 30000
8.55 -2.05 10.23 160 90 63 30000
8.55 -1.7 10.36 160 90 63 30000
8.55 -1.35 10.49 160 90 63 30000
8.55 -1 10.62 160 90 63 30000
8.55 -0.65 10.76 160 90 63 30000
8.55 -0.3 10.89 160 90 63 30000
8.55 0.05 10.98 160 90 63 30000
8.55 0.4 10.85 160 90 63 30000
8.55 0.75 10.72 160 90 63 30000
8.55 1.1 10.59 160 90 63 30000
8.55 1.45 10.46 160 90 63 30000
8.55 1.8 10.33 160 90 63 30000
8.55 2.15 10.19 160 90 63 30000
8.55 2.5 10.06 160 90 63 30000
8.55 2.85 9.93 160 90 63 30000
8.55 3.2 9.8 160 90 63 30000
8.55 3.55 9.67 160 90 63 30000
8.55 3.9 9.54 160 90 63 30000
8.55 4.25 9.41 160 90 63 30000
8.55 4.6 9.28 160 90 63 30000
8.55 4.95 9.14 160 90 63 30000
8.55 5.3 9.01 160 90 63 30000
8.55 5.65 8.88 160 90 63 30000
8.55 6 8.75 160 90 63 30000
8.55 6.35 8.62 160 90 63 30000
8.55 6.7 8.49 160 90 63 30000
8.55 7.05 8.36 160 90 63 30000
8.55 7.4 8.23 160 90 63 30000
8.55 7.75 8.09 160 90 63 30000
8.9 -8 8 160 90 63 30000
8.9 -7.65 8.13 160 90 63 30000
8.9 -7.3 8.26 160 90 63 30000
8.9 -6.95 8.39 160 90 63 30000
8.9 -6.6 8.52 160 90 63 30000
8.9 -6.25 8.66 160 90 63 30000
8.9 -5.9 8.79 160 90 63 30000
8.9 -5.55 8.92 160 90 63 30000
8.9 -5.2 9.05 160 90 63 30000
8.9 -4.85 9.18 160 90 63 30000
8.9 -4.5 9.31 160 90 63 30000
8.9 -4.15 9.44 160 90 63 30000
8.9 -3.8 9.57 160 90 63 30000
8.9 -3.45 9.71 160 90 63 30000
8.9 -3.1 9.84 160 90 63 30000
8.9 -2.75 9.97 160 90 63 30000
8.9 -2.4 10.1 160 90 63 30000
8.9 -2.05 10.23 160 90 63 30000
8.9 -1.7 10.36 160 90 63 30000
8.9 -1.35 10.49 160 90 63 30000
8.9 -1 10.62 160 90 63 30000
8.9 -0.65 10.76 160 90 63 30000
8.9 -0.3 10.89 160 90 63 30000
8.9 0.05 10.98 160 90 63 30000
8.9 0.4 10.85 160 90 63 30000
8.9 0.75 10.72 160 90 63 30000
8.9 1.1 10.59 160 90 63 30000
8.9 1.45 10.46 160 90 63 30000
8.9 1.8 10.33 160 90 63 30000
8.9 2.15 10.19 160 90 63 30000
8.9 2.5 10.06 160 90 63 30000
8.9 2.85 9.93 160 90 63 30000
8.9 3.2 9.8 160 90 63 30000
8.9 3.55 9.67 160 90 63 30000
8.9 3.9 9.54 160 90 63 30000
8.9 4.25 9.41 160 90 63 30000
8.9 4.6 9.28 160 90 63 30000
8.9 4.95 9.14 160 90 63 30000
8.9 5.3 9.01 160 90 63 30000
8.9 5.65 8.88 160 90 63 30000
8.9 6 8.75 160 90 63 30000
8.9 6.35 8.62 160 90 63 30000
8.9 6.7 8.49 160 90 63 30000
8.9 7.05 8.36 160 90 63 30000
8.9 7.4 8.23 160 90 63 30000
8.9 7.75 8.09 160 90 63 30000
9.25 -8 8 160 90 63 30000
9.25 -7.65 8.13 160 90 63 30000
9.25 -7.3 8.26 160 90 63 30000
9.25 -6.95 8.39 160 90 63 30000
9.25 -6.6 8.52 160 90 63 30000
9.25 -6.25 8.66 160 90 63 30000
9.25 -5.9 8.79 160 90 63 30000
9.25 -5.55 8.92 160 90 63 30000
9.25 -5.2 9.05 160 90 63 30000
9.25 -4.85 9.18 160 90 63 30000
9.25 -4.5 9.31 160 90 63 30000
9.25 -4.15 9.44 160 90 63 30000
9.25 -3.8 9.57 160 90 63 30000
9.25 -3.45 9.71 160 90 63 30000
9.25 -3.1 9.84 160 90 63 30000
9.25 -2.75 9.97 160 90 63 30000
9.25 -2.4 10.1 160 90 63 30000
9.25 -2.05 10.23 160 90 63 30000
9.25 -1.7 10.36 160 90 63 30000
9.25 -1.35 10.49 160 90 63 30000
9.25 -1 10.62 160 90 63 30000
9.25 -0.65 10.76 160 90 63 30000
9.25 -0.3 10.89 160 90 63 30000
9.25 0.05 10.98 160 90 63 30000
9.25 0.4 10.85 160 90 63 30000
9.25 0.75 10.72 160 90 63 30000
9.25 1.1 10.59 160 90 63 30000
9.25 1.45 10.46 160 90 63 30000
9.25 1.8 10.33 160 90 63 30000
9.25 2.15 10.19 160 90 63 30000
9.25 2.5 10.06 160 90 63 30000
9.25 2.85 9.93 160 90 63 30000
9.25 3.2 9.8 160 90 63 30000
9.25 3.55 9.67 160 90 63 30000
9.25 3.9 9.54 160 90 63 30000
9.25 4.25 9.41 160 90 63 30000
9.25 4.6 9.28 160 90 63 30000
9.25 4.95 9.14 160 90 63 30000
9.25 5.3 9.01 160 90 63 30000
9.25 5.65 8.88 160 90 63 30000
9.25 6 8.75 160 90 63 30000
9.25 6.35 8.62 160 90 63 30000
9.25 6.7 8.49 160 90 63 30000
9.25 7.05 8.36 160 90 63 30000
9.25 7.4 8.23 160 90 63 30000
9.25 7.75 8.09 160 90 63 30000
9.6 -8 8 160 90 63 30000
9.6 -7.65 8.13 160 90 63 30000
9.6 -7.3 8.26 160 90 63 30000
9.6 -6.95 8.39 160 90 63 30000
9.6 -6.6 8.52 160 90 63 30000
9.6 -6.25 8.66 160 90 63 30000
9.6 -5.9 8.79 160 90 63 30000
9.6 -5.55 8.92 160 90 63 30000
9.6 -5.2 9.05 160 90 63 30000
9.6 -4.85 9.18 160 90 63 30000
9.6 -4.5 9.31 160 90 63 30000
9.6 -4.15 9.44 160 90 63 30000
9.6 -3.8 9.57 160 90 63 30000
9.6 -3.45 9.71 160 90 63 30000
9.6 -3.1 9.84 160 90 63 30000
9.6 -2.75 9.97 160 90 63 30000
9.6 -2.4 10.1 160 90 63 30000
9.6 -2.05 10.23 160 90 63 30000
9.6 -1.7 10.36 160 90 63 30000
9.6 -1.35 10.49 160 90 63 30000
9.6 -1 10.62 160 90 63 30000
9.6 -0.65 10.76 160 90 63 30000
9.6 -0.3 10.89 160 90 63 30000
9.6 0.05 10.98 160 90 63 30000
9.6 0.4 10.85 160 90 63 30000
9.6 0.75 10.72 160 90 63 30000
9.6 1.1 10.59 160 90 63 30000
9.6 1.45 10.46 160 90 63 30000
9.6 1.8 10.33 160 90 63 30000
9.6 2.15 10.19 160 90 63 30000
9.6 2.5 10.06 160 90 63 30000
9.6 2.85 9.93 160 90 63 30000
9.6 3.2 9.8 160 90 63 30000
9.6 3.55 9.67 160 90 63 30000
9.6 3.9 9.54 160 90 63 30000
9.6 4.25 9.41 160 90 63 30000
9.6 4.6 9.28 160 90 63 30000
9.6 4.95 9.14 160 90 63 30000
9.6 5.3 9.01 160 90 63 30000
9.6 5.65 8.88 160 90 63 30000
9.6 6 8.75 160 90 63 30000
9.6 6.35 8.62 160 90 63 30000
9.6 6.7 8.49 160 90 63 30000
9.6 7.05 8.36 160 90 63 30000
9.6 7.4 8.23 160 90 63 30000
9.6 7.75 8.09 160 90 63 30000
9.95 -8 8 160 90 63 30000
9.95 -7.65 8.13 160 90 63 30000
9.95 -7.3 8.26 160 90 63 30000
9.95 -6.95 8.39 160 90 63 30000
9.95 -6.6 8.52 160 90 63 30000
9.95 -6.25 8.66 160 90 63 30000
9.95 -5.9 8.79 160 90 63 30000
9.95 -5.55 8.92 160 90 63 30000
9.95 -5.2 9.05 160 90 63 30000
9.95 -4.85 9.18 160 90 63 30000
9.95 -4.5 9.31 160 90 63 30000
9.95 -4.15 9.44 160 90 63 30000
9.95 -3.8 9.57 160 90 63 30000
9.95 -3.45 9.71 160 90 63 30000
9.95 -3.1 9.84 160 90 63 30000
9.95 -2.75 9.97 160 90 63 30000
9.95 -2.4 10.1 160 90 63 30000
9.95 -2.05 10.23 160 90 63 30000
9.95 -1.7 10.36 160 90 63 30000
9.95 -1.35 10.49 160 90 63 30000
9.95 -1 10.62 160 90 63 30000
9.95 -0.65 10.76 160 90 63 30000
9.95 -0.3 10.89 160 90 63 30000
9.95 0.05 10.98 160 90 63 30000
9.95 0.4 10.85 160 90 63 30000
9.95 0.75 10.72 160 90 63 30000
9.95 1.1 10.59 160 90 63 30000
9.95 1.45 10.46 160 90 63 30000
9.95 1.8 10.33 160 90 63 30000
9.95 2.15 10.19 160 90 63 30000
9.95 2.5 10.06 160 90 63 30000
9.95 2.85 9.93 160 90 63 30000
9.95 3.2 9.8 160 90 63 30000
9.95 3.55 9.67 160 90 63 30000
9.95 3.9 9.54 160 90 63 30000
9.95 4.25 9.41 160 90 63 30000
9.95 4.6 9.28 160 90 63 30000
9.95 4.95 9.14 160 90 63 30000
9.95 5.3 9.01 160 90 63 30000
9.95 5.65 8.88 160 90 63 30000
9.95 6 8.75 160 90 63 30000
9.95 6.35 8.62 160 90 63 30000
9.95 6.7 8.49 160 90 63 30000
9.95 7.05 8.36 160 90 63 30000
9.95 7.4 8.23 160 90 63 30000
9.95 7.75 8.09 160 90 63 30000
