x,y,z,r,g,b,intensity,classification
-21.774999618530273,-5.489999771118164,19.825000762939453,96,105,80,30000,0
-21.774999618530273,-5.489999771118164,19.174999237060547,91,105,80,30000,0
-21.774999618530273,-5.489999771118164,18.524999618530273,83,105,80,30000,0
-21.774999618530273,-5.489999771118164,17.875,76,105,80,30000,0
-21.774999618530273,-5.489999771118164,17.225000381469727,73,105,80,30000,0
-21.774999618530273,-5.489999771118164,16.575000762939453,75,105,80,30000,0
-21.774999618530273,-5.489999771118164,15.925000190734863,80,105,80,30000,0
-21.774999618530273,-5.489999771118164,15.274999618530273,88,105,80,30000,0
-21.774999618530273,-5.489999771118164,14.625,94,105,80,30000,0
-21.774999618530273,-5.489999771118164,13.975000381469727,97,105,80,30000,0
-21.774999618530273,-5.489999771118164,13.324999809265137,95,105,80,30000,0
-21.774999618530273,-5.489999771118164,12.675000190734863,88,105,80,30000,0
-21.774999618530273,-5.489999771118164,12.024999618530273,81,105,80,30000,0
-21.774999618530273,-5.489999771118164,11.375,75,105,80,30000,0
-21.774999618530273,-5.489999771118164,10.725000381469727,73,105,80,30000,0
-21.774999618530273,-5.489999771118164,10.074999809265137,76,105,80,30000,0
-21.774999618530273,-5.489999771118164,9.425000190734863,83,105,80,30000,0
-21.774999618530273,-5.489999771118164,8.774999618530273,90,105,80,30000,0
-21.774999618530273,-5.489999771118164,8.125,96,105,80,30000,0
-21.774999618530273,-5.489999771118164,7.474999904632568,97,105,80,30000,0
-21.774999618530273,-5.489999771118164,6.824999809265137,93,105,80,30000,0
-21.774999618530273,-5.489999771118164,6.175000190734863,86,105,80,30000,0
-21.774999618530273,-5.489999771118164,5.525000095367432,78,105,80,30000,0
-21.774999618530273,-5.489999771118164,4.875,74,105,80,30000,0
-21.774999618530273,-5.489999771118164,4.224999904632568,74,105,80,30000,0
-21.774999618530273,-5.489999771118164,3.575000047683716,78,105,80,30000,0
-21.774999618530273,-5.489999771118164,2.924999952316284,85,105,80,30000,0
-21.774999618530273,-5.489999771118164,2.2750000953674316,93,105,80,30000,0
-21.774999618530273,-5.489999771118164,1.625,97,105,80,30000,0
-21.774999618530273,-5.489999771118164,0.9750000238418579,96,105,80,30000,0
-21.774999618530273,-5.489999771118164,0.32499998807907104,91,105,80,30000,0
-21.774999618530273,-5.489999771118164,-0.32499998807907104,83,105,80,30000,0
-21.774999618530273,-5.489999771118164,-0.9750000238418579,76,105,80,30000,0
-21.774999618530273,-5.489999771118164,-1.625,73,105,80,30000,0
-21.774999618530273,-5.489999771118164,-2.2750000953674316,75,105,80,30000,0
-21.774999618530273,-5.489999771118164,-2.924999952316284,80,105,80,30000,0
-21.774999618530273,-5.489999771118164,-3.575000047683716,88,105,80,30000,0
-21.774999618530273,-5.489999771118164,-4.224999904632568,94,105,80,30000,0
-21.774999618530273,-5.489999771118164,-4.875,97,105,80,30000,0
-21.774999618530273,-5.489999771118164,-5.525000095367432,95,105,80,30000,0
-21.774999618530273,-5.489999771118164,-6.175000190734863,88,105,80,30000,0
-21.774999618530273,-5.489999771118164,-6.824999809265137,81,105,80,30000,0
-21.774999618530273,-5.489999771118164,-7.474999904632568,75,105,80,30000,0
-21.774999618530273,-5.489999771118164,-8.125,73,105,80,30000,0
-21.774999618530273,-5.489999771118164,-8.774999618530273,76,105,80,30000,0
-21.774999618530273,-5.489999771118164,-9.425000190734863,83,105,80,30000,0
-21.774999618530273,-5.489999771118164,-10.074999809265137,90,105,80,30000,0
-21.774999618530273,-5.489999771118164,-10.725000381469727,96,105,80,30000,0
-21.774999618530273,-5.489999771118164,-11.375,97,105,80,30000,0
-21.774999618530273,-5.489999771118164,-12.024999618530273,93,105,80,30000,0
-21.774999618530273,-5.489999771118164,-12.675000190734863,86,105,80,30000,0
-21.774999618530273,-5.489999771118164,-13.324999809265137,78,105,80,30000,0
-21.774999618530273,-5.489999771118164,-13.975000381469727,74,105,80,30000,0
-21.774999618530273,-5.489999771118164,-14.625,74,105,80,30000,0
-21.774999618530273,-5.489999771118164,-15.274999618530273,78,105,80,30000,0
-21.774999618530273,-5.489999771118164,-15.925000190734863,85,105,80,30000,0
-21.774999618530273,-5.489999771118164,-16.575000762939453,93,105,80,30000,0
-21.774999618530273,-5.489999771118164,-17.225000381469727,97,105,80,30000,0
-21.774999618530273,-5.489999771118164,-17.875,96,105,80,30000,0
-21.774999618530273,-5.489999771118164,-18.524999618530273,91,105,80,30000,0
-21.774999618530273,-5.489999771118164,-19.174999237060547,83,105,80,30000,0
-21.774999618530273,-5.489999771118164,-19.825000762939453,76,105,80,30000,0
-21.125,-5.489999771118164,19.825000762939453,91,105,80,30000,0
-21.125,-5.489999771118164,19.174999237060547,83,105,80,30000,0
-21.125,-5.489999771118164,18.524999618530273,76,105,80,30000,0
-21.125,-5.489999771118164,17.875,73,105,80,30000,0
-21.125,-5.489999771118164,17.225000381469727,75,105,80,30000,0
-21.125,-5.489999771118164,16.575000762939453,80,105,80,30000,0
-21.125,-5.489999771118164,15.925000190734863,88,105,80,30000,0
-21.125,-5.489999771118164,15.274999618530273,94,105,80,30000,0
-21.125,-5.489999771118164,14.625,97,105,80,30000,0
-21.125,-5.489999771118164,13.975000381469727,95,105,80,30000,0
-21.125,-5.489999771118164,13.324999809265137,88,105,80,30000,0
-21.125,-5.489999771118164,12.675000190734863,81,105,80,30000,0
-21.125,-5.489999771118164,12.024999618530273,75,105,80,30000,0
-21.125,-5.489999771118164,11.375,73,105,80,30000,0
-21.125,-5.489999771118164,10.725000381469727,76,105,80,30000,0
-21.125,-5.489999771118164,10.074999809265137,83,105,80,30000,0
-21.125,-5.489999771118164,9.425000190734863,90,105,80,30000,0
-21.125,-5.489999771118164,8.774999618530273,96,105,80,30000,0
-21.125,-5.489999771118164,8.125,97,105,80,30000,0
-21.125,-5.489999771118164,7.474999904632568,93,105,80,30000,0
-21.125,-5.489999771118164,6.824999809265137,86,105,80,30000,0
-21.125,-5.489999771118164,6.175000190734863,78,105,80,30000,0
-21.125,-5.489999771118164,5.525000095367432,74,105,80,30000,0
-21.125,-5.489999771118164,4.875,74,105,80,30000,0
-21.125,-5.489999771118164,4.224999904632568,78,105,80,30000,0
-21.125,-5.489999771118164,3.575000047683716,85,105,80,30000,0
-21.125,-5.489999771118164,2.924999952316284,93,105,80,30000,0
-21.125,-5.489999771118164,2.2750000953674316,97,105,80,30000,0
-21.125,-5.489999771118164,1.625,96,105,80,30000,0
-21.125,-5.489999771118164,0.9750000238418579,91,105,80,30000,0
-21.125,-5.489999771118164,0.32499998807907104,83,105,80,30000,0
-21.125,-5.489999771118164,-0.32499998807907104,76,105,80,30000,0
-21.125,-5.489999771118164,-0.9750000238418579,73,105,80,30000,0
-21.125,-5.489999771118164,-1.625,75,105,80,30000,0
-21.125,-5.489999771118164,-2.2750000953674316,80,105,80,30000,0
-21.125,-5.489999771118164,-2.924999952316284,88,105,80,30000,0
-21.125,-5.489999771118164,-3.575000047683716,94,105,80,30000,0
-21.125,-5.489999771118164,-4.224999904632568,97,105,80,30000,0
-21.125,-5.489999771118164,-4.875,95,105,80,30000,0
-21.125,-5.489999771118164,-5.525000095367432,88,105,80,30000,0
-21.125,-5.489999771118164,-6.175000190734863,81,105,80,30000,0
-21.125,-5.489999771118164,-6.824999809265137,75,105,80,30000,0
-21.125,-5.489999771118164,-7.474999904632568,73,105,80,30000,0
-21.125,-5.489999771118164,-8.125,76,105,80,30000,0
-21.125,-5.489999771118164,-8.774999618530273,83,105,80,30000,0
-21.125,-5.489999771118164,-9.425000190734863,90,105,80,30000,0
-21.125,-5.489999771118164,-10.074999809265137,96,105,80,30000,0
-21.125,-5.489999771118164,-10.725000381469727,97,105,80,30000,0
-21.125,-5.489999771118164,-11.375,93,105,80,30000,0
-21.125,-5.489999771118164,-12.024999618530273,86,105,80,30000,0
-21.125,-5.489999771118164,-12.675000190734863,78,105,80,30000,0
-21.125,-5.489999771118164,-13.324999809265137,74,105,80,30000,0
-21.125,-5.489999771118164,-13.975000381469727,74,105,80,30000,0
-21.125,-5.489999771118164,-14.625,78,105,80,30000,0
-21.125,-5.489999771118164,-15.274999618530273,85,105,80,30000,0
-21.125,-5.489999771118164,-15.925000190734863,93,105,80,30000,0
-21.125,-5.489999771118164,-16.575000762939453,97,105,80,30000,0
-21.125,-5.489999771118164,-17.225000381469727,96,105,80,30000,0
-21.125,-5.489999771118164,-17.875,91,105,80,30000,0
-21.125,-5.489999771118164,-18.524999618530273,83,105,80,30000,0
-21.125,-5.489999771118164,-19.174999237060547,76,105,80,30000,0
-21.125,-5.489999771118164,-19.825000762939453,73,105,80,30000,0
-20.475000381469727,-5.489999771118164,19.825000762939453,83,105,80,30000,0
-20.475000381469727,-5.489999771118164,19.174999237060547,76,105,80,30000,0
-20.475000381469727,-5.489999771118164,18.524999618530273,73,105,80,30000,0
-20.475000381469727,-5.489999771118164,17.875,75,105,80,30000,0
-20.475000381469727,-5.489999771118164,17.225000381469727,80,105,80,30000,0
-20.475000381469727,-5.489999771118164,16.575000762939453,88,105,80,30000,0
-20.475000381469727,-5.489999771118164,15.925000190734863,94,105,80,30000,0
-20.475000381469727,-5.489999771118164,15.274999618530273,97,105,80,30000,0
-20.475000381469727,-5.489999771118164,14.625,95,105,80,30000,0
-20.475000381469727,-5.489999771118164,13.975000381469727,88,105,80,30000,0
-20.475000381469727,-5.489999771118164,13.324999809265137,81,105,80,30000,0
-20.475000381469727,-5.489999771118164,12.675000190734863,75,105,80,30000,0
-20.475000381469727,-5.489999771118164,12.024999618530273,73,105,80,30000,0
-20.475000381469727,-5.489999771118164,11.375,76,105,80,30000,0
-20.475000381469727,-5.489999771118164,10.725000381469727,83,105,80,30000,0
-20.475000381469727,-5.489999771118164,10.074999809265137,90,105,80,30000,0
-20.475000381469727,-5.489999771118164,9.425000190734863,96,105,80,30000,0
-20.475000381469727,-5.489999771118164,8.774999618530273,97,105,80,30000,0
-20.475000381469727,-5.489999771118164,8.125,93,105,80,30000,0
-20.475000381469727,-5.489999771118164,7.474999904632568,86,105,80,30000,0
-20.475000381469727,-5.489999771118164,6.824999809265137,78,105,80,30000,0
-20.475000381469727,-5.489999771118164,6.175000190734863,74,105,80,30000,0
-20.475000381469727,-5.489999771118164,5.525000095367432,74,105,80,30000,0
-20.475000381469727,-5.489999771118164,4.875,78,105,80,30000,0
-20.475000381469727,-5.489999771118164,4.224999904632568,85,105,80,30000,0
-20.475000381469727,-5.489999771118164,3.575000047683716,93,105,80,30000,0
-20.475000381469727,-5.489999771118164,2.924999952316284,97,105,80,30000,0
-20.475000381469727,-5.489999771118164,2.2750000953674316,96,105,80,30000,0
-20.475000381469727,-5.489999771118164,1.625,91,105,80,30000,0
-20.475000381469727,-5.489999771118164,0.9750000238418579,83,105,80,30000,0
-20.475000381469727,-5.489999771118164,0.32499998807907104,76,105,80,30000,0
-20.475000381469727,-5.489999771118164,-0.32499998807907104,73,105,80,30000,0
-20.475000381469727,-5.489999771118164,-0.9750000238418579,75,105,80,30000,0
-20.475000381469727,-5.489999771118164,-1.625,80,105,80,30000,0
-20.475000381469727,-5.489999771118164,-2.2750000953674316,88,105,80,30000,0
-20.475000381469727,-5.489999771118164,-2.924999952316284,94,105,80,30000,0
-20.475000381469727,-5.489999771118164,-3.575000047683716,97,105,80,30000,0
-20.475000381469727,-5.489999771118164,-4.224999904632568,95,105,80,30000,0
-20.475000381469727,-5.489999771118164,-4.875,88,105,80,30000,0
-20.475000381469727,-5.489999771118164,-5.525000095367432,81,105,80,30000,0
-20.475000381469727,-5.489999771118164,-6.175000190734863,75,105,80,30000,0
-20.475000381469727,-5.489999771118164,-6.824999809265137,73,105,80,30000,0
-20.475000381469727,-5.489999771118164,-7.474999904632568,76,105,80,30000,0
-20.475000381469727,-5.489999771118164,-8.125,83,105,80,30000,0
-20.475000381469727,-5.489999771118164,-8.774999618530273,90,105,80,30000,0
-20.475000381469727,-5.489999771118164,-9.425000190734863,96,105,80,30000,0
-20.475000381469727,-5.489999771118164,-10.074999809265137,97,105,80,30000,0
-20.475000381469727,-5.489999771118164,-10.725000381469727,93,105,80,30000,0
-20.475000381469727,-5.489999771118164,-11.375,86,105,80,30000,0
-20.475000381469727,-5.489999771118164,-12.024999618530273,78,105,80,30000,0
-20.475000381469727,-5.489999771118164,-12.675000190734863,74,105,80,30000,0
-20.475000381469727,-5.489999771118164,-13.324999809265137,74,105,80,30000,0
-20.475000381469727,-5.489999771118164,-13.975000381469727,78,105,80,30000,0
-20.475000381469727,-5.489999771118164,-14.625,85,105,80,30000,0
-20.475000381469727,-5.489999771118164,-15.274999618530273,93,105,80,30000,0
-20.475000381469727,-5.489999771118164,-15.925000190734863,97,105,80,30000,0
-20.475000381469727,-5.489999771118164,-16.575000762939453,96,105,80,30000,0
-20.475000381469727,-5.489999771118164,-17.225000381469727,91,105,80,30000,0
-20.475000381469727,-5.489999771118164,-17.875,83,105,80,30000,0
-20.475000381469727,-5.489999771118164,-18.524999618530273,76,105,80,30000,0
-20.475000381469727,-5.489999771118164,-19.174999237060547,73,105,80,30000,0
-20.475000381469727,-5.489999771118164,-19.825000762939453,75,105,80,30000,0
-19.825000762939453,-5.489999771118164,19.825000762939453,76,105,80,30000,0
-19.825000762939453,-5.489999771118164,19.174999237060547,73,105,80,30000,0
-19.825000762939453,-5.489999771118164,18.524999618530273,75,105,80,30000,0
-19.825000762939453,-5.489999771118164,17.875,80,105,80,30000,0
-19.825000762939453,-5.489999771118164,17.225000381469727,88,105,80,30000,0
-19.825000762939453,-5.489999771118164,16.575000762939453,94,105,80,30000,0
-19.825000762939453,-5.489999771118164,15.925000190734863,97,105,80,30000,0
-19.825000762939453,-5.489999771118164,15.274999618530273,95,105,80,30000,0
-19.825000762939453,-5.489999771118164,14.625,88,105,80,30000,0
-19.825000762939453,-5.489999771118164,13.975000381469727,81,105,80,30000,0
-19.825000762939453,-5.489999771118164,13.324999809265137,75,105,80,30000,0
-19.825000762939453,-5.489999771118164,12.675000190734863,73,105,80,30000,0
-19.825000762939453,-5.489999771118164,12.024999618530273,76,105,80,30000,0
-19.825000762939453,-5.489999771118164,11.375,83,105,80,30000,0
-19.825000762939453,-5.489999771118164,10.725000381469727,90,105,80,30000,0
-19.825000762939453,-5.489999771118164,10.074999809265137,96,105,80,30000,0
-19.825000762939453,-5.489999771118164,9.425000190734863,97,105,80,30000,0
-19.825000762939453,-5.489999771118164,8.774999618530273,93,105,80,30000,0
-19.825000762939453,-5.489999771118164,8.125,86,105,80,30000,0
-19.825000762939453,-5.489999771118164,7.474999904632568,78,105,80,30000,0
-19.825000762939453,-5.489999771118164,6.824999809265137,74,105,80,30000,0
-19.825000762939453,-5.489999771118164,6.175000190734863,74,105,80,30000,0
-19.825000762939453,-5.489999771118164,5.525000095367432,78,105,80,30000,0
-19.825000762939453,-5.489999771118164,4.875,85,105,80,30000,0
-19.825000762939453,-5.489999771118164,4.224999904632568,93,105,80,30000,0
-19.825000762939453,-5.489999771118164,3.575000047683716,97,105,80,30000,0
-19.825000762939453,-5.489999771118164,2.924999952316284,96,105,80,30000,0
-19.825000762939453,-5.489999771118164,2.2750000953674316,91,105,80,30000,0
-19.825000762939453,-5.489999771118164,1.625,83,105,80,30000,0
-19.825000762939453,-5.489999771118164,0.9750000238418579,76,105,80,30000,0
-19.825000762939453,-5.489999771118164,0.32499998807907104,73,105,80,30000,0
-19.825000762939453,-5.489999771118164,-0.32499998807907104,75,105,80,30000,0
-19.825000762939453,-5.489999771118164,-0.9750000238418579,80,105,80,30000,0
-19.825000762939453,-5.489999771118164,-1.625,88,105,80,30000,0
-19.825000762939453,-5.489999771118164,-2.2750000953674316,94,105,80,30000,0
-19.825000762939453,-5.489999771118164,-2.924999952316284,97,105,80,30000,0
-19.825000762939453,-5.489999771118164,-3.575000047683716,95,105,80,30000,0
-19.825000762939453,-5.489999771118164,-4.224999904632568,88,105,80,30000,0
-19.825000762939453,-5.489999771118164,-4.875,81,105,80,30000,0
-19.825000762939453,-5.489999771118164,-5.525000095367432,75,105,80,30000,0
-19.825000762939453,-5.489999771118164,-6.175000190734863,73,105,80,30000,0
-19.825000762939453,-5.489999771118164,-6.824999809265137,76,105,80,30000,0
-19.825000762939453,-5.489999771118164,-7.474999904632568,83,105,80,30000,0
-19.825000762939453,-5.489999771118164,-8.125,90,105,80,30000,0
-19.825000762939453,-5.489999771118164,-8.774999618530273,96,105,80,30000,0
-19.825000762939453,-5.489999771118164,-9.425000190734863,97,105,80,30000,0
-19.825000762939453,-5.489999771118164,-10.074999809265137,93,105,80,30000,0
-19.825000762939453,-5.489999771118164,-10.725000381469727,86,105,80,30000,0
-19.825000762939453,-5.489999771118164,-11.375,78,105,80,30000,0
-19.825000762939453,-5.489999771118164,-12.024999618530273,74,105,80,30000,0
-19.825000762939453,-5.489999771118164,-12.675000190734863,74,105,80,30000,0
-19.825000762939453,-5.489999771118164,-13.324999809265137,78,105,80,30000,0
-19.825000762939453,-5.489999771118164,-13.975000381469727,85,105,80,30000,0
-19.825000762939453,-5.489999771118164,-14.625,93,105,80,30000,0
-19.825000762939453,-5.489999771118164,-15.274999618530273,97,105,80,30000,0
-19.825000762939453,-5.489999771118164,-15.925000190734863,96,105,80,30000,0
-19.825000762939453,-5.489999771118164,-16.575000762939453,91,105,80,30000,0
-19.825000762939453,-5.489999771118164,-17.225000381469727,83,105,80,30000,0
-19.825000762939453,-5.489999771118164,-17.875,76,105,80,30000,0
-19.825000762939453,-5.489999771118164,-18.524999618530273,73,105,80,30000,0
-19.825000762939453,-5.489999771118164,-19.174999237060547,75,105,80,30000,0
-19.825000762939453,-5.489999771118164,-19.825000762939453,80,105,80,30000,0
-19.174999237060547,-5.489999771118164,19.825000762939453,73,105,80,30000,0
-19.174999237060547,-5.489999771118164,19.174999237060547,75,105,80,30000,0
-19.174999237060547,-5.489999771118164,18.524999618530273,80,105,80,30000,0
-19.174999237060547,-5.489999771118164,17.875,88,105,80,30000,0
-19.174999237060547,-5.489999771118164,17.225000381469727,94,105,80,30000,0
-19.174999237060547,-5.489999771118164,16.575000762939453,97,105,80,30000,0
-19.174999237060547,-5.489999771118164,15.925000190734863,95,105,80,30000,0
-19.174999237060547,-5.489999771118164,15.274999618530273,88,105,80,30000,0
-19.174999237060547,-5.489999771118164,14.625,81,105,80,30000,0
-19.174999237060547,-5.489999771118164,13.975000381469727,75,105,80,30000,0
-19.174999237060547,-5.489999771118164,13.324999809265137,73,105,80,30000,0
-19.174999237060547,-5.489999771118164,12.675000190734863,76,105,80,30000,0
-19.174999237060547,-5.489999771118164,12.024999618530273,83,105,80,30000,0
-19.174999237060547,-5.489999771118164,11.375,90,105,80,30000,0
-19.174999237060547,-5.489999771118164,10.725000381469727,96,105,80,30000,0
-19.174999237060547,-5.489999771118164,10.074999809265137,97,105,80,30000,0
-19.174999237060547,-5.489999771118164,9.425000190734863,93,105,80,30000,0
-19.174999237060547,-5.489999771118164,8.774999618530273,86,105,80,30000,0
-19.174999237060547,-5.489999771118164,8.125,78,105,80,30000,0
-19.174999237060547,-5.489999771118164,7.474999904632568,74,105,80,30000,0
-19.174999237060547,-5.489999771118164,6.824999809265137,74,105,80,30000,0
-19.174999237060547,-5.489999771118164,6.175000190734863,78,105,80,30000,0
-19.174999237060547,-5.489999771118164,5.525000095367432,85,105,80,30000,0
-19.174999237060547,-5.489999771118164,4.875,93,105,80,30000,0
-19.174999237060547,-5.489999771118164,4.224999904632568,97,105,80,30000,0
-19.174999237060547,-5.489999771118164,3.575000047683716,96,105,80,30000,0
-19.174999237060547,-5.489999771118164,2.924999952316284,91,105,80,30000,0
-19.174999237060547,-5.489999771118164,2.2750000953674316,83,105,80,30000,0
-19.174999237060547,-5.489999771118164,1.625,76,105,80,30000,0
-19.174999237060547,-5.489999771118164,0.9750000238418579,73,105,80,30000,0
-19.174999237060547,-5.489999771118164,0.32499998807907104,75,105,80,30000,0
-19.174999237060547,-5.489999771118164,-0.32499998807907104,80,105,80,30000,0
-19.174999237060547,-5.489999771118164,-0.9750000238418579,88,105,80,30000,0
-19.174999237060547,-5.489999771118164,-1.625,94,105,80,30000,0
-19.174999237060547,-5.489999771118164,-2.2750000953674316,97,105,80,30000,0
-19.174999237060547,-5.489999771118164,-2.924999952316284,95,105,80,30000,0
-19.174999237060547,-5.489999771118164,-3.575000047683716,88,105,80,30000,0
-19.174999237060547,-5.489999771118164,-4.224999904632568,81,105,80,30000,0
-19.174999237060547,-5.489999771118164,-4.875,75,105,80,30000,0
-19.174999237060547,-5.489999771118164,-5.525000095367432,73,105,80,30000,0
-19.174999237060547,-5.489999771118164,-6.175000190734863,76,105,80,30000,0
-19.174999237060547,-5.489999771118164,-6.824999809265137,83,105,80,30000,0
-19.174999237060547,-5.489999771118164,-7.474999904632568,90,105,80,30000,0
-19.174999237060547,-5.489999771118164,-8.125,96,105,80,30000,0
-19.174999237060547,-5.489999771118164,-8.774999618530273,97,105,80,30000,0
-19.174999237060547,-5.489999771118164,-9.425000190734863,93,105,80,30000,0
-19.174999237060547,-5.489999771118164,-10.074999809265137,86,105,80,30000,0
-19.174999237060547,-5.489999771118164,-10.725000381469727,78,105,80,30000,0
-19.174999237060547,-5.489999771118164,-11.375,74,105,80,30000,0
-19.174999237060547,-5.489999771118164,-12.024999618530273,74,105,80,30000,0
-19.174999237060547,-5.489999771118164,-12.675000190734863,78,105,80,30000,0
-19.174999237060547,-5.489999771118164,-13.324999809265137,85,105,80,30000,0
-19.174999237060547,-5.489999771118164,-13.975000381469727,93,105,80,30000,0
-19.174999237060547,-5.489999771118164,-14.625,97,105,80,30000,0
-19.174999237060547,-5.489999771118164,-15.274999618530273,96,105,80,30000,0
-19.174999237060547,-5.489999771118164,-15.925000190734863,91,105,80,30000,0
-19.174999237060547,-5.489999771118164,-16.575000762939453,83,105,80,30000,0
-19.174999237060547,-5.489999771118164,-17.225000381469727,76,105,80,30000,0
-19.174999237060547,-5.489999771118164,-17.875,73,105,80,30000,0
-19.174999237060547,-5.489999771118164,-18.524999618530273,75,105,80,30000,0
-19.174999237060547,-5.489999771118164,-19.174999237060547,80,105,80,30000,0
-19.174999237060547,-5.489999771118164,-19.825000762939453,88,105,80,30000,0
-18.524999618530273,-5.489999771118164,19.825000762939453,75,105,80,30000,0
-18.524999618530273,-5.489999771118164,19.174999237060547,80,105,80,30000,0
-18.524999618530273,-5.489999771118164,18.524999618530273,88,105,80,30000,0
-18.524999618530273,-5.489999771118164,17.875,94,105,80,30000,0
-18.524999618530273,-5.489999771118164,17.225000381469727,97,105,80,30000,0
-18.524999618530273,-5.489999771118164,16.575000762939453,95,105,80,30000,0
-18.524999618530273,-5.489999771118164,15.925000190734863,88,105,80,30000,0
-18.524999618530273,-5.489999771118164,15.274999618530273,81,105,80,30000,0
-18.524999618530273,-5.489999771118164,14.625,75,105,80,30000,0
-18.524999618530273,-5.489999771118164,13.975000381469727,73,105,80,30000,0
-18.524999618530273,-5.489999771118164,13.324999809265137,76,105,80,30000,0
-18.524999618530273,-5.489999771118164,12.675000190734863,83,105,80,30000,0
-18.524999618530273,-5.489999771118164,12.024999618530273,90,105,80,30000,0
-18.524999618530273,-5.489999771118164,11.375,96,105,80,30000,0
-18.524999618530273,-5.489999771118164,10.725000381469727,97,105,80,30000,0
-18.524999618530273,-5.489999771118164,10.074999809265137,93,105,80,30000,0
-18.524999618530273,-5.489999771118164,9.425000190734863,86,105,80,30000,0
-18.524999618530273,-5.489999771118164,8.774999618530273,78,105,80,30000,0
-18.524999618530273,-5.489999771118164,8.125,74,105,80,30000,0
-18.524999618530273,-5.489999771118164,7.474999904632568,74,105,80,30000,0
-18.524999618530273,-5.489999771118164,6.824999809265137,78,105,80,30000,0
-18.524999618530273,-5.489999771118164,6.175000190734863,85,105,80,30000,0
-18.524999618530273,-5.489999771118164,5.525000095367432,93,105,80,30000,0
-18.524999618530273,-5.489999771118164,4.875,97,105,80,30000,0
-18.524999618530273,-5.489999771118164,4.224999904632568,96,105,80,30000,0
-18.524999618530273,-5.489999771118164,3.575000047683716,91,105,80,30000,0
-18.524999618530273,-5.489999771118164,2.924999952316284,83,105,80,30000,0
-18.524999618530273,-5.489999771118164,2.2750000953674316,76,105,80,30000,0
-18.524999618530273,-5.489999771118164,1.625,73,105,80,30000,0
-18.524999618530273,-5.489999771118164,0.9750000238418579,75,105,80,30000,0
-18.524999618530273,-5.489999771118164,0.32499998807907104,80,105,80,30000,0
-18.524999618530273,-5.489999771118164,-0.32499998807907104,88,105,80,30000,0
-18.524999618530273,-5.489999771118164,-0.9750000238418579,94,105,80,30000,0
-18.524999618530273,-5.489999771118164,-1.625,97,105,80,30000,0
-18.524999618530273,-5.489999771118164,-2.2750000953674316,95,105,80,30000,0
-18.524999618530273,-5.489999771118164,-2.924999952316284,88,105,80,30000,0
-18.524999618530273,-5.489999771118164,-3.575000047683716,81,105,80,30000,0
-18.524999618530273,-5.489999771118164,-4.224999904632568,75,105,80,30000,0
-18.524999618530273,-5.489999771118164,-4.875,73,105,80,30000,0
-18.524999618530273,-5.489999771118164,-5.525000095367432,76,105,80,30000,0
-18.524999618530273,-5.489999771118164,-6.175000190734863,83,105,80,30000,0
-18.524999618530273,-5.489999771118164,-6.824999809265137,90,105,80,30000,0
-18.524999618530273,-5.489999771118164,-7.474999904632568,96,105,80,30000,0
-18.524999618530273,-5.489999771118164,-8.125,97,105,80,30000,0
-18.524999618530273,-5.489999771118164,-8.774999618530273,93,105,80,30000,0
-18.524999618530273,-5.489999771118164,-9.425000190734863,86,105,80,30000,0
-18.524999618530273,-5.489999771118164,-10.074999809265137,78,105,80,30000,0
-18.524999618530273,-5.489999771118164,-10.725000381469727,74,105,80,30000,0
-18.524999618530273,-5.489999771118164,-11.375,74,105,80,30000,0
-18.524999618530273,-5.489999771118164,-12.024999618530273,78,105,80,30000,0
-18.524999618530273,-5.489999771118164,-12.675000190734863,85,105,80,30000,0
-18.524999618530273,-5.489999771118164,-13.324999809265137,93,105,80,30000,0
-18.524999618530273,-5.489999771118164,-13.975000381469727,97,105,80,30000,0
-18.524999618530273,-5.489999771118164,-14.625,96,105,80,30000,0
-18.524999618530273,-5.489999771118164,-15.274999618530273,91,105,80,30000,0
-18.524999618530273,-5.489999771118164,-15.925000190734863,83,105,80,30000,0
-18.524999618530273,-5.489999771118164,-16.575000762939453,76,105,80,30000,0
-18.524999618530273,-5.489999771118164,-17.225000381469727,73,105,80,30000,0
-18.524999618530273,-5.489999771118164,-17.875,75,105,80,30000,0
-18.524999618530273,-5.489999771118164,-18.524999618530273,80,105,80,30000,0
-18.524999618530273,-5.489999771118164,-19.174999237060547,88,105,80,30000,0
-18.524999618530273,-5.489999771118164,-19.825000762939453,94,105,80,30000,0
-17.875,-5.489999771118164,19.825000762939453,80,105,80,30000,0
-17.875,-5.489999771118164,19.174999237060547,88,105,80,30000,0
-17.875,-5.489999771118164,18.524999618530273,94,105,80,30000,0
-17.875,-5.489999771118164,17.875,97,105,80,30000,0
-17.875,-5.489999771118164,17.225000381469727,95,105,80,30000,0
-17.875,-5.489999771118164,16.575000762939453,88,105,80,30000,0
-17.875,-5.489999771118164,15.925000190734863,81,105,80,30000,0
-17.875,-5.489999771118164,15.274999618530273,75,105,80,30000,0
-17.875,-5.489999771118164,14.625,73,105,80,30000,0
-17.875,-5.489999771118164,13.975000381469727,76,105,80,30000,0
-17.875,-5.489999771118164,13.324999809265137,83,105,80,30000,0
-17.875,-5.489999771118164,12.675000190734863,90,105,80,30000,0
-17.875,-5.489999771118164,12.024999618530273,96,105,80,30000,0
-17.875,-5.489999771118164,11.375,97,105,80,30000,0
-17.875,-5.489999771118164,10.725000381469727,93,105,80,30000,0
-17.875,-5.489999771118164,10.074999809265137,86,105,80,30000,0
-17.875,-5.489999771118164,9.425000190734863,78,105,80,30000,0
-17.875,-5.489999771118164,8.774999618530273,74,105,80,30000,0
-17.875,-5.489999771118164,8.125,74,105,80,30000,0
-17.875,-5.489999771118164,7.474999904632568,78,105,80,30000,0
-17.875,-5.489999771118164,6.824999809265137,85,105,80,30000,0
-17.875,-5.489999771118164,6.175000190734863,93,105,80,30000,0
-17.875,-5.489999771118164,5.525000095367432,97,105,80,30000,0
-17.875,-5.489999771118164,4.875,96,105,80,30000,0
-17.875,-5.489999771118164,4.224999904632568,91,105,80,30000,0
-17.875,-5.489999771118164,3.575000047683716,83,105,80,30000,0
-17.875,-5.489999771118164,2.924999952316284,76,105,80,30000,0
-17.875,-5.489999771118164,2.2750000953674316,73,105,80,30000,0
-17.875,-5.489999771118164,1.625,75,105,80,30000,0
-17.875,-5.489999771118164,0.9750000238418579,80,105,80,30000,0
-17.875,-5.489999771118164,0.32499998807907104,88,105,80,30000,0
-17.875,-5.489999771118164,-0.32499998807907104,94,105,80,30000,0
-17.875,-5.489999771118164,-0.9750000238418579,97,105,80,30000,0
-17.875,-5.489999771118164,-1.625,95,105,80,30000,0
-17.875,-5.489999771118164,-2.2750000953674316,88,105,80,30000,0
-17.875,-5.489999771118164,-2.924999952316284,81,105,80,30000,0
-17.875,-5.489999771118164,-3.575000047683716,75,105,80,30000,0
-17.875,-5.489999771118164,-4.224999904632568,73,105,80,30000,0
-17.875,-5.489999771118164,-4.875,76,105,80,30000,0
-17.875,-5.489999771118164,-5.525000095367432,83,105,80,30000,0
-17.875,-5.489999771118164,-6.175000190734863,90,105,80,30000,0
-17.875,-5.489999771118164,-6.824999809265137,96,105,80,30000,0
-17.875,-5.489999771118164,-7.474999904632568,97,105,80,30000,0
-17.875,-5.489999771118164,-8.125,93,105,80,30000,0
-17.875,-5.489999771118164,-8.774999618530273,86,105,80,30000,0
-17.875,-5.489999771118164,-9.425000190734863,78,105,80,30000,0
-17.875,-5.489999771118164,-10.074999809265137,74,105,80,30000,0
-17.875,-5.489999771118164,-10.725000381469727,74,105,80,30000,0
-17.875,-5.489999771118164,-11.375,78,105,80,30000,0
-17.875,-5.489999771118164,-12.024999618530273,85,105,80,30000,0
-17.875,-5.489999771118164,-12.675000190734863,93,105,80,30000,0
-17.875,-5.489999771118164,-13.324999809265137,97,105,80,30000,0
-17.875,-5.489999771118164,-13.975000381469727,96,105,80,30000,0
-17.875,-5.489999771118164,-14.625,91,105,80,30000,0
-17.875,-5.489999771118164,-15.274999618530273,83,105,80,30000,0
-17.875,-5.489999771118164,-15.925000190734863,76,105,80,30000,0
-17.875,-5.489999771118164,-16.575000762939453,73,105,80,30000,0
-17.875,-5.489999771118164,-17.225000381469727,75,105,80,30000,0
-17.875,-5.489999771118164,-17.875,80,105,80,30000,0
-17.875,-5.489999771118164,-18.524999618530273,88,105,80,30000,0
-17.875,-5.489999771118164,-19.174999237060547,94,105,80,30000,0
-17.875,-5.489999771118164,-19.825000762939453,97,105,80,30000,0
-17.225000381469727,-5.489999771118164,19.825000762939453,88,105,80,30000,0
-17.225000381469727,-5.489999771118164,19.174999237060547,94,105,80,30000,0
-17.225000381469727,-5.489999771118164,18.524999618530273,97,105,80,30000,0
-17.225000381469727,-5.489999771118164,17.875,95,105,80,30000,0
-17.225000381469727,-5.489999771118164,17.225000381469727,88,105,80,30000,0
-17.225000381469727,-5.489999771118164,16.575000762939453,81,105,80,30000,0
-17.225000381469727,-5.489999771118164,15.925000190734863,75,105,80,30000,0
-17.225000381469727,-5.489999771118164,15.274999618530273,73,105,80,30000,0
-17.225000381469727,-5.489999771118164,14.625,76,105,80,30000,0
-17.225000381469727,-5.489999771118164,13.975000381469727,83,105,80,30000,0
-17.225000381469727,-5.489999771118164,13.324999809265137,90,105,80,30000,0
-17.225000381469727,-5.489999771118164,12.675000190734863,96,105,80,30000,0
-17.225000381469727,-5.489999771118164,12.024999618530273,97,105,80,30000,0
-17.225000381469727,-5.489999771118164,11.375,93,105,80,30000,0
-17.225000381469727,-5.489999771118164,10.725000381469727,86,105,80,30000,0
-17.225000381469727,-5.489999771118164,10.074999809265137,78,105,80,30000,0
-17.225000381469727,-5.489999771118164,9.425000190734863,74,105,80,30000,0
-17.225000381469727,-5.489999771118164,8.774999618530273,74,105,80,30000,0
-17.225000381469727,-5.489999771118164,8.125,78,105,80,30000,0
-17.225000381469727,-5.489999771118164,7.474999904632568,85,105,80,30000,0
-17.225000381469727,-5.489999771118164,6.824999809265137,93,105,80,30000,0
-17.225000381469727,-5.489999771118164,6.175000190734863,97,105,80,30000,0
-17.225000381469727,-5.489999771118164,5.525000095367432,96,105,80,30000,0
-17.225000381469727,-5.489999771118164,4.875,91,105,80,30000,0
-17.225000381469727,-5.489999771118164,4.224999904632568,83,105,80,30000,0
-17.225000381469727,-5.489999771118164,3.575000047683716,76,105,80,30000,0
-17.225000381469727,-5.489999771118164,2.924999952316284,73,105,80,30000,0
-17.225000381469727,-5.489999771118164,2.2750000953674316,75,105,80,30000,0
-17.225000381469727,-5.489999771118164,1.625,80,105,80,30000,0
-17.225000381469727,-5.489999771118164,0.9750000238418579,88,105,80,30000,0
-17.225000381469727,-5.489999771118164,0.32499998807907104,94,105,80,30000,0
-17.225000381469727,-5.489999771118164,-0.32499998807907104,97,105,80,30000,0
-17.225000381469727,-5.489999771118164,-0.9750000238418579,95,105,80,30000,0
-17.225000381469727,-5.489999771118164,-1.625,88,105,80,30000,0
-17.225000381469727,-5.489999771118164,-2.2750000953674316,81,105,80,30000,0
-17.225000381469727,-5.489999771118164,-2.924999952316284,75,105,80,30000,0
-17.225000381469727,-5.489999771118164,-3.575000047683716,73,105,80,30000,0
-17.225000381469727,-5.489999771118164,-4.224999904632568,76,105,80,30000,0
-17.225000381469727,-5.489999771118164,-4.875,83,105,80,30000,0
-17.225000381469727,-5.489999771118164,-5.525000095367432,90,105,80,30000,0
-17.225000381469727,-5.489999771118164,-6.175000190734863,96,105,80,30000,0
-17.225000381469727,-5.489999771118164,-6.824999809265137,97,105,80,30000,0
-17.225000381469727,-5.489999771118164,-7.474999904632568,93,105,80,30000,0
-17.225000381469727,-5.489999771118164,-8.125,86,105,80,30000,0
-17.225000381469727,-5.489999771118164,-8.774999618530273,78,105,80,30000,0
-17.225000381469727,-5.489999771118164,-9.425000190734863,74,105,80,30000,0
-17.225000381469727,-5.489999771118164,-10.074999809265137,74,105,80,30000,0
-17.225000381469727,-5.489999771118164,-10.725000381469727,78,105,80,30000,0
-17.225000381469727,-5.489999771118164,-11.375,85,105,80,30000,0
-17.225000381469727,-5.489999771118164,-12.024999618530273,93,105,80,30000,0
-17.225000381469727,-5.489999771118164,-12.675000190734863,97,105,80,30000,0
-17.225000381469727,-5.489999771118164,-13.324999809265137,96,105,80,30000,0
-17.225000381469727,-5.489999771118164,-13.975000381469727,91,105,80,30000,0
-17.225000381469727,-5.489999771118164,-14.625,83,105,80,30000,0
-17.225000381469727,-5.489999771118164,-15.274999618530273,76,105,80,30000,0
-17.225000381469727,-5.489999771118164,-15.925000190734863,73,105,80,30000,0
-17.225000381469727,-5.489999771118164,-16.575000762939453,75,105,80,30000,0
-17.225000381469727,-5.489999771118164,-17.225000381469727,80,105,80,30000,0
-17.225000381469727,-5.489999771118164,-17.875,88,105,80,30000,0
-17.225000381469727,-5.489999771118164,-18.524999618530273,94,105,80,30000,0
-17.225000381469727,-5.489999771118164,-19.174999237060547,97,105,80,30000,0
-17.225000381469727,-5.489999771118164,-19.825000762939453,95,105,80,30000,0
-16.575000762939453,-5.489999771118164,19.825000762939453,94,105,80,30000,0
-16.575000762939453,-5.489999771118164,19.174999237060547,97,105,80,30000,0
-16.575000762939453,-5.489999771118164,18.524999618530273,95,105,80,30000,0
-16.575000762939453,-5.489999771118164,17.875,88,105,80,30000,0
-16.575000762939453,-5.489999771118164,17.225000381469727,81,105,80,30000,0
-16.575000762939453,-5.489999771118164,16.575000762939453,75,105,80,30000,0
-16.575000762939453,-5.489999771118164,15.925000190734863,73,105,80,30000,0
-16.575000762939453,-5.489999771118164,15.274999618530273,76,105,80,30000,0
-16.575000762939453,-5.489999771118164,14.625,83,105,80,30000,0
-16.575000762939453,-5.489999771118164,13.975000381469727,90,105,80,30000,0
-16.575000762939453,-5.489999771118164,13.324999809265137,96,105,80,30000,0
-16.575000762939453,-5.489999771118164,12.675000190734863,97,105,80,30000,0
-16.575000762939453,-5.489999771118164,12.024999618530273,93,105,80,30000,0
-16.575000762939453,-5.489999771118164,11.375,86,105,80,30000,0
-16.575000762939453,-5.489999771118164,10.725000381469727,78,105,80,30000,0
-16.575000762939453,-5.489999771118164,10.074999809265137,74,105,80,30000,0
-16.575000762939453,-5.489999771118164,9.425000190734863,74,105,80,30000,0
-16.575000762939453,-5.489999771118164,8.774999618530273,78,105,80,30000,0
-16.575000762939453,-5.489999771118164,8.125,85,105,80,30000,0
-16.575000762939453,-5.489999771118164,7.474999904632568,93,105,80,30000,0
-16.575000762939453,-5.489999771118164,6.824999809265137,97,105,80,30000,0
-16.575000762939453,-5.489999771118164,6.175000190734863,96,105,80,30000,0
-16.575000762939453,-5.489999771118164,5.525000095367432,91,105,80,30000,0
-16.575000762939453,-5.489999771118164,4.875,83,105,80,30000,0
-16.575000762939453,-5.489999771118164,4.224999904632568,76,105,80,30000,0
-16.575000762939453,-5.489999771118164,3.575000047683716,73,105,80,30000,0
-16.575000762939453,-5.489999771118164,2.924999952316284,75,105,80,30000,0
-16.575000762939453,-5.489999771118164,2.2750000953674316,80,105,80,30000,0
-16.575000762939453,-5.489999771118164,1.625,88,105,80,30000,0
-16.575000762939453,-5.489999771118164,0.9750000238418579,94,105,80,30000,0
-16.575000762939453,-5.489999771118164,0.32499998807907104,97,105,80,30000,0
-16.575000762939453,-5.489999771118164,-0.32499998807907104,95,105,80,30000,0
-16.575000762939453,-5.489999771118164,-0.9750000238418579,88,105,80,30000,0
-16.575000762939453,-5.489999771118164,-1.625,81,105,80,30000,0
-16.575000762939453,-5.489999771118164,-2.2750000953674316,75,105,80,30000,0
-16.575000762939453,-5.489999771118164,-2.924999952316284,73,105,80,30000,0
-16.575000762939453,-5.489999771118164,-3.575000047683716,76,105,80,30000,0
-16.575000762939453,-5.489999771118164,-4.224999904632568,83,105,80,30000,0
-16.575000762939453,-5.489999771118164,-4.875,90,105,80,30000,0
-16.575000762939453,-5.489999771118164,-5.525000095367432,96,105,80,30000,0
-16.575000762939453,-5.489999771118164,-6.175000190734863,97,105,80,30000,0
-16.575000762939453,-5.489999771118164,-6.824999809265137,93,105,80,30000,0
-16.575000762939453,-5.489999771118164,-7.474999904632568,86,105,80,30000,0
-16.575000762939453,-5.489999771118164,-8.125,78,105,80,30000,0
-16.575000762939453,-5.489999771118164,-8.774999618530273,74,105,80,30000,0
-16.575000762939453,-5.489999771118164,-9.425000190734863,74,105,80,30000,0
-16.575000762939453,-5.489999771118164,-10.074999809265137,78,105,80,30000,0
-16.575000762939453,-5.489999771118164,-10.725000381469727,85,105,80,30000,0
-16.575000762939453,-5.489999771118164,-11.375,93,105,80,30000,0
-16.575000762939453,-5.489999771118164,-12.024999618530273,97,105,80,30000,0
-16.575000762939453,-5.489999771118164,-12.675000190734863,96,105,80,30000,0
-16.575000762939453,-5.489999771118164,-13.324999809265137,91,105,80,30000,0
-16.575000762939453,-5.489999771118164,-13.975000381469727,83,105,80,30000,0
-16.575000762939453,-5.489999771118164,-14.625,76,105,80,30000,0
-16.575000762939453,-5.489999771118164,-15.274999618530273,73,105,80,30000,0
-16.575000762939453,-5.489999771118164,-15.925000190734863,75,105,80,30000,0
-16.575000762939453,-5.489999771118164,-16.575000762939453,80,105,80,30000,0
-16.575000762939453,-5.489999771118164,-17.225000381469727,88,105,80,30000,0
-16.575000762939453,-5.489999771118164,-17.875,94,105,80,30000,0
-16.575000762939453,-5.489999771118164,-18.524999618530273,97,105,80,30000,0
-16.575000762939453,-5.489999771118164,-19.174999237060547,95,105,80,30000,0
-16.575000762939453,-5.489999771118164,-19.825000762939453,88,105,80,30000,0
-15.925000190734863,-5.489999771118164,19.825000762939453,97,105,80,30000,0
-15.925000190734863,-5.489999771118164,19.174999237060547,95,105,80,30000,0
-15.925000190734863,-5.489999771118164,18.524999618530273,88,105,80,30000,0
-15.925000190734863,-5.489999771118164,17.875,81,105,80,30000,0
-15.925000190734863,-5.489999771118164,17.225000381469727,75,105,80,30000,0
-15.925000190734863,-5.489999771118164,16.575000762939453,73,105,80,30000,0
-15.925000190734863,-5.489999771118164,15.925000190734863,76,105,80,30000,0
-15.925000190734863,-5.489999771118164,15.274999618530273,83,105,80,30000,0
-15.925000190734863,-5.489999771118164,14.625,90,105,80,30000,0
-15.925000190734863,-5.489999771118164,13.975000381469727,96,105,80,30000,0
-15.925000190734863,-5.489999771118164,13.324999809265137,97,105,80,30000,0
-15.925000190734863,-5.489999771118164,12.675000190734863,93,105,80,30000,0
-15.925000190734863,-5.489999771118164,12.024999618530273,86,105,80,30000,0
-15.925000190734863,-5.489999771118164,11.375,78,105,80,30000,0
-15.925000190734863,-5.489999771118164,10.725000381469727,74,105,80,30000,0
-15.925000190734863,-5.489999771118164,10.074999809265137,74,105,80,30000,0
-15.925000190734863,-5.489999771118164,9.425000190734863,78,105,80,30000,0
-15.925000190734863,-5.489999771118164,8.774999618530273,85,105,80,30000,0
-15.925000190734863,-5.489999771118164,8.125,93,105,80,30000,0
-15.925000190734863,-5.489999771118164,7.474999904632568,97,105,80,30000,0
-15.925000190734863,-5.489999771118164,6.824999809265137,96,105,80,30000,0
-15.925000190734863,-5.489999771118164,6.175000190734863,91,105,80,30000,0
-15.925000190734863,-5.489999771118164,5.525000095367432,83,105,80,30000,0
-15.925000190734863,-5.489999771118164,4.875,76,105,80,30000,0
-15.925000190734863,-5.489999771118164,4.224999904632568,73,105,80,30000,0
-15.925000190734863,-5.489999771118164,3.575000047683716,75,105,80,30000,0
-15.925000190734863,-5.489999771118164,2.924999952316284,80,105,80,30000,0
-15.925000190734863,-5.489999771118164,2.2750000953674316,88,105,80,30000,0
-15.925000190734863,-5.489999771118164,1.625,94,105,80,30000,0
-15.925000190734863,-5.489999771118164,0.9750000238418579,97,105,80,30000,0
-15.925000190734863,-5.489999771118164,0.32499998807907104,95,105,80,30000,0
-15.925000190734863,-5.489999771118164,-0.32499998807907104,88,105,80,30000,0
-15.925000190734863,-5.489999771118164,-0.9750000238418579,81,105,80,30000,0
-15.925000190734863,-5.489999771118164,-1.625,75,105,80,30000,0
-15.925000190734863,-5.489999771118164,-2.2750000953674316,73,105,80,30000,0
-15.925000190734863,-5.489999771118164,-2.924999952316284,76,105,80,30000,0
-15.925000190734863,-5.489999771118164,-3.575000047683716,83,105,80,30000,0
-15.925000190734863,-5.489999771118164,-4.224999904632568,90,105,80,30000,0
-15.925000190734863,-5.489999771118164,-4.875,96,105,80,30000,0
-15.925000190734863,-5.489999771118164,-5.525000095367432,97,105,80,30000,0
-15.925000190734863,-5.489999771118164,-6.175000190734863,93,105,80,30000,0
-15.925000190734863,-5.489999771118164,-6.824999809265137,86,105,80,30000,0
-15.925000190734863,-5.489999771118164,-7.474999904632568,78,105,80,30000,0
-15.925000190734863,-5.489999771118164,-8.125,74,105,80,30000,0
-15.925000190734863,-5.489999771118164,-8.774999618530273,74,105,80,30000,0
-15.925000190734863,-5.489999771118164,-9.425000190734863,78,105,80,30000,0
-15.925000190734863,-5.489999771118164,-10.074999809265137,85,105,80,30000,0
-15.925000190734863,-5.489999771118164,-10.725000381469727,93,105,80,30000,0
-15.925000190734863,-5.489999771118164,-11.375,97,105,80,30000,0
-15.925000190734863,-5.489999771118164,-12.024999618530273,96,105,80,30000,0
-15.925000190734863,-5.489999771118164,-12.675000190734863,91,105,80,30000,0
-15.925000190734863,-5.489999771118164,-13.324999809265137,83,105,80,30000,0
-15.925000190734863,-5.489999771118164,-13.975000381469727,76,105,80,30000,0
-15.925000190734863,-5.489999771118164,-14.625,73,105,80,30000,0
-15.925000190734863,-5.489999771118164,-15.274999618530273,75,105,80,30000,0
-15.925000190734863,-5.489999771118164,-15.925000190734863,80,105,80,30000,0
-15.925000190734863,-5.489999771118164,-16.575000762939453,88,105,80,30000,0
-15.925000190734863,-5.489999771118164,-17.225000381469727,94,105,80,30000,0
-15.925000190734863,-5.489999771118164,-17.875,97,105,80,30000,0
-15.925000190734863,-5.489999771118164,-18.524999618530273,95,105,80,30000,0
-15.925000190734863,-5.489999771118164,-19.174999237060547,88,105,80,30000,0
-15.925000190734863,-5.489999771118164,-19.825000762939453,81,105,80,30000,0
-15.274999618530273,-5.489999771118164,19.825000762939453,95,105,80,30000,0
-15.274999618530273,-5.489999771118164,19.174999237060547,88,105,80,30000,0
-15.274999618530273,-5.489999771118164,18.524999618530273,81,105,80,30000,0
-15.274999618530273,-5.489999771118164,17.875,75,105,80,30000,0
-15.274999618530273,-5.489999771118164,17.225000381469727,73,105,80,30000,0
-15.274999618530273,-5.489999771118164,16.575000762939453,76,105,80,30000,0
-15.274999618530273,-5.489999771118164,15.925000190734863,83,105,80,30000,0
-15.274999618530273,-5.489999771118164,15.274999618530273,90,105,80,30000,0
-15.274999618530273,-5.489999771118164,14.625,96,105,80,30000,0
-15.274999618530273,-5.489999771118164,13.975000381469727,97,105,80,30000,0
-15.274999618530273,-5.489999771118164,13.324999809265137,93,105,80,30000,0
-15.274999618530273,-5.489999771118164,12.675000190734863,86,105,80,30000,0
-15.274999618530273,-5.489999771118164,12.024999618530273,78,105,80,30000,0
-15.274999618530273,-5.489999771118164,11.375,74,105,80,30000,0
-15.274999618530273,-5.489999771118164,10.725000381469727,74,105,80,30000,0
-15.274999618530273,-5.489999771118164,10.074999809265137,78,105,80,30000,0
-15.274999618530273,-5.489999771118164,9.425000190734863,85,105,80,30000,0
-15.274999618530273,-5.489999771118164,8.774999618530273,93,105,80,30000,0
-15.274999618530273,-5.489999771118164,8.125,97,105,80,30000,0
-15.274999618530273,-5.489999771118164,7.474999904632568,96,105,80,30000,0
-15.274999618530273,-5.489999771118164,6.824999809265137,91,105,80,30000,0
-15.274999618530273,-5.489999771118164,6.175000190734863,83,105,80,30000,0
-15.274999618530273,-5.489999771118164,5.525000095367432,76,105,80,30000,0
-15.274999618530273,-5.489999771118164,4.875,73,105,80,30000,0
-15.274999618530273,-5.489999771118164,4.224999904632568,75,105,80,30000,0
-15.274999618530273,-5.489999771118164,3.575000047683716,80,105,80,30000,0
-15.274999618530273,-5.489999771118164,2.924999952316284,88,105,80,30000,0
-15.274999618530273,-5.489999771118164,2.2750000953674316,94,105,80,30000,0
-15.274999618530273,-5.489999771118164,1.625,97,105,80,30000,0
-15.274999618530273,-5.489999771118164,0.9750000238418579,95,105,80,30000,0
-15.274999618530273,-5.489999771118164,0.32499998807907104,88,105,80,30000,0
-15.274999618530273,-5.489999771118164,-0.32499998807907104,81,105,80,30000,0
-15.274999618530273,-5.489999771118164,-0.9750000238418579,75,105,80,30000,0
-15.274999618530273,-5.489999771118164,-1.625,73,105,80,30000,0
-15.274999618530273,-5.489999771118164,-2.2750000953674316,76,105,80,30000,0
-15.274999618530273,-5.489999771118164,-2.924999952316284,83,105,80,30000,0
-15.274999618530273,-5.489999771118164,-3.575000047683716,90,105,80,30000,0
-15.274999618530273,-5.489999771118164,-4.224999904632568,96,105,80,30000,0
-15.274999618530273,-5.489999771118164,-4.875,97,105,80,30000,0
-15.274999618530273,-5.489999771118164,-5.525000095367432,93,105,80,30000,0
-15.274999618530273,-5.489999771118164,-6.175000190734863,86,105,80,30000,0
-15.274999618530273,-5.489999771118164,-6.824999809265137,78,105,80,30000,0
-15.274999618530273,-5.489999771118164,-7.474999904632568,74,105,80,30000,0
-15.274999618530273,-5.489999771118164,-8.125,74,105,80,30000,0
-15.274999618530273,-5.489999771118164,-8.774999618530273,78,105,80,30000,0
-15.274999618530273,-5.489999771118164,-9.425000190734863,85,105,80,30000,0
-15.274999618530273,-5.489999771118164,-10.074999809265137,93,105,80,30000,0
-15.274999618530273,-5.489999771118164,-10.725000381469727,97,105,80,30000,0
-15.274999618530273,-5.489999771118164,-11.375,96,105,80,30000,0
-15.274999618530273,-5.489999771118164,-12.024999618530273,91,105,80,30000,0
-15.274999618530273,-5.489999771118164,-12.675000190734863,83,105,80,30000,0
-15.274999618530273,-5.489999771118164,-13.324999809265137,76,105,80,30000,0
-15.274999618530273,-5.489999771118164,-13.975000381469727,73,105,80,30000,0
-15.274999618530273,-5.489999771118164,-14.625,75,105,80,30000,0
-15.274999618530273,-5.489999771118164,-15.274999618530273,80,105,80,30000,0
-15.274999618530273,-5.489999771118164,-15.925000190734863,88,105,80,30000,0
-15.274999618530273,-5.489999771118164,-16.575000762939453,94,105,80,30000,0
-15.274999618530273,-5.489999771118164,-17.225000381469727,97,105,80,30000,0
-15.274999618530273,-5.489999771118164,-17.875,95,105,80,30000,0
-15.274999618530273,-5.489999771118164,-18.524999618530273,88,105,80,30000,0
-15.274999618530273,-5.489999771118164,-19.174999237060547,81,105,80,30000,0
-15.274999618530273,-5.489999771118164,-19.825000762939453,75,105,80,30000,0
-14.625,-5.489999771118164,19.825000762939453,88,105,80,30000,0
-14.625,-5.489999771118164,19.174999237060547,81,105,80,30000,0
-14.625,-5.489999771118164,18.524999618530273,75,105,80,30000,0
-14.625,-5.489999771118164,17.875,73,105,80,30000,0
-14.625,-5.489999771118164,17.225000381469727,76,105,80,30000,0
-14.625,-5.489999771118164,16.575000762939453,83,105,80,30000,0
-14.625,-5.489999771118164,15.925000190734863,90,105,80,30000,0
-14.625,-5.489999771118164,15.274999618530273,96,105,80,30000,0
-14.625,-5.489999771118164,14.625,97,105,80,30000,0
-14.625,-5.489999771118164,13.975000381469727,93,105,80,30000,0
-14.625,-5.489999771118164,13.324999809265137,86,105,80,30000,0
-14.625,-5.489999771118164,12.675000190734863,78,105,80,30000,0
-14.625,-5.489999771118164,12.024999618530273,74,105,80,30000,0
-14.625,-5.489999771118164,11.375,74,105,80,30000,0
-14.625,-5.489999771118164,10.725000381469727,78,105,80,30000,0
-14.625,-5.489999771118164,10.074999809265137,85,105,80,30000,0
-14.625,-5.489999771118164,9.425000190734863,93,105,80,30000,0
-14.625,-5.489999771118164,8.774999618530273,97,105,80,30000,0
-14.625,-5.489999771118164,8.125,96,105,80,30000,0
-14.625,-5.489999771118164,7.474999904632568,91,105,80,30000,0
-14.625,-5.489999771118164,6.824999809265137,83,105,80,30000,0
-14.625,-5.489999771118164,6.175000190734863,76,105,80,30000,0
-14.625,-5.489999771118164,5.525000095367432,73,105,80,30000,0
-14.625,-5.489999771118164,4.875,75,105,80,30000,0
-14.625,-5.489999771118164,4.224999904632568,80,105,80,30000,0
-14.625,-5.489999771118164,3.575000047683716,88,105,80,30000,0
-14.625,-5.489999771118164,2.924999952316284,94,105,80,30000,0
-14.625,-5.489999771118164,2.2750000953674316,97,105,80,30000,0
-14.625,-5.489999771118164,1.625,95,105,80,30000,0
-14.625,-5.489999771118164,0.9750000238418579,88,105,80,30000,0
-14.625,-5.489999771118164,0.32499998807907104,81,105,80,30000,0
-14.625,-5.489999771118164,-0.32499998807907104,75,105,80,30000,0
-14.625,-5.489999771118164,-0.9750000238418579,73,105,80,30000,0
-14.625,-5.489999771118164,-1.625,76,105,80,30000,0
-14.625,-5.489999771118164,-2.2750000953674316,83,105,80,30000,0
-14.625,-5.489999771118164,-2.924999952316284,90,105,80,30000,0
-14.625,-5.489999771118164,-3.575000047683716,96,105,80,30000,0
-14.625,-5.489999771118164,-4.224999904632568,97,105,80,30000,0
-14.625,-5.489999771118164,-4.875,93,105,80,30000,0
-14.625,-5.489999771118164,-5.525000095367432,86,105,80,30000,0
-14.625,-5.489999771118164,-6.175000190734863,78,105,80,30000,0
-14.625,-5.489999771118164,-6.824999809265137,74,105,80,30000,0
-14.625,-5.489999771118164,-7.474999904632568,74,105,80,30000,0
-14.625,-5.489999771118164,-8.125,78,105,80,30000,0
-14.625,-5.489999771118164,-8.774999618530273,85,105,80,30000,0
-14.625,-5.489999771118164,-9.425000190734863,93,105,80,30000,0
-14.625,-5.489999771118164,-10.074999809265137,97,105,80,30000,0
-14.625,-5.489999771118164,-10.725000381469727,96,105,80,30000,0
-14.625,-5.489999771118164,-11.375,91,105,80,30000,0
-14.625,-5.489999771118164,-12.024999618530273,83,105,80,30000,0
-14.625,-5.489999771118164,-12.675000190734863,76,105,80,30000,0
-14.625,-5.489999771118164,-13.324999809265137,73,105,80,30000,0
-14.625,-5.489999771118164,-13.975000381469727,75,105,80,30000,0
-14.625,-5.489999771118164,-14.625,80,105,80,30000,0
-14.625,-5.489999771118164,-15.274999618530273,88,105,80,30000,0
-14.625,-5.489999771118164,-15.925000190734863,94,105,80,30000,0
-14.625,-5.489999771118164,-16.575000762939453,97,105,80,30000,0
-14.625,-5.489999771118164,-17.225000381469727,95,105,80,30000,0
-14.625,-5.489999771118164,-17.875,88,105,80,30000,0
-14.625,-5.489999771118164,-18.524999618530273,81,105,80,30000,0
-14.625,-5.489999771118164,-19.174999237060547,75,105,80,30000,0
-14.625,-5.489999771118164,-19.825000762939453,73,105,80,30000,0
-13.975000381469727,-5.489999771118164,19.825000762939453,81,105,80,30000,0
-13.975000381469727,-5.489999771118164,19.174999237060547,75,105,80,30000,0
-13.975000381469727,-5.489999771118164,18.524999618530273,73,105,80,30000,0
-13.975000381469727,-5.489999771118164,17.875,76,105,80,30000,0
-13.975000381469727,-5.489999771118164,17.225000381469727,83,105,80,30000,0
-13.975000381469727,-5.489999771118164,16.575000762939453,90,105,80,30000,0
-13.975000381469727,-5.489999771118164,15.925000190734863,96,105,80,30000,0
-13.975000381469727,-5.489999771118164,15.274999618530273,97,105,80,30000,0
-13.975000381469727,-5.489999771118164,14.625,93,105,80,30000,0
-13.975000381469727,-5.489999771118164,13.975000381469727,86,105,80,30000,0
-13.975000381469727,-5.489999771118164,13.324999809265137,78,105,80,30000,0
-13.975000381469727,-5.489999771118164,12.675000190734863,74,105,80,30000,0
-13.975000381469727,-5.489999771118164,12.024999618530273,74,105,80,30000,0
-13.975000381469727,-5.489999771118164,11.375,78,105,80,30000,0
-13.975000381469727,-5.489999771118164,10.725000381469727,85,105,80,30000,0
-13.975000381469727,-5.489999771118164,10.074999809265137,93,105,80,30000,0
-13.975000381469727,-5.489999771118164,9.425000190734863,97,105,80,30000,0
-13.975000381469727,-5.489999771118164,8.774999618530273,96,105,80,30000,0
-13.975000381469727,-5.489999771118164,8.125,91,105,80,30000,0
-13.975000381469727,-5.489999771118164,7.474999904632568,83,105,80,30000,0
-13.975000381469727,-5.489999771118164,6.824999809265137,76,105,80,30000,0
-13.975000381469727,-5.489999771118164,6.175000190734863,73,105,80,30000,0
-13.975000381469727,-5.489999771118164,5.525000095367432,75,105,80,30000,0
-13.975000381469727,-5.489999771118164,4.875,80,105,80,30000,0
-13.975000381469727,-5.489999771118164,4.224999904632568,88,105,80,30000,0
-13.975000381469727,-5.489999771118164,3.575000047683716,94,105,80,30000,0
-13.975000381469727,-5.489999771118164,2.924999952316284,97,105,80,30000,0
-13.975000381469727,-5.489999771118164,2.2750000953674316,95,105,80,30000,0
-13.975000381469727,-5.489999771118164,1.625,88,105,80,30000,0
-13.975000381469727,-5.489999771118164,0.9750000238418579,81,105,80,30000,0
-13.975000381469727,-5.489999771118164,0.32499998807907104,75,105,80,30000,0
-13.975000381469727,-5.489999771118164,-0.32499998807907104,73,105,80,30000,0
-13.975000381469727,-5.489999771118164,-0.9750000238418579,76,105,80,30000,0
-13.975000381469727,-5.489999771118164,-1.625,83,105,80,30000,0
-13.975000381469727,-5.489999771118164,-2.2750000953674316,90,105,80,30000,0
-13.975000381469727,-5.489999771118164,-2.924999952316284,96,105,80,30000,0
-13.975000381469727,-5.489999771118164,-3.575000047683716,97,105,80,30000,0
-13.975000381469727,-5.489999771118164,-4.224999904632568,93,105,80,30000,0
-13.975000381469727,-5.489999771118164,-4.875,86,105,80,30000,0
-13.975000381469727,-5.489999771118164,-5.525000095367432,78,105,80,30000,0
-13.975000381469727,-5.489999771118164,-6.175000190734863,74,105,80,30000,0
-13.975000381469727,-5.489999771118164,-6.824999809265137,74,105,80,30000,0
-13.975000381469727,-5.489999771118164,-7.474999904632568,78,105,80,30000,0
-13.975000381469727,-5.489999771118164,-8.125,85,105,80,30000,0
-13.975000381469727,-5.489999771118164,-8.774999618530273,93,105,80,30000,0
-13.975000381469727,-5.489999771118164,-9.425000190734863,97,105,80,30000,0
-13.975000381469727,-5.489999771118164,-10.074999809265137,96,105,80,30000,0
-13.975000381469727,-5.489999771118164,-10.725000381469727,91,105,80,30000,0
-13.975000381469727,-5.489999771118164,-11.375,83,105,80,30000,0
-13.975000381469727,-5.489999771118164,-12.024999618530273,76,105,80,30000,0
-13.975000381469727,-5.489999771118164,-12.675000190734863,73,105,80,30000,0
-13.975000381469727,-5.489999771118164,-13.324999809265137,75,105,80,30000,0
-13.975000381469727,-5.489999771118164,-13.975000381469727,80,105,80,30000,0
-13.975000381469727,-5.489999771118164,-14.625,88,105,80,30000,0
-13.975000381469727,-5.489999771118164,-15.274999618530273,94,105,80,30000,0
-13.975000381469727,-5.489999771118164,-15.925000190734863,97,105,80,30000,0
-13.975000381469727,-5.489999771118164,-16.575000762939453,95,105,80,30000,0
-13.975000381469727,-5.489999771118164,-17.225000381469727,88,105,80,30000,0
-13.975000381469727,-5.489999771118164,-17.875,81,105,80,30000,0
-13.975000381469727,-5.489999771118164,-18.524999618530273,75,105,80,30000,0
-13.975000381469727,-5.489999771118164,-19.174999237060547,73,105,80,30000,0
-13.975000381469727,-5.489999771118164,-19.825000762939453,76,105,80,30000,0
-13.324999809265137,-5.489999771118164,19.825000762939453,75,105,80,30000,0
-13.324999809265137,-5.489999771118164,19.174999237060547,73,105,80,30000,0
-13.324999809265137,-5.489999771118164,18.524999618530273,76,105,80,30000,0
-13.324999809265137,-5.489999771118164,17.875,83,105,80,30000,0
-13.324999809265137,-5.489999771118164,17.225000381469727,90,105,80,30000,0
-13.324999809265137,-5.489999771118164,16.575000762939453,96,105,80,30000,0
-13.324999809265137,-5.489999771118164,15.925000190734863,97,105,80,30000,0
-13.324999809265137,-5.489999771118164,15.274999618530273,93,105,80,30000,0
-13.324999809265137,-5.489999771118164,14.625,86,105,80,30000,0
-13.324999809265137,-5.489999771118164,13.975000381469727,78,105,80,30000,0
-13.324999809265137,-5.489999771118164,13.324999809265137,74,105,80,30000,0
-13.324999809265137,-5.489999771118164,12.675000190734863,74,105,80,30000,0
-13.324999809265137,-5.489999771118164,12.024999618530273,78,105,80,30000,0
-13.324999809265137,-5.489999771118164,11.375,85,105,80,30000,0
-13.324999809265137,-5.489999771118164,10.725000381469727,93,105,80,30000,0
-13.324999809265137,-5.489999771118164,10.074999809265137,97,105,80,30000,0
-13.324999809265137,-5.489999771118164,9.425000190734863,96,105,80,30000,0
-13.324999809265137,-5.489999771118164,8.774999618530273,91,105,80,30000,0
-13.324999809265137,-5.489999771118164,8.125,83,105,80,30000,0
-13.324999809265137,-5.489999771118164,7.474999904632568,76,105,80,30000,0
-13.324999809265137,-5.489999771118164,6.824999809265137,73,105,80,30000,0
-13.324999809265137,-5.489999771118164,6.175000190734863,75,105,80,30000,0
-13.324999809265137,-5.489999771118164,5.525000095367432,80,105,80,30000,0
-13.324999809265137,-5.489999771118164,4.875,88,105,80,30000,0
-13.324999809265137,-5.489999771118164,4.224999904632568,94,105,80,30000,0
-13.324999809265137,-5.489999771118164,3.575000047683716,97,105,80,30000,0
-13.324999809265137,-5.489999771118164,2.924999952316284,95,105,80,30000,0
-13.324999809265137,-5.489999771118164,2.2750000953674316,88,105,80,30000,0
-13.324999809265137,-5.489999771118164,1.625,81,105,80,30000,0
-13.324999809265137,-5.489999771118164,0.9750000238418579,75,105,80,30000,0
-13.324999809265137,-5.489999771118164,0.32499998807907104,73,105,80,30000,0
-13.324999809265137,-5.489999771118164,-0.32499998807907104,76,105,80,30000,0
-13.324999809265137,-5.489999771118164,-0.9750000238418579,83,105,80,30000,0
-13.324999809265137,-5.489999771118164,-1.625,90,105,80,30000,0
-13.324999809265137,-5.489999771118164,-2.2750000953674316,96,105,80,30000,0
-13.324999809265137,-5.489999771118164,-2.924999952316284,97,105,80,30000,0
-13.324999809265137,-5.489999771118164,-3.575000047683716,93,105,80,30000,0
-13.324999809265137,-5.489999771118164,-4.224999904632568,86,105,80,30000,0
-13.324999809265137,-5.489999771118164,-4.875,78,105,80,30000,0
-13.324999809265137,-5.489999771118164,-5.525000095367432,74,105,80,30000,0
-13.324999809265137,-5.489999771118164,-6.175000190734863,74,105,80,30000,0
-13.324999809265137,-5.489999771118164,-6.824999809265137,78,105,80,30000,0
-13.324999809265137,-5.489999771118164,-7.474999904632568,85,105,80,30000,0
-13.324999809265137,-5.489999771118164,-8.125,93,105,80,30000,0
-13.324999809265137,-5.489999771118164,-8.774999618530273,97,105,80,30000,0
-13.324999809265137,-5.489999771118164,-9.425000190734863,96,105,80,30000,0
-13.324999809265137,-5.489999771118164,-10.074999809265137,91,105,80,30000,0
-13.324999809265137,-5.489999771118164,-10.725000381469727,83,105,80,30000,0
-13.324999809265137,-5.489999771118164,-11.375,76,105,80,30000,0
-13.324999809265137,-5.489999771118164,-12.024999618530273,73,105,80,30000,0
-13.324999809265137,-5.489999771118164,-12.675000190734863,75,105,80,30000,0
-13.324999809265137,-5.489999771118164,-13.324999809265137,80,105,80,30000,0
-13.324999809265137,-5.489999771118164,-13.975000381469727,88,105,80,30000,0
-13.324999809265137,-5.489999771118164,-14.625,94,105,80,30000,0
-13.324999809265137,-5.489999771118164,-15.274999618530273,97,105,80,30000,0
-13.324999809265137,-5.489999771118164,-15.925000190734863,95,105,80,30000,0
-13.324999809265137,-5.489999771118164,-16.575000762939453,88,105,80,30000,0
-13.324999809265137,-5.489999771118164,-17.225000381469727,81,105,80,30000,0
-13.324999809265137,-5.489999771118164,-17.875,75,105,80,30000,0
-13.324999809265137,-5.489999771118164,-18.524999618530273,73,105,80,30000,0
-13.324999809265137,-5.489999771118164,-19.174999237060547,76,105,80,30000,0
-13.324999809265137,-5.489999771118164,-19.825000762939453,83,105,80,30000,0
-12.675000190734863,-5.489999771118164,19.825000762939453,73,105,80,30000,0
-12.675000190734863,-5.489999771118164,19.174999237060547,76,105,80,30000,0
-12.675000190734863,-5.489999771118164,18.524999618530273,83,105,80,30000,0
-12.675000190734863,-5.489999771118164,17.875,90,105,80,30000,0
-12.675000190734863,-5.489999771118164,17.225000381469727,96,105,80,30000,0
-12.675000190734863,-5.489999771118164,16.575000762939453,97,105,80,30000,0
-12.675000190734863,-5.489999771118164,15.925000190734863,93,105,80,30000,0
-12.675000190734863,-5.489999771118164,15.274999618530273,86,105,80,30000,0
-12.675000190734863,-5.489999771118164,14.625,78,105,80,30000,0
-12.675000190734863,-5.489999771118164,13.975000381469727,74,105,80,30000,0
-12.675000190734863,-5.489999771118164,13.324999809265137,74,105,80,30000,0
-12.675000190734863,-5.489999771118164,12.675000190734863,78,105,80,30000,0
-12.675000190734863,-5.489999771118164,12.024999618530273,85,105,80,30000,0
-12.675000190734863,-5.489999771118164,11.375,93,105,80,30000,0
-12.675000190734863,-5.489999771118164,10.725000381469727,97,105,80,30000,0
-12.675000190734863,-5.489999771118164,10.074999809265137,96,105,80,30000,0
-12.675000190734863,-5.489999771118164,9.425000190734863,91,105,80,30000,0
-12.675000190734863,-5.489999771118164,8.774999618530273,83,105,80,30000,0
-12.675000190734863,-5.489999771118164,8.125,76,105,80,30000,0
-12.675000190734863,-5.489999771118164,7.474999904632568,73,105,80,30000,0
-12.675000190734863,-5.489999771118164,6.824999809265137,75,105,80,30000,0
-12.675000190734863,-5.489999771118164,6.175000190734863,80,105,80,30000,0
-12.675000190734863,-5.489999771118164,5.525000095367432,88,105,80,30000,0
-12.675000190734863,-5.489999771118164,4.875,94,105,80,30000,0
-12.675000190734863,-5.489999771118164,4.224999904632568,97,105,80,30000,0
-12.675000190734863,-5.489999771118164,3.575000047683716,95,105,80,30000,0
-12.675000190734863,-5.489999771118164,2.924999952316284,88,105,80,30000,0
-12.675000190734863,-5.489999771118164,2.2750000953674316,81,105,80,30000,0
-12.675000190734863,-5.489999771118164,1.625,75,105,80,30000,0
-12.675000190734863,-5.489999771118164,0.9750000238418579,73,105,80,30000,0
-12.675000190734863,-5.489999771118164,0.32499998807907104,76,105,80,30000,0
-12.675000190734863,-5.489999771118164,-0.32499998807907104,83,105,80,30000,0
-12.675000190734863,-5.489999771118164,-0.9750000238418579,90,105,80,30000,0
-12.675000190734863,-5.489999771118164,-1.625,96,105,80,30000,0
-12.675000190734863,-5.489999771118164,-2.2750000953674316,97,105,80,30000,0
-12.675000190734863,-5.489999771118164,-2.924999952316284,93,105,80,30000,0
-12.675000190734863,-5.489999771118164,-3.575000047683716,86,105,80,30000,0
-12.675000190734863,-5.489999771118164,-4.224999904632568,78,105,80,30000,0
-12.675000190734863,-5.489999771118164,-4.875,74,105,80,30000,0
-12.675000190734863,-5.489999771118164,-5.525000095367432,74,105,80,30000,0
-12.675000190734863,-5.489999771118164,-6.175000190734863,78,105,80,30000,0
-12.675000190734863,-5.489999771118164,-6.824999809265137,85,105,80,30000,0
-12.675000190734863,-5.489999771118164,-7.474999904632568,93,105,80,30000,0
-12.675000190734863,-5.489999771118164,-8.125,97,105,80,30000,0
-12.675000190734863,-5.489999771118164,-8.774999618530273,96,105,80,30000,0
-12.675000190734863,-5.489999771118164,-9.425000190734863,91,105,80,30000,0
-12.675000190734863,-5.489999771118164,-10.074999809265137,83,105,80,30000,0
-12.675000190734863,-5.489999771118164,-10.725000381469727,76,105,80,30000,0
-12.675000190734863,-5.489999771118164,-11.375,73,105,80,30000,0
-12.675000190734863,-5.489999771118164,-12.024999618530273,75,105,80,30000,0
-12.675000190734863,-5.489999771118164,-12.675000190734863,80,105,80,30000,0
-12.675000190734863,-5.489999771118164,-13.324999809265137,88,105,80,30000,0
-12.675000190734863,-5.489999771118164,-13.975000381469727,94,105,80,30000,0
-12.675000190734863,-5.489999771118164,-14.625,97,105,80,30000,0
-12.675000190734863,-5.489999771118164,-15.274999618530273,95,105,80,30000,0
-12.675000190734863,-5.489999771118164,-15.925000190734863,88,105,80,30000,0
-12.675000190734863,-5.489999771118164,-16.575000762939453,81,105,80,30000,0
-12.675000190734863,-5.489999771118164,-17.225000381469727,75,105,80,30000,0
-12.675000190734863,-5.489999771118164,-17.875,73,105,80,30000,0
-12.675000190734863,-5.489999771118164,-18.524999618530273,76,105,80,30000,0
-12.675000190734863,-5.489999771118164,-19.174999237060547,83,105,80,30000,0
-12.675000190734863,-5.489999771118164,-19.825000762939453,90,105,80,30000,0
-12.024999618530273,-5.489999771118164,19.825000762939453,76,105,80,30000,0
-12.024999618530273,-5.489999771118164,19.174999237060547,83,105,80,30000,0
-12.024999618530273,-5.489999771118164,18.524999618530273,90,105,80,30000,0
-12.024999618530273,-5.489999771118164,17.875,96,105,80,30000,0
-12.024999618530273,-5.489999771118164,17.225000381469727,97,105,80,30000,0
-12.024999618530273,-5.489999771118164,16.575000762939453,93,105,80,30000,0
-12.024999618530273,-5.489999771118164,15.925000190734863,86,105,80,30000,0
-12.024999618530273,-5.489999771118164,15.274999618530273,78,105,80,30000,0
-12.024999618530273,-5.489999771118164,14.625,74,105,80,30000,0
-12.024999618530273,-5.489999771118164,13.975000381469727,74,105,80,30000,0
-12.024999618530273,-5.489999771118164,13.324999809265137,78,105,80,30000,0
-12.024999618530273,-5.489999771118164,12.675000190734863,85,105,80,30000,0
-12.024999618530273,-5.489999771118164,12.024999618530273,93,105,80,30000,0
-12.024999618530273,-5.489999771118164,11.375,97,105,80,30000,0
-12.024999618530273,-5.489999771118164,10.725000381469727,96,105,80,30000,0
-12.024999618530273,-5.489999771118164,10.074999809265137,91,105,80,30000,0
-12.024999618530273,-5.489999771118164,9.425000190734863,83,105,80,30000,0
-12.024999618530273,-5.489999771118164,8.774999618530273,76,105,80,30000,0
-12.024999618530273,-5.489999771118164,8.125,73,105,80,30000,0
-12.024999618530273,-5.489999771118164,7.474999904632568,75,105,80,30000,0
-12.024999618530273,-5.489999771118164,6.824999809265137,80,105,80,30000,0
-12.024999618530273,-5.489999771118164,6.175000190734863,88,105,80,30000,0
-12.024999618530273,-5.489999771118164,5.525000095367432,94,105,80,30000,0
-12.024999618530273,-5.489999771118164,4.875,97,105,80,30000,0
-12.024999618530273,-5.489999771118164,4.224999904632568,95,105,80,30000,0
-12.024999618530273,-5.489999771118164,3.575000047683716,88,105,80,30000,0
-12.024999618530273,-5.489999771118164,2.924999952316284,81,105,80,30000,0
-12.024999618530273,-5.489999771118164,2.2750000953674316,75,105,80,30000,0
-12.024999618530273,-5.489999771118164,1.625,73,105,80,30000,0
-12.024999618530273,-5.489999771118164,0.9750000238418579,76,105,80,30000,0
-12.024999618530273,-5.489999771118164,0.32499998807907104,83,105,80,30000,0
-12.024999618530273,-5.489999771118164,-0.32499998807907104,90,105,80,30000,0
-12.024999618530273,-5.489999771118164,-0.9750000238418579,96,105,80,30000,0
-12.024999618530273,-5.489999771118164,-1.625,97,105,80,30000,0
-12.024999618530273,-5.489999771118164,-2.2750000953674316,93,105,80,30000,0
-12.024999618530273,-5.489999771118164,-2.924999952316284,86,105,80,30000,0
-12.024999618530273,-5.489999771118164,-3.575000047683716,78,105,80,30000,0
-12.024999618530273,-5.489999771118164,-4.224999904632568,74,105,80,30000,0
-12.024999618530273,-5.489999771118164,-4.875,74,105,80,30000,0
-12.024999618530273,-5.489999771118164,-5.525000095367432,78,105,80,30000,0
-12.024999618530273,-5.489999771118164,-6.175000190734863,85,105,80,30000,0
-12.024999618530273,-5.489999771118164,-6.824999809265137,93,105,80,30000,0
-12.024999618530273,-5.489999771118164,-7.474999904632568,97,105,80,30000,0
-12.024999618530273,-5.489999771118164,-8.125,96,105,80,30000,0
-12.024999618530273,-5.489999771118164,-8.774999618530273,91,105,80,30000,0
-12.024999618530273,-5.489999771118164,-9.425000190734863,83,105,80,30000,0
-12.024999618530273,-5.489999771118164,-10.074999809265137,76,105,80,30000,0
-12.024999618530273,-5.489999771118164,-10.725000381469727,73,105,80,30000,0
-12.024999618530273,-5.489999771118164,-11.375,75,105,80,30000,0
-12.024999618530273,-5.489999771118164,-12.024999618530273,80,105,80,30000,0
-12.024999618530273,-5.489999771118164,-12.675000190734863,88,105,80,30000,0
-12.024999618530273,-5.489999771118164,-13.324999809265137,94,105,80,30000,0
-12.024999618530273,-5.489999771118164,-13.975000381469727,97,105,80,30000,0
-12.024999618530273,-5.489999771118164,-14.625,95,105,80,30000,0
-12.024999618530273,-5.489999771118164,-15.274999618530273,88,105,80,30000,0
-12.024999618530273,-5.489999771118164,-15.925000190734863,81,105,80,30000,0
-12.024999618530273,-5.489999771118164,-16.575000762939453,75,105,80,30000,0
-12.024999618530273,-5.489999771118164,-17.225000381469727,73,105,80,30000,0
-12.024999618530273,-5.489999771118164,-17.875,76,105,80,30000,0
-12.024999618530273,-5.489999771118164,-18.524999618530273,83,105,80,30000,0
-12.024999618530273,-5.489999771118164,-19.174999237060547,90,105,80,30000,0
-12.024999618530273,-5.489999771118164,-19.825000762939453,96,105,80,30000,0
-11.375,-5.489999771118164,19.825000762939453,83,105,80,30000,0
-11.375,-5.489999771118164,19.174999237060547,90,105,80,30000,0
-11.375,-5.489999771118164,18.524999618530273,96,105,80,30000,0
-11.375,-5.489999771118164,17.875,97,105,80,30000,0
-11.375,-5.489999771118164,17.225000381469727,93,105,80,30000,0
-11.375,-5.489999771118164,16.575000762939453,86,105,80,30000,0
-11.375,-5.489999771118164,15.925000190734863,78,105,80,30000,0
-11.375,-5.489999771118164,15.274999618530273,74,105,80,30000,0
-11.375,-5.489999771118164,14.625,74,105,80,30000,0
-11.375,-5.489999771118164,13.975000381469727,78,105,80,30000,0
-11.375,-5.489999771118164,13.324999809265137,85,105,80,30000,0
-11.375,-5.489999771118164,12.675000190734863,93,105,80,30000,0
-11.375,-5.489999771118164,12.024999618530273,97,105,80,30000,0
-11.375,-5.489999771118164,11.375,96,105,80,30000,0
-11.375,-5.489999771118164,10.725000381469727,91,105,80,30000,0
-11.375,-5.489999771118164,10.074999809265137,83,105,80,30000,0
-11.375,-5.489999771118164,9.425000190734863,76,105,80,30000,0
-11.375,-5.489999771118164,8.774999618530273,73,105,80,30000,0
-11.375,-5.489999771118164,8.125,75,105,80,30000,0
-11.375,-5.489999771118164,7.474999904632568,80,105,80,30000,0
-11.375,-5.489999771118164,6.824999809265137,88,105,80,30000,0
-11.375,-5.489999771118164,6.175000190734863,94,105,80,30000,0
-11.375,-5.489999771118164,5.525000095367432,97,105,80,30000,0
-11.375,-5.489999771118164,4.875,95,105,80,30000,0
-11.375,-5.489999771118164,4.224999904632568,88,105,80,30000,0
-11.375,-5.489999771118164,3.575000047683716,81,105,80,30000,0
-11.375,-5.489999771118164,2.924999952316284,75,105,80,30000,0
-11.375,-5.489999771118164,2.2750000953674316,73,105,80,30000,0
-11.375,-5.489999771118164,1.625,76,105,80,30000,0
-11.375,-5.489999771118164,0.9750000238418579,83,105,80,30000,0
-11.375,-5.489999771118164,0.32499998807907104,90,105,80,30000,0
-11.375,-5.489999771118164,-0.32499998807907104,96,105,80,30000,0
-11.375,-5.489999771118164,-0.9750000238418579,97,105,80,30000,0
-11.375,-5.489999771118164,-1.625,93,105,80,30000,0
-11.375,-5.489999771118164,-2.2750000953674316,86,105,80,30000,0
-11.375,-5.489999771118164,-2.924999952316284,78,105,80,30000,0
-11.375,-5.489999771118164,-3.575000047683716,74,105,80,30000,0
-11.375,-5.489999771118164,-4.224999904632568,74,105,80,30000,0
-11.375,-5.489999771118164,-4.875,78,105,80,30000,0
-11.375,-5.489999771118164,-5.525000095367432,85,105,80,30000,0
-11.375,-5.489999771118164,-6.175000190734863,93,105,80,30000,0
-11.375,-5.489999771118164,-6.824999809265137,97,105,80,30000,0
-11.375,-5.489999771118164,-7.474999904632568,96,105,80,30000,0
-11.375,-5.489999771118164,-8.125,91,105,80,30000,0
-11.375,-5.489999771118164,-8.774999618530273,83,105,80,30000,0
-11.375,-5.489999771118164,-9.425000190734863,76,105,80,30000,0
-11.375,-5.489999771118164,-10.074999809265137,73,105,80,30000,0
-11.375,-5.489999771118164,-10.725000381469727,75,105,80,30000,0
-11.375,-5.489999771118164,-11.375,80,105,80,30000,0
-11.375,-5.489999771118164,-12.024999618530273,88,105,80,30000,0
-11.375,-5.489999771118164,-12.675000190734863,94,105,80,30000,0
-11.375,-5.489999771118164,-13.324999809265137,97,105,80,30000,0
-11.375,-5.489999771118164,-13.975000381469727,95,105,80,30000,0
-11.375,-5.489999771118164,-14.625,88,105,80,30000,0
-11.375,-5.489999771118164,-15.274999618530273,81,105,80,30000,0
-11.375,-5.489999771118164,-15.925000190734863,75,105,80,30000,0
-11.375,-5.489999771118164,-16.575000762939453,73,105,80,30000,0
-11.375,-5.489999771118164,-17.225000381469727,76,105,80,30000,0
-11.375,-5.489999771118164,-17.875,83,105,80,30000,0
-11.375,-5.489999771118164,-18.524999618530273,90,105,80,30000,0
-11.375,-5.489999771118164,-19.174999237060547,96,105,80,30000,0
-11.375,-5.489999771118164,-19.825000762939453,97,105,80,30000,0
-10.725000381469727,-5.489999771118164,19.825000762939453,90,105,80,30000,0
-10.725000381469727,-5.489999771118164,19.174999237060547,96,105,80,30000,0
-10.725000381469727,-5.489999771118164,18.524999618530273,97,105,80,30000,0
-10.725000381469727,-5.489999771118164,17.875,93,105,80,30000,0
-10.725000381469727,-5.489999771118164,17.225000381469727,86,105,80,30000,0
-10.725000381469727,-5.489999771118164,16.575000762939453,78,105,80,30000,0
-10.725000381469727,-5.489999771118164,15.925000190734863,74,105,80,30000,0
-10.725000381469727,-5.489999771118164,15.274999618530273,74,105,80,30000,0
-10.725000381469727,-5.489999771118164,14.625,78,105,80,30000,0
-10.725000381469727,-5.489999771118164,13.975000381469727,85,105,80,30000,0
-10.725000381469727,-5.489999771118164,13.324999809265137,93,105,80,30000,0
-10.725000381469727,-5.489999771118164,12.675000190734863,97,105,80,30000,0
-10.725000381469727,-5.489999771118164,12.024999618530273,96,105,80,30000,0
-10.725000381469727,-5.489999771118164,11.375,91,105,80,30000,0
-10.725000381469727,-5.489999771118164,10.725000381469727,83,105,80,30000,0
-10.725000381469727,-5.489999771118164,10.074999809265137,76,105,80,30000,0
-10.725000381469727,-5.489999771118164,9.425000190734863,73,105,80,30000,0
-10.725000381469727,-5.489999771118164,8.774999618530273,75,105,80,30000,0
-10.725000381469727,-5.489999771118164,8.125,80,105,80,30000,0
-10.725000381469727,-5.489999771118164,7.474999904632568,88,105,80,30000,0
-10.725000381469727,-5.489999771118164,6.824999809265137,94,105,80,30000,0
-10.725000381469727,-5.489999771118164,6.175000190734863,97,105,80,30000,0
-10.725000381469727,-5.489999771118164,5.525000095367432,95,105,80,30000,0
-10.725000381469727,-5.489999771118164,4.875,88,105,80,30000,0
-10.725000381469727,-5.489999771118164,4.224999904632568,81,105,80,30000,0
-10.725000381469727,-5.489999771118164,3.575000047683716,75,105,80,30000,0
-10.725000381469727,-5.489999771118164,2.924999952316284,73,105,80,30000,0
-10.725000381469727,-5.489999771118164,2.2750000953674316,76,105,80,30000,0
-10.725000381469727,-5.489999771118164,1.625,83,105,80,30000,0
-10.725000381469727,-5.489999771118164,0.9750000238418579,90,105,80,30000,0
-10.725000381469727,-5.489999771118164,0.32499998807907104,96,105,80,30000,0
-10.725000381469727,-5.489999771118164,-0.32499998807907104,97,105,80,30000,0
-10.725000381469727,-5.489999771118164,-0.9750000238418579,93,105,80,30000,0
-10.725000381469727,-5.489999771118164,-1.625,86,105,80,30000,0
-10.725000381469727,-5.489999771118164,-2.2750000953674316,78,105,80,30000,0
-10.725000381469727,-5.489999771118164,-2.924999952316284,74,105,80,30000,0
-10.725000381469727,-5.489999771118164,-3.575000047683716,74,105,80,30000,0
-10.725000381469727,-5.489999771118164,-4.224999904632568,78,105,80,30000,0
-10.725000381469727,-5.489999771118164,-4.875,85,105,80,30000,0
-10.725000381469727,-5.489999771118164,-5.525000095367432,93,105,80,30000,0
-10.725000381469727,-5.489999771118164,-6.175000190734863,97,105,80,30000,0
-10.725000381469727,-5.489999771118164,-6.824999809265137,96,105,80,30000,0
-10.725000381469727,-5.489999771118164,-7.474999904632568,91,105,80,30000,0
-10.725000381469727,-5.489999771118164,-8.125,83,105,80,30000,0
-10.725000381469727,-5.489999771118164,-8.774999618530273,76,105,80,30000,0
-10.725000381469727,-5.489999771118164,-9.425000190734863,73,105,80,30000,0
-10.725000381469727,-5.489999771118164,-10.074999809265137,75,105,80,30000,0
-10.725000381469727,-5.489999771118164,-10.725000381469727,80,105,80,30000,0
-10.725000381469727,-5.489999771118164,-11.375,88,105,80,30000,0
-10.725000381469727,-5.489999771118164,-12.024999618530273,94,105,80,30000,0
-10.725000381469727,-5.489999771118164,-12.675000190734863,97,105,80,30000,0
-10.725000381469727,-5.489999771118164,-13.324999809265137,95,105,80,30000,0
-10.725000381469727,-5.489999771118164,-13.975000381469727,88,105,80,30000,0
-10.725000381469727,-5.489999771118164,-14.625,81,105,80,30000,0
-10.725000381469727,-5.489999771118164,-15.274999618530273,75,105,80,30000,0
-10.725000381469727,-5.489999771118164,-15.925000190734863,73,105,80,30000,0
-10.725000381469727,-5.489999771118164,-16.575000762939453,76,105,80,30000,0
-10.725000381469727,-5.489999771118164,-17.225000381469727,83,105,80,30000,0
-10.725000381469727,-5.489999771118164,-17.875,90,105,80,30000,0
-10.725000381469727,-5.489999771118164,-18.524999618530273,96,105,80,30000,0
-10.725000381469727,-5.489999771118164,-19.174999237060547,97,105,80,30000,0
-10.725000381469727,-5.489999771118164,-19.825000762939453,93,105,80,30000,0
-10.074999809265137,-5.489999771118164,19.825000762939453,96,105,80,30000,0
-10.074999809265137,-5.489999771118164,19.174999237060547,97,105,80,30000,0
-10.074999809265137,-5.489999771118164,18.524999618530273,93,105,80,30000,0
-10.074999809265137,-5.489999771118164,17.875,86,105,80,30000,0
-10.074999809265137,-5.489999771118164,17.225000381469727,78,105,80,30000,0
-10.074999809265137,-5.489999771118164,16.575000762939453,74,105,80,30000,0
-10.074999809265137,-5.489999771118164,15.925000190734863,74,105,80,30000,0
-10.074999809265137,-5.489999771118164,15.274999618530273,78,105,80,30000,0
-10.074999809265137,-5.489999771118164,14.625,85,105,80,30000,0
-10.074999809265137,-5.489999771118164,13.975000381469727,93,105,80,30000,0
-10.074999809265137,-5.489999771118164,13.324999809265137,97,105,80,30000,0
-10.074999809265137,-5.489999771118164,12.675000190734863,96,105,80,30000,0
-10.074999809265137,-5.489999771118164,12.024999618530273,91,105,80,30000,0
-10.074999809265137,-5.489999771118164,11.375,83,105,80,30000,0
-10.074999809265137,-5.489999771118164,10.725000381469727,76,105,80,30000,0
-10.074999809265137,-5.489999771118164,10.074999809265137,73,105,80,30000,0
-10.074999809265137,-5.489999771118164,9.425000190734863,75,105,80,30000,0
-10.074999809265137,-5.489999771118164,8.774999618530273,80,105,80,30000,0
-10.074999809265137,-5.489999771118164,8.125,88,105,80,30000,0
-10.074999809265137,-5.489999771118164,7.474999904632568,94,105,80,30000,0
-10.074999809265137,-5.489999771118164,6.824999809265137,97,105,80,30000,0
-10.074999809265137,-5.489999771118164,6.175000190734863,95,105,80,30000,0
-10.074999809265137,-5.489999771118164,5.525000095367432,88,105,80,30000,0
-10.074999809265137,-5.489999771118164,4.875,81,105,80,30000,0
-10.074999809265137,-5.489999771118164,4.224999904632568,75,105,80,30000,0
-10.074999809265137,-5.489999771118164,3.575000047683716,73,105,80,30000,0
-10.074999809265137,-5.489999771118164,2.924999952316284,76,105,80,30000,0
-10.074999809265137,-5.489999771118164,2.2750000953674316,83,105,80,30000,0
-10.074999809265137,-5.489999771118164,1.625,90,105,80,30000,0
-10.074999809265137,-5.489999771118164,0.9750000238418579,96,105,80,30000,0
-10.074999809265137,-5.489999771118164,0.32499998807907104,97,105,80,30000,0
-10.074999809265137,-5.489999771118164,-0.32499998807907104,93,105,80,30000,0
-10.074999809265137,-5.489999771118164,-0.9750000238418579,86,105,80,30000,0
-10.074999809265137,-5.489999771118164,-1.625,78,105,80,30000,0
-10.074999809265137,-5.489999771118164,-2.2750000953674316,74,105,80,30000,0
-10.074999809265137,-5.489999771118164,-2.924999952316284,74,105,80,30000,0
-10.074999809265137,-5.489999771118164,-3.575000047683716,78,105,80,30000,0
-10.074999809265137,-5.489999771118164,-4.224999904632568,85,105,80,30000,0
-10.074999809265137,-5.489999771118164,-4.875,93,105,80,30000,0
-10.074999809265137,-5.489999771118164,-5.525000095367432,97,105,80,30000,0
-10.074999809265137,-5.489999771118164,-6.175000190734863,96,105,80,30000,0
-10.074999809265137,-5.489999771118164,-6.824999809265137,91,105,80,30000,0
-10.074999809265137,-5.489999771118164,-7.474999904632568,83,105,80,30000,0
-10.074999809265137,-5.489999771118164,-8.125,76,105,80,30000,0
-10.074999809265137,-5.489999771118164,-8.774999618530273,73,105,80,30000,0
-10.074999809265137,-5.489999771118164,-9.425000190734863,75,105,80,30000,0
-10.074999809265137,-5.489999771118164,-10.074999809265137,80,105,80,30000,0
-10.074999809265137,-5.489999771118164,-10.725000381469727,88,105,80,30000,0
-10.074999809265137,-5.489999771118164,-11.375,94,105,80,30000,0
-10.074999809265137,-5.489999771118164,-12.024999618530273,97,105,80,30000,0
-10.074999809265137,-5.489999771118164,-12.675000190734863,95,105,80,30000,0
-10.074999809265137,-5.489999771118164,-13.324999809265137,88,105,80,30000,0
-10.074999809265137,-5.489999771118164,-13.975000381469727,81,105,80,30000,0
-10.074999809265137,-5.489999771118164,-14.625,75,105,80,30000,0
-10.074999809265137,-5.489999771118164,-15.274999618530273,73,105,80,30000,0
-10.074999809265137,-5.489999771118164,-15.925000190734863,76,105,80,30000,0
-10.074999809265137,-5.489999771118164,-16.575000762939453,83,105,80,30000,0
-10.074999809265137,-5.489999771118164,-17.225000381469727,90,105,80,30000,0
-10.074999809265137,-5.489999771118164,-17.875,96,105,80,30000,0
-10.074999809265137,-5.489999771118164,-18.524999618530273,97,105,80,30000,0
-10.074999809265137,-5.489999771118164,-19.174999237060547,93,105,80,30000,0
-10.074999809265137,-5.489999771118164,-19.825000762939453,86,105,80,30000,0
-9.425000190734863,-5.489999771118164,19.825000762939453,97,105,80,30000,0
-9.425000190734863,-5.489999771118164,19.174999237060547,93,105,80,30000,0
-9.425000190734863,-5.489999771118164,18.524999618530273,86,105,80,30000,0
-9.425000190734863,-5.489999771118164,17.875,78,105,80,30000,0
-9.425000190734863,-5.489999771118164,17.225000381469727,74,105,80,30000,0
-9.425000190734863,-5.489999771118164,16.575000762939453,74,105,80,30000,0
-9.425000190734863,-5.489999771118164,15.925000190734863,78,105,80,30000,0
-9.425000190734863,-5.489999771118164,15.274999618530273,85,105,80,30000,0
-9.425000190734863,-5.489999771118164,14.625,93,105,80,30000,0
-9.425000190734863,-5.489999771118164,13.975000381469727,97,105,80,30000,0
-9.425000190734863,-5.489999771118164,13.324999809265137,96,105,80,30000,0
-9.425000190734863,-5.489999771118164,12.675000190734863,91,105,80,30000,0
-9.425000190734863,-5.489999771118164,12.024999618530273,83,105,80,30000,0
-9.425000190734863,-5.489999771118164,11.375,76,105,80,30000,0
-9.425000190734863,-5.489999771118164,10.725000381469727,73,105,80,30000,0
-9.425000190734863,-5.489999771118164,10.074999809265137,75,105,80,30000,0
-9.425000190734863,-5.489999771118164,9.425000190734863,80,105,80,30000,0
-9.425000190734863,-5.489999771118164,8.774999618530273,88,105,80,30000,0
-9.425000190734863,-5.489999771118164,8.125,94,105,80,30000,0
-9.425000190734863,-5.489999771118164,7.474999904632568,97,105,80,30000,0
-9.425000190734863,-5.489999771118164,6.824999809265137,95,105,80,30000,0
-9.425000190734863,-5.489999771118164,6.175000190734863,88,105,80,30000,0
-9.425000190734863,-5.489999771118164,5.525000095367432,81,105,80,30000,0
-9.425000190734863,-5.489999771118164,4.875,75,105,80,30000,0
-9.425000190734863,-5.489999771118164,4.224999904632568,73,105,80,30000,0
-9.425000190734863,-5.489999771118164,3.575000047683716,76,105,80,30000,0
-9.425000190734863,-5.489999771118164,2.924999952316284,83,105,80,30000,0
-9.425000190734863,-5.489999771118164,2.2750000953674316,90,105,80,30000,0
-9.425000190734863,-5.489999771118164,1.625,96,105,80,30000,0
-9.425000190734863,-5.489999771118164,0.9750000238418579,97,105,80,30000,0
-9.425000190734863,-5.489999771118164,0.32499998807907104,93,105,80,30000,0
-9.425000190734863,-5.489999771118164,-0.32499998807907104,86,105,80,30000,0
-9.425000190734863,-5.489999771118164,-0.9750000238418579,78,105,80,30000,0
-9.425000190734863,-5.489999771118164,-1.625,74,105,80,30000,0
-9.425000190734863,-5.489999771118164,-2.2750000953674316,74,105,80,30000,0
-9.425000190734863,-5.489999771118164,-2.924999952316284,78,105,80,30000,0
-9.425000190734863,-5.489999771118164,-3.575000047683716,85,105,80,30000,0
-9.425000190734863,-5.489999771118164,-4.224999904632568,93,105,80,30000,0
-9.425000190734863,-5.489999771118164,-4.875,97,105,80,30000,0
-9.425000190734863,-5.489999771118164,-5.525000095367432,96,105,80,30000,0
-9.425000190734863,-5.489999771118164,-6.175000190734863,91,105,80,30000,0
-9.425000190734863,-5.489999771118164,-6.824999809265137,83,105,80,30000,0
-9.425000190734863,-5.489999771118164,-7.474999904632568,76,105,80,30000,0
-9.425000190734863,-5.489999771118164,-8.125,73,105,80,30000,0
-9.425000190734863,-5.489999771118164,-8.774999618530273,75,105,80,30000,0
-9.425000190734863,-5.489999771118164,-9.425000190734863,80,105,80,30000,0
-9.425000190734863,-5.489999771118164,-10.074999809265137,88,105,80,30000,0
-9.425000190734863,-5.489999771118164,-10.725000381469727,94,105,80,30000,0
-9.425000190734863,-5.489999771118164,-11.375,97,105,80,30000,0
-9.425000190734863,-5.489999771118164,-12.024999618530273,95,105,80,30000,0
-9.425000190734863,-5.489999771118164,-12.675000190734863,88,105,80,30000,0
-9.425000190734863,-5.489999771118164,-13.324999809265137,81,105,80,30000,0
-9.425000190734863,-5.489999771118164,-13.975000381469727,75,105,80,30000,0
-9.425000190734863,-5.489999771118164,-14.625,73,105,80,30000,0
-9.425000190734863,-5.489999771118164,-15.274999618530273,76,105,80,30000,0
-9.425000190734863,-5.489999771118164,-15.925000190734863,83,105,80,30000,0
-9.425000190734863,-5.489999771118164,-16.575000762939453,90,105,80,30000,0
-9.425000190734863,-5.489999771118164,-17.225000381469727,96,105,80,30000,0
-9.425000190734863,-5.489999771118164,-17.875,97,105,80,30000,0
-9.425000190734863,-5.489999771118164,-18.524999618530273,93,105,80,30000,0
-9.425000190734863,-5.489999771118164,-19.174999237060547,86,105,80,30000,0
-9.425000190734863,-5.489999771118164,-19.825000762939453,78,105,80,30000,0
-8.774999618530273,-5.489999771118164,19.825000762939453,93,105,80,30000,0
-8.774999618530273,-5.489999771118164,19.174999237060547,86,105,80,30000,0
-8.774999618530273,-5.489999771118164,18.524999618530273,78,105,80,30000,0
-8.774999618530273,-5.489999771118164,17.875,74,105,80,30000,0
-8.774999618530273,-5.489999771118164,17.225000381469727,74,105,80,30000,0
-8.774999618530273,-5.489999771118164,16.575000762939453,78,105,80,30000,0
-8.774999618530273,-5.489999771118164,15.925000190734863,85,105,80,30000,0
-8.774999618530273,-5.489999771118164,15.274999618530273,93,105,80,30000,0
-8.774999618530273,-5.489999771118164,14.625,97,105,80,30000,0
-8.774999618530273,-5.489999771118164,13.975000381469727,96,105,80,30000,0
-8.774999618530273,-5.489999771118164,13.324999809265137,91,105,80,30000,0
-8.774999618530273,-5.489999771118164,12.675000190734863,83,105,80,30000,0
-8.774999618530273,-5.489999771118164,12.024999618530273,76,105,80,30000,0
-8.774999618530273,-5.489999771118164,11.375,73,105,80,30000,0
-8.774999618530273,-5.489999771118164,10.725000381469727,75,105,80,30000,0
-8.774999618530273,-5.489999771118164,10.074999809265137,80,105,80,30000,0
-8.774999618530273,-5.489999771118164,9.425000190734863,88,105,80,30000,0
-8.774999618530273,-5.489999771118164,8.774999618530273,94,105,80,30000,0
-8.774999618530273,-5.489999771118164,8.125,97,105,80,30000,0
-8.774999618530273,-5.489999771118164,7.474999904632568,95,105,80,30000,0
-8.774999618530273,-5.489999771118164,6.824999809265137,88,105,80,30000,0
-8.774999618530273,-5.489999771118164,6.175000190734863,81,105,80,30000,0
-8.774999618530273,-5.489999771118164,5.525000095367432,75,105,80,30000,0
-8.774999618530273,-5.489999771118164,4.875,73,105,80,30000,0
-8.774999618530273,-5.489999771118164,4.224999904632568,76,105,80,30000,0
-8.774999618530273,-5.489999771118164,3.575000047683716,83,105,80,30000,0
-8.774999618530273,-5.489999771118164,2.924999952316284,90,105,80,30000,0
-8.774999618530273,-5.489999771118164,2.2750000953674316,96,105,80,30000,0
-8.774999618530273,-5.489999771118164,1.625,97,105,80,30000,0
-8.774999618530273,-5.489999771118164,0.9750000238418579,93,105,80,30000,0
-8.774999618530273,-5.489999771118164,0.32499998807907104,86,105,80,30000,0
-8.774999618530273,-5.489999771118164,-0.32499998807907104,78,105,80,30000,0
-8.774999618530273,-5.489999771118164,-0.9750000238418579,74,105,80,30000,0
-8.774999618530273,-5.489999771118164,-1.625,74,105,80,30000,0
-8.774999618530273,-5.489999771118164,-2.2750000953674316,78,105,80,30000,0
-8.774999618530273,-5.489999771118164,-2.924999952316284,85,105,80,30000,0
-8.774999618530273,-5.489999771118164,-3.575000047683716,93,105,80,30000,0
-8.774999618530273,-5.489999771118164,-4.224999904632568,97,105,80,30000,0
-8.774999618530273,-5.489999771118164,-4.875,96,105,80,30000,0
-8.774999618530273,-5.489999771118164,-5.525000095367432,91,105,80,30000,0
-8.774999618530273,-5.489999771118164,-6.175000190734863,83,105,80,30000,0
-8.774999618530273,-5.489999771118164,-6.824999809265137,76,105,80,30000,0
-8.774999618530273,-5.489999771118164,-7.474999904632568,73,105,80,30000,0
-8.774999618530273,-5.489999771118164,-8.125,75,105,80,30000,0
-8.774999618530273,-5.489999771118164,-8.774999618530273,80,105,80,30000,0
-8.774999618530273,-5.489999771118164,-9.425000190734863,88,105,80,30000,0
-8.774999618530273,-5.489999771118164,-10.074999809265137,94,105,80,30000,0
-8.774999618530273,-5.489999771118164,-10.725000381469727,97,105,80,30000,0
-8.774999618530273,-5.489999771118164,-11.375,95,105,80,30000,0
-8.774999618530273,-5.489999771118164,-12.024999618530273,88,105,80,30000,0
-8.774999618530273,-5.489999771118164,-12.675000190734863,81,105,80,30000,0
-8.774999618530273,-5.489999771118164,-13.324999809265137,75,105,80,30000,0
-8.774999618530273,-5.489999771118164,-13.975000381469727,73,105,80,30000,0
-8.774999618530273,-5.489999771118164,-14.625,76,105,80,30000,0
-8.774999618530273,-5.489999771118164,-15.274999618530273,83,105,80,30000,0
-8.774999618530273,-5.489999771118164,-15.925000190734863,90,105,80,30000,0
-8.774999618530273,-5.489999771118164,-16.575000762939453,96,105,80,30000,0
-8.774999618530273,-5.489999771118164,-17.225000381469727,97,105,80,30000,0
-8.774999618530273,-5.489999771118164,-17.875,93,105,80,30000,0
-8.774999618530273,-5.489999771118164,-18.524999618530273,86,105,80,30000,0
-8.774999618530273,-5.489999771118164,-19.174999237060547,78,105,80,30000,0
-8.774999618530273,-5.489999771118164,-19.825000762939453,74,105,80,30000,0
-8.125,-5.489999771118164,19.825000762939453,86,105,80,30000,0
-8.125,-5.489999771118164,19.174999237060547,78,105,80,30000,0
-8.125,-5.489999771118164,18.524999618530273,74,105,80,30000,0
-8.125,-5.489999771118164,17.875,74,105,80,30000,0
-8.125,-5.489999771118164,17.225000381469727,78,105,80,30000,0
-8.125,-5.489999771118164,16.575000762939453,85,105,80,30000,0
-8.125,-5.489999771118164,15.925000190734863,93,105,80,30000,0
-8.125,-5.489999771118164,15.274999618530273,97,105,80,30000,0
-8.125,-5.489999771118164,14.625,96,105,80,30000,0
-8.125,-5.489999771118164,13.975000381469727,91,105,80,30000,0
-8.125,-5.489999771118164,13.324999809265137,83,105,80,30000,0
-8.125,-5.489999771118164,12.675000190734863,76,105,80,30000,0
-8.125,-5.489999771118164,12.024999618530273,73,105,80,30000,0
-8.125,-5.489999771118164,11.375,75,105,80,30000,0
-8.125,-5.489999771118164,10.725000381469727,80,105,80,30000,0
-8.125,-5.489999771118164,10.074999809265137,88,105,80,30000,0
-8.125,-5.489999771118164,9.425000190734863,94,105,80,30000,0
-8.125,-5.489999771118164,8.774999618530273,97,105,80,30000,0
-8.125,-5.489999771118164,8.125,95,105,80,30000,0
-8.125,-5.489999771118164,7.474999904632568,88,105,80,30000,0
-8.125,-5.489999771118164,6.824999809265137,81,105,80,30000,0
-8.125,-5.489999771118164,6.175000190734863,75,105,80,30000,0
-8.125,-5.489999771118164,5.525000095367432,73,105,80,30000,0
-8.125,-5.489999771118164,4.875,76,105,80,30000,0
-8.125,-5.489999771118164,4.224999904632568,83,105,80,30000,0
-8.125,-5.489999771118164,3.575000047683716,90,105,80,30000,0
-8.125,-5.489999771118164,2.924999952316284,96,105,80,30000,0
-8.125,-5.489999771118164,2.2750000953674316,97,105,80,30000,0
-8.125,-5.489999771118164,1.625,93,105,80,30000,0
-8.125,-5.489999771118164,0.9750000238418579,86,105,80,30000,0
-8.125,-5.489999771118164,0.32499998807907104,78,105,80,30000,0
-8.125,-5.489999771118164,-0.32499998807907104,74,105,80,30000,0
-8.125,-5.489999771118164,-0.9750000238418579,74,105,80,30000,0
-8.125,-5.489999771118164,-1.625,78,105,80,30000,0
-8.125,-5.489999771118164,-2.2750000953674316,85,105,80,30000,0
-8.125,-5.489999771118164,-2.924999952316284,93,105,80,30000,0
-8.125,-5.489999771118164,-3.575000047683716,97,105,80,30000,0
-8.125,-5.489999771118164,-4.224999904632568,96,105,80,30000,0
-8.125,-5.489999771118164,-4.875,91,105,80,30000,0
-8.125,-5.489999771118164,-5.525000095367432,83,105,80,30000,0
-8.125,-5.489999771118164,-6.175000190734863,76,105,80,30000,0
-8.125,-5.489999771118164,-6.824999809265137,73,105,80,30000,0
-8.125,-5.489999771118164,-7.474999904632568,75,105,80,30000,0
-8.125,-5.489999771118164,-8.125,80,105,80,30000,0
-8.125,-5.489999771118164,-8.774999618530273,88,105,80,30000,0
-8.125,-5.489999771118164,-9.425000190734863,94,105,80,30000,0
-8.125,-5.489999771118164,-10.074999809265137,97,105,80,30000,0
-8.125,-5.489999771118164,-10.725000381469727,95,105,80,30000,0
-8.125,-5.489999771118164,-11.375,88,105,80,30000,0
-8.125,-5.489999771118164,-12.024999618530273,81,105,80,30000,0
-8.125,-5.489999771118164,-12.675000190734863,75,105,80,30000,0
-8.125,-5.489999771118164,-13.324999809265137,73,105,80,30000,0
-8.125,-5.489999771118164,-13.975000381469727,76,105,80,30000,0
-8.125,-5.489999771118164,-14.625,83,105,80,30000,0
-8.125,-5.489999771118164,-15.274999618530273,90,105,80,30000,0
-8.125,-5.489999771118164,-15.925000190734863,96,105,80,30000,0
-8.125,-5.489999771118164,-16.575000762939453,97,105,80,30000,0
-8.125,-5.489999771118164,-17.225000381469727,93,105,80,30000,0
-8.125,-5.489999771118164,-17.875,86,105,80,30000,0
-8.125,-5.489999771118164,-18.524999618530273,78,105,80,30000,0
-8.125,-5.489999771118164,-19.174999237060547,74,105,80,30000,0
-8.125,-5.489999771118164,-19.825000762939453,74,105,80,30000,0
-7.474999904632568,-5.489999771118164,19.825000762939453,78,105,80,30000,0
-7.474999904632568,-5.489999771118164,19.174999237060547,74,105,80,30000,0
-7.474999904632568,-5.489999771118164,18.524999618530273,74,105,80,30000,0
-7.474999904632568,-5.489999771118164,17.875,78,105,80,30000,0
-7.474999904632568,-5.489999771118164,17.225000381469727,85,105,80,30000,0
-7.474999904632568,-5.489999771118164,16.575000762939453,93,105,80,30000,0
-7.474999904632568,-5.489999771118164,15.925000190734863,97,105,80,30000,0
-7.474999904632568,-5.489999771118164,15.274999618530273,96,105,80,30000,0
-7.474999904632568,-5.489999771118164,14.625,91,105,80,30000,0
-7.474999904632568,-5.489999771118164,13.975000381469727,83,105,80,30000,0
-7.474999904632568,-5.489999771118164,13.324999809265137,76,105,80,30000,0
-7.474999904632568,-5.489999771118164,12.675000190734863,73,105,80,30000,0
-7.474999904632568,-5.489999771118164,12.024999618530273,75,105,80,30000,0
-7.474999904632568,-5.489999771118164,11.375,80,105,80,30000,0
-7.474999904632568,-5.489999771118164,10.725000381469727,88,105,80,30000,0
-7.474999904632568,-5.489999771118164,10.074999809265137,94,105,80,30000,0
-7.474999904632568,-5.489999771118164,9.425000190734863,97,105,80,30000,0
-7.474999904632568,-5.489999771118164,8.774999618530273,95,105,80,30000,0
-7.474999904632568,-5.489999771118164,8.125,88,105,80,30000,0
-7.474999904632568,-5.489999771118164,7.474999904632568,81,105,80,30000,0
-7.474999904632568,-5.489999771118164,6.824999809265137,75,105,80,30000,0
-7.474999904632568,-5.489999771118164,6.175000190734863,73,105,80,30000,0
-7.474999904632568,-5.489999771118164,5.525000095367432,76,105,80,30000,0
-7.474999904632568,-5.489999771118164,4.875,83,105,80,30000,0
-7.474999904632568,-5.489999771118164,4.224999904632568,90,105,80,30000,0
-7.474999904632568,-5.489999771118164,3.575000047683716,96,105,80,30000,0
-7.474999904632568,-5.489999771118164,2.924999952316284,97,105,80,30000,0
-7.474999904632568,-5.489999771118164,2.2750000953674316,93,105,80,30000,0
-7.474999904632568,-5.489999771118164,1.625,86,105,80,30000,0
-7.474999904632568,-5.489999771118164,0.9750000238418579,78,105,80,30000,0
-7.474999904632568,-5.489999771118164,0.32499998807907104,74,105,80,30000,0
-7.474999904632568,-5.489999771118164,-0.32499998807907104,74,105,80,30000,0
-7.474999904632568,-5.489999771118164,-0.9750000238418579,78,105,80,30000,0
-7.474999904632568,-5.489999771118164,-1.625,85,105,80,30000,0
-7.474999904632568,-5.489999771118164,-2.2750000953674316,93,105,80,30000,0
-7.474999904632568,-5.489999771118164,-2.924999952316284,97,105,80,30000,0
-7.474999904632568,-5.489999771118164,-3.575000047683716,96,105,80,30000,0
-7.474999904632568,-5.489999771118164,-4.224999904632568,91,105,80,30000,0
-7.474999904632568,-5.489999771118164,-4.875,83,105,80,30000,0
-7.474999904632568,-5.489999771118164,-5.525000095367432,76,105,80,30000,0
-7.474999904632568,-5.489999771118164,-6.175000190734863,73,105,80,30000,0
-7.474999904632568,-5.489999771118164,-6.824999809265137,75,105,80,30000,0
-7.474999904632568,-5.489999771118164,-7.474999904632568,80,105,80,30000,0
-7.474999904632568,-5.489999771118164,-8.125,88,105,80,30000,0
-7.474999904632568,-5.489999771118164,-8.774999618530273,94,105,80,30000,0
-7.474999904632568,-5.489999771118164,-9.425000190734863,97,105,80,30000,0
-7.474999904632568,-5.489999771118164,-10.074999809265137,95,105,80,30000,0
-7.474999904632568,-5.489999771118164,-10.725000381469727,88,105,80,30000,0
-7.474999904632568,-5.489999771118164,-11.375,81,105,80,30000,0
-7.474999904632568,-5.489999771118164,-12.024999618530273,75,105,80,30000,0
-7.474999904632568,-5.489999771118164,-12.675000190734863,73,105,80,30000,0
-7.474999904632568,-5.489999771118164,-13.324999809265137,76,105,80,30000,0
-7.474999904632568,-5.489999771118164,-13.975000381469727,83,105,80,30000,0
-7.474999904632568,-5.489999771118164,-14.625,90,105,80,30000,0
-7.474999904632568,-5.489999771118164,-15.274999618530273,96,105,80,30000,0
-7.474999904632568,-5.489999771118164,-15.925000190734863,97,105,80,30000,0
-7.474999904632568,-5.489999771118164,-16.575000762939453,93,105,80,30000,0
-7.474999904632568,-5.489999771118164,-17.225000381469727,86,105,80,30000,0
-7.474999904632568,-5.489999771118164,-17.875,78,105,80,30000,0
-7.474999904632568,-5.489999771118164,-18.524999618530273,74,105,80,30000,0
-7.474999904632568,-5.489999771118164,-19.174999237060547,74,105,80,30000,0
-7.474999904632568,-5.489999771118164,-19.825000762939453,78,105,80,30000,0
-6.824999809265137,-5.489999771118164,19.825000762939453,74,105,80,30000,0
-6.824999809265137,-5.489999771118164,19.174999237060547,74,105,80,30000,0
-6.824999809265137,-5.489999771118164,18.524999618530273,78,105,80,30000,0
-6.824999809265137,-5.489999771118164,17.875,85,105,80,30000,0
-6.824999809265137,-5.489999771118164,17.225000381469727,93,105,80,30000,0
-6.824999809265137,-5.489999771118164,16.575000762939453,97,105,80,30000,0
-6.824999809265137,-5.489999771118164,15.925000190734863,96,105,80,30000,0
-6.824999809265137,-5.489999771118164,15.274999618530273,91,105,80,30000,0
-6.824999809265137,-5.489999771118164,14.625,83,105,80,30000,0
-6.824999809265137,-5.489999771118164,13.975000381469727,76,105,80,30000,0
-6.824999809265137,-5.489999771118164,13.324999809265137,73,105,80,30000,0
-6.824999809265137,-5.489999771118164,12.675000190734863,75,105,80,30000,0
-6.824999809265137,-5.489999771118164,12.024999618530273,80,105,80,30000,0
-6.824999809265137,-5.489999771118164,11.375,88,105,80,30000,0
-6.824999809265137,-5.489999771118164,10.725000381469727,94,105,80,30000,0
-6.824999809265137,-5.489999771118164,10.074999809265137,97,105,80,30000,0
-6.824999809265137,-5.489999771118164,9.425000190734863,95,105,80,30000,0
-6.824999809265137,-5.489999771118164,8.774999618530273,88,105,80,30000,0
-6.824999809265137,-5.489999771118164,8.125,81,105,80,30000,0
-6.824999809265137,-5.489999771118164,7.474999904632568,75,105,80,30000,0
-6.824999809265137,-5.489999771118164,6.824999809265137,73,105,80,30000,0
-6.824999809265137,-5.489999771118164,6.175000190734863,76,105,80,30000,0
-6.824999809265137,-5.489999771118164,5.525000095367432,83,105,80,30000,0
-6.824999809265137,-5.489999771118164,4.875,90,105,80,30000,0
-6.824999809265137,-5.489999771118164,4.224999904632568,96,105,80,30000,0
-6.824999809265137,-5.489999771118164,3.575000047683716,97,105,80,30000,0
-6.824999809265137,-5.489999771118164,2.924999952316284,93,105,80,30000,0
-6.824999809265137,-5.489999771118164,2.2750000953674316,86,105,80,30000,0
-6.824999809265137,-5.489999771118164,1.625,78,105,80,30000,0
-6.824999809265137,-5.489999771118164,0.9750000238418579,74,105,80,30000,0
-6.824999809265137,-5.489999771118164,0.32499998807907104,74,105,80,30000,0
-6.824999809265137,-5.489999771118164,-0.32499998807907104,78,105,80,30000,0
-6.824999809265137,-5.489999771118164,-0.9750000238418579,85,105,80,30000,0
-6.824999809265137,-5.489999771118164,-1.625,93,105,80,30000,0
-6.824999809265137,-5.489999771118164,-2.2750000953674316,97,105,80,30000,0
-6.824999809265137,-5.489999771118164,-2.924999952316284,96,105,80,30000,0
-6.824999809265137,-5.489999771118164,-3.575000047683716,91,105,80,30000,0
-6.824999809265137,-5.489999771118164,-4.224999904632568,83,105,80,30000,0
-6.824999809265137,-5.489999771118164,-4.875,76,105,80,30000,0
-6.824999809265137,-5.489999771118164,-5.525000095367432,73,105,80,30000,0
-6.824999809265137,-5.489999771118164,-6.175000190734863,75,105,80,30000,0
-6.824999809265137,-5.489999771118164,-6.824999809265137,80,105,80,30000,0
-6.824999809265137,-5.489999771118164,-7.474999904632568,88,105,80,30000,0
-6.824999809265137,-5.489999771118164,-8.125,94,105,80,30000,0
-6.824999809265137,-5.489999771118164,-8.774999618530273,97,105,80,30000,0
-6.824999809265137,-5.489999771118164,-9.425000190734863,95,105,80,30000,0
-6.824999809265137,-5.489999771118164,-10.074999809265137,88,105,80,30000,0
-6.824999809265137,-5.489999771118164,-10.725000381469727,81,105,80,30000,0
-6.824999809265137,-5.489999771118164,-11.375,75,105,80,30000,0
-6.824999809265137,-5.489999771118164,-12.024999618530273,73,105,80,30000,0
-6.824999809265137,-5.489999771118164,-12.675000190734863,76,105,80,30000,0
-6.824999809265137,-5.489999771118164,-13.324999809265137,83,105,80,30000,0
-6.824999809265137,-5.489999771118164,-13.975000381469727,90,105,80,30000,0
-6.824999809265137,-5.489999771118164,-14.625,96,105,80,30000,0
-6.824999809265137,-5.489999771118164,-15.274999618530273,97,105,80,30000,0
-6.824999809265137,-5.489999771118164,-15.925000190734863,93,105,80,30000,0
-6.824999809265137,-5.489999771118164,-16.575000762939453,86,105,80,30000,0
-6.824999809265137,-5.489999771118164,-17.225000381469727,78,105,80,30000,0
-6.824999809265137,-5.489999771118164,-17.875,74,105,80,30000,0
-6.824999809265137,-5.489999771118164,-18.524999618530273,74,105,80,30000,0
-6.824999809265137,-5.489999771118164,-19.174999237060547,78,105,80,30000,0
-6.824999809265137,-5.489999771118164,-19.825000762939453,85,105,80,30000,0
-6.175000190734863,-5.489999771118164,19.825000762939453,74,105,80,30000,0
-6.175000190734863,-5.489999771118164,19.174999237060547,78,105,80,30000,0
-6.175000190734863,-5.489999771118164,18.524999618530273,85,105,80,30000,0
-6.175000190734863,-5.489999771118164,17.875,93,105,80,30000,0
-6.175000190734863,-5.489999771118164,17.225000381469727,97,105,80,30000,0
-6.175000190734863,-5.489999771118164,16.575000762939453,96,105,80,30000,0
-6.175000190734863,-5.489999771118164,15.925000190734863,91,105,80,30000,0
-6.175000190734863,-5.489999771118164,15.274999618530273,83,105,80,30000,0
-6.175000190734863,-5.489999771118164,14.625,76,105,80,30000,0
-6.175000190734863,-5.489999771118164,13.975000381469727,73,105,80,30000,0
-6.175000190734863,-5.489999771118164,13.324999809265137,75,105,80,30000,0
-6.175000190734863,-5.489999771118164,12.675000190734863,80,105,80,30000,0
-6.175000190734863,-5.489999771118164,12.024999618530273,88,105,80,30000,0
-6.175000190734863,-5.489999771118164,11.375,94,105,80,30000,0
-6.175000190734863,-5.489999771118164,10.725000381469727,97,105,80,30000,0
-6.175000190734863,-5.489999771118164,10.074999809265137,95,105,80,30000,0
-6.175000190734863,-5.489999771118164,9.425000190734863,88,105,80,30000,0
-6.175000190734863,-5.489999771118164,8.774999618530273,81,105,80,30000,0
-6.175000190734863,-5.489999771118164,8.125,75,105,80,30000,0
-6.175000190734863,-5.489999771118164,7.474999904632568,73,105,80,30000,0
-6.175000190734863,-5.489999771118164,6.824999809265137,76,105,80,30000,0
-6.175000190734863,-5.489999771118164,6.175000190734863,83,105,80,30000,0
-6.175000190734863,-5.489999771118164,5.525000095367432,90,105,80,30000,0
-6.175000190734863,-5.489999771118164,4.875,96,105,80,30000,0
-6.175000190734863,-5.489999771118164,4.224999904632568,97,105,80,30000,0
-6.175000190734863,-5.489999771118164,3.575000047683716,93,105,80,30000,0
-6.175000190734863,-5.489999771118164,2.924999952316284,86,105,80,30000,0
-6.175000190734863,-5.489999771118164,2.2750000953674316,78,105,80,30000,0
-6.175000190734863,-5.489999771118164,1.625,74,105,80,30000,0
-6.175000190734863,-5.489999771118164,0.9750000238418579,74,105,80,30000,0
-6.175000190734863,-5.489999771118164,0.32499998807907104,78,105,80,30000,0
-6.175000190734863,-5.489999771118164,-0.32499998807907104,85,105,80,30000,0
-6.175000190734863,-5.489999771118164,-0.9750000238418579,93,105,80,30000,0
-6.175000190734863,-5.489999771118164,-1.625,97,105,80,30000,0
-6.175000190734863,-5.489999771118164,-2.2750000953674316,96,105,80,30000,0
-6.175000190734863,-5.489999771118164,-2.924999952316284,91,105,80,30000,0
-6.175000190734863,-5.489999771118164,-3.575000047683716,83,105,80,30000,0
-6.175000190734863,-5.489999771118164,-4.224999904632568,76,105,80,30000,0
-6.175000190734863,-5.489999771118164,-4.875,73,105,80,30000,0
-6.175000190734863,-5.489999771118164,-5.525000095367432,75,105,80,30000,0
-6.175000190734863,-5.489999771118164,-6.175000190734863,80,105,80,30000,0
-6.175000190734863,-5.489999771118164,-6.824999809265137,88,105,80,30000,0
-6.175000190734863,-5.489999771118164,-7.474999904632568,94,105,80,30000,0
-6.175000190734863,-5.489999771118164,-8.125,97,105,80,30000,0
-6.175000190734863,-5.489999771118164,-8.774999618530273,95,105,80,30000,0
-6.175000190734863,-5.489999771118164,-9.425000190734863,88,105,80,30000,0
-6.175000190734863,-5.489999771118164,-10.074999809265137,81,105,80,30000,0
-6.175000190734863,-5.489999771118164,-10.725000381469727,75,105,80,30000,0
-6.175000190734863,-5.489999771118164,-11.375,73,105,80,30000,0
-6.175000190734863,-5.489999771118164,-12.024999618530273,76,105,80,30000,0
-6.175000190734863,-5.489999771118164,-12.675000190734863,83,105,80,30000,0
-6.175000190734863,-5.489999771118164,-13.324999809265137,90,105,80,30000,0
-6.175000190734863,-5.489999771118164,-13.975000381469727,96,105,80,30000,0
-6.175000190734863,-5.489999771118164,-14.625,97,105,80,30000,0
-6.175000190734863,-5.489999771118164,-15.274999618530273,93,105,80,30000,0
-6.175000190734863,-5.489999771118164,-15.925000190734863,86,105,80,30000,0
-6.175000190734863,-5.489999771118164,-16.575000762939453,78,105,80,30000,0
-6.175000190734863,-5.489999771118164,-17.225000381469727,74,105,80,30000,0
-6.175000190734863,-5.489999771118164,-17.875,74,105,80,30000,0
-6.175000190734863,-5.489999771118164,-18.524999618530273,78,105,80,30000,0
-6.175000190734863,-5.489999771118164,-19.174999237060547,85,105,80,30000,0
-6.175000190734863,-5.489999771118164,-19.825000762939453,93,105,80,30000,0
-5.525000095367432,-5.489999771118164,19.825000762939453,78,105,80,30000,0
-5.525000095367432,-5.489999771118164,19.174999237060547,85,105,80,30000,0
-5.525000095367432,-5.489999771118164,18.524999618530273,93,105,80,30000,0
-5.525000095367432,-5.489999771118164,17.875,97,105,80,30000,0
-5.525000095367432,-5.489999771118164,17.225000381469727,96,105,80,30000,0
-5.525000095367432,-5.489999771118164,16.575000762939453,91,105,80,30000,0
-5.525000095367432,-5.489999771118164,15.925000190734863,83,105,80,30000,0
-5.525000095367432,-5.489999771118164,15.274999618530273,76,105,80,30000,0
-5.525000095367432,-5.489999771118164,14.625,73,105,80,30000,0
-5.525000095367432,-5.489999771118164,13.975000381469727,75,105,80,30000,0
-5.525000095367432,-5.489999771118164,13.324999809265137,80,105,80,30000,0
-5.525000095367432,-5.489999771118164,12.675000190734863,88,105,80,30000,0
-5.525000095367432,-5.489999771118164,12.024999618530273,94,105,80,30000,0
-5.525000095367432,-5.489999771118164,11.375,97,105,80,30000,0
-5.525000095367432,-5.489999771118164,10.725000381469727,95,105,80,30000,0
-5.525000095367432,-5.489999771118164,10.074999809265137,88,105,80,30000,0
-5.525000095367432,-5.489999771118164,9.425000190734863,81,105,80,30000,0
-5.525000095367432,-5.489999771118164,8.774999618530273,75,105,80,30000,0
-5.525000095367432,-5.489999771118164,8.125,73,105,80,30000,0
-5.525000095367432,-5.489999771118164,7.474999904632568,76,105,80,30000,0
-5.525000095367432,-5.489999771118164,6.824999809265137,83,105,80,30000,0
-5.525000095367432,-5.489999771118164,6.175000190734863,90,105,80,30000,0
-5.525000095367432,-5.489999771118164,5.525000095367432,96,105,80,30000,0
-5.525000095367432,-5.489999771118164,4.875,97,105,80,30000,0
-5.525000095367432,-5.489999771118164,4.224999904632568,93,105,80,30000,0
-5.525000095367432,-5.489999771118164,3.575000047683716,86,105,80,30000,0
-5.525000095367432,-5.489999771118164,2.924999952316284,78,105,80,30000,0
-5.525000095367432,-5.489999771118164,2.2750000953674316,74,105,80,30000,0
-5.525000095367432,-5.489999771118164,1.625,74,105,80,30000,0
-5.525000095367432,-5.489999771118164,0.9750000238418579,78,105,80,30000,0
-5.525000095367432,-5.489999771118164,0.32499998807907104,85,105,80,30000,0
-5.525000095367432,-5.489999771118164,-0.32499998807907104,93,105,80,30000,0
-5.525000095367432,-5.489999771118164,-0.9750000238418579,97,105,80,30000,0
-5.525000095367432,-5.489999771118164,-1.625,96,105,80,30000,0
-5.525000095367432,-5.489999771118164,-2.2750000953674316,91,105,80,30000,0
-5.525000095367432,-5.489999771118164,-2.924999952316284,83,105,80,30000,0
-5.525000095367432,-5.489999771118164,-3.575000047683716,76,105,80,30000,0
-5.525000095367432,-5.489999771118164,-4.224999904632568,73,105,80,30000,0
-5.525000095367432,-5.489999771118164,-4.875,75,105,80,30000,0
-5.525000095367432,-5.489999771118164,-5.525000095367432,80,105,80,30000,0
-5.525000095367432,-5.489999771118164,-6.175000190734863,88,105,80,30000,0
-5.525000095367432,-5.489999771118164,-6.824999809265137,94,105,80,30000,0
-5.525000095367432,-5.489999771118164,-7.474999904632568,97,105,80,30000,0
-5.525000095367432,-5.489999771118164,-8.125,95,105,80,30000,0
-5.525000095367432,-5.489999771118164,-8.774999618530273,88,105,80,30000,0
-5.525000095367432,-5.489999771118164,-9.425000190734863,81,105,80,30000,0
-5.525000095367432,-5.489999771118164,-10.074999809265137,75,105,80,30000,0
-5.525000095367432,-5.489999771118164,-10.725000381469727,73,105,80,30000,0
-5.525000095367432,-5.489999771118164,-11.375,76,105,80,30000,0
-5.525000095367432,-5.489999771118164,-12.024999618530273,83,105,80,30000,0
-5.525000095367432,-5.489999771118164,-12.675000190734863,90,105,80,30000,0
-5.525000095367432,-5.489999771118164,-13.324999809265137,96,105,80,30000,0
-5.525000095367432,-5.489999771118164,-13.975000381469727,97,105,80,30000,0
-5.525000095367432,-5.489999771118164,-14.625,93,105,80,30000,0
-5.525000095367432,-5.489999771118164,-15.274999618530273,86,105,80,30000,0
-5.525000095367432,-5.489999771118164,-15.925000190734863,78,105,80,30000,0
-5.525000095367432,-5.489999771118164,-16.575000762939453,74,105,80,30000,0
-5.525000095367432,-5.489999771118164,-17.225000381469727,74,105,80,30000,0
-5.525000095367432,-5.489999771118164,-17.875,78,105,80,30000,0
-5.525000095367432,-5.489999771118164,-18.524999618530273,85,105,80,30000,0
-5.525000095367432,-5.489999771118164,-19.174999237060547,93,105,80,30000,0
-5.525000095367432,-5.489999771118164,-19.825000762939453,97,105,80,30000,0
-4.875,-5.489999771118164,19.825000762939453,85,105,80,30000,0
-4.875,-5.489999771118164,19.174999237060547,93,105,80,30000,0
-4.875,-5.489999771118164,18.524999618530273,97,105,80,30000,0
-4.875,-5.489999771118164,17.875,96,105,80,30000,0
-4.875,-5.489999771118164,17.225000381469727,91,105,80,30000,0
-4.875,-5.489999771118164,16.575000762939453,83,105,80,30000,0
-4.875,-5.489999771118164,15.925000190734863,76,105,80,30000,0
-4.875,-5.489999771118164,15.274999618530273,73,105,80,30000,0
-4.875,-5.489999771118164,14.625,75,105,80,30000,0
-4.875,-5.489999771118164,13.975000381469727,80,105,80,30000,0
-4.875,-5.489999771118164,13.324999809265137,88,105,80,30000,0
-4.875,-5.489999771118164,12.675000190734863,94,105,80,30000,0
-4.875,-5.489999771118164,12.024999618530273,97,105,80,30000,0
-4.875,-5.489999771118164,11.375,95,105,80,30000,0
-4.875,-5.489999771118164,10.725000381469727,88,105,80,30000,0
-4.875,-5.489999771118164,10.074999809265137,81,105,80,30000,0
-4.875,-5.489999771118164,9.425000190734863,75,105,80,30000,0
-4.875,-5.489999771118164,8.774999618530273,73,105,80,30000,0
-4.875,-5.489999771118164,8.125,76,105,80,30000,0
-4.875,-5.489999771118164,7.474999904632568,83,105,80,30000,0
-4.875,-5.489999771118164,6.824999809265137,90,105,80,30000,0
-4.875,-5.489999771118164,6.175000190734863,96,105,80,30000,0
-4.875,-5.489999771118164,5.525000095367432,97,105,80,30000,0
-4.875,-5.489999771118164,4.875,93,105,80,30000,0
-4.875,-5.489999771118164,4.224999904632568,86,105,80,30000,0
-4.875,-5.489999771118164,3.575000047683716,78,105,80,30000,0
-4.875,-5.489999771118164,2.924999952316284,74,105,80,30000,0
-4.875,-5.489999771118164,2.2750000953674316,74,105,80,30000,0
-4.875,-5.489999771118164,1.625,78,105,80,30000,0
-4.875,-5.489999771118164,0.9750000238418579,85,105,80,30000,0
-4.875,-5.489999771118164,0.32499998807907104,93,105,80,30000,0
-4.875,-5.489999771118164,-0.32499998807907104,97,105,80,30000,0
-4.875,-5.489999771118164,-0.9750000238418579,96,105,80,30000,0
-4.875,-5.489999771118164,-1.625,91,105,80,30000,0
-4.875,-5.489999771118164,-2.2750000953674316,83,105,80,30000,0
-4.875,-5.489999771118164,-2.924999952316284,76,105,80,30000,0
-4.875,-5.489999771118164,-3.575000047683716,73,105,80,30000,0
-4.875,-5.489999771118164,-4.224999904632568,75,105,80,30000,0
-4.875,-5.489999771118164,-4.875,80,105,80,30000,0
-4.875,-5.489999771118164,-5.525000095367432,88,105,80,30000,0
-4.875,-5.489999771118164,-6.175000190734863,94,105,80,30000,0
-4.875,-5.489999771118164,-6.824999809265137,97,105,80,30000,0
-4.875,-5.489999771118164,-7.474999904632568,95,105,80,30000,0
-4.875,-5.489999771118164,-8.125,88,105,80,30000,0
-4.875,-5.489999771118164,-8.774999618530273,81,105,80,30000,0
-4.875,-5.489999771118164,-9.425000190734863,75,105,80,30000,0
-4.875,-5.489999771118164,-10.074999809265137,73,105,80,30000,0
-4.875,-5.489999771118164,-10.725000381469727,76,105,80,30000,0
-4.875,-5.489999771118164,-11.375,83,105,80,30000,0
-4.875,-5.489999771118164,-12.024999618530273,90,105,80,30000,0
-4.875,-5.489999771118164,-12.675000190734863,96,105,80,30000,0
-4.875,-5.489999771118164,-13.324999809265137,97,105,80,30000,0
-4.875,-5.489999771118164,-13.975000381469727,93,105,80,30000,0
-4.875,-5.489999771118164,-14.625,86,105,80,30000,0
-4.875,-5.489999771118164,-15.274999618530273,78,105,80,30000,0
-4.875,-5.489999771118164,-15.925000190734863,74,105,80,30000,0
-4.875,-5.489999771118164,-16.575000762939453,74,105,80,30000,0
-4.875,-5.489999771118164,-17.225000381469727,78,105,80,30000,0
-4.875,-5.489999771118164,-17.875,85,105,80,30000,0
-4.875,-5.489999771118164,-18.524999618530273,93,105,80,30000,0
-4.875,-5.489999771118164,-19.174999237060547,97,105,80,30000,0
-4.875,-5.489999771118164,-19.825000762939453,96,105,80,30000,0
-4.224999904632568,-5.489999771118164,19.825000762939453,93,105,80,30000,0
-4.224999904632568,-5.489999771118164,19.174999237060547,97,105,80,30000,0
-4.224999904632568,-5.489999771118164,18.524999618530273,96,105,80,30000,0
-4.224999904632568,-5.489999771118164,17.875,91,105,80,30000,0
-4.224999904632568,-5.489999771118164,17.225000381469727,83,105,80,30000,0
-4.224999904632568,-5.489999771118164,16.575000762939453,76,105,80,30000,0
-4.224999904632568,-5.489999771118164,15.925000190734863,73,105,80,30000,0
-4.224999904632568,-5.489999771118164,15.274999618530273,75,105,80,30000,0
-4.224999904632568,-5.489999771118164,14.625,80,105,80,30000,0
-4.224999904632568,-5.489999771118164,13.975000381469727,88,105,80,30000,0
-4.224999904632568,-5.489999771118164,13.324999809265137,94,105,80,30000,0
-4.224999904632568,-5.489999771118164,12.675000190734863,97,105,80,30000,0
-4.224999904632568,-5.489999771118164,12.024999618530273,95,105,80,30000,0
-4.224999904632568,-5.489999771118164,11.375,88,105,80,30000,0
-4.224999904632568,-5.489999771118164,10.725000381469727,81,105,80,30000,0
-4.224999904632568,-5.489999771118164,10.074999809265137,75,105,80,30000,0
-4.224999904632568,-5.489999771118164,9.425000190734863,73,105,80,30000,0
-4.224999904632568,-5.489999771118164,8.774999618530273,76,105,80,30000,0
-4.224999904632568,-5.489999771118164,8.125,83,105,80,30000,0
-4.224999904632568,-5.489999771118164,7.474999904632568,90,105,80,30000,0
-4.224999904632568,-5.489999771118164,6.824999809265137,96,105,80,30000,0
-4.224999904632568,-5.489999771118164,6.175000190734863,97,105,80,30000,0
-4.224999904632568,-5.489999771118164,5.525000095367432,93,105,80,30000,0
-4.224999904632568,-5.489999771118164,4.875,86,105,80,30000,0
-4.224999904632568,-5.489999771118164,4.224999904632568,78,105,80,30000,0
-4.224999904632568,-5.489999771118164,3.575000047683716,74,105,80,30000,0
-4.224999904632568,-5.489999771118164,2.924999952316284,74,105,80,30000,0
-4.224999904632568,-5.489999771118164,2.2750000953674316,78,105,80,30000,0
-4.224999904632568,-5.489999771118164,1.625,85,105,80,30000,0
-4.224999904632568,-5.489999771118164,0.9750000238418579,93,105,80,30000,0
-4.224999904632568,-5.489999771118164,0.32499998807907104,97,105,80,30000,0
-4.224999904632568,-5.489999771118164,-0.32499998807907104,96,105,80,30000,0
-4.224999904632568,-5.489999771118164,-0.9750000238418579,91,105,80,30000,0
-4.224999904632568,-5.489999771118164,-1.625,83,105,80,30000,0
-4.224999904632568,-5.489999771118164,-2.2750000953674316,76,105,80,30000,0
-4.224999904632568,-5.489999771118164,-2.924999952316284,73,105,80,30000,0
-4.224999904632568,-5.489999771118164,-3.575000047683716,75,105,80,30000,0
-4.224999904632568,-5.489999771118164,-4.224999904632568,80,105,80,30000,0
-4.224999904632568,-5.489999771118164,-4.875,88,105,80,30000,0
-4.224999904632568,-5.489999771118164,-5.525000095367432,94,105,80,30000,0
-4.224999904632568,-5.489999771118164,-6.175000190734863,97,105,80,30000,0
-4.224999904632568,-5.489999771118164,-6.824999809265137,95,105,80,30000,0
-4.224999904632568,-5.489999771118164,-7.474999904632568,88,105,80,30000,0
-4.224999904632568,-5.489999771118164,-8.125,81,105,80,30000,0
-4.224999904632568,-5.489999771118164,-8.774999618530273,75,105,80,30000,0
-4.224999904632568,-5.489999771118164,-9.425000190734863,73,105,80,30000,0
-4.224999904632568,-5.489999771118164,-10.074999809265137,76,105,80,30000,0
-4.224999904632568,-5.489999771118164,-10.725000381469727,83,105,80,30000,0
-4.224999904632568,-5.489999771118164,-11.375,90,105,80,30000,0
-4.224999904632568,-5.489999771118164,-12.024999618530273,96,105,80,30000,0
-4.224999904632568,-5.489999771118164,-12.675000190734863,97,105,80,30000,0
-4.224999904632568,-5.489999771118164,-13.324999809265137,93,105,80,30000,0
-4.224999904632568,-5.489999771118164,-13.975000381469727,86,105,80,30000,0
-4.224999904632568,-5.489999771118164,-14.625,78,105,80,30000,0
-4.224999904632568,-5.489999771118164,-15.274999618530273,74,105,80,30000,0
-4.224999904632568,-5.489999771118164,-15.925000190734863,74,105,80,30000,0
-4.224999904632568,-5.489999771118164,-16.575000762939453,78,105,80,30000,0
-4.224999904632568,-5.489999771118164,-17.225000381469727,85,105,80,30000,0
-4.224999904632568,-5.489999771118164,-17.875,93,105,80,30000,0
-4.224999904632568,-5.489999771118164,-18.524999618530273,97,105,80,30000,0
-4.224999904632568,-5.489999771118164,-19.174999237060547,96,105,80,30000,0
-4.224999904632568,-5.489999771118164,-19.825000762939453,91,105,80,30000,0
-3.575000047683716,-5.489999771118164,19.825000762939453,97,105,80,30000,0
-3.575000047683716,-5.489999771118164,19.174999237060547,96,105,80,30000,0
-3.575000047683716,-5.489999771118164,18.524999618530273,91,105,80,30000,0
-3.575000047683716,-5.489999771118164,17.875,83,105,80,30000,0
-3.575000047683716,-5.489999771118164,17.225000381469727,76,105,80,30000,0
-3.575000047683716,-5.489999771118164,16.575000762939453,73,105,80,30000,0
-3.575000047683716,-5.489999771118164,15.925000190734863,75,105,80,30000,0
-3.575000047683716,-5.489999771118164,15.274999618530273,80,105,80,30000,0
-3.575000047683716,-5.489999771118164,14.625,88,105,80,30000,0
-3.575000047683716,-5.489999771118164,13.975000381469727,94,105,80,30000,0
-3.575000047683716,-5.489999771118164,13.324999809265137,97,105,80,30000,0
-3.575000047683716,-5.489999771118164,12.675000190734863,95,105,80,30000,0
-3.575000047683716,-5.489999771118164,12.024999618530273,88,105,80,30000,0
-3.575000047683716,-5.489999771118164,11.375,81,105,80,30000,0
-3.575000047683716,-5.489999771118164,10.725000381469727,75,105,80,30000,0
-3.575000047683716,-5.489999771118164,10.074999809265137,73,105,80,30000,0
-3.575000047683716,-5.489999771118164,9.425000190734863,76,105,80,30000,0
-3.575000047683716,-5.489999771118164,8.774999618530273,83,105,80,30000,0
-3.575000047683716,-5.489999771118164,8.125,90,105,80,30000,0
-3.575000047683716,-5.489999771118164,7.474999904632568,96,105,80,30000,0
-3.575000047683716,-5.489999771118164,6.824999809265137,97,105,80,30000,0
-3.575000047683716,-5.489999771118164,6.175000190734863,93,105,80,30000,0
-3.575000047683716,-5.489999771118164,5.525000095367432,86,105,80,30000,0
-3.575000047683716,-5.489999771118164,4.875,78,105,80,30000,0
-3.575000047683716,-5.489999771118164,4.224999904632568,74,105,80,30000,0
-3.575000047683716,-5.489999771118164,3.575000047683716,74,105,80,30000,0
-3.575000047683716,-5.489999771118164,2.924999952316284,78,105,80,30000,0
-3.575000047683716,-5.489999771118164,2.2750000953674316,85,105,80,30000,0
-3.575000047683716,-5.489999771118164,1.625,93,105,80,30000,0
-3.575000047683716,-5.489999771118164,0.9750000238418579,97,105,80,30000,0
-3.575000047683716,-5.489999771118164,0.32499998807907104,96,105,80,30000,0
-3.575000047683716,-5.489999771118164,-0.32499998807907104,91,105,80,30000,0
-3.575000047683716,-5.489999771118164,-0.9750000238418579,83,105,80,30000,0
-3.575000047683716,-5.489999771118164,-1.625,76,105,80,30000,0
-3.575000047683716,-5.489999771118164,-2.2750000953674316,73,105,80,30000,0
-3.575000047683716,-5.489999771118164,-2.924999952316284,75,105,80,30000,0
-3.575000047683716,-5.489999771118164,-3.575000047683716,80,105,80,30000,0
-3.575000047683716,-5.489999771118164,-4.224999904632568,88,105,80,30000,0
-3.575000047683716,-5.489999771118164,-4.875,94,105,80,30000,0
-3.575000047683716,-5.489999771118164,-5.525000095367432,97,105,80,30000,0
-3.575000047683716,-5.489999771118164,-6.175000190734863,95,105,80,30000,0
-3.575000047683716,-5.489999771118164,-6.824999809265137,88,105,80,30000,0
-3.575000047683716,-5.489999771118164,-7.474999904632568,81,105,80,30000,0
-3.575000047683716,-5.489999771118164,-8.125,75,105,80,30000,0
-3.575000047683716,-5.489999771118164,-8.774999618530273,73,105,80,30000,0
-3.575000047683716,-5.489999771118164,-9.425000190734863,76,105,80,30000,0
-3.575000047683716,-5.489999771118164,-10.074999809265137,83,105,80,30000,0
-3.575000047683716,-5.489999771118164,-10.725000381469727,90,105,80,30000,0
-3.575000047683716,-5.489999771118164,-11.375,96,105,80,30000,0
-3.575000047683716,-5.489999771118164,-12.024999618530273,97,105,80,30000,0
-3.575000047683716,-5.489999771118164,-12.675000190734863,93,105,80,30000,0
-3.575000047683716,-5.489999771118164,-13.324999809265137,86,105,80,30000,0
-3.575000047683716,-5.489999771118164,-13.975000381469727,78,105,80,30000,0
-3.575000047683716,-5.489999771118164,-14.625,74,105,80,30000,0
-3.575000047683716,-5.489999771118164,-15.274999618530273,74,105,80,30000,0
-3.575000047683716,-5.489999771118164,-15.925000190734863,78,105,80,30000,0
-3.575000047683716,-5.489999771118164,-16.575000762939453,85,105,80,30000,0
-3.575000047683716,-5.489999771118164,-17.225000381469727,93,105,80,30000,0
-3.575000047683716,-5.489999771118164,-17.875,97,105,80,30000,0
-3.575000047683716,-5.489999771118164,-18.524999618530273,96,105,80,30000,0
-3.575000047683716,-5.489999771118164,-19.174999237060547,91,105,80,30000,0
-3.575000047683716,-5.489999771118164,-19.825000762939453,83,105,80,30000,0
-2.924999952316284,-5.489999771118164,19.825000762939453,96,105,80,30000,0
-2.924999952316284,-5.489999771118164,19.174999237060547,91,105,80,30000,0
-2.924999952316284,-5.489999771118164,18.524999618530273,83,105,80,30000,0
-2.924999952316284,-5.489999771118164,17.875,76,105,80,30000,0
-2.924999952316284,-5.489999771118164,17.225000381469727,73,105,80,30000,0
-2.924999952316284,-5.489999771118164,16.575000762939453,75,105,80,30000,0
-2.924999952316284,-5.489999771118164,15.925000190734863,80,105,80,30000,0
-2.924999952316284,-5.489999771118164,15.274999618530273,88,105,80,30000,0
-2.924999952316284,-5.489999771118164,14.625,94,105,80,30000,0
-2.924999952316284,-5.489999771118164,13.975000381469727,97,105,80,30000,0
-2.924999952316284,-5.489999771118164,13.324999809265137,95,105,80,30000,0
-2.924999952316284,-5.489999771118164,12.675000190734863,88,105,80,30000,0
-2.924999952316284,-5.489999771118164,12.024999618530273,81,105,80,30000,0
-2.924999952316284,-5.489999771118164,11.375,75,105,80,30000,0
-2.924999952316284,-5.489999771118164,10.725000381469727,73,105,80,30000,0
-2.924999952316284,-5.489999771118164,10.074999809265137,76,105,80,30000,0
-2.924999952316284,-5.489999771118164,9.425000190734863,83,105,80,30000,0
-2.924999952316284,-5.489999771118164,8.774999618530273,90,105,80,30000,0
-2.924999952316284,-5.489999771118164,8.125,96,105,80,30000,0
-2.924999952316284,-5.489999771118164,7.474999904632568,97,105,80,30000,0
-2.924999952316284,-5.489999771118164,6.824999809265137,93,105,80,30000,0
-2.924999952316284,-5.489999771118164,6.175000190734863,86,105,80,30000,0
-2.924999952316284,-5.489999771118164,5.525000095367432,78,105,80,30000,0
-2.924999952316284,-5.489999771118164,4.875,74,105,80,30000,0
-2.924999952316284,-5.489999771118164,4.224999904632568,74,105,80,30000,0
-2.924999952316284,-5.489999771118164,3.575000047683716,78,105,80,30000,0
-2.924999952316284,-5.489999771118164,2.924999952316284,85,105,80,30000,0
-2.924999952316284,-5.489999771118164,2.2750000953674316,93,105,80,30000,0
-2.924999952316284,-5.489999771118164,1.625,97,105,80,30000,0
-2.924999952316284,-5.489999771118164,0.9750000238418579,96,105,80,30000,0
-2.924999952316284,-5.489999771118164,0.32499998807907104,91,105,80,30000,0
-2.924999952316284,-5.489999771118164,-0.32499998807907104,83,105,80,30000,0
-2.924999952316284,-5.489999771118164,-0.9750000238418579,76,105,80,30000,0
-2.924999952316284,-5.489999771118164,-1.625,73,105,80,30000,0
-2.924999952316284,-5.489999771118164,-2.2750000953674316,75,105,80,30000,0
-2.924999952316284,-5.489999771118164,-2.924999952316284,80,105,80,30000,0
-2.924999952316284,-5.489999771118164,-3.575000047683716,88,105,80,30000,0
-2.924999952316284,-5.489999771118164,-4.224999904632568,94,105,80,30000,0
-2.924999952316284,-5.489999771118164,-4.875,97,105,80,30000,0
-2.924999952316284,-5.489999771118164,-5.525000095367432,95,105,80,30000,0
-2.924999952316284,-5.489999771118164,-6.175000190734863,88,105,80,30000,0
-2.924999952316284,-5.489999771118164,-6.824999809265137,81,105,80,30000,0
-2.924999952316284,-5.489999771118164,-7.474999904632568,75,105,80,30000,0
-2.924999952316284,-5.489999771118164,-8.125,73,105,80,30000,0
-2.924999952316284,-5.489999771118164,-8.774999618530273,76,105,80,30000,0
-2.924999952316284,-5.489999771118164,-9.425000190734863,83,105,80,30000,0
-2.924999952316284,-5.489999771118164,-10.074999809265137,90,105,80,30000,0
-2.924999952316284,-5.489999771118164,-10.725000381469727,96,105,80,30000,0
-2.924999952316284,-5.489999771118164,-11.375,97,105,80,30000,0
-2.924999952316284,-5.489999771118164,-12.024999618530273,93,105,80,30000,0
-2.924999952316284,-5.489999771118164,-12.675000190734863,86,105,80,30000,0
-2.924999952316284,-5.489999771118164,-13.324999809265137,78,105,80,30000,0
-2.924999952316284,-5.489999771118164,-13.975000381469727,74,105,80,30000,0
-2.924999952316284,-5.489999771118164,-14.625,74,105,80,30000,0
-2.924999952316284,-5.489999771118164,-15.274999618530273,78,105,80,30000,0
-2.924999952316284,-5.489999771118164,-15.925000190734863,85,105,80,30000,0
-2.924999952316284,-5.489999771118164,-16.575000762939453,93,105,80,30000,0
-2.924999952316284,-5.489999771118164,-17.225000381469727,97,105,80,30000,0
-2.924999952316284,-5.489999771118164,-17.875,96,105,80,30000,0
-2.924999952316284,-5.489999771118164,-18.524999618530273,91,105,80,30000,0
-2.924999952316284,-5.489999771118164,-19.174999237060547,83,105,80,30000,0
-2.924999952316284,-5.489999771118164,-19.825000762939453,76,105,80,30000,0
-2.2750000953674316,-5.489999771118164,19.825000762939453,91,105,80,30000,0
-2.2750000953674316,-5.489999771118164,19.174999237060547,83,105,80,30000,0
-2.2750000953674316,-5.489999771118164,18.524999618530273,76,105,80,30000,0
-2.2750000953674316,-5.489999771118164,17.875,73,105,80,30000,0
-2.2750000953674316,-5.489999771118164,17.225000381469727,75,105,80,30000,0
-2.2750000953674316,-5.489999771118164,16.575000762939453,80,105,80,30000,0
-2.2750000953674316,-5.489999771118164,15.925000190734863,88,105,80,30000,0
-2.2750000953674316,-5.489999771118164,15.274999618530273,94,105,80,30000,0
-2.2750000953674316,-5.489999771118164,14.625,97,105,80,30000,0
-2.2750000953674316,-5.489999771118164,13.975000381469727,95,105,80,30000,0
-2.2750000953674316,-5.489999771118164,13.324999809265137,88,105,80,30000,0
-2.2750000953674316,-5.489999771118164,12.675000190734863,81,105,80,30000,0
-2.2750000953674316,-5.489999771118164,12.024999618530273,75,105,80,30000,0
-2.2750000953674316,-5.489999771118164,11.375,73,105,80,30000,0
-2.2750000953674316,-5.489999771118164,10.725000381469727,76,105,80,30000,0
-2.2750000953674316,-5.489999771118164,10.074999809265137,83,105,80,30000,0
-2.2750000953674316,-5.489999771118164,9.425000190734863,90,105,80,30000,0
-2.2750000953674316,-5.489999771118164,8.774999618530273,96,105,80,30000,0
-2.2750000953674316,-5.489999771118164,8.125,97,105,80,30000,0
-2.2750000953674316,-5.489999771118164,7.474999904632568,93,105,80,30000,0
-2.2750000953674316,-5.489999771118164,6.824999809265137,86,105,80,30000,0
-2.2750000953674316,-5.489999771118164,6.175000190734863,78,105,80,30000,0
-2.2750000953674316,-5.489999771118164,5.525000095367432,74,105,80,30000,0
-2.2750000953674316,-5.489999771118164,4.875,74,105,80,30000,0
-2.2750000953674316,-5.489999771118164,4.224999904632568,78,105,80,30000,0
-2.2750000953674316,-5.489999771118164,3.575000047683716,85,105,80,30000,0
-2.2750000953674316,-5.489999771118164,2.924999952316284,93,105,80,30000,0
-2.2750000953674316,-5.489999771118164,2.2750000953674316,97,105,80,30000,0
-2.2750000953674316,-5.489999771118164,1.625,96,105,80,30000,0
-2.2750000953674316,-5.489999771118164,0.9750000238418579,91,105,80,30000,0
-2.2750000953674316,-5.489999771118164,0.32499998807907104,83,105,80,30000,0
-2.2750000953674316,-5.489999771118164,-0.32499998807907104,76,105,80,30000,0
-2.2750000953674316,-5.489999771118164,-0.9750000238418579,73,105,80,30000,0
-2.2750000953674316,-5.489999771118164,-1.625,75,105,80,30000,0
-2.2750000953674316,-5.489999771118164,-2.2750000953674316,80,105,80,30000,0
-2.2750000953674316,-5.489999771118164,-2.924999952316284,88,105,80,30000,0
-2.2750000953674316,-5.489999771118164,-3.575000047683716,94,105,80,30000,0
-2.2750000953674316,-5.489999771118164,-4.224999904632568,97,105,80,30000,0
-2.2750000953674316,-5.489999771118164,-4.875,95,105,80,30000,0
-2.2750000953674316,-5.489999771118164,-5.525000095367432,88,105,80,30000,0
-2.2750000953674316,-5.489999771118164,-6.175000190734863,81,105,80,30000,0
-2.2750000953674316,-5.489999771118164,-6.824999809265137,75,105,80,30000,0
-2.2750000953674316,-5.489999771118164,-7.474999904632568,73,105,80,30000,0
-2.2750000953674316,-5.489999771118164,-8.125,76,105,80,30000,0
-2.2750000953674316,-5.489999771118164,-8.774999618530273,83,105,80,30000,0
-2.2750000953674316,-5.489999771118164,-9.425000190734863,90,105,80,30000,0
-2.2750000953674316,-5.489999771118164,-10.074999809265137,96,105,80,30000,0
-2.2750000953674316,-5.489999771118164,-10.725000381469727,97,105,80,30000,0
-2.2750000953674316,-5.489999771118164,-11.375,93,105,80,30000,0
-2.2750000953674316,-5.489999771118164,-12.024999618530273,86,105,80,30000,0
-2.2750000953674316,-5.489999771118164,-12.675000190734863,78,105,80,30000,0
-2.2750000953674316,-5.489999771118164,-13.324999809265137,74,105,80,30000,0
-2.2750000953674316,-5.489999771118164,-13.975000381469727,74,105,80,30000,0
-2.2750000953674316,-5.489999771118164,-14.625,78,105,80,30000,0
-2.2750000953674316,-5.489999771118164,-15.274999618530273,85,105,80,30000,0
-2.2750000953674316,-5.489999771118164,-15.925000190734863,93,105,80,30000,0
-2.2750000953674316,-5.489999771118164,-16.575000762939453,97,105,80,30000,0
-2.2750000953674316,-5.489999771118164,-17.225000381469727,96,105,80,30000,0
-2.2750000953674316,-5.489999771118164,-17.875,91,105,80,30000,0
-2.2750000953674316,-5.489999771118164,-18.524999618530273,83,105,80,30000,0
-2.2750000953674316,-5.489999771118164,-19.174999237060547,76,105,80,30000,0
-2.2750000953674316,-5.489999771118164,-19.825000762939453,73,105,80,30000,0
-1.625,-5.489999771118164,19.825000762939453,83,105,80,30000,0
-1.625,-5.489999771118164,19.174999237060547,76,105,80,30000,0
-1.625,-5.489999771118164,18.524999618530273,73,105,80,30000,0
-1.625,-5.489999771118164,17.875,75,105,80,30000,0
-1.625,-5.489999771118164,17.225000381469727,80,105,80,30000,0
-1.625,-5.489999771118164,16.575000762939453,88,105,80,30000,0
-1.625,-5.489999771118164,15.925000190734863,94,105,80,30000,0
-1.625,-5.489999771118164,15.274999618530273,97,105,80,30000,0
-1.625,-5.489999771118164,14.625,95,105,80,30000,0
-1.625,-5.489999771118164,13.975000381469727,88,105,80,30000,0
-1.625,-5.489999771118164,13.324999809265137,81,105,80,30000,0
-1.625,-5.489999771118164,12.675000190734863,75,105,80,30000,0
-1.625,-5.489999771118164,12.024999618530273,73,105,80,30000,0
-1.625,-5.489999771118164,11.375,76,105,80,30000,0
-1.625,-5.489999771118164,10.725000381469727,83,105,80,30000,0
-1.625,-5.489999771118164,10.074999809265137,90,105,80,30000,0
-1.625,-5.489999771118164,9.425000190734863,96,105,80,30000,0
-1.625,-5.489999771118164,8.774999618530273,97,105,80,30000,0
-1.625,-5.489999771118164,8.125,93,105,80,30000,0
-1.625,-5.489999771118164,7.474999904632568,86,105,80,30000,0
-1.625,-5.489999771118164,6.824999809265137,78,105,80,30000,0
-1.625,-5.489999771118164,6.175000190734863,74,105,80,30000,0
-1.625,-5.489999771118164,5.525000095367432,74,105,80,30000,0
-1.625,-5.489999771118164,4.875,78,105,80,30000,0
-1.625,-5.489999771118164,4.224999904632568,85,105,80,30000,0
-1.625,-5.489999771118164,3.575000047683716,93,105,80,30000,0
-1.625,-5.489999771118164,2.924999952316284,97,105,80,30000,0
-1.625,-5.489999771118164,2.2750000953674316,96,105,80,30000,0
-1.625,-5.489999771118164,1.625,91,105,80,30000,0
-1.625,-5.489999771118164,0.9750000238418579,83,105,80,30000,0
-1.625,-5.489999771118164,0.32499998807907104,76,105,80,30000,0
-1.625,-5.489999771118164,-0.32499998807907104,73,105,80,30000,0
-1.625,-5.489999771118164,-0.9750000238418579,75,105,80,30000,0
-1.625,-5.489999771118164,-1.625,80,105,80,30000,0
-1.625,-5.489999771118164,-2.2750000953674316,88,105,80,30000,0
-1.625,-5.489999771118164,-2.924999952316284,94,105,80,30000,0
-1.625,-5.489999771118164,-3.575000047683716,97,105,80,30000,0
-1.625,-5.489999771118164,-4.224999904632568,95,105,80,30000,0
-1.625,-5.489999771118164,-4.875,88,105,80,30000,0
-1.625,-5.489999771118164,-5.525000095367432,81,105,80,30000,0
-1.625,-5.489999771118164,-6.175000190734863,75,105,80,30000,0
-1.625,-5.489999771118164,-6.824999809265137,73,105,80,30000,0
-1.625,-5.489999771118164,-7.474999904632568,76,105,80,30000,0
-1.625,-5.489999771118164,-8.125,83,105,80,30000,0
-1.625,-5.489999771118164,-8.774999618530273,90,105,80,30000,0
-1.625,-5.489999771118164,-9.425000190734863,96,105,80,30000,0
-1.625,-5.489999771118164,-10.074999809265137,97,105,80,30000,0
-1.625,-5.489999771118164,-10.725000381469727,93,105,80,30000,0
-1.625,-5.489999771118164,-11.375,86,105,80,30000,0
-1.625,-5.489999771118164,-12.024999618530273,78,105,80,30000,0
-1.625,-5.489999771118164,-12.675000190734863,74,105,80,30000,0
-1.625,-5.489999771118164,-13.324999809265137,74,105,80,30000,0
-1.625,-5.489999771118164,-13.975000381469727,78,105,80,30000,0
-1.625,-5.489999771118164,-14.625,85,105,80,30000,0
-1.625,-5.489999771118164,-15.274999618530273,93,105,80,30000,0
-1.625,-5.489999771118164,-15.925000190734863,97,105,80,30000,0
-1.625,-5.489999771118164,-16.575000762939453,96,105,80,30000,0
-1.625,-5.489999771118164,-17.225000381469727,91,105,80,30000,0
-1.625,-5.489999771118164,-17.875,83,105,80,30000,0
-1.625,-5.489999771118164,-18.524999618530273,76,105,80,30000,0
-1.625,-5.489999771118164,-19.174999237060547,73,105,80,30000,0
-1.625,-5.489999771118164,-19.825000762939453,75,105,80,30000,0
-0.9750000238418579,-5.489999771118164,19.825000762939453,76,105,80,30000,0
-0.9750000238418579,-5.489999771118164,19.174999237060547,73,105,80,30000,0
-0.9750000238418579,-5.489999771118164,18.524999618530273,75,105,80,30000,0
-0.9750000238418579,-5.489999771118164,17.875,80,105,80,30000,0
-0.9750000238418579,-5.489999771118164,17.225000381469727,88,105,80,30000,0
-0.9750000238418579,-5.489999771118164,16.575000762939453,94,105,80,30000,0
-0.9750000238418579,-5.489999771118164,15.925000190734863,97,105,80,30000,0
-0.9750000238418579,-5.489999771118164,15.274999618530273,95,105,80,30000,0
-0.9750000238418579,-5.489999771118164,14.625,88,105,80,30000,0
-0.9750000238418579,-5.489999771118164,13.975000381469727,81,105,80,30000,0
-0.9750000238418579,-5.489999771118164,13.324999809265137,75,105,80,30000,0
-0.9750000238418579,-5.489999771118164,12.675000190734863,73,105,80,30000,0
-0.9750000238418579,-5.489999771118164,12.024999618530273,76,105,80,30000,0
-0.9750000238418579,-5.489999771118164,11.375,83,105,80,30000,0
-0.9750000238418579,-5.489999771118164,10.725000381469727,90,105,80,30000,0
-0.9750000238418579,-5.489999771118164,10.074999809265137,96,105,80,30000,0
-0.9750000238418579,-5.489999771118164,9.425000190734863,97,105,80,30000,0
-0.9750000238418579,-5.489999771118164,8.774999618530273,93,105,80,30000,0
-0.9750000238418579,-5.489999771118164,8.125,86,105,80,30000,0
-0.9750000238418579,-5.489999771118164,7.474999904632568,78,105,80,30000,0
-0.9750000238418579,-5.489999771118164,6.824999809265137,74,105,80,30000,0
-0.9750000238418579,-5.489999771118164,6.175000190734863,74,105,80,30000,0
-0.9750000238418579,-5.489999771118164,5.525000095367432,78,105,80,30000,0
-0.9750000238418579,-5.489999771118164,4.875,85,105,80,30000,0
-0.9750000238418579,-5.489999771118164,4.224999904632568,93,105,80,30000,0
-0.9750000238418579,-5.489999771118164,3.575000047683716,97,105,80,30000,0
-0.9750000238418579,-5.489999771118164,2.924999952316284,96,105,80,30000,0
-0.9750000238418579,-5.489999771118164,2.2750000953674316,91,105,80,30000,0
-0.9750000238418579,-5.489999771118164,1.625,83,105,80,30000,0
-0.9750000238418579,-5.489999771118164,0.9750000238418579,76,105,80,30000,0
-0.9750000238418579,-5.489999771118164,0.32499998807907104,73,105,80,30000,0
-0.9750000238418579,-5.489999771118164,-0.32499998807907104,75,105,80,30000,0
-0.9750000238418579,-5.489999771118164,-0.9750000238418579,80,105,80,30000,0
-0.9750000238418579,-5.489999771118164,-1.625,88,105,80,30000,0
-0.9750000238418579,-5.489999771118164,-2.2750000953674316,94,105,80,30000,0
-0.9750000238418579,-5.489999771118164,-2.924999952316284,97,105,80,30000,0
-0.9750000238418579,-5.489999771118164,-3.575000047683716,95,105,80,30000,0
-0.9750000238418579,-5.489999771118164,-4.224999904632568,88,105,80,30000,0
-0.9750000238418579,-5.489999771118164,-4.875,81,105,80,30000,0
-0.9750000238418579,-5.489999771118164,-5.525000095367432,75,105,80,30000,0
-0.9750000238418579,-5.489999771118164,-6.175000190734863,73,105,80,30000,0
-0.9750000238418579,-5.489999771118164,-6.824999809265137,76,105,80,30000,0
-0.9750000238418579,-5.489999771118164,-7.474999904632568,83,105,80,30000,0
-0.9750000238418579,-5.489999771118164,-8.125,90,105,80,30000,0
-0.9750000238418579,-5.489999771118164,-8.774999618530273,96,105,80,30000,0
-0.9750000238418579,-5.489999771118164,-9.425000190734863,97,105,80,30000,0
-0.9750000238418579,-5.489999771118164,-10.074999809265137,93,105,80,30000,0
-0.9750000238418579,-5.489999771118164,-10.725000381469727,86,105,80,30000,0
-0.9750000238418579,-5.489999771118164,-11.375,78,105,80,30000,0
-0.9750000238418579,-5.489999771118164,-12.024999618530273,74,105,80,30000,0
-0.9750000238418579,-5.489999771118164,-12.675000190734863,74,105,80,30000,0
-0.9750000238418579,-5.489999771118164,-13.324999809265137,78,105,80,30000,0
-0.9750000238418579,-5.489999771118164,-13.975000381469727,85,105,80,30000,0
-0.9750000238418579,-5.489999771118164,-14.625,93,105,80,30000,0
-0.9750000238418579,-5.489999771118164,-15.274999618530273,97,105,80,30000,0
-0.9750000238418579,-5.489999771118164,-15.925000190734863,96,105,80,30000,0
-0.9750000238418579,-5.489999771118164,-16.575000762939453,91,105,80,30000,0
-0.9750000238418579,-5.489999771118164,-17.225000381469727,83,105,80,30000,0
-0.9750000238418579,-5.489999771118164,-17.875,76,105,80,30000,0
-0.9750000238418579,-5.489999771118164,-18.524999618530273,73,105,80,30000,0
-0.9750000238418579,-5.489999771118164,-19.174999237060547,75,105,80,30000,0
-0.9750000238418579,-5.489999771118164,-19.825000762939453,80,105,80,30000,0
-0.32499998807907104,-5.489999771118164,19.825000762939453,73,105,80,30000,0
-0.32499998807907104,-5.489999771118164,19.174999237060547,75,105,80,30000,0
-0.32499998807907104,-5.489999771118164,18.524999618530273,80,105,80,30000,0
-0.32499998807907104,-5.489999771118164,17.875,88,105,80,30000,0
-0.32499998807907104,-5.489999771118164,17.225000381469727,94,105,80,30000,0
-0.32499998807907104,-5.489999771118164,16.575000762939453,97,105,80,30000,0
-0.32499998807907104,-5.489999771118164,15.925000190734863,95,105,80,30000,0
-0.32499998807907104,-5.489999771118164,15.274999618530273,88,105,80,30000,0
-0.32499998807907104,-5.489999771118164,14.625,81,105,80,30000,0
-0.32499998807907104,-5.489999771118164,13.975000381469727,75,105,80,30000,0
-0.32499998807907104,-5.489999771118164,13.324999809265137,73,105,80,30000,0
-0.32499998807907104,-5.489999771118164,12.675000190734863,76,105,80,30000,0
-0.32499998807907104,-5.489999771118164,12.024999618530273,83,105,80,30000,0
-0.32499998807907104,-5.489999771118164,11.375,90,105,80,30000,0
-0.32499998807907104,-5.489999771118164,10.725000381469727,96,105,80,30000,0
-0.32499998807907104,-5.489999771118164,10.074999809265137,97,105,80,30000,0
-0.32499998807907104,-5.489999771118164,9.425000190734863,93,105,80,30000,0
-0.32499998807907104,-5.489999771118164,8.774999618530273,86,105,80,30000,0
-0.32499998807907104,-5.489999771118164,8.125,78,105,80,30000,0
-0.32499998807907104,-5.489999771118164,7.474999904632568,74,105,80,30000,0
-0.32499998807907104,-5.489999771118164,6.824999809265137,74,105,80,30000,0
-0.32499998807907104,-5.489999771118164,6.175000190734863,78,105,80,30000,0
-0.32499998807907104,-5.489999771118164,5.525000095367432,85,105,80,30000,0
-0.32499998807907104,-5.489999771118164,4.875,93,105,80,30000,0
-0.32499998807907104,-5.489999771118164,4.224999904632568,97,105,80,30000,0
-0.32499998807907104,-5.489999771118164,3.575000047683716,96,105,80,30000,0
-0.32499998807907104,-5.489999771118164,2.924999952316284,91,105,80,30000,0
-0.32499998807907104,-5.489999771118164,2.2750000953674316,83,105,80,30000,0
-0.32499998807907104,-5.489999771118164,1.625,76,105,80,30000,0
-0.32499998807907104,-5.489999771118164,0.9750000238418579,73,105,80,30000,0
-0.32499998807907104,-5.489999771118164,0.32499998807907104,75,105,80,30000,0
-0.32499998807907104,-5.489999771118164,-0.32499998807907104,80,105,80,30000,0
-0.32499998807907104,-5.489999771118164,-0.9750000238418579,88,105,80,30000,0
-0.32499998807907104,-5.489999771118164,-1.625,94,105,80,30000,0
-0.32499998807907104,-5.489999771118164,-2.2750000953674316,97,105,80,30000,0
-0.32499998807907104,-5.489999771118164,-2.924999952316284,95,105,80,30000,0
-0.32499998807907104,-5.489999771118164,-3.575000047683716,88,105,80,30000,0
-0.32499998807907104,-5.489999771118164,-4.224999904632568,81,105,80,30000,0
-0.32499998807907104,-5.489999771118164,-4.875,75,105,80,30000,0
-0.32499998807907104,-5.489999771118164,-5.525000095367432,73,105,80,30000,0
-0.32499998807907104,-5.489999771118164,-6.175000190734863,76,105,80,30000,0
-0.32499998807907104,-5.489999771118164,-6.824999809265137,83,105,80,30000,0
-0.32499998807907104,-5.489999771118164,-7.474999904632568,90,105,80,30000,0
-0.32499998807907104,-5.489999771118164,-8.125,96,105,80,30000,0
-0.32499998807907104,-5.489999771118164,-8.774999618530273,97,105,80,30000,0
-0.32499998807907104,-5.489999771118164,-9.425000190734863,93,105,80,30000,0
-0.32499998807907104,-5.489999771118164,-10.074999809265137,86,105,80,30000,0
-0.32499998807907104,-5.489999771118164,-10.725000381469727,78,105,80,30000,0
-0.32499998807907104,-5.489999771118164,-11.375,74,105,80,30000,0
-0.32499998807907104,-5.489999771118164,-12.024999618530273,74,105,80,30000,0
-0.32499998807907104,-5.489999771118164,-12.675000190734863,78,105,80,30000,0
-0.32499998807907104,-5.489999771118164,-13.324999809265137,85,105,80,30000,0
-0.32499998807907104,-5.489999771118164,-13.975000381469727,93,105,80,30000,0
-0.32499998807907104,-5.489999771118164,-14.625,97,105,80,30000,0
-0.32499998807907104,-5.489999771118164,-15.274999618530273,96,105,80,30000,0
-0.32499998807907104,-5.489999771118164,-15.925000190734863,91,105,80,30000,0
-0.32499998807907104,-5.489999771118164,-16.575000762939453,83,105,80,30000,0
-0.32499998807907104,-5.489999771118164,-17.225000381469727,76,105,80,30000,0
-0.32499998807907104,-5.489999771118164,-17.875,73,105,80,30000,0
-0.32499998807907104,-5.489999771118164,-18.524999618530273,75,105,80,30000,0
-0.32499998807907104,-5.489999771118164,-19.174999237060547,80,105,80,30000,0
-0.32499998807907104,-5.489999771118164,-19.825000762939453,88,105,80,30000,0
0.32499998807907104,-5.489999771118164,19.825000762939453,75,105,80,30000,0
0.32499998807907104,-5.489999771118164,19.174999237060547,80,105,80,30000,0
0.32499998807907104,-5.489999771118164,18.524999618530273,88,105,80,30000,0
0.32499998807907104,-5.489999771118164,17.875,94,105,80,30000,0
0.32499998807907104,-5.489999771118164,17.225000381469727,97,105,80,30000,0
0.32499998807907104,-5.489999771118164,16.575000762939453,95,105,80,30000,0
0.32499998807907104,-5.489999771118164,15.925000190734863,88,105,80,30000,0
0.32499998807907104,-5.489999771118164,15.274999618530273,81,105,80,30000,0
0.32499998807907104,-5.489999771118164,14.625,75,105,80,30000,0
0.32499998807907104,-5.489999771118164,13.975000381469727,73,105,80,30000,0
0.32499998807907104,-5.489999771118164,13.324999809265137,76,105,80,30000,0
0.32499998807907104,-5.489999771118164,12.675000190734863,83,105,80,30000,0
0.32499998807907104,-5.489999771118164,12.024999618530273,90,105,80,30000,0
0.32499998807907104,-5.489999771118164,11.375,96,105,80,30000,0
0.32499998807907104,-5.489999771118164,10.725000381469727,97,105,80,30000,0
0.32499998807907104,-5.489999771118164,10.074999809265137,93,105,80,30000,0
0.32499998807907104,-5.489999771118164,9.425000190734863,86,105,80,30000,0
0.32499998807907104,-5.489999771118164,8.774999618530273,78,105,80,30000,0
0.32499998807907104,-5.489999771118164,8.125,74,105,80,30000,0
0.32499998807907104,-5.489999771118164,7.474999904632568,74,105,80,30000,0
0.32499998807907104,-5.489999771118164,6.824999809265137,78,105,80,30000,0
0.32499998807907104,-5.489999771118164,6.175000190734863,85,105,80,30000,0
0.32499998807907104,-5.489999771118164,5.525000095367432,93,105,80,30000,0
0.32499998807907104,-5.489999771118164,4.875,97,105,80,30000,0
0.32499998807907104,-5.489999771118164,4.224999904632568,96,105,80,30000,0
0.32499998807907104,-5.489999771118164,3.575000047683716,91,105,80,30000,0
0.32499998807907104,-5.489999771118164,2.924999952316284,83,105,80,30000,0
0.32499998807907104,-5.489999771118164,2.2750000953674316,76,105,80,30000,0
0.32499998807907104,-5.489999771118164,1.625,73,105,80,30000,0
0.32499998807907104,-5.489999771118164,0.9750000238418579,75,105,80,30000,0
0.32499998807907104,-5.489999771118164,0.32499998807907104,80,105,80,30000,0
0.32499998807907104,-5.489999771118164,-0.32499998807907104,88,105,80,30000,0
0.32499998807907104,-5.489999771118164,-0.9750000238418579,94,105,80,30000,0
0.32499998807907104,-5.489999771118164,-1.625,97,105,80,30000,0
0.32499998807907104,-5.489999771118164,-2.2750000953674316,95,105,80,30000,0
0.32499998807907104,-5.489999771118164,-2.924999952316284,88,105,80,30000,0
0.32499998807907104,-5.489999771118164,-3.575000047683716,81,105,80,30000,0
0.32499998807907104,-5.489999771118164,-4.224999904632568,75,105,80,30000,0
0.32499998807907104,-5.489999771118164,-4.875,73,105,80,30000,0
0.32499998807907104,-5.489999771118164,-5.525000095367432,76,105,80,30000,0
0.32499998807907104,-5.489999771118164,-6.175000190734863,83,105,80,30000,0
0.32499998807907104,-5.489999771118164,-6.824999809265137,90,105,80,30000,0
0.32499998807907104,-5.489999771118164,-7.474999904632568,96,105,80,30000,0
0.32499998807907104,-5.489999771118164,-8.125,97,105,80,30000,0
0.32499998807907104,-5.489999771118164,-8.774999618530273,93,105,80,30000,0
0.32499998807907104,-5.489999771118164,-9.425000190734863,86,105,80,30000,0
0.32499998807907104,-5.489999771118164,-10.074999809265137,78,105,80,30000,0
0.32499998807907104,-5.489999771118164,-10.725000381469727,74,105,80,30000,0
0.32499998807907104,-5.489999771118164,-11.375,74,105,80,30000,0
0.32499998807907104,-5.489999771118164,-12.024999618530273,78,105,80,30000,0
0.32499998807907104,-5.489999771118164,-12.675000190734863,85,105,80,30000,0
0.32499998807907104,-5.489999771118164,-13.324999809265137,93,105,80,30000,0
0.32499998807907104,-5.489999771118164,-13.975000381469727,97,105,80,30000,0
0.32499998807907104,-5.489999771118164,-14.625,96,105,80,30000,0
0.32499998807907104,-5.489999771118164,-15.274999618530273,91,105,80,30000,0
0.32499998807907104,-5.489999771118164,-15.925000190734863,83,105,80,30000,0
0.32499998807907104,-5.489999771118164,-16.575000762939453,76,105,80,30000,0
0.32499998807907104,-5.489999771118164,-17.225000381469727,73,105,80,30000,0
0.32499998807907104,-5.489999771118164,-17.875,75,105,80,30000,0
0.32499998807907104,-5.489999771118164,-18.524999618530273,80,105,80,30000,0
0.32499998807907104,-5.489999771118164,-19.174999237060547,88,105,80,30000,0
0.32499998807907104,-5.489999771118164,-19.825000762939453,94,105,80,30000,0
0.9750000238418579,-5.489999771118164,19.825000762939453,80,105,80,30000,0
0.9750000238418579,-5.489999771118164,19.174999237060547,88,105,80,30000,0
0.9750000238418579,-5.489999771118164,18.524999618530273,94,105,80,30000,0
0.9750000238418579,-5.489999771118164,17.875,97,105,80,30000,0
0.9750000238418579,-5.489999771118164,17.225000381469727,95,105,80,30000,0
0.9750000238418579,-5.489999771118164,16.575000762939453,88,105,80,30000,0
0.9750000238418579,-5.489999771118164,15.925000190734863,81,105,80,30000,0
0.9750000238418579,-5.489999771118164,15.274999618530273,75,105,80,30000,0
0.9750000238418579,-5.489999771118164,14.625,73,105,80,30000,0
0.9750000238418579,-5.489999771118164,13.975000381469727,76,105,80,30000,0
0.9750000238418579,-5.489999771118164,13.324999809265137,83,105,80,30000,0
0.9750000238418579,-5.489999771118164,12.675000190734863,90,105,80,30000,0
0.9750000238418579,-5.489999771118164,12.024999618530273,96,105,80,30000,0
0.9750000238418579,-5.489999771118164,11.375,97,105,80,30000,0
0.9750000238418579,-5.489999771118164,10.725000381469727,93,105,80,30000,0
0.9750000238418579,-5.489999771118164,10.074999809265137,86,105,80,30000,0
0.9750000238418579,-5.489999771118164,9.425000190734863,78,105,80,30000,0
0.9750000238418579,-5.489999771118164,8.774999618530273,74,105,80,30000,0
0.9750000238418579,-5.489999771118164,8.125,74,105,80,30000,0
0.9750000238418579,-5.489999771118164,7.474999904632568,78,105,80,30000,0
0.9750000238418579,-5.489999771118164,6.824999809265137,85,105,80,30000,0
0.9750000238418579,-5.489999771118164,6.175000190734863,93,105,80,30000,0
0.9750000238418579,-5.489999771118164,5.525000095367432,97,105,80,30000,0
0.9750000238418579,-5.489999771118164,4.875,96,105,80,30000,0
0.9750000238418579,-5.489999771118164,4.224999904632568,91,105,80,30000,0
0.9750000238418579,-5.489999771118164,3.575000047683716,83,105,80,30000,0
0.9750000238418579,-5.489999771118164,2.924999952316284,76,105,80,30000,0
0.9750000238418579,-5.489999771118164,2.2750000953674316,73,105,80,30000,0
0.9750000238418579,-5.489999771118164,1.625,75,105,80,30000,0
0.9750000238418579,-5.489999771118164,0.9750000238418579,80,105,80,30000,0
0.9750000238418579,-5.489999771118164,0.32499998807907104,88,105,80,30000,0
0.9750000238418579,-5.489999771118164,-0.32499998807907104,94,105,80,30000,0
0.9750000238418579,-5.489999771118164,-0.9750000238418579,97,105,80,30000,0
0.9750000238418579,-5.489999771118164,-1.625,95,105,80,30000,0
0.9750000238418579,-5.489999771118164,-2.2750000953674316,88,105,80,30000,0
0.9750000238418579,-5.489999771118164,-2.924999952316284,81,105,80,30000,0
0.9750000238418579,-5.489999771118164,-3.575000047683716,75,105,80,30000,0
0.9750000238418579,-5.489999771118164,-4.224999904632568,73,105,80,30000,0
0.9750000238418579,-5.489999771118164,-4.875,76,105,80,30000,0
0.9750000238418579,-5.489999771118164,-5.525000095367432,83,105,80,30000,0
0.9750000238418579,-5.489999771118164,-6.175000190734863,90,105,80,30000,0
0.9750000238418579,-5.489999771118164,-6.824999809265137,96,105,80,30000,0
0.9750000238418579,-5.489999771118164,-7.474999904632568,97,105,80,30000,0
0.9750000238418579,-5.489999771118164,-8.125,93,105,80,30000,0
0.9750000238418579,-5.489999771118164,-8.774999618530273,86,105,80,30000,0
0.9750000238418579,-5.489999771118164,-9.425000190734863,78,105,80,30000,0
0.9750000238418579,-5.489999771118164,-10.074999809265137,74,105,80,30000,0
0.9750000238418579,-5.489999771118164,-10.725000381469727,74,105,80,30000,0
0.9750000238418579,-5.489999771118164,-11.375,78,105,80,30000,0
0.9750000238418579,-5.489999771118164,-12.024999618530273,85,105,80,30000,0
0.9750000238418579,-5.489999771118164,-12.675000190734863,93,105,80,30000,0
0.9750000238418579,-5.489999771118164,-13.324999809265137,97,105,80,30000,0
0.9750000238418579,-5.489999771118164,-13.975000381469727,96,105,80,30000,0
0.9750000238418579,-5.489999771118164,-14.625,91,105,80,30000,0
0.9750000238418579,-5.489999771118164,-15.274999618530273,83,105,80,30000,0
0.9750000238418579,-5.489999771118164,-15.925000190734863,76,105,80,30000,0
0.9750000238418579,-5.489999771118164,-16.575000762939453,73,105,80,30000,0
0.9750000238418579,-5.489999771118164,-17.225000381469727,75,105,80,30000,0
0.9750000238418579,-5.489999771118164,-17.875,80,105,80,30000,0
0.9750000238418579,-5.489999771118164,-18.524999618530273,88,105,80,30000,0
0.9750000238418579,-5.489999771118164,-19.174999237060547,94,105,80,30000,0
0.9750000238418579,-5.489999771118164,-19.825000762939453,97,105,80,30000,0
1.625,-5.489999771118164,19.825000762939453,88,105,80,30000,0
1.625,-5.489999771118164,19.174999237060547,94,105,80,30000,0
1.625,-5.489999771118164,18.524999618530273,97,105,80,30000,0
1.625,-5.489999771118164,17.875,95,105,80,30000,0
1.625,-5.489999771118164,17.225000381469727,88,105,80,30000,0
1.625,-5.489999771118164,16.575000762939453,81,105,80,30000,0
1.625,-5.489999771118164,15.925000190734863,75,105,80,30000,0
1.625,-5.489999771118164,15.274999618530273,73,105,80,30000,0
1.625,-5.489999771118164,14.625,76,105,80,30000,0
1.625,-5.489999771118164,13.975000381469727,83,105,80,30000,0
1.625,-5.489999771118164,13.324999809265137,90,105,80,30000,0
1.625,-5.489999771118164,12.675000190734863,96,105,80,30000,0
1.625,-5.489999771118164,12.024999618530273,97,105,80,30000,0
1.625,-5.489999771118164,11.375,93,105,80,30000,0
1.625,-5.489999771118164,10.725000381469727,86,105,80,30000,0
1.625,-5.489999771118164,10.074999809265137,78,105,80,30000,0
1.625,-5.489999771118164,9.425000190734863,74,105,80,30000,0
1.625,-5.489999771118164,8.774999618530273,74,105,80,30000,0
1.625,-5.489999771118164,8.125,78,105,80,30000,0
1.625,-5.489999771118164,7.474999904632568,85,105,80,30000,0
1.625,-5.489999771118164,6.824999809265137,93,105,80,30000,0
1.625,-5.489999771118164,6.175000190734863,97,105,80,30000,0
1.625,-5.489999771118164,5.525000095367432,96,105,80,30000,0
1.625,-5.489999771118164,4.875,91,105,80,30000,0
1.625,-5.489999771118164,4.224999904632568,83,105,80,30000,0
1.625,-5.489999771118164,3.575000047683716,76,105,80,30000,0
1.625,-5.489999771118164,2.924999952316284,73,105,80,30000,0
1.625,-5.489999771118164,2.2750000953674316,75,105,80,30000,0
1.625,-5.489999771118164,1.625,80,105,80,30000,0
1.625,-5.489999771118164,0.9750000238418579,88,105,80,30000,0
1.625,-5.489999771118164,0.32499998807907104,94,105,80,30000,0
1.625,-5.489999771118164,-0.32499998807907104,97,105,80,30000,0
1.625,-5.489999771118164,-0.9750000238418579,95,105,80,30000,0
1.625,-5.489999771118164,-1.625,88,105,80,30000,0
1.625,-5.489999771118164,-2.2750000953674316,81,105,80,30000,0
1.625,-5.489999771118164,-2.924999952316284,75,105,80,30000,0
1.625,-5.489999771118164,-3.575000047683716,73,105,80,30000,0
1.625,-5.489999771118164,-4.224999904632568,76,105,80,30000,0
1.625,-5.489999771118164,-4.875,83,105,80,30000,0
1.625,-5.489999771118164,-5.525000095367432,90,105,80,30000,0
1.625,-5.489999771118164,-6.175000190734863,96,105,80,30000,0
1.625,-5.489999771118164,-6.824999809265137,97,105,80,30000,0
1.625,-5.489999771118164,-7.474999904632568,93,105,80,30000,0
1.625,-5.489999771118164,-8.125,86,105,80,30000,0
1.625,-5.489999771118164,-8.774999618530273,78,105,80,30000,0
1.625,-5.489999771118164,-9.425000190734863,74,105,80,30000,0
1.625,-5.489999771118164,-10.074999809265137,74,105,80,30000,0
1.625,-5.489999771118164,-10.725000381469727,78,105,80,30000,0
1.625,-5.489999771118164,-11.375,85,105,80,30000,0
1.625,-5.489999771118164,-12.024999618530273,93,105,80,30000,0
1.625,-5.489999771118164,-12.675000190734863,97,105,80,30000,0
1.625,-5.489999771118164,-13.324999809265137,96,105,80,30000,0
1.625,-5.489999771118164,-13.975000381469727,91,105,80,30000,0
1.625,-5.489999771118164,-14.625,83,105,80,30000,0
1.625,-5.489999771118164,-15.274999618530273,76,105,80,30000,0
1.625,-5.489999771118164,-15.925000190734863,73,105,80,30000,0
1.625,-5.489999771118164,-16.575000762939453,75,105,80,30000,0
1.625,-5.489999771118164,-17.225000381469727,80,105,80,30000,0
1.625,-5.489999771118164,-17.875,88,105,80,30000,0
1.625,-5.489999771118164,-18.524999618530273,94,105,80,30000,0
1.625,-5.489999771118164,-19.174999237060547,97,105,80,30000,0
1.625,-5.489999771118164,-19.825000762939453,95,105,80,30000,0
2.2750000953674316,-5.489999771118164,19.825000762939453,94,105,80,30000,0
2.2750000953674316,-5.489999771118164,19.174999237060547,97,105,80,30000,0
2.2750000953674316,-5.489999771118164,18.524999618530273,95,105,80,30000,0
2.2750000953674316,-5.489999771118164,17.875,88,105,80,30000,0
2.2750000953674316,-5.489999771118164,17.225000381469727,81,105,80,30000,0
2.2750000953674316,-5.489999771118164,16.575000762939453,75,105,80,30000,0
2.2750000953674316,-5.489999771118164,15.925000190734863,73,105,80,30000,0
2.2750000953674316,-5.489999771118164,15.274999618530273,76,105,80,30000,0
2.2750000953674316,-5.489999771118164,14.625,83,105,80,30000,0
2.2750000953674316,-5.489999771118164,13.975000381469727,90,105,80,30000,0
2.2750000953674316,-5.489999771118164,13.324999809265137,96,105,80,30000,0
2.2750000953674316,-5.489999771118164,12.675000190734863,97,105,80,30000,0
2.2750000953674316,-5.489999771118164,12.024999618530273,93,105,80,30000,0
2.2750000953674316,-5.489999771118164,11.375,86,105,80,30000,0
2.2750000953674316,-5.489999771118164,10.725000381469727,78,105,80,30000,0
2.2750000953674316,-5.489999771118164,10.074999809265137,74,105,80,30000,0
2.2750000953674316,-5.489999771118164,9.425000190734863,74,105,80,30000,0
2.2750000953674316,-5.489999771118164,8.774999618530273,78,105,80,30000,0
2.2750000953674316,-5.489999771118164,8.125,85,105,80,30000,0
2.2750000953674316,-5.489999771118164,7.474999904632568,93,105,80,30000,0
2.2750000953674316,-5.489999771118164,6.824999809265137,97,105,80,30000,0
2.2750000953674316,-5.489999771118164,6.175000190734863,96,105,80,30000,0
2.2750000953674316,-5.489999771118164,5.525000095367432,91,105,80,30000,0
2.2750000953674316,-5.489999771118164,4.875,83,105,80,30000,0
2.2750000953674316,-5.489999771118164,4.224999904632568,76,105,80,30000,0
2.2750000953674316,-5.489999771118164,3.575000047683716,73,105,80,30000,0
2.2750000953674316,-5.489999771118164,2.924999952316284,75,105,80,30000,0
2.2750000953674316,-5.489999771118164,2.2750000953674316,80,105,80,30000,0
2.2750000953674316,-5.489999771118164,1.625,88,105,80,30000,0
2.2750000953674316,-5.489999771118164,0.9750000238418579,94,105,80,30000,0
2.2750000953674316,-5.489999771118164,0.32499998807907104,97,105,80,30000,0
2.2750000953674316,-5.489999771118164,-0.32499998807907104,95,105,80,30000,0
2.2750000953674316,-5.489999771118164,-0.9750000238418579,88,105,80,30000,0
2.2750000953674316,-5.489999771118164,-1.625,81,105,80,30000,0
2.2750000953674316,-5.489999771118164,-2.2750000953674316,75,105,80,30000,0
2.2750000953674316,-5.489999771118164,-2.924999952316284,73,105,80,30000,0
2.2750000953674316,-5.489999771118164,-3.575000047683716,76,105,80,30000,0
2.2750000953674316,-5.489999771118164,-4.224999904632568,83,105,80,30000,0
2.2750000953674316,-5.489999771118164,-4.875,90,105,80,30000,0
2.2750000953674316,-5.489999771118164,-5.525000095367432,96,105,80,30000,0
2.2750000953674316,-5.489999771118164,-6.175000190734863,97,105,80,30000,0
2.2750000953674316,-5.489999771118164,-6.824999809265137,93,105,80,30000,0
2.2750000953674316,-5.489999771118164,-7.474999904632568,86,105,80,30000,0
2.2750000953674316,-5.489999771118164,-8.125,78,105,80,30000,0
2.2750000953674316,-5.489999771118164,-8.774999618530273,74,105,80,30000,0
2.2750000953674316,-5.489999771118164,-9.425000190734863,74,105,80,30000,0
2.2750000953674316,-5.489999771118164,-10.074999809265137,78,105,80,30000,0
2.2750000953674316,-5.489999771118164,-10.725000381469727,85,105,80,30000,0
2.2750000953674316,-5.489999771118164,-11.375,93,105,80,30000,0
2.2750000953674316,-5.489999771118164,-12.024999618530273,97,105,80,30000,0
2.2750000953674316,-5.489999771118164,-12.675000190734863,96,105,80,30000,0
2.2750000953674316,-5.489999771118164,-13.324999809265137,91,105,80,30000,0
2.2750000953674316,-5.489999771118164,-13.975000381469727,83,105,80,30000,0
2.2750000953674316,-5.489999771118164,-14.625,76,105,80,30000,0
2.2750000953674316,-5.489999771118164,-15.274999618530273,73,105,80,30000,0
2.2750000953674316,-5.489999771118164,-15.925000190734863,75,105,80,30000,0
2.2750000953674316,-5.489999771118164,-16.575000762939453,80,105,80,30000,0
2.2750000953674316,-5.489999771118164,-17.225000381469727,88,105,80,30000,0
2.2750000953674316,-5.489999771118164,-17.875,94,105,80,30000,0
2.2750000953674316,-5.489999771118164,-18.524999618530273,97,105,80,30000,0
2.2750000953674316,-5.489999771118164,-19.174999237060547,95,105,80,30000,0
2.2750000953674316,-5.489999771118164,-19.825000762939453,88,105,80,30000,0
2.924999952316284,-5.489999771118164,19.825000762939453,97,105,80,30000,0
2.924999952316284,-5.489999771118164,19.174999237060547,95,105,80,30000,0
2.924999952316284,-5.489999771118164,18.524999618530273,88,105,80,30000,0
2.924999952316284,-5.489999771118164,17.875,81,105,80,30000,0
2.924999952316284,-5.489999771118164,17.225000381469727,75,105,80,30000,0
2.924999952316284,-5.489999771118164,16.575000762939453,73,105,80,30000,0
2.924999952316284,-5.489999771118164,15.925000190734863,76,105,80,30000,0
2.924999952316284,-5.489999771118164,15.274999618530273,83,105,80,30000,0
2.924999952316284,-5.489999771118164,14.625,90,105,80,30000,0
2.924999952316284,-5.489999771118164,13.975000381469727,96,105,80,30000,0
2.924999952316284,-5.489999771118164,13.324999809265137,97,105,80,30000,0
2.924999952316284,-5.489999771118164,12.675000190734863,93,105,80,30000,0
2.924999952316284,-5.489999771118164,12.024999618530273,86,105,80,30000,0
2.924999952316284,-5.489999771118164,11.375,78,105,80,30000,0
2.924999952316284,-5.489999771118164,10.725000381469727,74,105,80,30000,0
2.924999952316284,-5.489999771118164,10.074999809265137,74,105,80,30000,0
2.924999952316284,-5.489999771118164,9.425000190734863,78,105,80,30000,0
2.924999952316284,-5.489999771118164,8.774999618530273,85,105,80,30000,0
2.924999952316284,-5.489999771118164,8.125,93,105,80,30000,0
2.924999952316284,-5.489999771118164,7.474999904632568,97,105,80,30000,0
2.924999952316284,-5.489999771118164,6.824999809265137,96,105,80,30000,0
2.924999952316284,-5.489999771118164,6.175000190734863,91,105,80,30000,0
2.924999952316284,-5.489999771118164,5.525000095367432,83,105,80,30000,0
2.924999952316284,-5.489999771118164,4.875,76,105,80,30000,0
2.924999952316284,-5.489999771118164,4.224999904632568,73,105,80,30000,0
2.924999952316284,-5.489999771118164,3.575000047683716,75,105,80,30000,0
2.924999952316284,-5.489999771118164,2.924999952316284,80,105,80,30000,0
2.924999952316284,-5.489999771118164,2.2750000953674316,88,105,80,30000,0
2.924999952316284,-5.489999771118164,1.625,94,105,80,30000,0
2.924999952316284,-5.489999771118164,0.9750000238418579,97,105,80,30000,0
2.924999952316284,-5.489999771118164,0.32499998807907104,95,105,80,30000,0
2.924999952316284,-5.489999771118164,-0.32499998807907104,88,105,80,30000,0
2.924999952316284,-5.489999771118164,-0.9750000238418579,81,105,80,30000,0
2.924999952316284,-5.489999771118164,-1.625,75,105,80,30000,0
2.924999952316284,-5.489999771118164,-2.2750000953674316,73,105,80,30000,0
2.924999952316284,-5.489999771118164,-2.924999952316284,76,105,80,30000,0
2.924999952316284,-5.489999771118164,-3.575000047683716,83,105,80,30000,0
2.924999952316284,-5.489999771118164,-4.224999904632568,90,105,80,30000,0
2.924999952316284,-5.489999771118164,-4.875,96,105,80,30000,0
2.924999952316284,-5.489999771118164,-5.525000095367432,97,105,80,30000,0
2.924999952316284,-5.489999771118164,-6.175000190734863,93,105,80,30000,0
2.924999952316284,-5.489999771118164,-6.824999809265137,86,105,80,30000,0
2.924999952316284,-5.489999771118164,-7.474999904632568,78,105,80,30000,0
2.924999952316284,-5.489999771118164,-8.125,74,105,80,30000,0
2.924999952316284,-5.489999771118164,-8.774999618530273,74,105,80,30000,0
2.924999952316284,-5.489999771118164,-9.425000190734863,78,105,80,30000,0
2.924999952316284,-5.489999771118164,-10.074999809265137,85,105,80,30000,0
2.924999952316284,-5.489999771118164,-10.725000381469727,93,105,80,30000,0
2.924999952316284,-5.489999771118164,-11.375,97,105,80,30000,0
2.924999952316284,-5.489999771118164,-12.024999618530273,96,105,80,30000,0
2.924999952316284,-5.489999771118164,-12.675000190734863,91,105,80,30000,0
2.924999952316284,-5.489999771118164,-13.324999809265137,83,105,80,30000,0
2.924999952316284,-5.489999771118164,-13.975000381469727,76,105,80,30000,0
2.924999952316284,-5.489999771118164,-14.625,73,105,80,30000,0
2.924999952316284,-5.489999771118164,-15.274999618530273,75,105,80,30000,0
2.924999952316284,-5.489999771118164,-15.925000190734863,80,105,80,30000,0
2.924999952316284,-5.489999771118164,-16.575000762939453,88,105,80,30000,0
2.924999952316284,-5.489999771118164,-17.225000381469727,94,105,80,30000,0
2.924999952316284,-5.489999771118164,-17.875,97,105,80,30000,0
2.924999952316284,-5.489999771118164,-18.524999618530273,95,105,80,30000,0
2.924999952316284,-5.489999771118164,-19.174999237060547,88,105,80,30000,0
2.924999952316284,-5.489999771118164,-19.825000762939453,81,105,80,30000,0
3.575000047683716,-5.489999771118164,19.825000762939453,95,105,80,30000,0
3.575000047683716,-5.489999771118164,19.174999237060547,88,105,80,30000,0
3.575000047683716,-5.489999771118164,18.524999618530273,81,105,80,30000,0
3.575000047683716,-5.489999771118164,17.875,75,105,80,30000,0
3.575000047683716,-5.489999771118164,17.225000381469727,73,105,80,30000,0
3.575000047683716,-5.489999771118164,16.575000762939453,76,105,80,30000,0
3.575000047683716,-5.489999771118164,15.925000190734863,83,105,80,30000,0
3.575000047683716,-5.489999771118164,15.274999618530273,90,105,80,30000,0
3.575000047683716,-5.489999771118164,14.625,96,105,80,30000,0
3.575000047683716,-5.489999771118164,13.975000381469727,97,105,80,30000,0
3.575000047683716,-5.489999771118164,13.324999809265137,93,105,80,30000,0
3.575000047683716,-5.489999771118164,12.675000190734863,86,105,80,30000,0
3.575000047683716,-5.489999771118164,12.024999618530273,78,105,80,30000,0
3.575000047683716,-5.489999771118164,11.375,74,105,80,30000,0
3.575000047683716,-5.489999771118164,10.725000381469727,74,105,80,30000,0
3.575000047683716,-5.489999771118164,10.074999809265137,78,105,80,30000,0
3.575000047683716,-5.489999771118164,9.425000190734863,85,105,80,30000,0
3.575000047683716,-5.489999771118164,8.774999618530273,93,105,80,30000,0
3.575000047683716,-5.489999771118164,8.125,97,105,80,30000,0
3.575000047683716,-5.489999771118164,7.474999904632568,96,105,80,30000,0
3.575000047683716,-5.489999771118164,6.824999809265137,91,105,80,30000,0
3.575000047683716,-5.489999771118164,6.175000190734863,83,105,80,30000,0
3.575000047683716,-5.489999771118164,5.525000095367432,76,105,80,30000,0
3.575000047683716,-5.489999771118164,4.875,73,105,80,30000,0
3.575000047683716,-5.489999771118164,4.224999904632568,75,105,80,30000,0
3.575000047683716,-5.489999771118164,3.575000047683716,80,105,80,30000,0
3.575000047683716,-5.489999771118164,2.924999952316284,88,105,80,30000,0
3.575000047683716,-5.489999771118164,2.2750000953674316,94,105,80,30000,0
3.575000047683716,-5.489999771118164,1.625,97,105,80,30000,0
3.575000047683716,-5.489999771118164,0.9750000238418579,95,105,80,30000,0
3.575000047683716,-5.489999771118164,0.32499998807907104,88,105,80,30000,0
3.575000047683716,-5.489999771118164,-0.32499998807907104,81,105,80,30000,0
3.575000047683716,-5.489999771118164,-0.9750000238418579,75,105,80,30000,0
3.575000047683716,-5.489999771118164,-1.625,73,105,80,30000,0
3.575000047683716,-5.489999771118164,-2.2750000953674316,76,105,80,30000,0
3.575000047683716,-5.489999771118164,-2.924999952316284,83,105,80,30000,0
3.575000047683716,-5.489999771118164,-3.575000047683716,90,105,80,30000,0
3.575000047683716,-5.489999771118164,-4.224999904632568,96,105,80,30000,0
3.575000047683716,-5.489999771118164,-4.875,97,105,80,30000,0
3.575000047683716,-5.489999771118164,-5.525000095367432,93,105,80,30000,0
3.575000047683716,-5.489999771118164,-6.175000190734863,86,105,80,30000,0
3.575000047683716,-5.489999771118164,-6.824999809265137,78,105,80,30000,0
3.575000047683716,-5.489999771118164,-7.474999904632568,74,105,80,30000,0
3.575000047683716,-5.489999771118164,-8.125,74,105,80,30000,0
3.575000047683716,-5.489999771118164,-8.774999618530273,78,105,80,30000,0
3.575000047683716,-5.489999771118164,-9.425000190734863,85,105,80,30000,0
3.575000047683716,-5.489999771118164,-10.074999809265137,93,105,80,30000,0
3.575000047683716,-5.489999771118164,-10.725000381469727,97,105,80,30000,0
3.575000047683716,-5.489999771118164,-11.375,96,105,80,30000,0
3.575000047683716,-5.489999771118164,-12.024999618530273,91,105,80,30000,0
3.575000047683716,-5.489999771118164,-12.675000190734863,83,105,80,30000,0
3.575000047683716,-5.489999771118164,-13.324999809265137,76,105,80,30000,0
3.575000047683716,-5.489999771118164,-13.975000381469727,73,105,80,30000,0
3.575000047683716,-5.489999771118164,-14.625,75,105,80,30000,0
3.575000047683716,-5.489999771118164,-15.274999618530273,80,105,80,30000,0
3.575000047683716,-5.489999771118164,-15.925000190734863,88,105,80,30000,0
3.575000047683716,-5.489999771118164,-16.575000762939453,94,105,80,30000,0
3.575000047683716,-5.489999771118164,-17.225000381469727,97,105,80,30000,0
3.575000047683716,-5.489999771118164,-17.875,95,105,80,30000,0
3.575000047683716,-5.489999771118164,-18.524999618530273,88,105,80,30000,0
3.575000047683716,-5.489999771118164,-19.174999237060547,81,105,80,30000,0
3.575000047683716,-5.489999771118164,-19.825000762939453,75,105,80,30000,0
4.224999904632568,-5.489999771118164,19.825000762939453,88,105,80,30000,0
4.224999904632568,-5.489999771118164,19.174999237060547,81,105,80,30000,0
4.224999904632568,-5.489999771118164,18.524999618530273,75,105,80,30000,0
4.224999904632568,-5.489999771118164,17.875,73,105,80,30000,0
4.224999904632568,-5.489999771118164,17.225000381469727,76,105,80,30000,0
4.224999904632568,-5.489999771118164,16.575000762939453,83,105,80,30000,0
4.224999904632568,-5.489999771118164,15.925000190734863,90,105,80,30000,0
4.224999904632568,-5.489999771118164,15.274999618530273,96,105,80,30000,0
4.224999904632568,-5.489999771118164,14.625,97,105,80,30000,0
4.224999904632568,-5.489999771118164,13.975000381469727,93,105,80,30000,0
4.224999904632568,-5.489999771118164,13.324999809265137,86,105,80,30000,0
4.224999904632568,-5.489999771118164,12.675000190734863,78,105,80,30000,0
4.224999904632568,-5.489999771118164,12.024999618530273,74,105,80,30000,0
4.224999904632568,-5.489999771118164,11.375,74,105,80,30000,0
4.224999904632568,-5.489999771118164,10.725000381469727,78,105,80,30000,0
4.224999904632568,-5.489999771118164,10.074999809265137,85,105,80,30000,0
4.224999904632568,-5.489999771118164,9.425000190734863,93,105,80,30000,0
4.224999904632568,-5.489999771118164,8.774999618530273,97,105,80,30000,0
4.224999904632568,-5.489999771118164,8.125,96,105,80,30000,0
4.224999904632568,-5.489999771118164,7.474999904632568,91,105,80,30000,0
4.224999904632568,-5.489999771118164,6.824999809265137,83,105,80,30000,0
4.224999904632568,-5.489999771118164,6.175000190734863,76,105,80,30000,0
4.224999904632568,-5.489999771118164,5.525000095367432,73,105,80,30000,0
4.224999904632568,-5.489999771118164,4.875,75,105,80,30000,0
4.224999904632568,-5.489999771118164,4.224999904632568,80,105,80,30000,0
4.224999904632568,-5.489999771118164,3.575000047683716,88,105,80,30000,0
4.224999904632568,-5.489999771118164,2.924999952316284,94,105,80,30000,0
4.224999904632568,-5.489999771118164,2.2750000953674316,97,105,80,30000,0
4.224999904632568,-5.489999771118164,1.625,95,105,80,30000,0
4.224999904632568,-5.489999771118164,0.9750000238418579,88,105,80,30000,0
4.224999904632568,-5.489999771118164,0.32499998807907104,81,105,80,30000,0
4.224999904632568,-5.489999771118164,-0.32499998807907104,75,105,80,30000,0
4.224999904632568,-5.489999771118164,-0.9750000238418579,73,105,80,30000,0
4.224999904632568,-5.489999771118164,-1.625,76,105,80,30000,0
4.224999904632568,-5.489999771118164,-2.2750000953674316,83,105,80,30000,0
4.224999904632568,-5.489999771118164,-2.924999952316284,90,105,80,30000,0
4.224999904632568,-5.489999771118164,-3.575000047683716,96,105,80,30000,0
4.224999904632568,-5.489999771118164,-4.224999904632568,97,105,80,30000,0
4.224999904632568,-5.489999771118164,-4.875,93,105,80,30000,0
4.224999904632568,-5.489999771118164,-5.525000095367432,86,105,80,30000,0
4.224999904632568,-5.489999771118164,-6.175000190734863,78,105,80,30000,0
4.224999904632568,-5.489999771118164,-6.824999809265137,74,105,80,30000,0
4.224999904632568,-5.489999771118164,-7.474999904632568,74,105,80,30000,0
4.224999904632568,-5.489999771118164,-8.125,78,105,80,30000,0
4.224999904632568,-5.489999771118164,-8.774999618530273,85,105,80,30000,0
4.224999904632568,-5.489999771118164,-9.425000190734863,93,105,80,30000,0
4.224999904632568,-5.489999771118164,-10.074999809265137,97,105,80,30000,0
4.224999904632568,-5.489999771118164,-10.725000381469727,96,105,80,30000,0
4.224999904632568,-5.489999771118164,-11.375,91,105,80,30000,0
4.224999904632568,-5.489999771118164,-12.024999618530273,83,105,80,30000,0
4.224999904632568,-5.489999771118164,-12.675000190734863,76,105,80,30000,0
4.224999904632568,-5.489999771118164,-13.324999809265137,73,105,80,30000,0
4.224999904632568,-5.489999771118164,-13.975000381469727,75,105,80,30000,0
4.224999904632568,-5.489999771118164,-14.625,80,105,80,30000,0
4.224999904632568,-5.489999771118164,-15.274999618530273,88,105,80,30000,0
4.224999904632568,-5.489999771118164,-15.925000190734863,94,105,80,30000,0
4.224999904632568,-5.489999771118164,-16.575000762939453,97,105,80,30000,0
4.224999904632568,-5.489999771118164,-17.225000381469727,95,105,80,30000,0
4.224999904632568,-5.489999771118164,-17.875,88,105,80,30000,0
4.224999904632568,-5.489999771118164,-18.524999618530273,81,105,80,30000,0
4.224999904632568,-5.489999771118164,-19.174999237060547,75,105,80,30000,0
4.224999904632568,-5.489999771118164,-19.825000762939453,73,105,80,30000,0
4.875,-5.489999771118164,19.825000762939453,81,105,80,30000,0
4.875,-5.489999771118164,19.174999237060547,75,105,80,30000,0
4.875,-5.489999771118164,18.524999618530273,73,105,80,30000,0
4.875,-5.489999771118164,17.875,76,105,80,30000,0
4.875,-5.489999771118164,17.225000381469727,83,105,80,30000,0
4.875,-5.489999771118164,16.575000762939453,90,105,80,30000,0
4.875,-5.489999771118164,15.925000190734863,96,105,80,30000,0
4.875,-5.489999771118164,15.274999618530273,97,105,80,30000,0
4.875,-5.489999771118164,14.625,93,105,80,30000,0
4.875,-5.489999771118164,13.975000381469727,86,105,80,30000,0
4.875,-5.489999771118164,13.324999809265137,78,105,80,30000,0
4.875,-5.489999771118164,12.675000190734863,74,105,80,30000,0
4.875,-5.489999771118164,12.024999618530273,74,105,80,30000,0
4.875,-5.489999771118164,11.375,78,105,80,30000,0
4.875,-5.489999771118164,10.725000381469727,85,105,80,30000,0
4.875,-5.489999771118164,10.074999809265137,93,105,80,30000,0
4.875,-5.489999771118164,9.425000190734863,97,105,80,30000,0
4.875,-5.489999771118164,8.774999618530273,96,105,80,30000,0
4.875,-5.489999771118164,8.125,91,105,80,30000,0
4.875,-5.489999771118164,7.474999904632568,83,105,80,30000,0
4.875,-5.489999771118164,6.824999809265137,76,105,80,30000,0
4.875,-5.489999771118164,6.175000190734863,73,105,80,30000,0
4.875,-5.489999771118164,5.525000095367432,75,105,80,30000,0
4.875,-5.489999771118164,4.875,80,105,80,30000,0
4.875,-5.489999771118164,4.224999904632568,88,105,80,30000,0
4.875,-5.489999771118164,3.575000047683716,94,105,80,30000,0
4.875,-5.489999771118164,2.924999952316284,97,105,80,30000,0
4.875,-5.489999771118164,2.2750000953674316,95,105,80,30000,0
4.875,-5.489999771118164,1.625,88,105,80,30000,0
4.875,-5.489999771118164,0.9750000238418579,81,105,80,30000,0
4.875,-5.489999771118164,0.32499998807907104,75,105,80,30000,0
4.875,-5.489999771118164,-0.32499998807907104,73,105,80,30000,0
4.875,-5.489999771118164,-0.9750000238418579,76,105,80,30000,0
4.875,-5.489999771118164,-1.625,83,105,80,30000,0
4.875,-5.489999771118164,-2.2750000953674316,90,105,80,30000,0
4.875,-5.489999771118164,-2.924999952316284,96,105,80,30000,0
4.875,-5.489999771118164,-3.575000047683716,97,105,80,30000,0
4.875,-5.489999771118164,-4.224999904632568,93,105,80,30000,0
4.875,-5.489999771118164,-4.875,86,105,80,30000,0
4.875,-5.489999771118164,-5.525000095367432,78,105,80,30000,0
4.875,-5.489999771118164,-6.175000190734863,74,105,80,30000,0
4.875,-5.489999771118164,-6.824999809265137,74,105,80,30000,0
4.875,-5.489999771118164,-7.474999904632568,78,105,80,30000,0
4.875,-5.489999771118164,-8.125,85,105,80,30000,0
4.875,-5.489999771118164,-8.774999618530273,93,105,80,30000,0
4.875,-5.489999771118164,-9.425000190734863,97,105,80,30000,0
4.875,-5.489999771118164,-10.074999809265137,96,105,80,30000,0
4.875,-5.489999771118164,-10.725000381469727,91,105,80,30000,0
4.875,-5.489999771118164,-11.375,83,105,80,30000,0
4.875,-5.489999771118164,-12.024999618530273,76,105,80,30000,0
4.875,-5.489999771118164,-12.675000190734863,73,105,80,30000,0
4.875,-5.489999771118164,-13.324999809265137,75,105,80,30000,0
4.875,-5.489999771118164,-13.975000381469727,80,105,80,30000,0
4.875,-5.489999771118164,-14.625,88,105,80,30000,0
4.875,-5.489999771118164,-15.274999618530273,94,105,80,30000,0
4.875,-5.489999771118164,-15.925000190734863,97,105,80,30000,0
4.875,-5.489999771118164,-16.575000762939453,95,105,80,30000,0
4.875,-5.489999771118164,-17.225000381469727,88,105,80,30000,0
4.875,-5.489999771118164,-17.875,81,105,80,30000,0
4.875,-5.489999771118164,-18.524999618530273,75,105,80,30000,0
4.875,-5.489999771118164,-19.174999237060547,73,105,80,30000,0
4.875,-5.489999771118164,-19.825000762939453,76,105,80,30000,0
5.525000095367432,-5.489999771118164,19.825000762939453,75,105,80,30000,0
5.525000095367432,-5.489999771118164,19.174999237060547,73,105,80,30000,0
5.525000095367432,-5.489999771118164,18.524999618530273,76,105,80,30000,0
5.525000095367432,-5.489999771118164,17.875,83,105,80,30000,0
5.525000095367432,-5.489999771118164,17.225000381469727,90,105,80,30000,0
5.525000095367432,-5.489999771118164,16.575000762939453,96,105,80,30000,0
5.525000095367432,-5.489999771118164,15.925000190734863,97,105,80,30000,0
5.525000095367432,-5.489999771118164,15.274999618530273,93,105,80,30000,0
5.525000095367432,-5.489999771118164,14.625,86,105,80,30000,0
5.525000095367432,-5.489999771118164,13.975000381469727,78,105,80,30000,0
5.525000095367432,-5.489999771118164,13.324999809265137,74,105,80,30000,0
5.525000095367432,-5.489999771118164,12.675000190734863,74,105,80,30000,0
5.525000095367432,-5.489999771118164,12.024999618530273,78,105,80,30000,0
5.525000095367432,-5.489999771118164,11.375,85,105,80,30000,0
5.525000095367432,-5.489999771118164,10.725000381469727,93,105,80,30000,0
5.525000095367432,-5.489999771118164,10.074999809265137,97,105,80,30000,0
5.525000095367432,-5.489999771118164,9.425000190734863,96,105,80,30000,0
5.525000095367432,-5.489999771118164,8.774999618530273,91,105,80,30000,0
5.525000095367432,-5.489999771118164,8.125,83,105,80,30000,0
5.525000095367432,-5.489999771118164,7.474999904632568,76,105,80,30000,0
5.525000095367432,-5.489999771118164,6.824999809265137,73,105,80,30000,0
5.525000095367432,-5.489999771118164,6.175000190734863,75,105,80,30000,0
5.525000095367432,-5.489999771118164,5.525000095367432,80,105,80,30000,0
5.525000095367432,-5.489999771118164,4.875,88,105,80,30000,0
5.525000095367432,-5.489999771118164,4.224999904632568,94,105,80,30000,0
5.525000095367432,-5.489999771118164,3.575000047683716,97,105,80,30000,0
5.525000095367432,-5.489999771118164,2.924999952316284,95,105,80,30000,0
5.525000095367432,-5.489999771118164,2.2750000953674316,88,105,80,30000,0
5.525000095367432,-5.489999771118164,1.625,81,105,80,30000,0
5.525000095367432,-5.489999771118164,0.9750000238418579,75,105,80,30000,0
5.525000095367432,-5.489999771118164,0.32499998807907104,73,105,80,30000,0
5.525000095367432,-5.489999771118164,-0.32499998807907104,76,105,80,30000,0
5.525000095367432,-5.489999771118164,-0.9750000238418579,83,105,80,30000,0
5.525000095367432,-5.489999771118164,-1.625,90,105,80,30000,0
5.525000095367432,-5.489999771118164,-2.2750000953674316,96,105,80,30000,0
5.525000095367432,-5.489999771118164,-2.924999952316284,97,105,80,30000,0
5.525000095367432,-5.489999771118164,-3.575000047683716,93,105,80,30000,0
5.525000095367432,-5.489999771118164,-4.224999904632568,86,105,80,30000,0
5.525000095367432,-5.489999771118164,-4.875,78,105,80,30000,0
5.525000095367432,-5.489999771118164,-5.525000095367432,74,105,80,30000,0
5.525000095367432,-5.489999771118164,-6.175000190734863,74,105,80,30000,0
5.525000095367432,-5.489999771118164,-6.824999809265137,78,105,80,30000,0
5.525000095367432,-5.489999771118164,-7.474999904632568,85,105,80,30000,0
5.525000095367432,-5.489999771118164,-8.125,93,105,80,30000,0
5.525000095367432,-5.489999771118164,-8.774999618530273,97,105,80,30000,0
5.525000095367432,-5.489999771118164,-9.425000190734863,96,105,80,30000,0
5.525000095367432,-5.489999771118164,-10.074999809265137,91,105,80,30000,0
5.525000095367432,-5.489999771118164,-10.725000381469727,83,105,80,30000,0
5.525000095367432,-5.489999771118164,-11.375,76,105,80,30000,0
5.525000095367432,-5.489999771118164,-12.024999618530273,73,105,80,30000,0
5.525000095367432,-5.489999771118164,-12.675000190734863,75,105,80,30000,0
5.525000095367432,-5.489999771118164,-13.324999809265137,80,105,80,30000,0
5.525000095367432,-5.489999771118164,-13.975000381469727,88,105,80,30000,0
5.525000095367432,-5.489999771118164,-14.625,94,105,80,30000,0
5.525000095367432,-5.489999771118164,-15.274999618530273,97,105,80,30000,0
5.525000095367432,-5.489999771118164,-15.925000190734863,95,105,80,30000,0
5.525000095367432,-5.489999771118164,-16.575000762939453,88,105,80,30000,0
5.525000095367432,-5.489999771118164,-17.225000381469727,81,105,80,30000,0
5.525000095367432,-5.489999771118164,-17.875,75,105,80,30000,0
5.525000095367432,-5.489999771118164,-18.524999618530273,73,105,80,30000,0
5.525000095367432,-5.489999771118164,-19.174999237060547,76,105,80,30000,0
5.525000095367432,-5.489999771118164,-19.825000762939453,83,105,80,30000,0
6.175000190734863,-5.489999771118164,19.825000762939453,73,105,80,30000,0
6.175000190734863,-5.489999771118164,19.174999237060547,76,105,80,30000,0
6.175000190734863,-5.489999771118164,18.524999618530273,83,105,80,30000,0
6.175000190734863,-5.489999771118164,17.875,90,105,80,30000,0
6.175000190734863,-5.489999771118164,17.225000381469727,96,105,80,30000,0
6.175000190734863,-5.489999771118164,16.575000762939453,97,105,80,30000,0
6.175000190734863,-5.489999771118164,15.925000190734863,93,105,80,30000,0
6.175000190734863,-5.489999771118164,15.274999618530273,86,105,80,30000,0
6.175000190734863,-5.489999771118164,14.625,78,105,80,30000,0
6.175000190734863,-5.489999771118164,13.975000381469727,74,105,80,30000,0
6.175000190734863,-5.489999771118164,13.324999809265137,74,105,80,30000,0
6.175000190734863,-5.489999771118164,12.675000190734863,78,105,80,30000,0
6.175000190734863,-5.489999771118164,12.024999618530273,85,105,80,30000,0
6.175000190734863,-5.489999771118164,11.375,93,105,80,30000,0
6.175000190734863,-5.489999771118164,10.725000381469727,97,105,80,30000,0
6.175000190734863,-5.489999771118164,10.074999809265137,96,105,80,30000,0
6.175000190734863,-5.489999771118164,9.425000190734863,91,105,80,30000,0
6.175000190734863,-5.489999771118164,8.774999618530273,83,105,80,30000,0
6.175000190734863,-5.489999771118164,8.125,76,105,80,30000,0
6.175000190734863,-5.489999771118164,7.474999904632568,73,105,80,30000,0
6.175000190734863,-5.489999771118164,6.824999809265137,75,105,80,30000,0
6.175000190734863,-5.489999771118164,6.175000190734863,80,105,80,30000,0
6.175000190734863,-5.489999771118164,5.525000095367432,88,105,80,30000,0
6.175000190734863,-5.489999771118164,4.875,94,105,80,30000,0
6.175000190734863,-5.489999771118164,4.224999904632568,97,105,80,30000,0
6.175000190734863,-5.489999771118164,3.575000047683716,95,105,80,30000,0
6.175000190734863,-5.489999771118164,2.924999952316284,88,105,80,30000,0
6.175000190734863,-5.489999771118164,2.2750000953674316,81,105,80,30000,0
6.175000190734863,-5.489999771118164,1.625,75,105,80,30000,0
6.175000190734863,-5.489999771118164,0.9750000238418579,73,105,80,30000,0
6.175000190734863,-5.489999771118164,0.32499998807907104,76,105,80,30000,0
6.175000190734863,-5.489999771118164,-0.32499998807907104,83,105,80,30000,0
6.175000190734863,-5.489999771118164,-0.9750000238418579,90,105,80,30000,0
6.175000190734863,-5.489999771118164,-1.625,96,105,80,30000,0
6.175000190734863,-5.489999771118164,-2.2750000953674316,97,105,80,30000,0
6.175000190734863,-5.489999771118164,-2.924999952316284,93,105,80,30000,0
6.175000190734863,-5.489999771118164,-3.575000047683716,86,105,80,30000,0
6.175000190734863,-5.489999771118164,-4.224999904632568,78,105,80,30000,0
6.175000190734863,-5.489999771118164,-4.875,74,105,80,30000,0
6.175000190734863,-5.489999771118164,-5.525000095367432,74,105,80,30000,0
6.175000190734863,-5.489999771118164,-6.175000190734863,78,105,80,30000,0
6.175000190734863,-5.489999771118164,-6.824999809265137,85,105,80,30000,0
6.175000190734863,-5.489999771118164,-7.474999904632568,93,105,80,30000,0
6.175000190734863,-5.489999771118164,-8.125,97,105,80,30000,0
6.175000190734863,-5.489999771118164,-8.774999618530273,96,105,80,30000,0
6.175000190734863,-5.489999771118164,-9.425000190734863,91,105,80,30000,0
6.175000190734863,-5.489999771118164,-10.074999809265137,83,105,80,30000,0
6.175000190734863,-5.489999771118164,-10.725000381469727,76,105,80,30000,0
6.175000190734863,-5.489999771118164,-11.375,73,105,80,30000,0
6.175000190734863,-5.489999771118164,-12.024999618530273,75,105,80,30000,0
6.175000190734863,-5.489999771118164,-12.675000190734863,80,105,80,30000,0
6.175000190734863,-5.489999771118164,-13.324999809265137,88,105,80,30000,0
6.175000190734863,-5.489999771118164,-13.975000381469727,94,105,80,30000,0
6.175000190734863,-5.489999771118164,-14.625,97,105,80,30000,0
6.175000190734863,-5.489999771118164,-15.274999618530273,95,105,80,30000,0
6.175000190734863,-5.489999771118164,-15.925000190734863,88,105,80,30000,0
6.175000190734863,-5.489999771118164,-16.575000762939453,81,105,80,30000,0
6.175000190734863,-5.489999771118164,-17.225000381469727,75,105,80,30000,0
6.175000190734863,-5.489999771118164,-17.875,73,105,80,30000,0
6.175000190734863,-5.489999771118164,-18.524999618530273,76,105,80,30000,0
6.175000190734863,-5.489999771118164,-19.174999237060547,83,105,80,30000,0
6.175000190734863,-5.489999771118164,-19.825000762939453,90,105,80,30000,0
6.824999809265137,-5.489999771118164,19.825000762939453,76,105,80,30000,0
6.824999809265137,-5.489999771118164,19.174999237060547,83,105,80,30000,0
6.824999809265137,-5.489999771118164,18.524999618530273,90,105,80,30000,0
6.824999809265137,-5.489999771118164,17.875,96,105,80,30000,0
6.824999809265137,-5.489999771118164,17.225000381469727,97,105,80,30000,0
6.824999809265137,-5.489999771118164,16.575000762939453,93,105,80,30000,0
6.824999809265137,-5.489999771118164,15.925000190734863,86,105,80,30000,0
6.824999809265137,-5.489999771118164,15.274999618530273,78,105,80,30000,0
6.824999809265137,-5.489999771118164,14.625,74,105,80,30000,0
6.824999809265137,-5.489999771118164,13.975000381469727,74,105,80,30000,0
6.824999809265137,-5.489999771118164,13.324999809265137,78,105,80,30000,0
6.824999809265137,-5.489999771118164,12.675000190734863,85,105,80,30000,0
6.824999809265137,-5.489999771118164,12.024999618530273,93,105,80,30000,0
6.824999809265137,-5.489999771118164,11.375,97,105,80,30000,0
6.824999809265137,-5.489999771118164,10.725000381469727,96,105,80,30000,0
6.824999809265137,-5.489999771118164,10.074999809265137,91,105,80,30000,0
6.824999809265137,-5.489999771118164,9.425000190734863,83,105,80,30000,0
6.824999809265137,-5.489999771118164,8.774999618530273,76,105,80,30000,0
6.824999809265137,-5.489999771118164,8.125,73,105,80,30000,0
6.824999809265137,-5.489999771118164,7.474999904632568,75,105,80,30000,0
6.824999809265137,-5.489999771118164,6.824999809265137,80,105,80,30000,0
6.824999809265137,-5.489999771118164,6.175000190734863,88,105,80,30000,0
6.824999809265137,-5.489999771118164,5.525000095367432,94,105,80,30000,0
6.824999809265137,-5.489999771118164,4.875,97,105,80,30000,0
6.824999809265137,-5.489999771118164,4.224999904632568,95,105,80,30000,0
6.824999809265137,-5.489999771118164,3.575000047683716,88,105,80,30000,0
6.824999809265137,-5.489999771118164,2.924999952316284,81,105,80,30000,0
6.824999809265137,-5.489999771118164,2.2750000953674316,75,105,80,30000,0
6.824999809265137,-5.489999771118164,1.625,73,105,80,30000,0
6.824999809265137,-5.489999771118164,0.9750000238418579,76,105,80,30000,0
6.824999809265137,-5.489999771118164,0.32499998807907104,83,105,80,30000,0
6.824999809265137,-5.489999771118164,-0.32499998807907104,90,105,80,30000,0
6.824999809265137,-5.489999771118164,-0.9750000238418579,96,105,80,30000,0
6.824999809265137,-5.489999771118164,-1.625,97,105,80,30000,0
6.824999809265137,-5.489999771118164,-2.2750000953674316,93,105,80,30000,0
6.824999809265137,-5.489999771118164,-2.924999952316284,86,105,80,30000,0
6.824999809265137,-5.489999771118164,-3.575000047683716,78,105,80,30000,0
6.824999809265137,-5.489999771118164,-4.224999904632568,74,105,80,30000,0
6.824999809265137,-5.489999771118164,-4.875,74,105,80,30000,0
6.824999809265137,-5.489999771118164,-5.525000095367432,78,105,80,30000,0
6.824999809265137,-5.489999771118164,-6.175000190734863,85,105,80,30000,0
6.824999809265137,-5.489999771118164,-6.824999809265137,93,105,80,30000,0
6.824999809265137,-5.489999771118164,-7.474999904632568,97,105,80,30000,0
6.824999809265137,-5.489999771118164,-8.125,96,105,80,30000,0
6.824999809265137,-5.489999771118164,-8.774999618530273,91,105,80,30000,0
6.824999809265137,-5.489999771118164,-9.425000190734863,83,105,80,30000,0
6.824999809265137,-5.489999771118164,-10.074999809265137,76,105,80,30000,0
6.824999809265137,-5.489999771118164,-10.725000381469727,73,105,80,30000,0
6.824999809265137,-5.489999771118164,-11.375,75,105,80,30000,0
6.824999809265137,-5.489999771118164,-12.024999618530273,80,105,80,30000,0
6.824999809265137,-5.489999771118164,-12.675000190734863,88,105,80,30000,0
6.824999809265137,-5.489999771118164,-13.324999809265137,94,105,80,30000,0
6.824999809265137,-5.489999771118164,-13.975000381469727,97,105,80,30000,0
6.824999809265137,-5.489999771118164,-14.625,95,105,80,30000,0
6.824999809265137,-5.489999771118164,-15.274999618530273,88,105,80,30000,0
6.824999809265137,-5.489999771118164,-15.925000190734863,81,105,80,30000,0
6.824999809265137,-5.489999771118164,-16.575000762939453,75,105,80,30000,0
6.824999809265137,-5.489999771118164,-17.225000381469727,73,105,80,30000,0
6.824999809265137,-5.489999771118164,-17.875,76,105,80,30000,0
6.824999809265137,-5.489999771118164,-18.524999618530273,83,105,80,30000,0
6.824999809265137,-5.489999771118164,-19.174999237060547,90,105,80,30000,0
6.824999809265137,-5.489999771118164,-19.825000762939453,96,105,80,30000,0
7.474999904632568,-5.489999771118164,19.825000762939453,83,105,80,30000,0
7.474999904632568,-5.489999771118164,19.174999237060547,90,105,80,30000,0
7.474999904632568,-5.489999771118164,18.524999618530273,96,105,80,30000,0
7.474999904632568,-5.489999771118164,17.875,97,105,80,30000,0
7.474999904632568,-5.489999771118164,17.225000381469727,93,105,80,30000,0
7.474999904632568,-5.489999771118164,16.575000762939453,86,105,80,30000,0
7.474999904632568,-5.489999771118164,15.925000190734863,78,105,80,30000,0
7.474999904632568,-5.489999771118164,15.274999618530273,74,105,80,30000,0
7.474999904632568,-5.489999771118164,14.625,74,105,80,30000,0
7.474999904632568,-5.489999771118164,13.975000381469727,78,105,80,30000,0
7.474999904632568,-5.489999771118164,13.324999809265137,85,105,80,30000,0
7.474999904632568,-5.489999771118164,12.675000190734863,93,105,80,30000,0
7.474999904632568,-5.489999771118164,12.024999618530273,97,105,80,30000,0
7.474999904632568,-5.489999771118164,11.375,96,105,80,30000,0
7.474999904632568,-5.489999771118164,10.725000381469727,91,105,80,30000,0
7.474999904632568,-5.489999771118164,10.074999809265137,83,105,80,30000,0
7.474999904632568,-5.489999771118164,9.425000190734863,76,105,80,30000,0
7.474999904632568,-5.489999771118164,8.774999618530273,73,105,80,30000,0
7.474999904632568,-5.489999771118164,8.125,75,105,80,30000,0
7.474999904632568,-5.489999771118164,7.474999904632568,80,105,80,30000,0
7.474999904632568,-5.489999771118164,6.824999809265137,88,105,80,30000,0
7.474999904632568,-5.489999771118164,6.175000190734863,94,105,80,30000,0
7.474999904632568,-5.489999771118164,5.525000095367432,97,105,80,30000,0
7.474999904632568,-5.489999771118164,4.875,95,105,80,30000,0
7.474999904632568,-5.489999771118164,4.224999904632568,88,105,80,30000,0
7.474999904632568,-5.489999771118164,3.575000047683716,81,105,80,30000,0
7.474999904632568,-5.489999771118164,2.924999952316284,75,105,80,30000,0
7.474999904632568,-5.489999771118164,2.2750000953674316,73,105,80,30000,0
7.474999904632568,-5.489999771118164,1.625,76,105,80,30000,0
7.474999904632568,-5.489999771118164,0.9750000238418579,83,105,80,30000,0
7.474999904632568,-5.489999771118164,0.32499998807907104,90,105,80,30000,0
7.474999904632568,-5.489999771118164,-0.32499998807907104,96,105,80,30000,0
7.474999904632568,-5.489999771118164,-0.9750000238418579,97,105,80,30000,0
7.474999904632568,-5.489999771118164,-1.625,93,105,80,30000,0
7.474999904632568,-5.489999771118164,-2.2750000953674316,86,105,80,30000,0
7.474999904632568,-5.489999771118164,-2.924999952316284,78,105,80,30000,0
7.474999904632568,-5.489999771118164,-3.575000047683716,74,105,80,30000,0
7.474999904632568,-5.489999771118164,-4.224999904632568,74,105,80,30000,0
7.474999904632568,-5.489999771118164,-4.875,78,105,80,30000,0
7.474999904632568,-5.489999771118164,-5.525000095367432,85,105,80,30000,0
7.474999904632568,-5.489999771118164,-6.175000190734863,93,105,80,30000,0
7.474999904632568,-5.489999771118164,-6.824999809265137,97,105,80,30000,0
7.474999904632568,-5.489999771118164,-7.474999904632568,96,105,80,30000,0
7.474999904632568,-5.489999771118164,-8.125,91,105,80,30000,0
7.474999904632568,-5.489999771118164,-8.774999618530273,83,105,80,30000,0
7.474999904632568,-5.489999771118164,-9.425000190734863,76,105,80,30000,0
7.474999904632568,-5.489999771118164,-10.074999809265137,73,105,80,30000,0
7.474999904632568,-5.489999771118164,-10.725000381469727,75,105,80,30000,0
7.474999904632568,-5.489999771118164,-11.375,80,105,80,30000,0
7.474999904632568,-5.489999771118164,-12.024999618530273,88,105,80,30000,0
7.474999904632568,-5.489999771118164,-12.675000190734863,94,105,80,30000,0
7.474999904632568,-5.489999771118164,-13.324999809265137,97,105,80,30000,0
7.474999904632568,-5.489999771118164,-13.975000381469727,95,105,80,30000,0
7.474999904632568,-5.489999771118164,-14.625,88,105,80,30000,0
7.474999904632568,-5.489999771118164,-15.274999618530273,81,105,80,30000,0
7.474999904632568,-5.489999771118164,-15.925000190734863,75,105,80,30000,0
7.474999904632568,-5.489999771118164,-16.575000762939453,73,105,80,30000,0
7.474999904632568,-5.489999771118164,-17.225000381469727,76,105,80,30000,0
7.474999904632568,-5.489999771118164,-17.875,83,105,80,30000,0
7.474999904632568,-5.489999771118164,-18.524999618530273,90,105,80,30000,0
7.474999904632568,-5.489999771118164,-19.174999237060547,96,105,80,30000,0
7.474999904632568,-5.489999771118164,-19.825000762939453,97,105,80,30000,0
8.125,-5.489999771118164,19.825000762939453,90,105,80,30000,0
8.125,-5.489999771118164,19.174999237060547,96,105,80,30000,0
8.125,-5.489999771118164,18.524999618530273,97,105,80,30000,0
8.125,-5.489999771118164,17.875,93,105,80,30000,0
8.125,-5.489999771118164,17.225000381469727,86,105,80,30000,0
8.125,-5.489999771118164,16.575000762939453,78,105,80,30000,0
8.125,-5.489999771118164,15.925000190734863,74,105,80,30000,0
8.125,-5.489999771118164,15.274999618530273,74,105,80,30000,0
8.125,-5.489999771118164,14.625,78,105,80,30000,0
8.125,-5.489999771118164,13.975000381469727,85,105,80,30000,0
8.125,-5.489999771118164,13.324999809265137,93,105,80,30000,0
8.125,-5.489999771118164,12.675000190734863,97,105,80,30000,0
8.125,-5.489999771118164,12.024999618530273,96,105,80,30000,0
8.125,-5.489999771118164,11.375,91,105,80,30000,0
8.125,-5.489999771118164,10.725000381469727,83,105,80,30000,0
8.125,-5.489999771118164,10.074999809265137,76,105,80,30000,0
8.125,-5.489999771118164,9.425000190734863,73,105,80,30000,0
8.125,-5.489999771118164,8.774999618530273,75,105,80,30000,0
8.125,-5.489999771118164,8.125,80,105,80,30000,0
8.125,-5.489999771118164,7.474999904632568,88,105,80,30000,0
8.125,-5.489999771118164,6.824999809265137,94,105,80,30000,0
8.125,-5.489999771118164,6.175000190734863,97,105,80,30000,0
8.125,-5.489999771118164,5.525000095367432,95,105,80,30000,0
8.125,-5.489999771118164,4.875,88,105,80,30000,0
8.125,-5.489999771118164,4.224999904632568,81,105,80,30000,0
8.125,-5.489999771118164,3.575000047683716,75,105,80,30000,0
8.125,-5.489999771118164,2.924999952316284,73,105,80,30000,0
8.125,-5.489999771118164,2.2750000953674316,76,105,80,30000,0
8.125,-5.489999771118164,1.625,83,105,80,30000,0
8.125,-5.489999771118164,0.9750000238418579,90,105,80,30000,0
8.125,-5.489999771118164,0.32499998807907104,96,105,80,30000,0
8.125,-5.489999771118164,-0.32499998807907104,97,105,80,30000,0
8.125,-5.489999771118164,-0.9750000238418579,93,105,80,30000,0
8.125,-5.489999771118164,-1.625,86,105,80,30000,0
8.125,-5.489999771118164,-2.2750000953674316,78,105,80,30000,0
8.125,-5.489999771118164,-2.924999952316284,74,105,80,30000,0
8.125,-5.489999771118164,-3.575000047683716,74,105,80,30000,0
8.125,-5.489999771118164,-4.224999904632568,78,105,80,30000,0
8.125,-5.489999771118164,-4.875,85,105,80,30000,0
8.125,-5.489999771118164,-5.525000095367432,93,105,80,30000,0
8.125,-5.489999771118164,-6.175000190734863,97,105,80,30000,0
8.125,-5.489999771118164,-6.824999809265137,96,105,80,30000,0
8.125,-5.489999771118164,-7.474999904632568,91,105,80,30000,0
8.125,-5.489999771118164,-8.125,83,105,80,30000,0
8.125,-5.489999771118164,-8.774999618530273,76,105,80,30000,0
8.125,-5.489999771118164,-9.425000190734863,73,105,80,30000,0
8.125,-5.489999771118164,-10.074999809265137,75,105,80,30000,0
8.125,-5.489999771118164,-10.725000381469727,80,105,80,30000,0
8.125,-5.489999771118164,-11.375,88,105,80,30000,0
8.125,-5.489999771118164,-12.024999618530273,94,105,80,30000,0
8.125,-5.489999771118164,-12.675000190734863,97,105,80,30000,0
8.125,-5.489999771118164,-13.324999809265137,95,105,80,30000,0
8.125,-5.489999771118164,-13.975000381469727,88,105,80,30000,0
8.125,-5.489999771118164,-14.625,81,105,80,30000,0
8.125,-5.489999771118164,-15.274999618530273,75,105,80,30000,0
8.125,-5.489999771118164,-15.925000190734863,73,105,80,30000,0
8.125,-5.489999771118164,-16.575000762939453,76,105,80,30000,0
8.125,-5.489999771118164,-17.225000381469727,83,105,80,30000,0
8.125,-5.489999771118164,-17.875,90,105,80,30000,0
8.125,-5.489999771118164,-18.524999618530273,96,105,80,30000,0
8.125,-5.489999771118164,-19.174999237060547,97,105,80,30000,0
8.125,-5.489999771118164,-19.825000762939453,93,105,80,30000,0
8.774999618530273,-5.489999771118164,19.825000762939453,96,105,80,30000,0
8.774999618530273,-5.489999771118164,19.174999237060547,97,105,80,30000,0
8.774999618530273,-5.489999771118164,18.524999618530273,93,105,80,30000,0
8.774999618530273,-5.489999771118164,17.875,86,105,80,30000,0
8.774999618530273,-5.489999771118164,17.225000381469727,78,105,80,30000,0
8.774999618530273,-5.489999771118164,16.575000762939453,74,105,80,30000,0
8.774999618530273,-5.489999771118164,15.925000190734863,74,105,80,30000,0
8.774999618530273,-5.489999771118164,15.274999618530273,78,105,80,30000,0
8.774999618530273,-5.489999771118164,14.625,85,105,80,30000,0
8.774999618530273,-5.489999771118164,13.975000381469727,93,105,80,30000,0
8.774999618530273,-5.489999771118164,13.324999809265137,97,105,80,30000,0
8.774999618530273,-5.489999771118164,12.675000190734863,96,105,80,30000,0
8.774999618530273,-5.489999771118164,12.024999618530273,91,105,80,30000,0
8.774999618530273,-5.489999771118164,11.375,83,105,80,30000,0
8.774999618530273,-5.489999771118164,10.725000381469727,76,105,80,30000,0
8.774999618530273,-5.489999771118164,10.074999809265137,73,105,80,30000,0
8.774999618530273,-5.489999771118164,9.425000190734863,75,105,80,30000,0
8.774999618530273,-5.489999771118164,8.774999618530273,80,105,80,30000,0
8.774999618530273,-5.489999771118164,8.125,88,105,80,30000,0
8.774999618530273,-5.489999771118164,7.474999904632568,94,105,80,30000,0
8.774999618530273,-5.489999771118164,6.824999809265137,97,105,80,30000,0
8.774999618530273,-5.489999771118164,6.175000190734863,95,105,80,30000,0
8.774999618530273,-5.489999771118164,5.525000095367432,88,105,80,30000,0
8.774999618530273,-5.489999771118164,4.875,81,105,80,30000,0
8.774999618530273,-5.489999771118164,4.224999904632568,75,105,80,30000,0
8.774999618530273,-5.489999771118164,3.575000047683716,73,105,80,30000,0
8.774999618530273,-5.489999771118164,2.924999952316284,76,105,80,30000,0
8.774999618530273,-5.489999771118164,2.2750000953674316,83,105,80,30000,0
8.774999618530273,-5.489999771118164,1.625,90,105,80,30000,0
8.774999618530273,-5.489999771118164,0.9750000238418579,96,105,80,30000,0
8.774999618530273,-5.489999771118164,0.32499998807907104,97,105,80,30000,0
8.774999618530273,-5.489999771118164,-0.32499998807907104,93,105,80,30000,0
8.774999618530273,-5.489999771118164,-0.9750000238418579,86,105,80,30000,0
8.774999618530273,-5.489999771118164,-1.625,78,105,80,30000,0
8.774999618530273,-5.489999771118164,-2.2750000953674316,74,105,80,30000,0
8.774999618530273,-5.489999771118164,-2.924999952316284,74,105,80,30000,0
8.774999618530273,-5.489999771118164,-3.575000047683716,78,105,80,30000,0
8.774999618530273,-5.489999771118164,-4.224999904632568,85,105,80,30000,0
8.774999618530273,-5.489999771118164,-4.875,93,105,80,30000,0
8.774999618530273,-5.489999771118164,-5.525000095367432,97,105,80,30000,0
8.774999618530273,-5.489999771118164,-6.175000190734863,96,105,80,30000,0
8.774999618530273,-5.489999771118164,-6.824999809265137,91,105,80,30000,0
8.774999618530273,-5.489999771118164,-7.474999904632568,83,105,80,30000,0
8.774999618530273,-5.489999771118164,-8.125,76,105,80,30000,0
8.774999618530273,-5.489999771118164,-8.774999618530273,73,105,80,30000,0
8.774999618530273,-5.489999771118164,-9.425000190734863,75,105,80,30000,0
8.774999618530273,-5.489999771118164,-10.074999809265137,80,105,80,30000,0
8.774999618530273,-5.489999771118164,-10.725000381469727,88,105,80,30000,0
8.774999618530273,-5.489999771118164,-11.375,94,105,80,30000,0
8.774999618530273,-5.489999771118164,-12.024999618530273,97,105,80,30000,0
8.774999618530273,-5.489999771118164,-12.675000190734863,95,105,80,30000,0
8.774999618530273,-5.489999771118164,-13.324999809265137,88,105,80,30000,0
8.774999618530273,-5.489999771118164,-13.975000381469727,81,105,80,30000,0
8.774999618530273,-5.489999771118164,-14.625,75,105,80,30000,0
8.774999618530273,-5.489999771118164,-15.274999618530273,73,105,80,30000,0
8.774999618530273,-5.489999771118164,-15.925000190734863,76,105,80,30000,0
8.774999618530273,-5.489999771118164,-16.575000762939453,83,105,80,30000,0
8.774999618530273,-5.489999771118164,-17.225000381469727,90,105,80,30000,0
8.774999618530273,-5.489999771118164,-17.875,96,105,80,30000,0
8.774999618530273,-5.489999771118164,-18.524999618530273,97,105,80,30000,0
8.774999618530273,-5.489999771118164,-19.174999237060547,93,105,80,30000,0
8.774999618530273,-5.489999771118164,-19.825000762939453,86,105,80,30000,0
9.425000190734863,-5.489999771118164,19.825000762939453,97,105,80,30000,0
9.425000190734863,-5.489999771118164,19.174999237060547,93,105,80,30000,0
9.425000190734863,-5.489999771118164,18.524999618530273,86,105,80,30000,0
9.425000190734863,-5.489999771118164,17.875,78,105,80,30000,0
9.425000190734863,-5.489999771118164,17.225000381469727,74,105,80,30000,0
9.425000190734863,-5.489999771118164,16.575000762939453,74,105,80,30000,0
9.425000190734863,-5.489999771118164,15.925000190734863,78,105,80,30000,0
9.425000190734863,-5.489999771118164,15.274999618530273,85,105,80,30000,0
9.425000190734863,-5.489999771118164,14.625,93,105,80,30000,0
9.425000190734863,-5.489999771118164,13.975000381469727,97,105,80,30000,0
9.425000190734863,-5.489999771118164,13.324999809265137,96,105,80,30000,0
9.425000190734863,-5.489999771118164,12.675000190734863,91,105,80,30000,0
9.425000190734863,-5.489999771118164,12.024999618530273,83,105,80,30000,0
9.425000190734863,-5.489999771118164,11.375,76,105,80,30000,0
9.425000190734863,-5.489999771118164,10.725000381469727,73,105,80,30000,0
9.425000190734863,-5.489999771118164,10.074999809265137,75,105,80,30000,0
9.425000190734863,-5.489999771118164,9.425000190734863,80,105,80,30000,0
9.425000190734863,-5.489999771118164,8.774999618530273,88,105,80,30000,0
9.425000190734863,-5.489999771118164,8.125,94,105,80,30000,0
9.425000190734863,-5.489999771118164,7.474999904632568,97,105,80,30000,0
9.425000190734863,-5.489999771118164,6.824999809265137,95,105,80,30000,0
9.425000190734863,-5.489999771118164,6.175000190734863,88,105,80,30000,0
9.425000190734863,-5.489999771118164,5.525000095367432,81,105,80,30000,0
9.425000190734863,-5.489999771118164,4.875,75,105,80,30000,0
9.425000190734863,-5.489999771118164,4.224999904632568,73,105,80,30000,0
9.425000190734863,-5.489999771118164,3.575000047683716,76,105,80,30000,0
9.425000190734863,-5.489999771118164,2.924999952316284,83,105,80,30000,0
9.425000190734863,-5.489999771118164,2.2750000953674316,90,105,80,30000,0
9.425000190734863,-5.489999771118164,1.625,96,105,80,30000,0
9.425000190734863,-5.489999771118164,0.9750000238418579,97,105,80,30000,0
9.425000190734863,-5.489999771118164,0.32499998807907104,93,105,80,30000,0
9.425000190734863,-5.489999771118164,-0.32499998807907104,86,105,80,30000,0
9.425000190734863,-5.489999771118164,-0.9750000238418579,78,105,80,30000,0
9.425000190734863,-5.489999771118164,-1.625,74,105,80,30000,0
9.425000190734863,-5.489999771118164,-2.2750000953674316,74,105,80,30000,0
9.425000190734863,-5.489999771118164,-2.924999952316284,78,105,80,30000,0
9.425000190734863,-5.489999771118164,-3.575000047683716,85,105,80,30000,0
9.425000190734863,-5.489999771118164,-4.224999904632568,93,105,80,30000,0
9.425000190734863,-5.489999771118164,-4.875,97,105,80,30000,0
9.425000190734863,-5.489999771118164,-5.525000095367432,96,105,80,30000,0
9.425000190734863,-5.489999771118164,-6.175000190734863,91,105,80,30000,0
9.425000190734863,-5.489999771118164,-6.824999809265137,83,105,80,30000,0
9.425000190734863,-5.489999771118164,-7.474999904632568,76,105,80,30000,0
9.425000190734863,-5.489999771118164,-8.125,73,105,80,30000,0
9.425000190734863,-5.489999771118164,-8.774999618530273,75,105,80,30000,0
9.425000190734863,-5.489999771118164,-9.425000190734863,80,105,80,30000,0
9.425000190734863,-5.489999771118164,-10.074999809265137,88,105,80,30000,0
9.425000190734863,-5.489999771118164,-10.725000381469727,94,105,80,30000,0
9.425000190734863,-5.489999771118164,-11.375,97,105,80,30000,0
9.425000190734863,-5.489999771118164,-12.024999618530273,95,105,80,30000,0
9.425000190734863,-5.489999771118164,-12.675000190734863,88,105,80,30000,0
9.425000190734863,-5.489999771118164,-13.324999809265137,81,105,80,30000,0
9.425000190734863,-5.489999771118164,-13.975000381469727,75,105,80,30000,0
9.425000190734863,-5.489999771118164,-14.625,73,105,80,30000,0
9.425000190734863,-5.489999771118164,-15.274999618530273,76,105,80,30000,0
9.425000190734863,-5.489999771118164,-15.925000190734863,83,105,80,30000,0
9.425000190734863,-5.489999771118164,-16.575000762939453,90,105,80,30000,0
9.425000190734863,-5.489999771118164,-17.225000381469727,96,105,80,30000,0
9.425000190734863,-5.489999771118164,-17.875,97,105,80,30000,0
9.425000190734863,-5.489999771118164,-18.524999618530273,93,105,80,30000,0
9.425000190734863,-5.489999771118164,-19.174999237060547,86,105,80,30000,0
9.425000190734863,-5.489999771118164,-19.825000762939453,78,105,80,30000,0
10.074999809265137,-5.489999771118164,19.825000762939453,93,105,80,30000,0
10.074999809265137,-5.489999771118164,19.174999237060547,86,105,80,30000,0
10.074999809265137,-5.489999771118164,18.524999618530273,78,105,80,30000,0
10.074999809265137,-5.489999771118164,17.875,74,105,80,30000,0
10.074999809265137,-5.489999771118164,17.225000381469727,74,105,80,30000,0
10.074999809265137,-5.489999771118164,16.575000762939453,78,105,80,30000,0
10.074999809265137,-5.489999771118164,15.925000190734863,85,105,80,30000,0
10.074999809265137,-5.489999771118164,15.274999618530273,93,105,80,30000,0
10.074999809265137,-5.489999771118164,14.625,97,105,80,30000,0
10.074999809265137,-5.489999771118164,13.975000381469727,96,105,80,30000,0
10.074999809265137,-5.489999771118164,13.324999809265137,91,105,80,30000,0
10.074999809265137,-5.489999771118164,12.675000190734863,83,105,80,30000,0
10.074999809265137,-5.489999771118164,12.024999618530273,76,105,80,30000,0
10.074999809265137,-5.489999771118164,11.375,73,105,80,30000,0
10.074999809265137,-5.489999771118164,10.725000381469727,75,105,80,30000,0
10.074999809265137,-5.489999771118164,10.074999809265137,80,105,80,30000,0
10.074999809265137,-5.489999771118164,9.425000190734863,88,105,80,30000,0
10.074999809265137,-5.489999771118164,8.774999618530273,94,105,80,30000,0
10.074999809265137,-5.489999771118164,8.125,97,105,80,30000,0
10.074999809265137,-5.489999771118164,7.474999904632568,95,105,80,30000,0
10.074999809265137,-5.489999771118164,6.824999809265137,88,105,80,30000,0
10.074999809265137,-5.489999771118164,6.175000190734863,81,105,80,30000,0
10.074999809265137,-5.489999771118164,5.525000095367432,75,105,80,30000,0
10.074999809265137,-5.489999771118164,4.875,73,105,80,30000,0
10.074999809265137,-5.489999771118164,4.224999904632568,76,105,80,30000,0
10.074999809265137,-5.489999771118164,3.575000047683716,83,105,80,30000,0
10.074999809265137,-5.489999771118164,2.924999952316284,90,105,80,30000,0
10.074999809265137,-5.489999771118164,2.2750000953674316,96,105,80,30000,0
10.074999809265137,-5.489999771118164,1.625,97,105,80,30000,0
10.074999809265137,-5.489999771118164,0.9750000238418579,93,105,80,30000,0
10.074999809265137,-5.489999771118164,0.32499998807907104,86,105,80,30000,0
10.074999809265137,-5.489999771118164,-0.32499998807907104,78,105,80,30000,0
10.074999809265137,-5.489999771118164,-0.9750000238418579,74,105,80,30000,0
10.074999809265137,-5.489999771118164,-1.625,74,105,80,30000,0
10.074999809265137,-5.489999771118164,-2.2750000953674316,78,105,80,30000,0
10.074999809265137,-5.489999771118164,-2.924999952316284,85,105,80,30000,0
10.074999809265137,-5.489999771118164,-3.575000047683716,93,105,80,30000,0
10.074999809265137,-5.489999771118164,-4.224999904632568,97,105,80,30000,0
10.074999809265137,-5.489999771118164,-4.875,96,105,80,30000,0
10.074999809265137,-5.489999771118164,-5.525000095367432,91,105,80,30000,0
10.074999809265137,-5.489999771118164,-6.175000190734863,83,105,80,30000,0
10.074999809265137,-5.489999771118164,-6.824999809265137,76,105,80,30000,0
10.074999809265137,-5.489999771118164,-7.474999904632568,73,105,80,30000,0
10.074999809265137,-5.489999771118164,-8.125,75,105,80,30000,0
10.074999809265137,-5.489999771118164,-8.774999618530273,80,105,80,30000,0
10.074999809265137,-5.489999771118164,-9.425000190734863,88,105,80,30000,0
10.074999809265137,-5.489999771118164,-10.074999809265137,94,105,80,30000,0
10.074999809265137,-5.489999771118164,-10.725000381469727,97,105,80,30000,0
10.074999809265137,-5.489999771118164,-11.375,95,105,80,30000,0
10.074999809265137,-5.489999771118164,-12.024999618530273,88,105,80,30000,0
10.074999809265137,-5.489999771118164,-12.675000190734863,81,105,80,30000,0
10.074999809265137,-5.489999771118164,-13.324999809265137,75,105,80,30000,0
10.074999809265137,-5.489999771118164,-13.975000381469727,73,105,80,30000,0
10.074999809265137,-5.489999771118164,-14.625,76,105,80,30000,0
10.074999809265137,-5.489999771118164,-15.274999618530273,83,105,80,30000,0
10.074999809265137,-5.489999771118164,-15.925000190734863,90,105,80,30000,0
10.074999809265137,-5.489999771118164,-16.575000762939453,96,105,80,30000,0
10.074999809265137,-5.489999771118164,-17.225000381469727,97,105,80,30000,0
10.074999809265137,-5.489999771118164,-17.875,93,105,80,30000,0
10.074999809265137,-5.489999771118164,-18.524999618530273,86,105,80,30000,0
10.074999809265137,-5.489999771118164,-19.174999237060547,78,105,80,30000,0
10.074999809265137,-5.489999771118164,-19.825000762939453,74,105,80,30000,0
10.725000381469727,-5.489999771118164,19.825000762939453,86,105,80,30000,0
10.725000381469727,-5.489999771118164,19.174999237060547,78,105,80,30000,0
10.725000381469727,-5.489999771118164,18.524999618530273,74,105,80,30000,0
10.725000381469727,-5.489999771118164,17.875,74,105,80,30000,0
10.725000381469727,-5.489999771118164,17.225000381469727,78,105,80,30000,0
10.725000381469727,-5.489999771118164,16.575000762939453,85,105,80,30000,0
10.725000381469727,-5.489999771118164,15.925000190734863,93,105,80,30000,0
10.725000381469727,-5.489999771118164,15.274999618530273,97,105,80,30000,0
10.725000381469727,-5.489999771118164,14.625,96,105,80,30000,0
10.725000381469727,-5.489999771118164,13.975000381469727,91,105,80,30000,0
10.725000381469727,-5.489999771118164,13.324999809265137,83,105,80,30000,0
10.725000381469727,-5.489999771118164,12.675000190734863,76,105,80,30000,0
10.725000381469727,-5.489999771118164,12.024999618530273,73,105,80,30000,0
10.725000381469727,-5.489999771118164,11.375,75,105,80,30000,0
10.725000381469727,-5.489999771118164,10.725000381469727,80,105,80,30000,0
10.725000381469727,-5.489999771118164,10.074999809265137,88,105,80,30000,0
10.725000381469727,-5.489999771118164,9.425000190734863,94,105,80,30000,0
10.725000381469727,-5.489999771118164,8.774999618530273,97,105,80,30000,0
10.725000381469727,-5.489999771118164,8.125,95,105,80,30000,0
10.725000381469727,-5.489999771118164,7.474999904632568,88,105,80,30000,0
10.725000381469727,-5.489999771118164,6.824999809265137,81,105,80,30000,0
10.725000381469727,-5.489999771118164,6.175000190734863,75,105,80,30000,0
10.725000381469727,-5.489999771118164,5.525000095367432,73,105,80,30000,0
10.725000381469727,-5.489999771118164,4.875,76,105,80,30000,0
10.725000381469727,-5.489999771118164,4.224999904632568,83,105,80,30000,0
10.725000381469727,-5.489999771118164,3.575000047683716,90,105,80,30000,0
10.725000381469727,-5.489999771118164,2.924999952316284,96,105,80,30000,0
10.725000381469727,-5.489999771118164,2.2750000953674316,97,105,80,30000,0
10.725000381469727,-5.489999771118164,1.625,93,105,80,30000,0
10.725000381469727,-5.489999771118164,0.9750000238418579,86,105,80,30000,0
10.725000381469727,-5.489999771118164,0.32499998807907104,78,105,80,30000,0
10.725000381469727,-5.489999771118164,-0.32499998807907104,74,105,80,30000,0
10.725000381469727,-5.489999771118164,-0.9750000238418579,74,105,80,30000,0
10.725000381469727,-5.489999771118164,-1.625,78,105,80,30000,0
10.725000381469727,-5.489999771118164,-2.2750000953674316,85,105,80,30000,0
10.725000381469727,-5.489999771118164,-2.924999952316284,93,105,80,30000,0
10.725000381469727,-5.489999771118164,-3.575000047683716,97,105,80,30000,0
10.725000381469727,-5.489999771118164,-4.224999904632568,96,105,80,30000,0
10.725000381469727,-5.489999771118164,-4.875,91,105,80,30000,0
10.725000381469727,-5.489999771118164,-5.525000095367432,83,105,80,30000,0
10.725000381469727,-5.489999771118164,-6.175000190734863,76,105,80,30000,0
10.725000381469727,-5.489999771118164,-6.824999809265137,73,105,80,30000,0
10.725000381469727,-5.489999771118164,-7.474999904632568,75,105,80,30000,0
10.725000381469727,-5.489999771118164,-8.125,80,105,80,30000,0
10.725000381469727,-5.489999771118164,-8.774999618530273,88,105,80,30000,0
10.725000381469727,-5.489999771118164,-9.425000190734863,94,105,80,30000,0
10.725000381469727,-5.489999771118164,-10.074999809265137,97,105,80,30000,0
10.725000381469727,-5.489999771118164,-10.725000381469727,95,105,80,30000,0
10.725000381469727,-5.489999771118164,-11.375,88,105,80,30000,0
10.725000381469727,-5.489999771118164,-12.024999618530273,81,105,80,30000,0
10.725000381469727,-5.489999771118164,-12.675000190734863,75,105,80,30000,0
10.725000381469727,-5.489999771118164,-13.324999809265137,73,105,80,30000,0
10.725000381469727,-5.489999771118164,-13.975000381469727,76,105,80,30000,0
10.725000381469727,-5.489999771118164,-14.625,83,105,80,30000,0
10.725000381469727,-5.489999771118164,-15.274999618530273,90,105,80,30000,0
10.725000381469727,-5.489999771118164,-15.925000190734863,96,105,80,30000,0
10.725000381469727,-5.489999771118164,-16.575000762939453,97,105,80,30000,0
10.725000381469727,-5.489999771118164,-17.225000381469727,93,105,80,30000,0
10.725000381469727,-5.489999771118164,-17.875,86,105,80,30000,0
10.725000381469727,-5.489999771118164,-18.524999618530273,78,105,80,30000,0
10.725000381469727,-5.489999771118164,-19.174999237060547,74,105,80,30000,0
10.725000381469727,-5.489999771118164,-19.825000762939453,74,105,80,30000,0
11.375,-5.489999771118164,19.825000762939453,78,105,80,30000,0
11.375,-5.489999771118164,19.174999237060547,74,105,80,30000,0
11.375,-5.489999771118164,18.524999618530273,74,105,80,30000,0
11.375,-5.489999771118164,17.875,78,105,80,30000,0
11.375,-5.489999771118164,17.225000381469727,85,105,80,30000,0
11.375,-5.489999771118164,16.575000762939453,93,105,80,30000,0
11.375,-5.489999771118164,15.925000190734863,97,105,80,30000,0
11.375,-5.489999771118164,15.274999618530273,96,105,80,30000,0
11.375,-5.489999771118164,14.625,91,105,80,30000,0
11.375,-5.489999771118164,13.975000381469727,83,105,80,30000,0
11.375,-5.489999771118164,13.324999809265137,76,105,80,30000,0
11.375,-5.489999771118164,12.675000190734863,73,105,80,30000,0
11.375,-5.489999771118164,12.024999618530273,75,105,80,30000,0
11.375,-5.489999771118164,11.375,80,105,80,30000,0
11.375,-5.489999771118164,10.725000381469727,88,105,80,30000,0
11.375,-5.489999771118164,10.074999809265137,94,105,80,30000,0
11.375,-5.489999771118164,9.425000190734863,97,105,80,30000,0
11.375,-5.489999771118164,8.774999618530273,95,105,80,30000,0
11.375,-5.489999771118164,8.125,88,105,80,30000,0
11.375,-5.489999771118164,7.474999904632568,81,105,80,30000,0
11.375,-5.489999771118164,6.824999809265137,75,105,80,30000,0
11.375,-5.489999771118164,6.175000190734863,73,105,80,30000,0
11.375,-5.489999771118164,5.525000095367432,76,105,80,30000,0
11.375,-5.489999771118164,4.875,83,105,80,30000,0
11.375,-5.489999771118164,4.224999904632568,90,105,80,30000,0
11.375,-5.489999771118164,3.575000047683716,96,105,80,30000,0
11.375,-5.489999771118164,2.924999952316284,97,105,80,30000,0
11.375,-5.489999771118164,2.2750000953674316,93,105,80,30000,0
11.375,-5.489999771118164,1.625,86,105,80,30000,0
11.375,-5.489999771118164,0.9750000238418579,78,105,80,30000,0
11.375,-5.489999771118164,0.32499998807907104,74,105,80,30000,0
11.375,-5.489999771118164,-0.32499998807907104,74,105,80,30000,0
11.375,-5.489999771118164,-0.9750000238418579,78,105,80,30000,0
11.375,-5.489999771118164,-1.625,85,105,80,30000,0
11.375,-5.489999771118164,-2.2750000953674316,93,105,80,30000,0
11.375,-5.489999771118164,-2.924999952316284,97,105,80,30000,0
11.375,-5.489999771118164,-3.575000047683716,96,105,80,30000,0
11.375,-5.489999771118164,-4.224999904632568,91,105,80,30000,0
11.375,-5.489999771118164,-4.875,83,105,80,30000,0
11.375,-5.489999771118164,-5.525000095367432,76,105,80,30000,0
11.375,-5.489999771118164,-6.175000190734863,73,105,80,30000,0
11.375,-5.489999771118164,-6.824999809265137,75,105,80,30000,0
11.375,-5.489999771118164,-7.474999904632568,80,105,80,30000,0
11.375,-5.489999771118164,-8.125,88,105,80,30000,0
11.375,-5.489999771118164,-8.774999618530273,94,105,80,30000,0
11.375,-5.489999771118164,-9.425000190734863,97,105,80,30000,0
11.375,-5.489999771118164,-10.074999809265137,95,105,80,30000,0
11.375,-5.489999771118164,-10.725000381469727,88,105,80,30000,0
11.375,-5.489999771118164,-11.375,81,105,80,30000,0
11.375,-5.489999771118164,-12.024999618530273,75,105,80,30000,0
11.375,-5.489999771118164,-12.675000190734863,73,105,80,30000,0
11.375,-5.489999771118164,-13.324999809265137,76,105,80,30000,0
11.375,-5.489999771118164,-13.975000381469727,83,105,80,30000,0
11.375,-5.489999771118164,-14.625,90,105,80,30000,0
11.375,-5.489999771118164,-15.274999618530273,96,105,80,30000,0
11.375,-5.489999771118164,-15.925000190734863,97,105,80,30000,0
11.375,-5.489999771118164,-16.575000762939453,93,105,80,30000,0
11.375,-5.489999771118164,-17.225000381469727,86,105,80,30000,0
11.375,-5.489999771118164,-17.875,78,105,80,30000,0
11.375,-5.489999771118164,-18.524999618530273,74,105,80,30000,0
11.375,-5.489999771118164,-19.174999237060547,74,105,80,30000,0
11.375,-5.489999771118164,-19.825000762939453,78,105,80,30000,0
12.024999618530273,-5.489999771118164,19.825000762939453,74,105,80,30000,0
12.024999618530273,-5.489999771118164,19.174999237060547,74,105,80,30000,0
12.024999618530273,-5.489999771118164,18.524999618530273,78,105,80,30000,0
12.024999618530273,-5.489999771118164,17.875,85,105,80,30000,0
12.024999618530273,-5.489999771118164,17.225000381469727,93,105,80,30000,0
12.024999618530273,-5.489999771118164,16.575000762939453,97,105,80,30000,0
12.024999618530273,-5.489999771118164,15.925000190734863,96,105,80,30000,0
12.024999618530273,-5.489999771118164,15.274999618530273,91,105,80,30000,0
12.024999618530273,-5.489999771118164,14.625,83,105,80,30000,0
12.024999618530273,-5.489999771118164,13.975000381469727,76,105,80,30000,0
12.024999618530273,-5.489999771118164,13.324999809265137,73,105,80,30000,0
12.024999618530273,-5.489999771118164,12.675000190734863,75,105,80,30000,0
12.024999618530273,-5.489999771118164,12.024999618530273,80,105,80,30000,0
12.024999618530273,-5.489999771118164,11.375,88,105,80,30000,0
12.024999618530273,-5.489999771118164,10.725000381469727,94,105,80,30000,0
12.024999618530273,-5.489999771118164,10.074999809265137,97,105,80,30000,0
12.024999618530273,-5.489999771118164,9.425000190734863,95,105,80,30000,0
12.024999618530273,-5.489999771118164,8.774999618530273,88,105,80,30000,0
12.024999618530273,-5.489999771118164,8.125,81,105,80,30000,0
12.024999618530273,-5.489999771118164,7.474999904632568,75,105,80,30000,0
12.024999618530273,-5.489999771118164,6.824999809265137,73,105,80,30000,0
12.024999618530273,-5.489999771118164,6.175000190734863,76,105,80,30000,0
12.024999618530273,-5.489999771118164,5.525000095367432,83,105,80,30000,0
12.024999618530273,-5.489999771118164,4.875,90,105,80,30000,0
12.024999618530273,-5.489999771118164,4.224999904632568,96,105,80,30000,0
12.024999618530273,-5.489999771118164,3.575000047683716,97,105,80,30000,0
12.024999618530273,-5.489999771118164,2.924999952316284,93,105,80,30000,0
12.024999618530273,-5.489999771118164,2.2750000953674316,86,105,80,30000,0
12.024999618530273,-5.489999771118164,1.625,78,105,80,30000,0
12.024999618530273,-5.489999771118164,0.9750000238418579,74,105,80,30000,0
12.024999618530273,-5.489999771118164,0.32499998807907104,74,105,80,30000,0
12.024999618530273,-5.489999771118164,-0.32499998807907104,78,105,80,30000,0
12.024999618530273,-5.489999771118164,-0.9750000238418579,85,105,80,30000,0
12.024999618530273,-5.489999771118164,-1.625,93,105,80,30000,0
12.024999618530273,-5.489999771118164,-2.2750000953674316,97,105,80,30000,0
12.024999618530273,-5.489999771118164,-2.924999952316284,96,105,80,30000,0
12.024999618530273,-5.489999771118164,-3.575000047683716,91,105,80,30000,0
12.024999618530273,-5.489999771118164,-4.224999904632568,83,105,80,30000,0
12.024999618530273,-5.489999771118164,-4.875,76,105,80,30000,0
12.024999618530273,-5.489999771118164,-5.525000095367432,73,105,80,30000,0
12.024999618530273,-5.489999771118164,-6.175000190734863,75,105,80,30000,0
12.024999618530273,-5.489999771118164,-6.824999809265137,80,105,80,30000,0
12.024999618530273,-5.489999771118164,-7.474999904632568,88,105,80,30000,0
12.024999618530273,-5.489999771118164,-8.125,94,105,80,30000,0
12.024999618530273,-5.489999771118164,-8.774999618530273,97,105,80,30000,0
12.024999618530273,-5.489999771118164,-9.425000190734863,95,105,80,30000,0
12.024999618530273,-5.489999771118164,-10.074999809265137,88,105,80,30000,0
12.024999618530273,-5.489999771118164,-10.725000381469727,81,105,80,30000,0
12.024999618530273,-5.489999771118164,-11.375,75,105,80,30000,0
12.024999618530273,-5.489999771118164,-12.024999618530273,73,105,80,30000,0
12.024999618530273,-5.489999771118164,-12.675000190734863,76,105,80,30000,0
12.024999618530273,-5.489999771118164,-13.324999809265137,83,105,80,30000,0
12.024999618530273,-5.489999771118164,-13.975000381469727,90,105,80,30000,0
12.024999618530273,-5.489999771118164,-14.625,96,105,80,30000,0
12.024999618530273,-5.489999771118164,-15.274999618530273,97,105,80,30000,0
12.024999618530273,-5.489999771118164,-15.925000190734863,93,105,80,30000,0
12.024999618530273,-5.489999771118164,-16.575000762939453,86,105,80,30000,0
12.024999618530273,-5.489999771118164,-17.225000381469727,78,105,80,30000,0
12.024999618530273,-5.489999771118164,-17.875,74,105,80,30000,0
12.024999618530273,-5.489999771118164,-18.524999618530273,74,105,80,30000,0
12.024999618530273,-5.489999771118164,-19.174999237060547,78,105,80,30000,0
12.024999618530273,-5.489999771118164,-19.825000762939453,85,105,80,30000,0
12.675000190734863,-5.489999771118164,19.825000762939453,74,105,80,30000,0
12.675000190734863,-5.489999771118164,19.174999237060547,78,105,80,30000,0
12.675000190734863,-5.489999771118164,18.524999618530273,85,105,80,30000,0
12.675000190734863,-5.489999771118164,17.875,93,105,80,30000,0
12.675000190734863,-5.489999771118164,17.225000381469727,97,105,80,30000,0
12.675000190734863,-5.489999771118164,16.575000762939453,96,105,80,30000,0
12.675000190734863,-5.489999771118164,15.925000190734863,91,105,80,30000,0
12.675000190734863,-5.489999771118164,15.274999618530273,83,105,80,30000,0
12.675000190734863,-5.489999771118164,14.625,76,105,80,30000,0
12.675000190734863,-5.489999771118164,13.975000381469727,73,105,80,30000,0
12.675000190734863,-5.489999771118164,13.324999809265137,75,105,80,30000,0
12.675000190734863,-5.489999771118164,12.675000190734863,80,105,80,30000,0
12.675000190734863,-5.489999771118164,12.024999618530273,88,105,80,30000,0
12.675000190734863,-5.489999771118164,11.375,94,105,80,30000,0
12.675000190734863,-5.489999771118164,10.725000381469727,97,105,80,30000,0
12.675000190734863,-5.489999771118164,10.074999809265137,95,105,80,30000,0
12.675000190734863,-5.489999771118164,9.425000190734863,88,105,80,30000,0
12.675000190734863,-5.489999771118164,8.774999618530273,81,105,80,30000,0
12.675000190734863,-5.489999771118164,8.125,75,105,80,30000,0
12.675000190734863,-5.489999771118164,7.474999904632568,73,105,80,30000,0
12.675000190734863,-5.489999771118164,6.824999809265137,76,105,80,30000,0
12.675000190734863,-5.489999771118164,6.175000190734863,83,105,80,30000,0
12.675000190734863,-5.489999771118164,5.525000095367432,90,105,80,30000,0
12.675000190734863,-5.489999771118164,4.875,96,105,80,30000,0
12.675000190734863,-5.489999771118164,4.224999904632568,97,105,80,30000,0
12.675000190734863,-5.489999771118164,3.575000047683716,93,105,80,30000,0
12.675000190734863,-5.489999771118164,2.924999952316284,86,105,80,30000,0
12.675000190734863,-5.489999771118164,2.2750000953674316,78,105,80,30000,0
12.675000190734863,-5.489999771118164,1.625,74,105,80,30000,0
12.675000190734863,-5.489999771118164,0.9750000238418579,74,105,80,30000,0
12.675000190734863,-5.489999771118164,0.32499998807907104,78,105,80,30000,0
12.675000190734863,-5.489999771118164,-0.32499998807907104,85,105,80,30000,0
12.675000190734863,-5.489999771118164,-0.9750000238418579,93,105,80,30000,0
12.675000190734863,-5.489999771118164,-1.625,97,105,80,30000,0
12.675000190734863,-5.489999771118164,-2.2750000953674316,96,105,80,30000,0
12.675000190734863,-5.489999771118164,-2.924999952316284,91,105,80,30000,0
12.675000190734863,-5.489999771118164,-3.575000047683716,83,105,80,30000,0
12.675000190734863,-5.489999771118164,-4.224999904632568,76,105,80,30000,0
12.675000190734863,-5.489999771118164,-4.875,73,105,80,30000,0
12.675000190734863,-5.489999771118164,-5.525000095367432,75,105,80,30000,0
12.675000190734863,-5.489999771118164,-6.175000190734863,80,105,80,30000,0
12.675000190734863,-5.489999771118164,-6.824999809265137,88,105,80,30000,0
12.675000190734863,-5.489999771118164,-7.474999904632568,94,105,80,30000,0
12.675000190734863,-5.489999771118164,-8.125,97,105,80,30000,0
12.675000190734863,-5.489999771118164,-8.774999618530273,95,105,80,30000,0
12.675000190734863,-5.489999771118164,-9.425000190734863,88,105,80,30000,0
12.675000190734863,-5.489999771118164,-10.074999809265137,81,105,80,30000,0
12.675000190734863,-5.489999771118164,-10.725000381469727,75,105,80,30000,0
12.675000190734863,-5.489999771118164,-11.375,73,105,80,30000,0
12.675000190734863,-5.489999771118164,-12.024999618530273,76,105,80,30000,0
12.675000190734863,-5.489999771118164,-12.675000190734863,83,105,80,30000,0
12.675000190734863,-5.489999771118164,-13.324999809265137,90,105,80,30000,0
12.675000190734863,-5.489999771118164,-13.975000381469727,96,105,80,30000,0
12.675000190734863,-5.489999771118164,-14.625,97,105,80,30000,0
12.675000190734863,-5.489999771118164,-15.274999618530273,93,105,80,30000,0
12.675000190734863,-5.489999771118164,-15.925000190734863,86,105,80,30000,0
12.675000190734863,-5.489999771118164,-16.575000762939453,78,105,80,30000,0
12.675000190734863,-5.489999771118164,-17.225000381469727,74,105,80,30000,0
12.675000190734863,-5.489999771118164,-17.875,74,105,80,30000,0
12.675000190734863,-5.489999771118164,-18.524999618530273,78,105,80,30000,0
12.675000190734863,-5.489999771118164,-19.174999237060547,85,105,80,30000,0
12.675000190734863,-5.489999771118164,-19.825000762939453,93,105,80,30000,0
13.324999809265137,-5.489999771118164,19.825000762939453,78,105,80,30000,0
13.324999809265137,-5.489999771118164,19.174999237060547,85,105,80,30000,0
13.324999809265137,-5.489999771118164,18.524999618530273,93,105,80,30000,0
13.324999809265137,-5.489999771118164,17.875,97,105,80,30000,0
13.324999809265137,-5.489999771118164,17.225000381469727,96,105,80,30000,0
13.324999809265137,-5.489999771118164,16.575000762939453,91,105,80,30000,0
13.324999809265137,-5.489999771118164,15.925000190734863,83,105,80,30000,0
13.324999809265137,-5.489999771118164,15.274999618530273,76,105,80,30000,0
13.324999809265137,-5.489999771118164,14.625,73,105,80,30000,0
13.324999809265137,-5.489999771118164,13.975000381469727,75,105,80,30000,0
13.324999809265137,-5.489999771118164,13.324999809265137,80,105,80,30000,0
13.324999809265137,-5.489999771118164,12.675000190734863,88,105,80,30000,0
13.324999809265137,-5.489999771118164,12.024999618530273,94,105,80,30000,0
13.324999809265137,-5.489999771118164,11.375,97,105,80,30000,0
13.324999809265137,-5.489999771118164,10.725000381469727,95,105,80,30000,0
13.324999809265137,-5.489999771118164,10.074999809265137,88,105,80,30000,0
13.324999809265137,-5.489999771118164,9.425000190734863,81,105,80,30000,0
13.324999809265137,-5.489999771118164,8.774999618530273,75,105,80,30000,0
13.324999809265137,-5.489999771118164,8.125,73,105,80,30000,0
13.324999809265137,-5.489999771118164,7.474999904632568,76,105,80,30000,0
13.324999809265137,-5.489999771118164,6.824999809265137,83,105,80,30000,0
13.324999809265137,-5.489999771118164,6.175000190734863,90,105,80,30000,0
13.324999809265137,-5.489999771118164,5.525000095367432,96,105,80,30000,0
13.324999809265137,-5.489999771118164,4.875,97,105,80,30000,0
13.324999809265137,-5.489999771118164,4.224999904632568,93,105,80,30000,0
13.324999809265137,-5.489999771118164,3.575000047683716,86,105,80,30000,0
13.324999809265137,-5.489999771118164,2.924999952316284,78,105,80,30000,0
13.324999809265137,-5.489999771118164,2.2750000953674316,74,105,80,30000,0
13.324999809265137,-5.489999771118164,1.625,74,105,80,30000,0
13.324999809265137,-5.489999771118164,0.9750000238418579,78,105,80,30000,0
13.324999809265137,-5.489999771118164,0.32499998807907104,85,105,80,30000,0
13.324999809265137,-5.489999771118164,-0.32499998807907104,93,105,80,30000,0
13.324999809265137,-5.489999771118164,-0.9750000238418579,97,105,80,30000,0
13.324999809265137,-5.489999771118164,-1.625,96,105,80,30000,0
13.324999809265137,-5.489999771118164,-2.2750000953674316,91,105,80,30000,0
13.324999809265137,-5.489999771118164,-2.924999952316284,83,105,80,30000,0
13.324999809265137,-5.489999771118164,-3.575000047683716,76,105,80,30000,0
13.324999809265137,-5.489999771118164,-4.224999904632568,73,105,80,30000,0
13.324999809265137,-5.489999771118164,-4.875,75,105,80,30000,0
13.324999809265137,-5.489999771118164,-5.525000095367432,80,105,80,30000,0
13.324999809265137,-5.489999771118164,-6.175000190734863,88,105,80,30000,0
13.324999809265137,-5.489999771118164,-6.824999809265137,94,105,80,30000,0
13.324999809265137,-5.489999771118164,-7.474999904632568,97,105,80,30000,0
13.324999809265137,-5.489999771118164,-8.125,95,105,80,30000,0
13.324999809265137,-5.489999771118164,-8.774999618530273,88,105,80,30000,0
13.324999809265137,-5.489999771118164,-9.425000190734863,81,105,80,30000,0
13.324999809265137,-5.489999771118164,-10.074999809265137,75,105,80,30000,0
13.324999809265137,-5.489999771118164,-10.725000381469727,73,105,80,30000,0
13.324999809265137,-5.489999771118164,-11.375,76,105,80,30000,0
13.324999809265137,-5.489999771118164,-12.024999618530273,83,105,80,30000,0
13.324999809265137,-5.489999771118164,-12.675000190734863,90,105,80,30000,0
13.324999809265137,-5.489999771118164,-13.324999809265137,96,105,80,30000,0
13.324999809265137,-5.489999771118164,-13.975000381469727,97,105,80,30000,0
13.324999809265137,-5.489999771118164,-14.625,93,105,80,30000,0
13.324999809265137,-5.489999771118164,-15.274999618530273,86,105,80,30000,0
13.324999809265137,-5.489999771118164,-15.925000190734863,78,105,80,30000,0
13.324999809265137,-5.489999771118164,-16.575000762939453,74,105,80,30000,0
13.324999809265137,-5.489999771118164,-17.225000381469727,74,105,80,30000,0
13.324999809265137,-5.489999771118164,-17.875,78,105,80,30000,0
13.324999809265137,-5.489999771118164,-18.524999618530273,85,105,80,30000,0
13.324999809265137,-5.489999771118164,-19.174999237060547,93,105,80,30000,0
13.324999809265137,-5.489999771118164,-19.825000762939453,97,105,80,30000,0
13.975000381469727,-5.489999771118164,19.825000762939453,85,105,80,30000,0
13.975000381469727,-5.489999771118164,19.174999237060547,93,105,80,30000,0
13.975000381469727,-5.489999771118164,18.524999618530273,97,105,80,30000,0
13.975000381469727,-5.489999771118164,17.875,96,105,80,30000,0
13.975000381469727,-5.489999771118164,17.225000381469727,91,105,80,30000,0
13.975000381469727,-5.489999771118164,16.575000762939453,83,105,80,30000,0
13.975000381469727,-5.489999771118164,15.925000190734863,76,105,80,30000,0
13.975000381469727,-5.489999771118164,15.274999618530273,73,105,80,30000,0
13.975000381469727,-5.489999771118164,14.625,75,105,80,30000,0
13.975000381469727,-5.489999771118164,13.975000381469727,80,105,80,30000,0
13.975000381469727,-5.489999771118164,13.324999809265137,88,105,80,30000,0
13.975000381469727,-5.489999771118164,12.675000190734863,94,105,80,30000,0
13.975000381469727,-5.489999771118164,12.024999618530273,97,105,80,30000,0
13.975000381469727,-5.489999771118164,11.375,95,105,80,30000,0
13.975000381469727,-5.489999771118164,10.725000381469727,88,105,80,30000,0
13.975000381469727,-5.489999771118164,10.074999809265137,81,105,80,30000,0
13.975000381469727,-5.489999771118164,9.425000190734863,75,105,80,30000,0
13.975000381469727,-5.489999771118164,8.774999618530273,73,105,80,30000,0
13.975000381469727,-5.489999771118164,8.125,76,105,80,30000,0
13.975000381469727,-5.489999771118164,7.474999904632568,83,105,80,30000,0
13.975000381469727,-5.489999771118164,6.824999809265137,90,105,80,30000,0
13.975000381469727,-5.489999771118164,6.175000190734863,96,105,80,30000,0
13.975000381469727,-5.489999771118164,5.525000095367432,97,105,80,30000,0
13.975000381469727,-5.489999771118164,4.875,93,105,80,30000,0
13.975000381469727,-5.489999771118164,4.224999904632568,86,105,80,30000,0
13.975000381469727,-5.489999771118164,3.575000047683716,78,105,80,30000,0
13.975000381469727,-5.489999771118164,2.924999952316284,74,105,80,30000,0
13.975000381469727,-5.489999771118164,2.2750000953674316,74,105,80,30000,0
13.975000381469727,-5.489999771118164,1.625,78,105,80,30000,0
13.975000381469727,-5.489999771118164,0.9750000238418579,85,105,80,30000,0
13.975000381469727,-5.489999771118164,0.32499998807907104,93,105,80,30000,0
13.975000381469727,-5.489999771118164,-0.32499998807907104,97,105,80,30000,0
13.975000381469727,-5.489999771118164,-0.9750000238418579,96,105,80,30000,0
13.975000381469727,-5.489999771118164,-1.625,91,105,80,30000,0
13.975000381469727,-5.489999771118164,-2.2750000953674316,83,105,80,30000,0
13.975000381469727,-5.489999771118164,-2.924999952316284,76,105,80,30000,0
13.975000381469727,-5.489999771118164,-3.575000047683716,73,105,80,30000,0
13.975000381469727,-5.489999771118164,-4.224999904632568,75,105,80,30000,0
13.975000381469727,-5.489999771118164,-4.875,80,105,80,30000,0
13.975000381469727,-5.489999771118164,-5.525000095367432,88,105,80,30000,0
13.975000381469727,-5.489999771118164,-6.175000190734863,94,105,80,30000,0
13.975000381469727,-5.489999771118164,-6.824999809265137,97,105,80,30000,0
13.975000381469727,-5.489999771118164,-7.474999904632568,95,105,80,30000,0
13.975000381469727,-5.489999771118164,-8.125,88,105,80,30000,0
13.975000381469727,-5.489999771118164,-8.774999618530273,81,105,80,30000,0
13.975000381469727,-5.489999771118164,-9.425000190734863,75,105,80,30000,0
13.975000381469727,-5.489999771118164,-10.074999809265137,73,105,80,30000,0
13.975000381469727,-5.489999771118164,-10.725000381469727,76,105,80,30000,0
13.975000381469727,-5.489999771118164,-11.375,83,105,80,30000,0
13.975000381469727,-5.489999771118164,-12.024999618530273,90,105,80,30000,0
13.975000381469727,-5.489999771118164,-12.675000190734863,96,105,80,30000,0
13.975000381469727,-5.489999771118164,-13.324999809265137,97,105,80,30000,0
13.975000381469727,-5.489999771118164,-13.975000381469727,93,105,80,30000,0
13.975000381469727,-5.489999771118164,-14.625,86,105,80,30000,0
13.975000381469727,-5.489999771118164,-15.274999618530273,78,105,80,30000,0
13.975000381469727,-5.489999771118164,-15.925000190734863,74,105,80,30000,0
13.975000381469727,-5.489999771118164,-16.575000762939453,74,105,80,30000,0
13.975000381469727,-5.489999771118164,-17.225000381469727,78,105,80,30000,0
13.975000381469727,-5.489999771118164,-17.875,85,105,80,30000,0
13.975000381469727,-5.489999771118164,-18.524999618530273,93,105,80,30000,0
13.975000381469727,-5.489999771118164,-19.174999237060547,97,105,80,30000,0
13.975000381469727,-5.489999771118164,-19.825000762939453,96,105,80,30000,0
14.625,-5.489999771118164,19.825000762939453,93,105,80,30000,0
14.625,-5.489999771118164,19.174999237060547,97,105,80,30000,0
14.625,-5.489999771118164,18.524999618530273,96,105,80,30000,0
14.625,-5.489999771118164,17.875,91,105,80,30000,0
14.625,-5.489999771118164,17.225000381469727,83,105,80,30000,0
14.625,-5.489999771118164,16.575000762939453,76,105,80,30000,0
14.625,-5.489999771118164,15.925000190734863,73,105,80,30000,0
14.625,-5.489999771118164,15.274999618530273,75,105,80,30000,0
14.625,-5.489999771118164,14.625,80,105,80,30000,0
14.625,-5.489999771118164,13.975000381469727,88,105,80,30000,0
14.625,-5.489999771118164,13.324999809265137,94,105,80,30000,0
14.625,-5.489999771118164,12.675000190734863,97,105,80,30000,0
14.625,-5.489999771118164,12.024999618530273,95,105,80,30000,0
14.625,-5.489999771118164,11.375,88,105,80,30000,0
14.625,-5.489999771118164,10.725000381469727,81,105,80,30000,0
14.625,-5.489999771118164,10.074999809265137,75,105,80,30000,0
14.625,-5.489999771118164,9.425000190734863,73,105,80,30000,0
14.625,-5.489999771118164,8.774999618530273,76,105,80,30000,0
14.625,-5.489999771118164,8.125,83,105,80,30000,0
14.625,-5.489999771118164,7.474999904632568,90,105,80,30000,0
14.625,-5.489999771118164,6.824999809265137,96,105,80,30000,0
14.625,-5.489999771118164,6.175000190734863,97,105,80,30000,0
14.625,-5.489999771118164,5.525000095367432,93,105,80,30000,0
14.625,-5.489999771118164,4.875,86,105,80,30000,0
14.625,-5.489999771118164,4.224999904632568,78,105,80,30000,0
14.625,-5.489999771118164,3.575000047683716,74,105,80,30000,0
14.625,-5.489999771118164,2.924999952316284,74,105,80,30000,0
14.625,-5.489999771118164,2.2750000953674316,78,105,80,30000,0
14.625,-5.489999771118164,1.625,85,105,80,30000,0
14.625,-5.489999771118164,0.9750000238418579,93,105,80,30000,0
14.625,-5.489999771118164,0.32499998807907104,97,105,80,30000,0
14.625,-5.489999771118164,-0.32499998807907104,96,105,80,30000,0
14.625,-5.489999771118164,-0.9750000238418579,91,105,80,30000,0
14.625,-5.489999771118164,-1.625,83,105,80,30000,0
14.625,-5.489999771118164,-2.2750000953674316,76,105,80,30000,0
14.625,-5.489999771118164,-2.924999952316284,73,105,80,30000,0
14.625,-5.489999771118164,-3.575000047683716,75,105,80,30000,0
14.625,-5.489999771118164,-4.224999904632568,80,105,80,30000,0
14.625,-5.489999771118164,-4.875,88,105,80,30000,0
14.625,-5.489999771118164,-5.525000095367432,94,105,80,30000,0
14.625,-5.489999771118164,-6.175000190734863,97,105,80,30000,0
14.625,-5.489999771118164,-6.824999809265137,95,105,80,30000,0
14.625,-5.489999771118164,-7.474999904632568,88,105,80,30000,0
14.625,-5.489999771118164,-8.125,81,105,80,30000,0
14.625,-5.489999771118164,-8.774999618530273,75,105,80,30000,0
14.625,-5.489999771118164,-9.425000190734863,73,105,80,30000,0
14.625,-5.489999771118164,-10.074999809265137,76,105,80,30000,0
14.625,-5.489999771118164,-10.725000381469727,83,105,80,30000,0
14.625,-5.489999771118164,-11.375,90,105,80,30000,0
14.625,-5.489999771118164,-12.024999618530273,96,105,80,30000,0
14.625,-5.489999771118164,-12.675000190734863,97,105,80,30000,0
14.625,-5.489999771118164,-13.324999809265137,93,105,80,30000,0
14.625,-5.489999771118164,-13.975000381469727,86,105,80,30000,0
14.625,-5.489999771118164,-14.625,78,105,80,30000,0
14.625,-5.489999771118164,-15.274999618530273,74,105,80,30000,0
14.625,-5.489999771118164,-15.925000190734863,74,105,80,30000,0
14.625,-5.489999771118164,-16.575000762939453,78,105,80,30000,0
14.625,-5.489999771118164,-17.225000381469727,85,105,80,30000,0
14.625,-5.489999771118164,-17.875,93,105,80,30000,0
14.625,-5.489999771118164,-18.524999618530273,97,105,80,30000,0
14.625,-5.489999771118164,-19.174999237060547,96,105,80,30000,0
14.625,-5.489999771118164,-19.825000762939453,91,105,80,30000,0
15.274999618530273,-5.489999771118164,19.825000762939453,97,105,80,30000,0
15.274999618530273,-5.489999771118164,19.174999237060547,96,105,80,30000,0
15.274999618530273,-5.489999771118164,18.524999618530273,91,105,80,30000,0
15.274999618530273,-5.489999771118164,17.875,83,105,80,30000,0
15.274999618530273,-5.489999771118164,17.225000381469727,76,105,80,30000,0
15.274999618530273,-5.489999771118164,16.575000762939453,73,105,80,30000,0
15.274999618530273,-5.489999771118164,15.925000190734863,75,105,80,30000,0
15.274999618530273,-5.489999771118164,15.274999618530273,80,105,80,30000,0
15.274999618530273,-5.489999771118164,14.625,88,105,80,30000,0
15.274999618530273,-5.489999771118164,13.975000381469727,94,105,80,30000,0
15.274999618530273,-5.489999771118164,13.324999809265137,97,105,80,30000,0
15.274999618530273,-5.489999771118164,12.675000190734863,95,105,80,30000,0
15.274999618530273,-5.489999771118164,12.024999618530273,88,105,80,30000,0
15.274999618530273,-5.489999771118164,11.375,81,105,80,30000,0
15.274999618530273,-5.489999771118164,10.725000381469727,75,105,80,30000,0
15.274999618530273,-5.489999771118164,10.074999809265137,73,105,80,30000,0
15.274999618530273,-5.489999771118164,9.425000190734863,76,105,80,30000,0
15.274999618530273,-5.489999771118164,8.774999618530273,83,105,80,30000,0
15.274999618530273,-5.489999771118164,8.125,90,105,80,30000,0
15.274999618530273,-5.489999771118164,7.474999904632568,96,105,80,30000,0
15.274999618530273,-5.489999771118164,6.824999809265137,97,105,80,30000,0
15.274999618530273,-5.489999771118164,6.175000190734863,93,105,80,30000,0
15.274999618530273,-5.489999771118164,5.525000095367432,86,105,80,30000,0
15.274999618530273,-5.489999771118164,4.875,78,105,80,30000,0
15.274999618530273,-5.489999771118164,4.224999904632568,74,105,80,30000,0
15.274999618530273,-5.489999771118164,3.575000047683716,74,105,80,30000,0
15.274999618530273,-5.489999771118164,2.924999952316284,78,105,80,30000,0
15.274999618530273,-5.489999771118164,2.2750000953674316,85,105,80,30000,0
15.274999618530273,-5.489999771118164,1.625,93,105,80,30000,0
15.274999618530273,-5.489999771118164,0.9750000238418579,97,105,80,30000,0
15.274999618530273,-5.489999771118164,0.32499998807907104,96,105,80,30000,0
15.274999618530273,-5.489999771118164,-0.32499998807907104,91,105,80,30000,0
15.274999618530273,-5.489999771118164,-0.9750000238418579,83,105,80,30000,0
15.274999618530273,-5.489999771118164,-1.625,76,105,80,30000,0
15.274999618530273,-5.489999771118164,-2.2750000953674316,73,105,80,30000,0
15.274999618530273,-5.489999771118164,-2.924999952316284,75,105,80,30000,0
15.274999618530273,-5.489999771118164,-3.575000047683716,80,105,80,30000,0
15.274999618530273,-5.489999771118164,-4.224999904632568,88,105,80,30000,0
15.274999618530273,-5.489999771118164,-4.875,94,105,80,30000,0
15.274999618530273,-5.489999771118164,-5.525000095367432,97,105,80,30000,0
15.274999618530273,-5.489999771118164,-6.175000190734863,95,105,80,30000,0
15.274999618530273,-5.489999771118164,-6.824999809265137,88,105,80,30000,0
15.274999618530273,-5.489999771118164,-7.474999904632568,81,105,80,30000,0
15.274999618530273,-5.489999771118164,-8.125,75,105,80,30000,0
15.274999618530273,-5.489999771118164,-8.774999618530273,73,105,80,30000,0
15.274999618530273,-5.489999771118164,-9.425000190734863,76,105,80,30000,0
15.274999618530273,-5.489999771118164,-10.074999809265137,83,105,80,30000,0
15.274999618530273,-5.489999771118164,-10.725000381469727,90,105,80,30000,0
15.274999618530273,-5.489999771118164,-11.375,96,105,80,30000,0
15.274999618530273,-5.489999771118164,-12.024999618530273,97,105,80,30000,0
15.274999618530273,-5.489999771118164,-12.675000190734863,93,105,80,30000,0
15.274999618530273,-5.489999771118164,-13.324999809265137,86,105,80,30000,0
15.274999618530273,-5.489999771118164,-13.975000381469727,78,105,80,30000,0
15.274999618530273,-5.489999771118164,-14.625,74,105,80,30000,0
15.274999618530273,-5.489999771118164,-15.274999618530273,74,105,80,30000,0
15.274999618530273,-5.489999771118164,-15.925000190734863,78,105,80,30000,0
15.274999618530273,-5.489999771118164,-16.575000762939453,85,105,80,30000,0
15.274999618530273,-5.489999771118164,-17.225000381469727,93,105,80,30000,0
15.274999618530273,-5.489999771118164,-17.875,97,105,80,30000,0
15.274999618530273,-5.489999771118164,-18.524999618530273,96,105,80,30000,0
15.274999618530273,-5.489999771118164,-19.174999237060547,91,105,80,30000,0
15.274999618530273,-5.489999771118164,-19.825000762939453,83,105,80,30000,0
15.925000190734863,-5.489999771118164,19.825000762939453,96,105,80,30000,0
15.925000190734863,-5.489999771118164,19.174999237060547,91,105,80,30000,0
15.925000190734863,-5.489999771118164,18.524999618530273,83,105,80,30000,0
15.925000190734863,-5.489999771118164,17.875,76,105,80,30000,0
15.925000190734863,-5.489999771118164,17.225000381469727,73,105,80,30000,0
15.925000190734863,-5.489999771118164,16.575000762939453,75,105,80,30000,0
15.925000190734863,-5.489999771118164,15.925000190734863,80,105,80,30000,0
15.925000190734863,-5.489999771118164,15.274999618530273,88,105,80,30000,0
15.925000190734863,-5.489999771118164,14.625,94,105,80,30000,0
15.925000190734863,-5.489999771118164,13.975000381469727,97,105,80,30000,0
15.925000190734863,-5.489999771118164,13.324999809265137,95,105,80,30000,0
15.925000190734863,-5.489999771118164,12.675000190734863,88,105,80,30000,0
15.925000190734863,-5.489999771118164,12.024999618530273,81,105,80,30000,0
15.925000190734863,-5.489999771118164,11.375,75,105,80,30000,0
15.925000190734863,-5.489999771118164,10.725000381469727,73,105,80,30000,0
15.925000190734863,-5.489999771118164,10.074999809265137,76,105,80,30000,0
15.925000190734863,-5.489999771118164,9.425000190734863,83,105,80,30000,0
15.925000190734863,-5.489999771118164,8.774999618530273,90,105,80,30000,0
15.925000190734863,-5.489999771118164,8.125,96,105,80,30000,0
15.925000190734863,-5.489999771118164,7.474999904632568,97,105,80,30000,0
15.925000190734863,-5.489999771118164,6.824999809265137,93,105,80,30000,0
15.925000190734863,-5.489999771118164,6.175000190734863,86,105,80,30000,0
15.925000190734863,-5.489999771118164,5.525000095367432,78,105,80,30000,0
15.925000190734863,-5.489999771118164,4.875,74,105,80,30000,0
15.925000190734863,-5.489999771118164,4.224999904632568,74,105,80,30000,0
15.925000190734863,-5.489999771118164,3.575000047683716,78,105,80,30000,0
15.925000190734863,-5.489999771118164,2.924999952316284,85,105,80,30000,0
15.925000190734863,-5.489999771118164,2.2750000953674316,93,105,80,30000,0
15.925000190734863,-5.489999771118164,1.625,97,105,80,30000,0
15.925000190734863,-5.489999771118164,0.9750000238418579,96,105,80,30000,0
15.925000190734863,-5.489999771118164,0.32499998807907104,91,105,80,30000,0
15.925000190734863,-5.489999771118164,-0.32499998807907104,83,105,80,30000,0
15.925000190734863,-5.489999771118164,-0.9750000238418579,76,105,80,30000,0
15.925000190734863,-5.489999771118164,-1.625,73,105,80,30000,0
15.925000190734863,-5.489999771118164,-2.2750000953674316,75,105,80,30000,0
15.925000190734863,-5.489999771118164,-2.924999952316284,80,105,80,30000,0
15.925000190734863,-5.489999771118164,-3.575000047683716,88,105,80,30000,0
15.925000190734863,-5.489999771118164,-4.224999904632568,94,105,80,30000,0
15.925000190734863,-5.489999771118164,-4.875,97,105,80,30000,0
15.925000190734863,-5.489999771118164,-5.525000095367432,95,105,80,30000,0
15.925000190734863,-5.489999771118164,-6.175000190734863,88,105,80,30000,0
15.925000190734863,-5.489999771118164,-6.824999809265137,81,105,80,30000,0
15.925000190734863,-5.489999771118164,-7.474999904632568,75,105,80,30000,0
15.925000190734863,-5.489999771118164,-8.125,73,105,80,30000,0
15.925000190734863,-5.489999771118164,-8.774999618530273,76,105,80,30000,0
15.925000190734863,-5.489999771118164,-9.425000190734863,83,105,80,30000,0
15.925000190734863,-5.489999771118164,-10.074999809265137,90,105,80,30000,0
15.925000190734863,-5.489999771118164,-10.725000381469727,96,105,80,30000,0
15.925000190734863,-5.489999771118164,-11.375,97,105,80,30000,0
15.925000190734863,-5.489999771118164,-12.024999618530273,93,105,80,30000,0
15.925000190734863,-5.489999771118164,-12.675000190734863,86,105,80,30000,0
15.925000190734863,-5.489999771118164,-13.324999809265137,78,105,80,30000,0
15.925000190734863,-5.489999771118164,-13.975000381469727,74,105,80,30000,0
15.925000190734863,-5.489999771118164,-14.625,74,105,80,30000,0
15.925000190734863,-5.489999771118164,-15.274999618530273,78,105,80,30000,0
15.925000190734863,-5.489999771118164,-15.925000190734863,85,105,80,30000,0
15.925000190734863,-5.489999771118164,-16.575000762939453,93,105,80,30000,0
15.925000190734863,-5.489999771118164,-17.225000381469727,97,105,80,30000,0
15.925000190734863,-5.489999771118164,-17.875,96,105,80,30000,0
15.925000190734863,-5.489999771118164,-18.524999618530273,91,105,80,30000,0
15.925000190734863,-5.489999771118164,-19.174999237060547,83,105,80,30000,0
15.925000190734863,-5.489999771118164,-19.825000762939453,76,105,80,30000,0
16.575000762939453,-5.489999771118164,19.825000762939453,91,105,80,30000,0
16.575000762939453,-5.489999771118164,19.174999237060547,83,105,80,30000,0
16.575000762939453,-5.489999771118164,18.524999618530273,76,105,80,30000,0
16.575000762939453,-5.489999771118164,17.875,73,105,80,30000,0
16.575000762939453,-5.489999771118164,17.225000381469727,75,105,80,30000,0
16.575000762939453,-5.489999771118164,16.575000762939453,80,105,80,30000,0
16.575000762939453,-5.489999771118164,15.925000190734863,88,105,80,30000,0
16.575000762939453,-5.489999771118164,15.274999618530273,94,105,80,30000,0
16.575000762939453,-5.489999771118164,14.625,97,105,80,30000,0
16.575000762939453,-5.489999771118164,13.975000381469727,95,105,80,30000,0
16.575000762939453,-5.489999771118164,13.324999809265137,88,105,80,30000,0
16.575000762939453,-5.489999771118164,12.675000190734863,81,105,80,30000,0
16.575000762939453,-5.489999771118164,12.024999618530273,75,105,80,30000,0
16.575000762939453,-5.489999771118164,11.375,73,105,80,30000,0
16.575000762939453,-5.489999771118164,10.725000381469727,76,105,80,30000,0
16.575000762939453,-5.489999771118164,10.074999809265137,83,105,80,30000,0
16.575000762939453,-5.489999771118164,9.425000190734863,90,105,80,30000,0
16.575000762939453,-5.489999771118164,8.774999618530273,96,105,80,30000,0
16.575000762939453,-5.489999771118164,8.125,97,105,80,30000,0
16.575000762939453,-5.489999771118164,7.474999904632568,93,105,80,30000,0
16.575000762939453,-5.489999771118164,6.824999809265137,86,105,80,30000,0
16.575000762939453,-5.489999771118164,6.175000190734863,78,105,80,30000,0
16.575000762939453,-5.489999771118164,5.525000095367432,74,105,80,30000,0
16.575000762939453,-5.489999771118164,4.875,74,105,80,30000,0
16.575000762939453,-5.489999771118164,4.224999904632568,78,105,80,30000,0
16.575000762939453,-5.489999771118164,3.575000047683716,85,105,80,30000,0
16.575000762939453,-5.489999771118164,2.924999952316284,93,105,80,30000,0
16.575000762939453,-5.489999771118164,2.2750000953674316,97,105,80,30000,0
16.575000762939453,-5.489999771118164,1.625,96,105,80,30000,0
16.575000762939453,-5.489999771118164,0.9750000238418579,91,105,80,30000,0
16.575000762939453,-5.489999771118164,0.32499998807907104,83,105,80,30000,0
16.575000762939453,-5.489999771118164,-0.32499998807907104,76,105,80,30000,0
16.575000762939453,-5.489999771118164,-0.9750000238418579,73,105,80,30000,0
16.575000762939453,-5.489999771118164,-1.625,75,105,80,30000,0
16.575000762939453,-5.489999771118164,-2.2750000953674316,80,105,80,30000,0
16.575000762939453,-5.489999771118164,-2.924999952316284,88,105,80,30000,0
16.575000762939453,-5.489999771118164,-3.575000047683716,94,105,80,30000,0
16.575000762939453,-5.489999771118164,-4.224999904632568,97,105,80,30000,0
16.575000762939453,-5.489999771118164,-4.875,95,105,80,30000,0
16.575000762939453,-5.489999771118164,-5.525000095367432,88,105,80,30000,0
16.575000762939453,-5.489999771118164,-6.175000190734863,81,105,80,30000,0
16.575000762939453,-5.489999771118164,-6.824999809265137,75,105,80,30000,0
16.575000762939453,-5.489999771118164,-7.474999904632568,73,105,80,30000,0
16.575000762939453,-5.489999771118164,-8.125,76,105,80,30000,0
16.575000762939453,-5.489999771118164,-8.774999618530273,83,105,80,30000,0
16.575000762939453,-5.489999771118164,-9.425000190734863,90,105,80,30000,0
16.575000762939453,-5.489999771118164,-10.074999809265137,96,105,80,30000,0
16.575000762939453,-5.489999771118164,-10.725000381469727,97,105,80,30000,0
16.575000762939453,-5.489999771118164,-11.375,93,105,80,30000,0
16.575000762939453,-5.489999771118164,-12.024999618530273,86,105,80,30000,0
16.575000762939453,-5.489999771118164,-12.675000190734863,78,105,80,30000,0
16.575000762939453,-5.489999771118164,-13.324999809265137,74,105,80,30000,0
16.575000762939453,-5.489999771118164,-13.975000381469727,74,105,80,30000,0
16.575000762939453,-5.489999771118164,-14.625,78,105,80,30000,0
16.575000762939453,-5.489999771118164,-15.274999618530273,85,105,80,30000,0
16.575000762939453,-5.489999771118164,-15.925000190734863,93,105,80,30000,0
16.575000762939453,-5.489999771118164,-16.575000762939453,97,105,80,30000,0
16.575000762939453,-5.489999771118164,-17.225000381469727,96,105,80,30000,0
16.575000762939453,-5.489999771118164,-17.875,91,105,80,30000,0
16.575000762939453,-5.489999771118164,-18.524999618530273,83,105,80,30000,0
16.575000762939453,-5.489999771118164,-19.174999237060547,76,105,80,30000,0
16.575000762939453,-5.489999771118164,-19.825000762939453,73,105,80,30000,0
17.225000381469727,-5.489999771118164,19.825000762939453,83,105,80,30000,0
17.225000381469727,-5.489999771118164,19.174999237060547,76,105,80,30000,0
17.225000381469727,-5.489999771118164,18.524999618530273,73,105,80,30000,0
17.225000381469727,-5.489999771118164,17.875,75,105,80,30000,0
17.225000381469727,-5.489999771118164,17.225000381469727,80,105,80,30000,0
17.225000381469727,-5.489999771118164,16.575000762939453,88,105,80,30000,0
17.225000381469727,-5.489999771118164,15.925000190734863,94,105,80,30000,0
17.225000381469727,-5.489999771118164,15.274999618530273,97,105,80,30000,0
17.225000381469727,-5.489999771118164,14.625,95,105,80,30000,0
17.225000381469727,-5.489999771118164,13.975000381469727,88,105,80,30000,0
17.225000381469727,-5.489999771118164,13.324999809265137,81,105,80,30000,0
17.225000381469727,-5.489999771118164,12.675000190734863,75,105,80,30000,0
17.225000381469727,-5.489999771118164,12.024999618530273,73,105,80,30000,0
17.225000381469727,-5.489999771118164,11.375,76,105,80,30000,0
17.225000381469727,-5.489999771118164,10.725000381469727,83,105,80,30000,0
17.225000381469727,-5.489999771118164,10.074999809265137,90,105,80,30000,0
17.225000381469727,-5.489999771118164,9.425000190734863,96,105,80,30000,0
17.225000381469727,-5.489999771118164,8.774999618530273,97,105,80,30000,0
17.225000381469727,-5.489999771118164,8.125,93,105,80,30000,0
17.225000381469727,-5.489999771118164,7.474999904632568,86,105,80,30000,0
17.225000381469727,-5.489999771118164,6.824999809265137,78,105,80,30000,0
17.225000381469727,-5.489999771118164,6.175000190734863,74,105,80,30000,0
17.225000381469727,-5.489999771118164,5.525000095367432,74,105,80,30000,0
17.225000381469727,-5.489999771118164,4.875,78,105,80,30000,0
17.225000381469727,-5.489999771118164,4.224999904632568,85,105,80,30000,0
17.225000381469727,-5.489999771118164,3.575000047683716,93,105,80,30000,0
17.225000381469727,-5.489999771118164,2.924999952316284,97,105,80,30000,0
17.225000381469727,-5.489999771118164,2.2750000953674316,96,105,80,30000,0
17.225000381469727,-5.489999771118164,1.625,91,105,80,30000,0
17.225000381469727,-5.489999771118164,0.9750000238418579,83,105,80,30000,0
17.225000381469727,-5.489999771118164,0.32499998807907104,76,105,80,30000,0
17.225000381469727,-5.489999771118164,-0.32499998807907104,73,105,80,30000,0
17.225000381469727,-5.489999771118164,-0.9750000238418579,75,105,80,30000,0
17.225000381469727,-5.489999771118164,-1.625,80,105,80,30000,0
17.225000381469727,-5.489999771118164,-2.2750000953674316,88,105,80,30000,0
17.225000381469727,-5.489999771118164,-2.924999952316284,94,105,80,30000,0
17.225000381469727,-5.489999771118164,-3.575000047683716,97,105,80,30000,0
17.225000381469727,-5.489999771118164,-4.224999904632568,95,105,80,30000,0
17.225000381469727,-5.489999771118164,-4.875,88,105,80,30000,0
17.225000381469727,-5.489999771118164,-5.525000095367432,81,105,80,30000,0
17.225000381469727,-5.489999771118164,-6.175000190734863,75,105,80,30000,0
17.225000381469727,-5.489999771118164,-6.824999809265137,73,105,80,30000,0
17.225000381469727,-5.489999771118164,-7.474999904632568,76,105,80,30000,0
17.225000381469727,-5.489999771118164,-8.125,83,105,80,30000,0
17.225000381469727,-5.489999771118164,-8.774999618530273,90,105,80,30000,0
17.225000381469727,-5.489999771118164,-9.425000190734863,96,105,80,30000,0
17.225000381469727,-5.489999771118164,-10.074999809265137,97,105,80,30000,0
17.225000381469727,-5.489999771118164,-10.725000381469727,93,105,80,30000,0
17.225000381469727,-5.489999771118164,-11.375,86,105,80,30000,0
17.225000381469727,-5.489999771118164,-12.024999618530273,78,105,80,30000,0
17.225000381469727,-5.489999771118164,-12.675000190734863,74,105,80,30000,0
17.225000381469727,-5.489999771118164,-13.324999809265137,74,105,80,30000,0
17.225000381469727,-5.489999771118164,-13.975000381469727,78,105,80,30000,0
17.225000381469727,-5.489999771118164,-14.625,85,105,80,30000,0
17.225000381469727,-5.489999771118164,-15.274999618530273,93,105,80,30000,0
17.225000381469727,-5.489999771118164,-15.925000190734863,97,105,80,30000,0
17.225000381469727,-5.489999771118164,-16.575000762939453,96,105,80,30000,0
17.225000381469727,-5.489999771118164,-17.225000381469727,91,105,80,30000,0
17.225000381469727,-5.489999771118164,-17.875,83,105,80,30000,0
17.225000381469727,-5.489999771118164,-18.524999618530273,76,105,80,30000,0
17.225000381469727,-5.489999771118164,-19.174999237060547,73,105,80,30000,0
17.225000381469727,-5.489999771118164,-19.825000762939453,75,105,80,30000,0
17.875,-5.489999771118164,19.825000762939453,76,105,80,30000,0
17.875,-5.489999771118164,19.174999237060547,73,105,80,30000,0
17.875,-5.489999771118164,18.524999618530273,75,105,80,30000,0
17.875,-5.489999771118164,17.875,80,105,80,30000,0
17.875,-5.489999771118164,17.225000381469727,88,105,80,30000,0
17.875,-5.489999771118164,16.575000762939453,94,105,80,30000,0
17.875,-5.489999771118164,15.925000190734863,97,105,80,30000,0
17.875,-5.489999771118164,15.274999618530273,95,105,80,30000,0
17.875,-5.489999771118164,14.625,88,105,80,30000,0
17.875,-5.489999771118164,13.975000381469727,81,105,80,30000,0
17.875,-5.489999771118164,13.324999809265137,75,105,80,30000,0
17.875,-5.489999771118164,12.675000190734863,73,105,80,30000,0
17.875,-5.489999771118164,12.024999618530273,76,105,80,30000,0
17.875,-5.489999771118164,11.375,83,105,80,30000,0
17.875,-5.489999771118164,10.725000381469727,90,105,80,30000,0
17.875,-5.489999771118164,10.074999809265137,96,105,80,30000,0
17.875,-5.489999771118164,9.425000190734863,97,105,80,30000,0
17.875,-5.489999771118164,8.774999618530273,93,105,80,30000,0
17.875,-5.489999771118164,8.125,86,105,80,30000,0
17.875,-5.489999771118164,7.474999904632568,78,105,80,30000,0
17.875,-5.489999771118164,6.824999809265137,74,105,80,30000,0
17.875,-5.489999771118164,6.175000190734863,74,105,80,30000,0
17.875,-5.489999771118164,5.525000095367432,78,105,80,30000,0
17.875,-5.489999771118164,4.875,85,105,80,30000,0
17.875,-5.489999771118164,4.224999904632568,93,105,80,30000,0
17.875,-5.489999771118164,3.575000047683716,97,105,80,30000,0
17.875,-5.489999771118164,2.924999952316284,96,105,80,30000,0
17.875,-5.489999771118164,2.2750000953674316,91,105,80,30000,0
17.875,-5.489999771118164,1.625,83,105,80,30000,0
17.875,-5.489999771118164,0.9750000238418579,76,105,80,30000,0
17.875,-5.489999771118164,0.32499998807907104,73,105,80,30000,0
17.875,-5.489999771118164,-0.32499998807907104,75,105,80,30000,0
17.875,-5.489999771118164,-0.9750000238418579,80,105,80,30000,0
17.875,-5.489999771118164,-1.625,88,105,80,30000,0
17.875,-5.489999771118164,-2.2750000953674316,94,105,80,30000,0
17.875,-5.489999771118164,-2.924999952316284,97,105,80,30000,0
17.875,-5.489999771118164,-3.575000047683716,95,105,80,30000,0
17.875,-5.489999771118164,-4.224999904632568,88,105,80,30000,0
17.875,-5.489999771118164,-4.875,81,105,80,30000,0
17.875,-5.489999771118164,-5.525000095367432,75,105,80,30000,0
17.875,-5.489999771118164,-6.175000190734863,73,105,80,30000,0
17.875,-5.489999771118164,-6.824999809265137,76,105,80,30000,0
17.875,-5.489999771118164,-7.474999904632568,83,105,80,30000,0
17.875,-5.489999771118164,-8.125,90,105,80,30000,0
17.875,-5.489999771118164,-8.774999618530273,96,105,80,30000,0
17.875,-5.489999771118164,-9.425000190734863,97,105,80,30000,0
17.875,-5.489999771118164,-10.074999809265137,93,105,80,30000,0
17.875,-5.489999771118164,-10.725000381469727,86,105,80,30000,0
17.875,-5.489999771118164,-11.375,78,105,80,30000,0
17.875,-5.489999771118164,-12.024999618530273,74,105,80,30000,0
17.875,-5.489999771118164,-12.675000190734863,74,105,80,30000,0
17.875,-5.489999771118164,-13.324999809265137,78,105,80,30000,0
17.875,-5.489999771118164,-13.975000381469727,85,105,80,30000,0
17.875,-5.489999771118164,-14.625,93,105,80,30000,0
17.875,-5.489999771118164,-15.274999618530273,97,105,80,30000,0
17.875,-5.489999771118164,-15.925000190734863,96,105,80,30000,0
17.875,-5.489999771118164,-16.575000762939453,91,105,80,30000,0
17.875,-5.489999771118164,-17.225000381469727,83,105,80,30000,0
17.875,-5.489999771118164,-17.875,76,105,80,30000,0
17.875,-5.489999771118164,-18.524999618530273,73,105,80,30000,0
17.875,-5.489999771118164,-19.174999237060547,75,105,80,30000,0
17.875,-5.489999771118164,-19.825000762939453,80,105,80,30000,0
18.524999618530273,-5.489999771118164,19.825000762939453,73,105,80,30000,0
18.524999618530273,-5.489999771118164,19.174999237060547,75,105,80,30000,0
18.524999618530273,-5.489999771118164,18.524999618530273,80,105,80,30000,0
18.524999618530273,-5.489999771118164,17.875,88,105,80,30000,0
18.524999618530273,-5.489999771118164,17.225000381469727,94,105,80,30000,0
18.524999618530273,-5.489999771118164,16.575000762939453,97,105,80,30000,0
18.524999618530273,-5.489999771118164,15.925000190734863,95,105,80,30000,0
18.524999618530273,-5.489999771118164,15.274999618530273,88,105,80,30000,0
18.524999618530273,-5.489999771118164,14.625,81,105,80,30000,0
18.524999618530273,-5.489999771118164,13.975000381469727,75,105,80,30000,0
18.524999618530273,-5.489999771118164,13.324999809265137,73,105,80,30000,0
18.524999618530273,-5.489999771118164,12.675000190734863,76,105,80,30000,0
18.524999618530273,-5.489999771118164,12.024999618530273,83,105,80,30000,0
18.524999618530273,-5.489999771118164,11.375,90,105,80,30000,0
18.524999618530273,-5.489999771118164,10.725000381469727,96,105,80,30000,0
18.524999618530273,-5.489999771118164,10.074999809265137,97,105,80,30000,0
18.524999618530273,-5.489999771118164,9.425000190734863,93,105,80,30000,0
18.524999618530273,-5.489999771118164,8.774999618530273,86,105,80,30000,0
18.524999618530273,-5.489999771118164,8.125,78,105,80,30000,0
18.524999618530273,-5.489999771118164,7.474999904632568,74,105,80,30000,0
18.524999618530273,-5.489999771118164,6.824999809265137,74,105,80,30000,0
18.524999618530273,-5.489999771118164,6.175000190734863,78,105,80,30000,0
18.524999618530273,-5.489999771118164,5.525000095367432,85,105,80,30000,0
18.524999618530273,-5.489999771118164,4.875,93,105,80,30000,0
18.524999618530273,-5.489999771118164,4.224999904632568,97,105,80,30000,0
18.524999618530273,-5.489999771118164,3.575000047683716,96,105,80,30000,0
18.524999618530273,-5.489999771118164,2.924999952316284,91,105,80,30000,0
18.524999618530273,-5.489999771118164,2.2750000953674316,83,105,80,30000,0
18.524999618530273,-5.489999771118164,1.625,76,105,80,30000,0
18.524999618530273,-5.489999771118164,0.9750000238418579,73,105,80,30000,0
18.524999618530273,-5.489999771118164,0.32499998807907104,75,105,80,30000,0
18.524999618530273,-5.489999771118164,-0.32499998807907104,80,105,80,30000,0
18.524999618530273,-5.489999771118164,-0.9750000238418579,88,105,80,30000,0
18.524999618530273,-5.489999771118164,-1.625,94,105,80,30000,0
18.524999618530273,-5.489999771118164,-2.2750000953674316,97,105,80,30000,0
18.524999618530273,-5.489999771118164,-2.924999952316284,95,105,80,30000,0
18.524999618530273,-5.489999771118164,-3.575000047683716,88,105,80,30000,0
18.524999618530273,-5.489999771118164,-4.224999904632568,81,105,80,30000,0
18.524999618530273,-5.489999771118164,-4.875,75,105,80,30000,0
18.524999618530273,-5.489999771118164,-5.525000095367432,73,105,80,30000,0
18.524999618530273,-5.489999771118164,-6.175000190734863,76,105,80,30000,0
18.524999618530273,-5.489999771118164,-6.824999809265137,83,105,80,30000,0
18.524999618530273,-5.489999771118164,-7.474999904632568,90,105,80,30000,0
18.524999618530273,-5.489999771118164,-8.125,96,105,80,30000,0
18.524999618530273,-5.489999771118164,-8.774999618530273,97,105,80,30000,0
18.524999618530273,-5.489999771118164,-9.425000190734863,93,105,80,30000,0
18.524999618530273,-5.489999771118164,-10.074999809265137,86,105,80,30000,0
18.524999618530273,-5.489999771118164,-10.725000381469727,78,105,80,30000,0
18.524999618530273,-5.489999771118164,-11.375,74,105,80,30000,0
18.524999618530273,-5.489999771118164,-12.024999618530273,74,105,80,30000,0
18.524999618530273,-5.489999771118164,-12.675000190734863,78,105,80,30000,0
18.524999618530273,-5.489999771118164,-13.324999809265137,85,105,80,30000,0
18.524999618530273,-5.489999771118164,-13.975000381469727,93,105,80,30000,0
18.524999618530273,-5.489999771118164,-14.625,97,105,80,30000,0
18.524999618530273,-5.489999771118164,-15.274999618530273,96,105,80,30000,0
18.524999618530273,-5.489999771118164,-15.925000190734863,91,105,80,30000,0
18.524999618530273,-5.489999771118164,-16.575000762939453,83,105,80,30000,0
18.524999618530273,-5.489999771118164,-17.225000381469727,76,105,80,30000,0
18.524999618530273,-5.489999771118164,-17.875,73,105,80,30000,0
18.524999618530273,-5.489999771118164,-18.524999618530273,75,105,80,30000,0
18.524999618530273,-5.489999771118164,-19.174999237060547,80,105,80,30000,0
18.524999618530273,-5.489999771118164,-19.825000762939453,88,105,80,30000,0
19.174999237060547,-5.489999771118164,19.825000762939453,75,105,80,30000,0
19.174999237060547,-5.489999771118164,19.174999237060547,80,105,80,30000,0
19.174999237060547,-5.489999771118164,18.524999618530273,88,105,80,30000,0
19.174999237060547,-5.489999771118164,17.875,94,105,80,30000,0
19.174999237060547,-5.489999771118164,17.225000381469727,97,105,80,30000,0
19.174999237060547,-5.489999771118164,16.575000762939453,95,105,80,30000,0
19.174999237060547,-5.489999771118164,15.925000190734863,88,105,80,30000,0
19.174999237060547,-5.489999771118164,15.274999618530273,81,105,80,30000,0
19.174999237060547,-5.489999771118164,14.625,75,105,80,30000,0
19.174999237060547,-5.489999771118164,13.975000381469727,73,105,80,30000,0
19.174999237060547,-5.489999771118164,13.324999809265137,76,105,80,30000,0
19.174999237060547,-5.489999771118164,12.675000190734863,83,105,80,30000,0
19.174999237060547,-5.489999771118164,12.024999618530273,90,105,80,30000,0
19.174999237060547,-5.489999771118164,11.375,96,105,80,30000,0
19.174999237060547,-5.489999771118164,10.725000381469727,97,105,80,30000,0
19.174999237060547,-5.489999771118164,10.074999809265137,93,105,80,30000,0
19.174999237060547,-5.489999771118164,9.425000190734863,86,105,80,30000,0
19.174999237060547,-5.489999771118164,8.774999618530273,78,105,80,30000,0
19.174999237060547,-5.489999771118164,8.125,74,105,80,30000,0
19.174999237060547,-5.489999771118164,7.474999904632568,74,105,80,30000,0
19.174999237060547,-5.489999771118164,6.824999809265137,78,105,80,30000,0
19.174999237060547,-5.489999771118164,6.175000190734863,85,105,80,30000,0
19.174999237060547,-5.489999771118164,5.525000095367432,93,105,80,30000,0
19.174999237060547,-5.489999771118164,4.875,97,105,80,30000,0
19.174999237060547,-5.489999771118164,4.224999904632568,96,105,80,30000,0
19.174999237060547,-5.489999771118164,3.575000047683716,91,105,80,30000,0
19.174999237060547,-5.489999771118164,2.924999952316284,83,105,80,30000,0
19.174999237060547,-5.489999771118164,2.2750000953674316,76,105,80,30000,0
19.174999237060547,-5.489999771118164,1.625,73,105,80,30000,0
19.174999237060547,-5.489999771118164,0.9750000238418579,75,105,80,30000,0
19.174999237060547,-5.489999771118164,0.32499998807907104,80,105,80,30000,0
19.174999237060547,-5.489999771118164,-0.32499998807907104,88,105,80,30000,0
19.174999237060547,-5.489999771118164,-0.9750000238418579,94,105,80,30000,0
19.174999237060547,-5.489999771118164,-1.625,97,105,80,30000,0
19.174999237060547,-5.489999771118164,-2.2750000953674316,95,105,80,30000,0
19.174999237060547,-5.489999771118164,-2.924999952316284,88,105,80,30000,0
19.174999237060547,-5.489999771118164,-3.575000047683716,81,105,80,30000,0
19.174999237060547,-5.489999771118164,-4.224999904632568,75,105,80,30000,0
19.174999237060547,-5.489999771118164,-4.875,73,105,80,30000,0
19.174999237060547,-5.489999771118164,-5.525000095367432,76,105,80,30000,0
19.174999237060547,-5.489999771118164,-6.175000190734863,83,105,80,30000,0
19.174999237060547,-5.489999771118164,-6.824999809265137,90,105,80,30000,0
19.174999237060547,-5.489999771118164,-7.474999904632568,96,105,80,30000,0
19.174999237060547,-5.489999771118164,-8.125,97,105,80,30000,0
19.174999237060547,-5.489999771118164,-8.774999618530273,93,105,80,30000,0
19.174999237060547,-5.489999771118164,-9.425000190734863,86,105,80,30000,0
19.174999237060547,-5.489999771118164,-10.074999809265137,78,105,80,30000,0
19.174999237060547,-5.489999771118164,-10.725000381469727,74,105,80,30000,0
19.174999237060547,-5.489999771118164,-11.375,74,105,80,30000,0
19.174999237060547,-5.489999771118164,-12.024999618530273,78,105,80,30000,0
19.174999237060547,-5.489999771118164,-12.675000190734863,85,105,80,30000,0
19.174999237060547,-5.489999771118164,-13.324999809265137,93,105,80,30000,0
19.174999237060547,-5.489999771118164,-13.975000381469727,97,105,80,30000,0
19.174999237060547,-5.489999771118164,-14.625,96,105,80,30000,0
19.174999237060547,-5.489999771118164,-15.274999618530273,91,105,80,30000,0
19.174999237060547,-5.489999771118164,-15.925000190734863,83,105,80,30000,0
19.174999237060547,-5.489999771118164,-16.575000762939453,76,105,80,30000,0
19.174999237060547,-5.489999771118164,-17.225000381469727,73,105,80,30000,0
19.174999237060547,-5.489999771118164,-17.875,75,105,80,30000,0
19.174999237060547,-5.489999771118164,-18.524999618530273,80,105,80,30000,0
19.174999237060547,-5.489999771118164,-19.174999237060547,88,105,80,30000,0
19.174999237060547,-5.489999771118164,-19.825000762939453,94,105,80,30000,0
19.825000762939453,-5.489999771118164,19.825000762939453,80,105,80,30000,0
19.825000762939453,-5.489999771118164,19.174999237060547,88,105,80,30000,0
19.825000762939453,-5.489999771118164,18.524999618530273,94,105,80,30000,0
19.825000762939453,-5.489999771118164,17.875,97,105,80,30000,0
19.825000762939453,-5.489999771118164,17.225000381469727,95,105,80,30000,0
19.825000762939453,-5.489999771118164,16.575000762939453,88,105,80,30000,0
19.825000762939453,-5.489999771118164,15.925000190734863,81,105,80,30000,0
19.825000762939453,-5.489999771118164,15.274999618530273,75,105,80,30000,0
19.825000762939453,-5.489999771118164,14.625,73,105,80,30000,0
19.825000762939453,-5.489999771118164,13.975000381469727,76,105,80,30000,0
19.825000762939453,-5.489999771118164,13.324999809265137,83,105,80,30000,0
19.825000762939453,-5.489999771118164,12.675000190734863,90,105,80,30000,0
19.825000762939453,-5.489999771118164,12.024999618530273,96,105,80,30000,0
19.825000762939453,-5.489999771118164,11.375,97,105,80,30000,0
19.825000762939453,-5.489999771118164,10.725000381469727,93,105,80,30000,0
19.825000762939453,-5.489999771118164,10.074999809265137,86,105,80,30000,0
19.825000762939453,-5.489999771118164,9.425000190734863,78,105,80,30000,0
19.825000762939453,-5.489999771118164,8.774999618530273,74,105,80,30000,0
19.825000762939453,-5.489999771118164,8.125,74,105,80,30000,0
19.825000762939453,-5.489999771118164,7.474999904632568,78,105,80,30000,0
19.825000762939453,-5.489999771118164,6.824999809265137,85,105,80,30000,0
19.825000762939453,-5.489999771118164,6.175000190734863,93,105,80,30000,0
19.825000762939453,-5.489999771118164,5.525000095367432,97,105,80,30000,0
19.825000762939453,-5.489999771118164,4.875,96,105,80,30000,0
19.825000762939453,-5.489999771118164,4.224999904632568,91,105,80,30000,0
19.825000762939453,-5.489999771118164,3.575000047683716,83,105,80,30000,0
19.825000762939453,-5.489999771118164,2.924999952316284,76,105,80,30000,0
19.825000762939453,-5.489999771118164,2.2750000953674316,73,105,80,30000,0
19.825000762939453,-5.489999771118164,1.625,75,105,80,30000,0
19.825000762939453,-5.489999771118164,0.9750000238418579,80,105,80,30000,0
19.825000762939453,-5.489999771118164,0.32499998807907104,88,105,80,30000,0
19.825000762939453,-5.489999771118164,-0.32499998807907104,94,105,80,30000,0
19.825000762939453,-5.489999771118164,-0.9750000238418579,97,105,80,30000,0
19.825000762939453,-5.489999771118164,-1.625,95,105,80,30000,0
19.825000762939453,-5.489999771118164,-2.2750000953674316,88,105,80,30000,0
19.825000762939453,-5.489999771118164,-2.924999952316284,81,105,80,30000,0
19.825000762939453,-5.489999771118164,-3.575000047683716,75,105,80,30000,0
19.825000762939453,-5.489999771118164,-4.224999904632568,73,105,80,30000,0
19.825000762939453,-5.489999771118164,-4.875,76,105,80,30000,0
19.825000762939453,-5.489999771118164,-5.525000095367432,83,105,80,30000,0
19.825000762939453,-5.489999771118164,-6.175000190734863,90,105,80,30000,0
19.825000762939453,-5.489999771118164,-6.824999809265137,96,105,80,30000,0
19.825000762939453,-5.489999771118164,-7.474999904632568,97,105,80,30000,0
19.825000762939453,-5.489999771118164,-8.125,93,105,80,30000,0
19.825000762939453,-5.489999771118164,-8.774999618530273,86,105,80,30000,0
19.825000762939453,-5.489999771118164,-9.425000190734863,78,105,80,30000,0
19.825000762939453,-5.489999771118164,-10.074999809265137,74,105,80,30000,0
19.825000762939453,-5.489999771118164,-10.725000381469727,74,105,80,30000,0
19.825000762939453,-5.489999771118164,-11.375,78,105,80,30000,0
19.825000762939453,-5.489999771118164,-12.024999618530273,85,105,80,30000,0
19.825000762939453,-5.489999771118164,-12.675000190734863,93,105,80,30000,0
19.825000762939453,-5.489999771118164,-13.324999809265137,97,105,80,30000,0
19.825000762939453,-5.489999771118164,-13.975000381469727,96,105,80,30000,0
19.825000762939453,-5.489999771118164,-14.625,91,105,80,30000,0
19.825000762939453,-5.489999771118164,-15.274999618530273,83,105,80,30000,0
19.825000762939453,-5.489999771118164,-15.925000190734863,76,105,80,30000,0
19.825000762939453,-5.489999771118164,-16.575000762939453,73,105,80,30000,0
19.825000762939453,-5.489999771118164,-17.225000381469727,75,105,80,30000,0
19.825000762939453,-5.489999771118164,-17.875,80,105,80,30000,0
19.825000762939453,-5.489999771118164,-18.524999618530273,88,105,80,30000,0
19.825000762939453,-5.489999771118164,-19.174999237060547,94,105,80,30000,0
19.825000762939453,-5.489999771118164,-19.825000762939453,97,105,80,30000,0
20.475000381469727,-5.489999771118164,19.825000762939453,88,105,80,30000,0
20.475000381469727,-5.489999771118164,19.174999237060547,94,105,80,30000,0
20.475000381469727,-5.489999771118164,18.524999618530273,97,105,80,30000,0
20.475000381469727,-5.489999771118164,17.875,95,105,80,30000,0
20.475000381469727,-5.489999771118164,17.225000381469727,88,105,80,30000,0
20.475000381469727,-5.489999771118164,16.575000762939453,81,105,80,30000,0
20.475000381469727,-5.489999771118164,15.925000190734863,75,105,80,30000,0
20.475000381469727,-5.489999771118164,15.274999618530273,73,105,80,30000,0
20.475000381469727,-5.489999771118164,14.625,76,105,80,30000,0
20.475000381469727,-5.489999771118164,13.975000381469727,83,105,80,30000,0
20.475000381469727,-5.489999771118164,13.324999809265137,90,105,80,30000,0
20.475000381469727,-5.489999771118164,12.675000190734863,96,105,80,30000,0
20.475000381469727,-5.489999771118164,12.024999618530273,97,105,80,30000,0
20.475000381469727,-5.489999771118164,11.375,93,105,80,30000,0
20.475000381469727,-5.489999771118164,10.725000381469727,86,105,80,30000,0
20.475000381469727,-5.489999771118164,10.074999809265137,78,105,80,30000,0
20.475000381469727,-5.489999771118164,9.425000190734863,74,105,80,30000,0
20.475000381469727,-5.489999771118164,8.774999618530273,74,105,80,30000,0
20.475000381469727,-5.489999771118164,8.125,78,105,80,30000,0
20.475000381469727,-5.489999771118164,7.474999904632568,85,105,80,30000,0
20.475000381469727,-5.489999771118164,6.824999809265137,93,105,80,30000,0
20.475000381469727,-5.489999771118164,6.175000190734863,97,105,80,30000,0
20.475000381469727,-5.489999771118164,5.525000095367432,96,105,80,30000,0
20.475000381469727,-5.489999771118164,4.875,91,105,80,30000,0
20.475000381469727,-5.489999771118164,4.224999904632568,83,105,80,30000,0
20.475000381469727,-5.489999771118164,3.575000047683716,76,105,80,30000,0
20.475000381469727,-5.489999771118164,2.924999952316284,73,105,80,30000,0
20.475000381469727,-5.489999771118164,2.2750000953674316,75,105,80,30000,0
20.475000381469727,-5.489999771118164,1.625,80,105,80,30000,0
20.475000381469727,-5.489999771118164,0.9750000238418579,88,105,80,30000,0
20.475000381469727,-5.489999771118164,0.32499998807907104,94,105,80,30000,0
20.475000381469727,-5.489999771118164,-0.32499998807907104,97,105,80,30000,0
20.475000381469727,-5.489999771118164,-0.9750000238418579,95,105,80,30000,0
20.475000381469727,-5.489999771118164,-1.625,88,105,80,30000,0
20.475000381469727,-5.489999771118164,-2.2750000953674316,81,105,80,30000,0
20.475000381469727,-5.489999771118164,-2.924999952316284,75,105,80,30000,0
20.475000381469727,-5.489999771118164,-3.575000047683716,73,105,80,30000,0
20.475000381469727,-5.489999771118164,-4.224999904632568,76,105,80,30000,0
20.475000381469727,-5.489999771118164,-4.875,83,105,80,30000,0
20.475000381469727,-5.489999771118164,-5.525000095367432,90,105,80,30000,0
20.475000381469727,-5.489999771118164,-6.175000190734863,96,105,80,30000,0
20.475000381469727,-5.489999771118164,-6.824999809265137,97,105,80,30000,0
20.475000381469727,-5.489999771118164,-7.474999904632568,93,105,80,30000,0
20.475000381469727,-5.489999771118164,-8.125,86,105,80,30000,0
20.475000381469727,-5.489999771118164,-8.774999618530273,78,105,80,30000,0
20.475000381469727,-5.489999771118164,-9.425000190734863,74,105,80,30000,0
20.475000381469727,-5.489999771118164,-10.074999809265137,74,105,80,30000,0
20.475000381469727,-5.489999771118164,-10.725000381469727,78,105,80,30000,0
20.475000381469727,-5.489999771118164,-11.375,85,105,80,30000,0
20.475000381469727,-5.489999771118164,-12.024999618530273,93,105,80,30000,0
20.475000381469727,-5.489999771118164,-12.675000190734863,97,105,80,30000,0
20.475000381469727,-5.489999771118164,-13.324999809265137,96,105,80,30000,0
20.475000381469727,-5.489999771118164,-13.975000381469727,91,105,80,30000,0
20.475000381469727,-5.489999771118164,-14.625,83,105,80,30000,0
20.475000381469727,-5.489999771118164,-15.274999618530273,76,105,80,30000,0
20.475000381469727,-5.489999771118164,-15.925000190734863,73,105,80,30000,0
20.475000381469727,-5.489999771118164,-16.575000762939453,75,105,80,30000,0
20.475000381469727,-5.489999771118164,-17.225000381469727,80,105,80,30000,0
20.475000381469727,-5.489999771118164,-17.875,88,105,80,30000,0
20.475000381469727,-5.489999771118164,-18.524999618530273,94,105,80,30000,0
20.475000381469727,-5.489999771118164,-19.174999237060547,97,105,80,30000,0
20.475000381469727,-5.489999771118164,-19.825000762939453,95,105,80,30000,0
21.125,-5.489999771118164,19.825000762939453,94,105,80,30000,0
21.125,-5.489999771118164,19.174999237060547,97,105,80,30000,0
21.125,-5.489999771118164,18.524999618530273,95,105,80,30000,0
21.125,-5.489999771118164,17.875,88,105,80,30000,0
21.125,-5.489999771118164,17.225000381469727,81,105,80,30000,0
21.125,-5.489999771118164,16.575000762939453,75,105,80,30000,0
21.125,-5.489999771118164,15.925000190734863,73,105,80,30000,0
21.125,-5.489999771118164,15.274999618530273,76,105,80,30000,0
21.125,-5.489999771118164,14.625,83,105,80,30000,0
21.125,-5.489999771118164,13.975000381469727,90,105,80,30000,0
21.125,-5.489999771118164,13.324999809265137,96,105,80,30000,0
21.125,-5.489999771118164,12.675000190734863,97,105,80,30000,0
21.125,-5.489999771118164,12.024999618530273,93,105,80,30000,0
21.125,-5.489999771118164,11.375,86,105,80,30000,0
21.125,-5.489999771118164,10.725000381469727,78,105,80,30000,0
21.125,-5.489999771118164,10.074999809265137,74,105,80,30000,0
21.125,-5.489999771118164,9.425000190734863,74,105,80,30000,0
21.125,-5.489999771118164,8.774999618530273,78,105,80,30000,0
21.125,-5.489999771118164,8.125,85,105,80,30000,0
21.125,-5.489999771118164,7.474999904632568,93,105,80,30000,0
21.125,-5.489999771118164,6.824999809265137,97,105,80,30000,0
21.125,-5.489999771118164,6.175000190734863,96,105,80,30000,0
21.125,-5.489999771118164,5.525000095367432,91,105,80,30000,0
21.125,-5.489999771118164,4.875,83,105,80,30000,0
21.125,-5.489999771118164,4.224999904632568,76,105,80,30000,0
21.125,-5.489999771118164,3.575000047683716,73,105,80,30000,0
21.125,-5.489999771118164,2.924999952316284,75,105,80,30000,0
21.125,-5.489999771118164,2.2750000953674316,80,105,80,30000,0
21.125,-5.489999771118164,1.625,88,105,80,30000,0
21.125,-5.489999771118164,0.9750000238418579,94,105,80,30000,0
21.125,-5.489999771118164,0.32499998807907104,97,105,80,30000,0
21.125,-5.489999771118164,-0.32499998807907104,95,105,80,30000,0
21.125,-5.489999771118164,-0.9750000238418579,88,105,80,30000,0
21.125,-5.489999771118164,-1.625,81,105,80,30000,0
21.125,-5.489999771118164,-2.2750000953674316,75,105,80,30000,0
21.125,-5.489999771118164,-2.924999952316284,73,105,80,30000,0
21.125,-5.489999771118164,-3.575000047683716,76,105,80,30000,0
21.125,-5.489999771118164,-4.224999904632568,83,105,80,30000,0
21.125,-5.489999771118164,-4.875,90,105,80,30000,0
21.125,-5.489999771118164,-5.525000095367432,96,105,80,30000,0
21.125,-5.489999771118164,-6.175000190734863,97,105,80,30000,0
21.125,-5.489999771118164,-6.824999809265137,93,105,80,30000,0
21.125,-5.489999771118164,-7.474999904632568,86,105,80,30000,0
21.125,-5.489999771118164,-8.125,78,105,80,30000,0
21.125,-5.489999771118164,-8.774999618530273,74,105,80,30000,0
21.125,-5.489999771118164,-9.425000190734863,74,105,80,30000,0
21.125,-5.489999771118164,-10.074999809265137,78,105,80,30000,0
21.125,-5.489999771118164,-10.725000381469727,85,105,80,30000,0
21.125,-5.489999771118164,-11.375,93,105,80,30000,0
21.125,-5.489999771118164,-12.024999618530273,97,105,80,30000,0
21.125,-5.489999771118164,-12.675000190734863,96,105,80,30000,0
21.125,-5.489999771118164,-13.324999809265137,91,105,80,30000,0
21.125,-5.489999771118164,-13.975000381469727,83,105,80,30000,0
21.125,-5.489999771118164,-14.625,76,105,80,30000,0
21.125,-5.489999771118164,-15.274999618530273,73,105,80,30000,0
21.125,-5.489999771118164,-15.925000190734863,75,105,80,30000,0
21.125,-5.489999771118164,-16.575000762939453,80,105,80,30000,0
21.125,-5.489999771118164,-17.225000381469727,88,105,80,30000,0
21.125,-5.489999771118164,-17.875,94,105,80,30000,0
21.125,-5.489999771118164,-18.524999618530273,97,105,80,30000,0
21.125,-5.489999771118164,-19.174999237060547,95,105,80,30000,0
21.125,-5.489999771118164,-19.825000762939453,88,105,80,30000,0
21.774999618530273,-5.489999771118164,19.825000762939453,97,105,80,30000,0
21.774999618530273,-5.489999771118164,19.174999237060547,95,105,80,30000,0
21.774999618530273,-5.489999771118164,18.524999618530273,88,105,80,30000,0
21.774999618530273,-5.489999771118164,17.875,81,105,80,30000,0
21.774999618530273,-5.489999771118164,17.225000381469727,75,105,80,30000,0
21.774999618530273,-5.489999771118164,16.575000762939453,73,105,80,30000,0
21.774999618530273,-5.489999771118164,15.925000190734863,76,105,80,30000,0
21.774999618530273,-5.489999771118164,15.274999618530273,83,105,80,30000,0
21.774999618530273,-5.489999771118164,14.625,90,105,80,30000,0
21.774999618530273,-5.489999771118164,13.975000381469727,96,105,80,30000,0
21.774999618530273,-5.489999771118164,13.324999809265137,97,105,80,30000,0
21.774999618530273,-5.489999771118164,12.675000190734863,93,105,80,30000,0
21.774999618530273,-5.489999771118164,12.024999618530273,86,105,80,30000,0
21.774999618530273,-5.489999771118164,11.375,78,105,80,30000,0
21.774999618530273,-5.489999771118164,10.725000381469727,74,105,80,30000,0
21.774999618530273,-5.489999771118164,10.074999809265137,74,105,80,30000,0
21.774999618530273,-5.489999771118164,9.425000190734863,78,105,80,30000,0
21.774999618530273,-5.489999771118164,8.774999618530273,85,105,80,30000,0
21.774999618530273,-5.489999771118164,8.125,93,105,80,30000,0
21.774999618530273,-5.489999771118164,7.474999904632568,97,105,80,30000,0
21.774999618530273,-5.489999771118164,6.824999809265137,96,105,80,30000,0
21.774999618530273,-5.489999771118164,6.175000190734863,91,105,80,30000,0
21.774999618530273,-5.489999771118164,5.525000095367432,83,105,80,30000,0
21.774999618530273,-5.489999771118164,4.875,76,105,80,30000,0
21.774999618530273,-5.489999771118164,4.224999904632568,73,105,80,30000,0
21.774999618530273,-5.489999771118164,3.575000047683716,75,105,80,30000,0
21.774999618530273,-5.489999771118164,2.924999952316284,80,105,80,30000,0
21.774999618530273,-5.489999771118164,2.2750000953674316,88,105,80,30000,0
21.774999618530273,-5.489999771118164,1.625,94,105,80,30000,0
21.774999618530273,-5.489999771118164,0.9750000238418579,97,105,80,30000,0
21.774999618530273,-5.489999771118164,0.32499998807907104,95,105,80,30000,0
21.774999618530273,-5.489999771118164,-0.32499998807907104,88,105,80,30000,0
21.774999618530273,-5.489999771118164,-0.9750000238418579,81,105,80,30000,0
21.774999618530273,-5.489999771118164,-1.625,75,105,80,30000,0
21.774999618530273,-5.489999771118164,-2.2750000953674316,73,105,80,30000,0
21.774999618530273,-5.489999771118164,-2.924999952316284,76,105,80,30000,0
21.774999618530273,-5.489999771118164,-3.575000047683716,83,105,80,30000,0
21.774999618530273,-5.489999771118164,-4.224999904632568,90,105,80,30000,0
21.774999618530273,-5.489999771118164,-4.875,96,105,80,30000,0
21.774999618530273,-5.489999771118164,-5.525000095367432,97,105,80,30000,0
21.774999618530273,-5.489999771118164,-6.175000190734863,93,105,80,30000,0
21.774999618530273,-5.489999771118164,-6.824999809265137,86,105,80,30000,0
21.774999618530273,-5.489999771118164,-7.474999904632568,78,105,80,30000,0
21.774999618530273,-5.489999771118164,-8.125,74,105,80,30000,0
21.774999618530273,-5.489999771118164,-8.774999618530273,74,105,80,30000,0
21.774999618530273,-5.489999771118164,-9.425000190734863,78,105,80,30000,0
21.774999618530273,-5.489999771118164,-10.074999809265137,85,105,80,30000,0
21.774999618530273,-5.489999771118164,-10.725000381469727,93,105,80,30000,0
21.774999618530273,-5.489999771118164,-11.375,97,105,80,30000,0
21.774999618530273,-5.489999771118164,-12.024999618530273,96,105,80,30000,0
21.774999618530273,-5.489999771118164,-12.675000190734863,91,105,80,30000,0
21.774999618530273,-5.489999771118164,-13.324999809265137,83,105,80,30000,0
21.774999618530273,-5.489999771118164,-13.975000381469727,76,105,80,30000,0
21.774999618530273,-5.489999771118164,-14.625,73,105,80,30000,0
21.774999618530273,-5.489999771118164,-15.274999618530273,75,105,80,30000,0
21.774999618530273,-5.489999771118164,-15.925000190734863,80,105,80,30000,0
21.774999618530273,-5.489999771118164,-16.575000762939453,88,105,80,30000,0
21.774999618530273,-5.489999771118164,-17.225000381469727,94,105,80,30000,0
21.774999618530273,-5.489999771118164,-17.875,97,105,80,30000,0
21.774999618530273,-5.489999771118164,-18.524999618530273,95,105,80,30000,0
21.774999618530273,-5.489999771118164,-19.174999237060547,88,105,80,30000,0
21.774999618530273,-5.489999771118164,-19.825000762939453,81,105,80,30000,0
-9.774999618530273,-5.489999771118164,7.824999809265137,170,160,144,30000,0
-9.774999618530273,-5.489999771118164,-8.175000190734863,159,150,138,30000,0
-9.774999618530273,-5.139999866485596,7.824999809265137,170,160,144,30000,0
-9.774999618530273,-5.139999866485596,-8.175000190734863,159,150,138,30000,0
-9.774999618530273,-4.789999961853027,7.824999809265137,170,160,144,30000,0
-9.774999618530273,-4.789999961853027,-8.175000190734863,159,150,138,30000,0
-9.774999618530273,-4.440000057220459,7.824999809265137,170,160,144,30000,0
-9.774999618530273,-4.440000057220459,-8.175000190734863,159,150,138,30000,0
-9.774999618530273,-4.090000152587891,7.824999809265137,170,160,144,30000,0
-9.774999618530273,-4.090000152587891,-8.175000190734863,159,150,138,30000,0
-9.774999618530273,-3.740000009536743,7.824999809265137,170,160,144,30000,0
-9.774999618530273,-3.740000009536743,-8.175000190734863,159,150,138,30000,0
-9.774999618530273,-3.390000104904175,7.824999809265137,170,160,144,30000,0
-9.774999618530273,-3.390000104904175,-8.175000190734863,159,150,138,30000,0
-9.774999618530273,-3.0399999618530273,7.824999809265137,170,160,144,30000,0
-9.774999618530273,-3.0399999618530273,-8.175000190734863,159,150,138,30000,0
-9.774999618530273,-2.690000057220459,7.824999809265137,170,160,144,30000,0
-9.774999618530273,-2.690000057220459,-8.175000190734863,159,150,138,30000,0
-9.774999618530273,-2.3399999141693115,7.824999809265137,170,160,144,30000,0
-9.774999618530273,-2.3399999141693115,-8.175000190734863,159,150,138,30000,0
-9.774999618530273,-1.9900000095367432,7.824999809265137,170,160,144,30000,0
-9.774999618530273,-1.9900000095367432,-8.175000190734863,159,150,138,30000,0
-9.774999618530273,-1.6399999856948853,7.824999809265137,170,160,144,30000,0
-9.774999618530273,-1.6399999856948853,-8.175000190734863,159,150,138,30000,0
-9.774999618530273,-1.2899999618530273,7.824999809265137,170,160,144,30000,0
-9.774999618530273,-1.2899999618530273,-8.175000190734863,159,150,138,30000,0
-9.774999618530273,-0.9399999976158142,7.824999809265137,170,160,144,30000,0
-9.774999618530273,-0.9399999976158142,-8.175000190734863,159,150,138,30000,0
-9.774999618530273,-0.5899999737739563,7.824999809265137,170,160,144,30000,0
-9.774999618530273,-0.5899999737739563,-8.175000190734863,159,150,138,30000,0
-9.774999618530273,-0.23999999463558197,7.824999809265137,170,160,144,30000,0
-9.774999618530273,-0.23999999463558197,-8.175000190734863,159,150,138,30000,0
-9.774999618530273,0.10999999940395355,7.824999809265137,170,160,144,30000,0
-9.774999618530273,0.10999999940395355,-8.175000190734863,159,150,138,30000,0
-9.774999618530273,0.46000000834465027,7.824999809265137,170,160,144,30000,0
-9.774999618530273,0.46000000834465027,-8.175000190734863,159,150,138,30000,0
-9.774999618530273,0.8100000023841858,7.824999809265137,170,160,144,30000,0
-9.774999618530273,0.8100000023841858,-8.175000190734863,159,150,138,30000,0
-9.774999618530273,1.159999966621399,7.824999809265137,170,160,144,30000,0
-9.774999618530273,1.159999966621399,-8.175000190734863,159,150,138,30000,0
-9.774999618530273,1.5099999904632568,7.824999809265137,170,160,144,30000,0
-9.774999618530273,1.5099999904632568,-8.175000190734863,159,150,138,30000,0
-9.774999618530273,1.8600000143051147,7.824999809265137,170,160,144,30000,0
-9.774999618530273,1.8600000143051147,-8.175000190734863,159,150,138,30000,0
-9.774999618530273,2.2100000381469727,7.824999809265137,170,160,144,30000,0
-9.774999618530273,2.2100000381469727,-8.175000190734863,159,150,138,30000,0
-9.425000190734863,-5.489999771118164,7.824999809265137,170,160,144,30000,0
-9.425000190734863,-5.489999771118164,-8.175000190734863,159,150,138,30000,0
-9.425000190734863,-5.139999866485596,7.824999809265137,170,160,144,30000,0
-9.425000190734863,-5.139999866485596,-8.175000190734863,159,150,138,30000,0
-9.425000190734863,-4.789999961853027,7.824999809265137,170,160,144,30000,0
-9.425000190734863,-4.789999961853027,-8.175000190734863,159,150,138,30000,0
-9.425000190734863,-4.440000057220459,7.824999809265137,170,160,144,30000,0
-9.425000190734863,-4.440000057220459,-8.175000190734863,159,150,138,30000,0
-9.425000190734863,-4.090000152587891,7.824999809265137,170,160,144,30000,0
-9.425000190734863,-4.090000152587891,-8.175000190734863,159,150,138,30000,0
-9.425000190734863,-3.740000009536743,7.824999809265137,170,160,144,30000,0
-9.425000190734863,-3.740000009536743,-8.175000190734863,159,150,138,30000,0
-9.425000190734863,-3.390000104904175,7.824999809265137,170,160,144,30000,0
-9.425000190734863,-3.390000104904175,-8.175000190734863,159,150,138,30000,0
-9.425000190734863,-3.0399999618530273,7.824999809265137,170,160,144,30000,0
-9.425000190734863,-3.0399999618530273,-8.175000190734863,159,150,138,30000,0
-9.425000190734863,-2.690000057220459,7.824999809265137,170,160,144,30000,0
-9.425000190734863,-2.690000057220459,-8.175000190734863,159,150,138,30000,0
-9.425000190734863,-2.3399999141693115,7.824999809265137,170,160,144,30000,0
-9.425000190734863,-2.3399999141693115,-8.175000190734863,159,150,138,30000,0
-9.425000190734863,-1.9900000095367432,7.824999809265137,170,160,144,30000,0
-9.425000190734863,-1.9900000095367432,-8.175000190734863,159,150,138,30000,0
-9.425000190734863,-1.6399999856948853,7.824999809265137,170,160,144,30000,0
-9.425000190734863,-1.6399999856948853,-8.175000190734863,159,150,138,30000,0
-9.425000190734863,-1.2899999618530273,7.824999809265137,170,160,144,30000,0
-9.425000190734863,-1.2899999618530273,-8.175000190734863,159,150,138,30000,0
-9.425000190734863,-0.9399999976158142,7.824999809265137,170,160,144,30000,0
-9.425000190734863,-0.9399999976158142,-8.175000190734863,159,150,138,30000,0
-9.425000190734863,-0.5899999737739563,7.824999809265137,170,160,144,30000,0
-9.425000190734863,-0.5899999737739563,-8.175000190734863,159,150,138,30000,0
-9.425000190734863,-0.23999999463558197,7.824999809265137,170,160,144,30000,0
-9.425000190734863,-0.23999999463558197,-8.175000190734863,159,150,138,30000,0
-9.425000190734863,0.10999999940395355,7.824999809265137,170,160,144,30000,0
-9.425000190734863,0.10999999940395355,-8.175000190734863,159,150,138,30000,0
-9.425000190734863,0.46000000834465027,7.824999809265137,170,160,144,30000,0
-9.425000190734863,0.46000000834465027,-8.175000190734863,159,150,138,30000,0
-9.425000190734863,0.8100000023841858,7.824999809265137,170,160,144,30000,0
-9.425000190734863,0.8100000023841858,-8.175000190734863,159,150,138,30000,0
-9.425000190734863,1.159999966621399,7.824999809265137,170,160,144,30000,0
-9.425000190734863,1.159999966621399,-8.175000190734863,159,150,138,30000,0
-9.425000190734863,1.5099999904632568,7.824999809265137,170,160,144,30000,0
-9.425000190734863,1.5099999904632568,-8.175000190734863,159,150,138,30000,0
-9.425000190734863,1.8600000143051147,7.824999809265137,170,160,144,30000,0
-9.425000190734863,1.8600000143051147,-8.175000190734863,159,150,138,30000,0
-9.425000190734863,2.2100000381469727,7.824999809265137,170,160,144,30000,0
-9.425000190734863,2.2100000381469727,-8.175000190734863,159,150,138,30000,0
-9.074999809265137,-5.489999771118164,7.824999809265137,170,160,144,30000,0
-9.074999809265137,-5.489999771118164,-8.175000190734863,159,150,138,30000,0
-9.074999809265137,-5.139999866485596,7.824999809265137,170,160,144,30000,0
-9.074999809265137,-5.139999866485596,-8.175000190734863,159,150,138,30000,0
-9.074999809265137,-4.789999961853027,7.824999809265137,170,160,144,30000,0
-9.074999809265137,-4.789999961853027,-8.175000190734863,159,150,138,30000,0
-9.074999809265137,-4.440000057220459,7.824999809265137,170,160,144,30000,0
-9.074999809265137,-4.440000057220459,-8.175000190734863,159,150,138,30000,0
-9.074999809265137,-4.090000152587891,7.824999809265137,170,160,144,30000,0
-9.074999809265137,-4.090000152587891,-8.175000190734863,159,150,138,30000,0
-9.074999809265137,-3.740000009536743,7.824999809265137,170,160,144,30000,0
-9.074999809265137,-3.740000009536743,-8.175000190734863,159,150,138,30000,0
-9.074999809265137,-3.390000104904175,7.824999809265137,170,160,144,30000,0
-9.074999809265137,-3.390000104904175,-8.175000190734863,159,150,138,30000,0
-9.074999809265137,-3.0399999618530273,7.824999809265137,170,160,144,30000,0
-9.074999809265137,-3.0399999618530273,-8.175000190734863,159,150,138,30000,0
-9.074999809265137,-2.690000057220459,7.824999809265137,170,160,144,30000,0
-9.074999809265137,-2.690000057220459,-8.175000190734863,159,150,138,30000,0
-9.074999809265137,-2.3399999141693115,7.824999809265137,170,160,144,30000,0
-9.074999809265137,-2.3399999141693115,-8.175000190734863,159,150,138,30000,0
-9.074999809265137,-1.9900000095367432,7.824999809265137,170,160,144,30000,0
-9.074999809265137,-1.9900000095367432,-8.175000190734863,159,150,138,30000,0
-9.074999809265137,-1.6399999856948853,7.824999809265137,170,160,144,30000,0
-9.074999809265137,-1.6399999856948853,-8.175000190734863,159,150,138,30000,0
-9.074999809265137,-1.2899999618530273,7.824999809265137,170,160,144,30000,0
-9.074999809265137,-1.2899999618530273,-8.175000190734863,159,150,138,30000,0
-9.074999809265137,-0.9399999976158142,7.824999809265137,170,160,144,30000,0
-9.074999809265137,-0.9399999976158142,-8.175000190734863,159,150,138,30000,0
-9.074999809265137,-0.5899999737739563,7.824999809265137,170,160,144,30000,0
-9.074999809265137,-0.5899999737739563,-8.175000190734863,159,150,138,30000,0
-9.074999809265137,-0.23999999463558197,7.824999809265137,170,160,144,30000,0
-9.074999809265137,-0.23999999463558197,-8.175000190734863,159,150,138,30000,0
-9.074999809265137,0.10999999940395355,7.824999809265137,170,160,144,30000,0
-9.074999809265137,0.10999999940395355,-8.175000190734863,159,150,138,30000,0
-9.074999809265137,0.46000000834465027,7.824999809265137,170,160,144,30000,0
-9.074999809265137,0.46000000834465027,-8.175000190734863,159,150,138,30000,0
-9.074999809265137,0.8100000023841858,7.824999809265137,170,160,144,30000,0
-9.074999809265137,0.8100000023841858,-8.175000190734863,159,150,138,30000,0
-9.074999809265137,1.159999966621399,7.824999809265137,170,160,144,30000,0
-9.074999809265137,1.159999966621399,-8.175000190734863,159,150,138,30000,0
-9.074999809265137,1.5099999904632568,7.824999809265137,170,160,144,30000,0
-9.074999809265137,1.5099999904632568,-8.175000190734863,159,150,138,30000,0
-9.074999809265137,1.8600000143051147,7.824999809265137,170,160,144,30000,0
-9.074999809265137,1.8600000143051147,-8.175000190734863,159,150,138,30000,0
-9.074999809265137,2.2100000381469727,7.824999809265137,170,160,144,30000,0
-9.074999809265137,2.2100000381469727,-8.175000190734863,159,150,138,30000,0
-8.725000381469727,-5.489999771118164,7.824999809265137,170,160,144,30000,0
-8.725000381469727,-5.489999771118164,-8.175000190734863,159,150,138,30000,0
-8.725000381469727,-5.139999866485596,7.824999809265137,170,160,144,30000,0
-8.725000381469727,-5.139999866485596,-8.175000190734863,159,150,138,30000,0
-8.725000381469727,-4.789999961853027,7.824999809265137,170,160,144,30000,0
-8.725000381469727,-4.789999961853027,-8.175000190734863,159,150,138,30000,0
-8.725000381469727,-4.440000057220459,7.824999809265137,170,160,144,30000,0
-8.725000381469727,-4.440000057220459,-8.175000190734863,159,150,138,30000,0
-8.725000381469727,-4.090000152587891,7.824999809265137,170,160,144,30000,0
-8.725000381469727,-4.090000152587891,-8.175000190734863,159,150,138,30000,0
-8.725000381469727,-3.740000009536743,7.824999809265137,170,160,144,30000,0
-8.725000381469727,-3.740000009536743,-8.175000190734863,159,150,138,30000,0
-8.725000381469727,-3.390000104904175,7.824999809265137,170,160,144,30000,0
-8.725000381469727,-3.390000104904175,-8.175000190734863,159,150,138,30000,0
-8.725000381469727,-3.0399999618530273,7.824999809265137,170,160,144,30000,0
-8.725000381469727,-3.0399999618530273,-8.175000190734863,159,150,138,30000,0
-8.725000381469727,-2.690000057220459,7.824999809265137,170,160,144,30000,0
-8.725000381469727,-2.690000057220459,-8.175000190734863,159,150,138,30000,0
-8.725000381469727,-2.3399999141693115,7.824999809265137,170,160,144,30000,0
-8.725000381469727,-2.3399999141693115,-8.175000190734863,159,150,138,30000,0
-8.725000381469727,-1.9900000095367432,7.824999809265137,170,160,144,30000,0
-8.725000381469727,-1.9900000095367432,-8.175000190734863,159,150,138,30000,0
-8.725000381469727,-1.6399999856948853,7.824999809265137,170,160,144,30000,0
-8.725000381469727,-1.6399999856948853,-8.175000190734863,159,150,138,30000,0
-8.725000381469727,-1.2899999618530273,7.824999809265137,170,160,144,30000,0
-8.725000381469727,-1.2899999618530273,-8.175000190734863,159,150,138,30000,0
-8.725000381469727,-0.9399999976158142,7.824999809265137,170,160,144,30000,0
-8.725000381469727,-0.9399999976158142,-8.175000190734863,159,150,138,30000,0
-8.725000381469727,-0.5899999737739563,7.824999809265137,170,160,144,30000,0
-8.725000381469727,-0.5899999737739563,-8.175000190734863,159,150,138,30000,0
-8.725000381469727,-0.23999999463558197,7.824999809265137,170,160,144,30000,0
-8.725000381469727,-0.23999999463558197,-8.175000190734863,159,150,138,30000,0
-8.725000381469727,0.10999999940395355,7.824999809265137,170,160,144,30000,0
-8.725000381469727,0.10999999940395355,-8.175000190734863,159,150,138,30000,0
-8.725000381469727,0.46000000834465027,7.824999809265137,170,160,144,30000,0
-8.725000381469727,0.46000000834465027,-8.175000190734863,159,150,138,30000,0
-8.725000381469727,0.8100000023841858,7.824999809265137,170,160,144,30000,0
-8.725000381469727,0.8100000023841858,-8.175000190734863,159,150,138,30000,0
-8.725000381469727,1.159999966621399,7.824999809265137,170,160,144,30000,0
-8.725000381469727,1.159999966621399,-8.175000190734863,159,150,138,30000,0
-8.725000381469727,1.5099999904632568,7.824999809265137,170,160,144,30000,0
-8.725000381469727,1.5099999904632568,-8.175000190734863,159,150,138,30000,0
-8.725000381469727,1.8600000143051147,7.824999809265137,170,160,144,30000,0
-8.725000381469727,1.8600000143051147,-8.175000190734863,159,150,138,30000,0
-8.725000381469727,2.2100000381469727,7.824999809265137,170,160,144,30000,0
-8.725000381469727,2.2100000381469727,-8.175000190734863,159,150,138,30000,0
-8.375,-5.489999771118164,7.824999809265137,170,160,144,30000,0
-8.375,-5.489999771118164,-8.175000190734863,159,150,138,30000,0
-8.375,-5.139999866485596,7.824999809265137,170,160,144,30000,0
-8.375,-5.139999866485596,-8.175000190734863,159,150,138,30000,0
-8.375,-4.789999961853027,7.824999809265137,170,160,144,30000,0
-8.375,-4.789999961853027,-8.175000190734863,159,150,138,30000,0
-8.375,-4.440000057220459,7.824999809265137,170,160,144,30000,0
-8.375,-4.440000057220459,-8.175000190734863,159,150,138,30000,0
-8.375,-4.090000152587891,7.824999809265137,170,160,144,30000,0
-8.375,-4.090000152587891,-8.175000190734863,159,150,138,30000,0
-8.375,-3.740000009536743,7.824999809265137,170,160,144,30000,0
-8.375,-3.740000009536743,-8.175000190734863,159,150,138,30000,0
-8.375,-3.390000104904175,7.824999809265137,170,160,144,30000,0
-8.375,-3.390000104904175,-8.175000190734863,159,150,138,30000,0
-8.375,-3.0399999618530273,7.824999809265137,170,160,144,30000,0
-8.375,-3.0399999618530273,-8.175000190734863,159,150,138,30000,0
-8.375,-2.690000057220459,7.824999809265137,170,160,144,30000,0
-8.375,-2.690000057220459,-8.175000190734863,159,150,138,30000,0
-8.375,-2.3399999141693115,7.824999809265137,170,160,144,30000,0
-8.375,-2.3399999141693115,-8.175000190734863,159,150,138,30000,0
-8.375,-1.9900000095367432,7.824999809265137,170,160,144,30000,0
-8.375,-1.9900000095367432,-8.175000190734863,159,150,138,30000,0
-8.375,-1.6399999856948853,7.824999809265137,170,160,144,30000,0
-8.375,-1.6399999856948853,-8.175000190734863,159,150,138,30000,0
-8.375,-1.2899999618530273,7.824999809265137,170,160,144,30000,0
-8.375,-1.2899999618530273,-8.175000190734863,159,150,138,30000,0
-8.375,-0.9399999976158142,7.824999809265137,170,160,144,30000,0
-8.375,-0.9399999976158142,-8.175000190734863,159,150,138,30000,0
-8.375,-0.5899999737739563,7.824999809265137,170,160,144,30000,0
-8.375,-0.5899999737739563,-8.175000190734863,159,150,138,30000,0
-8.375,-0.23999999463558197,7.824999809265137,170,160,144,30000,0
-8.375,-0.23999999463558197,-8.175000190734863,159,150,138,30000,0
-8.375,0.10999999940395355,7.824999809265137,170,160,144,30000,0
-8.375,0.10999999940395355,-8.175000190734863,159,150,138,30000,0
-8.375,0.46000000834465027,7.824999809265137,170,160,144,30000,0
-8.375,0.46000000834465027,-8.175000190734863,159,150,138,30000,0
-8.375,0.8100000023841858,7.824999809265137,170,160,144,30000,0
-8.375,0.8100000023841858,-8.175000190734863,159,150,138,30000,0
-8.375,1.159999966621399,7.824999809265137,170,160,144,30000,0
-8.375,1.159999966621399,-8.175000190734863,159,150,138,30000,0
-8.375,1.5099999904632568,7.824999809265137,170,160,144,30000,0
-8.375,1.5099999904632568,-8.175000190734863,159,150,138,30000,0
-8.375,1.8600000143051147,7.824999809265137,170,160,144,30000,0
-8.375,1.8600000143051147,-8.175000190734863,159,150,138,30000,0
-8.375,2.2100000381469727,7.824999809265137,170,160,144,30000,0
-8.375,2.2100000381469727,-8.175000190734863,159,150,138,30000,0
-8.024999618530273,-5.489999771118164,7.824999809265137,170,160,144,30000,0
-8.024999618530273,-5.489999771118164,-8.175000190734863,159,150,138,30000,0
-8.024999618530273,-5.139999866485596,7.824999809265137,170,160,144,30000,0
-8.024999618530273,-5.139999866485596,-8.175000190734863,159,150,138,30000,0
-8.024999618530273,-4.789999961853027,7.824999809265137,170,160,144,30000,0
-8.024999618530273,-4.789999961853027,-8.175000190734863,159,150,138,30000,0
-8.024999618530273,-4.440000057220459,7.824999809265137,170,160,144,30000,0
-8.024999618530273,-4.440000057220459,-8.175000190734863,159,150,138,30000,0
-8.024999618530273,-4.090000152587891,7.824999809265137,170,160,144,30000,0
-8.024999618530273,-4.090000152587891,-8.175000190734863,159,150,138,30000,0
-8.024999618530273,-3.740000009536743,7.824999809265137,170,160,144,30000,0
-8.024999618530273,-3.740000009536743,-8.175000190734863,159,150,138,30000,0
-8.024999618530273,-3.390000104904175,7.824999809265137,170,160,144,30000,0
-8.024999618530273,-3.390000104904175,-8.175000190734863,159,150,138,30000,0
-8.024999618530273,-3.0399999618530273,7.824999809265137,170,160,144,30000,0
-8.024999618530273,-3.0399999618530273,-8.175000190734863,159,150,138,30000,0
-8.024999618530273,-2.690000057220459,7.824999809265137,170,160,144,30000,0
-8.024999618530273,-2.690000057220459,-8.175000190734863,159,150,138,30000,0
-8.024999618530273,-2.3399999141693115,7.824999809265137,170,160,144,30000,0
-8.024999618530273,-2.3399999141693115,-8.175000190734863,159,150,138,30000,0
-8.024999618530273,-1.9900000095367432,7.824999809265137,170,160,144,30000,0
-8.024999618530273,-1.9900000095367432,-8.175000190734863,159,150,138,30000,0
-8.024999618530273,-1.6399999856948853,7.824999809265137,170,160,144,30000,0
-8.024999618530273,-1.6399999856948853,-8.175000190734863,159,150,138,30000,0
-8.024999618530273,-1.2899999618530273,7.824999809265137,170,160,144,30000,0
-8.024999618530273,-1.2899999618530273,-8.175000190734863,159,150,138,30000,0
-8.024999618530273,-0.9399999976158142,7.824999809265137,170,160,144,30000,0
-8.024999618530273,-0.9399999976158142,-8.175000190734863,159,150,138,30000,0
-8.024999618530273,-0.5899999737739563,7.824999809265137,170,160,144,30000,0
-8.024999618530273,-0.5899999737739563,-8.175000190734863,159,150,138,30000,0
-8.024999618530273,-0.23999999463558197,7.824999809265137,170,160,144,30000,0
-8.024999618530273,-0.23999999463558197,-8.175000190734863,159,150,138,30000,0
-8.024999618530273,0.10999999940395355,7.824999809265137,170,160,144,30000,0
-8.024999618530273,0.10999999940395355,-8.175000190734863,159,150,138,30000,0
-8.024999618530273,0.46000000834465027,7.824999809265137,170,160,144,30000,0
-8.024999618530273,0.46000000834465027,-8.175000190734863,159,150,138,30000,0
-8.024999618530273,0.8100000023841858,7.824999809265137,170,160,144,30000,0
-8.024999618530273,0.8100000023841858,-8.175000190734863,159,150,138,30000,0
-8.024999618530273,1.159999966621399,7.824999809265137,170,160,144,30000,0
-8.024999618530273,1.159999966621399,-8.175000190734863,159,150,138,30000,0
-8.024999618530273,1.5099999904632568,7.824999809265137,170,160,144,30000,0
-8.024999618530273,1.5099999904632568,-8.175000190734863,159,150,138,30000,0
-8.024999618530273,1.8600000143051147,7.824999809265137,170,160,144,30000,0
-8.024999618530273,1.8600000143051147,-8.175000190734863,159,150,138,30000,0
-8.024999618530273,2.2100000381469727,7.824999809265137,170,160,144,30000,0
-8.024999618530273,2.2100000381469727,-8.175000190734863,159,150,138,30000,0
-7.675000190734863,-5.489999771118164,7.824999809265137,170,160,144,30000,0
-7.675000190734863,-5.489999771118164,-8.175000190734863,159,150,138,30000,0
-7.675000190734863,-5.139999866485596,7.824999809265137,170,160,144,30000,0
-7.675000190734863,-5.139999866485596,-8.175000190734863,159,150,138,30000,0
-7.675000190734863,-4.789999961853027,7.824999809265137,170,160,144,30000,0
-7.675000190734863,-4.789999961853027,-8.175000190734863,159,150,138,30000,0
-7.675000190734863,-4.440000057220459,7.824999809265137,170,160,144,30000,0
-7.675000190734863,-4.440000057220459,-8.175000190734863,159,150,138,30000,0
-7.675000190734863,-4.090000152587891,7.824999809265137,170,160,144,30000,0
-7.675000190734863,-4.090000152587891,-8.175000190734863,159,150,138,30000,0
-7.675000190734863,-3.740000009536743,7.824999809265137,170,160,144,30000,0
-7.675000190734863,-3.740000009536743,-8.175000190734863,159,150,138,30000,0
-7.675000190734863,-3.390000104904175,7.824999809265137,170,160,144,30000,0
-7.675000190734863,-3.390000104904175,-8.175000190734863,159,150,138,30000,0
-7.675000190734863,-3.0399999618530273,7.824999809265137,170,160,144,30000,0
-7.675000190734863,-3.0399999618530273,-8.175000190734863,159,150,138,30000,0
-7.675000190734863,-2.690000057220459,7.824999809265137,170,160,144,30000,0
-7.675000190734863,-2.690000057220459,-8.175000190734863,159,150,138,30000,0
-7.675000190734863,-2.3399999141693115,7.824999809265137,170,160,144,30000,0
-7.675000190734863,-2.3399999141693115,-8.175000190734863,159,150,138,30000,0
-7.675000190734863,-1.9900000095367432,7.824999809265137,170,160,144,30000,0
-7.675000190734863,-1.9900000095367432,-8.175000190734863,159,150,138,30000,0
-7.675000190734863,-1.6399999856948853,7.824999809265137,170,160,144,30000,0
-7.675000190734863,-1.6399999856948853,-8.175000190734863,159,150,138,30000,0
-7.675000190734863,-1.2899999618530273,7.824999809265137,170,160,144,30000,0
-7.675000190734863,-1.2899999618530273,-8.175000190734863,159,150,138,30000,0
-7.675000190734863,-0.9399999976158142,7.824999809265137,170,160,144,30000,0
-7.675000190734863,-0.9399999976158142,-8.175000190734863,159,150,138,30000,0
-7.675000190734863,-0.5899999737739563,7.824999809265137,170,160,144,30000,0
-7.675000190734863,-0.5899999737739563,-8.175000190734863,159,150,138,30000,0
-7.675000190734863,-0.23999999463558197,7.824999809265137,170,160,144,30000,0
-7.675000190734863,-0.23999999463558197,-8.175000190734863,159,150,138,30000,0
-7.675000190734863,0.10999999940395355,7.824999809265137,170,160,144,30000,0
-7.675000190734863,0.10999999940395355,-8.175000190734863,159,150,138,30000,0
-7.675000190734863,0.46000000834465027,7.824999809265137,170,160,144,30000,0
-7.675000190734863,0.46000000834465027,-8.175000190734863,159,150,138,30000,0
-7.675000190734863,0.8100000023841858,7.824999809265137,170,160,144,30000,0
-7.675000190734863,0.8100000023841858,-8.175000190734863,159,150,138,30000,0
-7.675000190734863,1.159999966621399,7.824999809265137,170,160,144,30000,0
-7.675000190734863,1.159999966621399,-8.175000190734863,159,150,138,30000,0
-7.675000190734863,1.5099999904632568,7.824999809265137,170,160,144,30000,0
-7.675000190734863,1.5099999904632568,-8.175000190734863,159,150,138,30000,0
-7.675000190734863,1.8600000143051147,7.824999809265137,170,160,144,30000,0
-7.675000190734863,1.8600000143051147,-8.175000190734863,159,150,138,30000,0
-7.675000190734863,2.2100000381469727,7.824999809265137,170,160,144,30000,0
-7.675000190734863,2.2100000381469727,-8.175000190734863,159,150,138,30000,0
-7.324999809265137,-5.489999771118164,7.824999809265137,170,160,144,30000,0
-7.324999809265137,-5.489999771118164,-8.175000190734863,159,150,138,30000,0
-7.324999809265137,-5.139999866485596,7.824999809265137,170,160,144,30000,0
-7.324999809265137,-5.139999866485596,-8.175000190734863,159,150,138,30000,0
-7.324999809265137,-4.789999961853027,7.824999809265137,170,160,144,30000,0
-7.324999809265137,-4.789999961853027,-8.175000190734863,159,150,138,30000,0
-7.324999809265137,-4.440000057220459,7.824999809265137,170,160,144,30000,0
-7.324999809265137,-4.440000057220459,-8.175000190734863,159,150,138,30000,0
-7.324999809265137,-4.090000152587891,7.824999809265137,170,160,144,30000,0
-7.324999809265137,-4.090000152587891,-8.175000190734863,159,150,138,30000,0
-7.324999809265137,-3.740000009536743,7.824999809265137,170,160,144,30000,0
-7.324999809265137,-3.740000009536743,-8.175000190734863,159,150,138,30000,0
-7.324999809265137,-3.390000104904175,7.824999809265137,170,160,144,30000,0
-7.324999809265137,-3.390000104904175,-8.175000190734863,159,150,138,30000,0
-7.324999809265137,-3.0399999618530273,7.824999809265137,170,160,144,30000,0
-7.324999809265137,-3.0399999618530273,-8.175000190734863,159,150,138,30000,0
-7.324999809265137,-2.690000057220459,7.824999809265137,170,160,144,30000,0
-7.324999809265137,-2.690000057220459,-8.175000190734863,159,150,138,30000,0
-7.324999809265137,-2.3399999141693115,7.824999809265137,170,160,144,30000,0
-7.324999809265137,-2.3399999141693115,-8.175000190734863,159,150,138,30000,0
-7.324999809265137,-1.9900000095367432,7.824999809265137,170,160,144,30000,0
-7.324999809265137,-1.9900000095367432,-8.175000190734863,159,150,138,30000,0
-7.324999809265137,-1.6399999856948853,7.824999809265137,170,160,144,30000,0
-7.324999809265137,-1.6399999856948853,-8.175000190734863,159,150,138,30000,0
-7.324999809265137,-1.2899999618530273,7.824999809265137,170,160,144,30000,0
-7.324999809265137,-1.2899999618530273,-8.175000190734863,159,150,138,30000,0
-7.324999809265137,-0.9399999976158142,7.824999809265137,170,160,144,30000,0
-7.324999809265137,-0.9399999976158142,-8.175000190734863,159,150,138,30000,0
-7.324999809265137,-0.5899999737739563,7.824999809265137,170,160,144,30000,0
-7.324999809265137,-0.5899999737739563,-8.175000190734863,159,150,138,30000,0
-7.324999809265137,-0.23999999463558197,7.824999809265137,170,160,144,30000,0
-7.324999809265137,-0.23999999463558197,-8.175000190734863,159,150,138,30000,0
-7.324999809265137,0.10999999940395355,7.824999809265137,170,160,144,30000,0
-7.324999809265137,0.10999999940395355,-8.175000190734863,159,150,138,30000,0
-7.324999809265137,0.46000000834465027,7.824999809265137,170,160,144,30000,0
-7.324999809265137,0.46000000834465027,-8.175000190734863,159,150,138,30000,0
-7.324999809265137,0.8100000023841858,7.824999809265137,170,160,144,30000,0
-7.324999809265137,0.8100000023841858,-8.175000190734863,159,150,138,30000,0
-7.324999809265137,1.159999966621399,7.824999809265137,170,160,144,30000,0
-7.324999809265137,1.159999966621399,-8.175000190734863,159,150,138,30000,0
-7.324999809265137,1.5099999904632568,7.824999809265137,170,160,144,30000,0
-7.324999809265137,1.5099999904632568,-8.175000190734863,159,150,138,30000,0
-7.324999809265137,1.8600000143051147,7.824999809265137,170,160,144,30000,0
-7.324999809265137,1.8600000143051147,-8.175000190734863,159,150,138,30000,0
-7.324999809265137,2.2100000381469727,7.824999809265137,170,160,144,30000,0
-7.324999809265137,2.2100000381469727,-8.175000190734863,159,150,138,30000,0
-6.974999904632568,-5.489999771118164,7.824999809265137,170,160,144,30000,0
-6.974999904632568,-5.489999771118164,-8.175000190734863,159,150,138,30000,0
-6.974999904632568,-5.139999866485596,7.824999809265137,170,160,144,30000,0
-6.974999904632568,-5.139999866485596,-8.175000190734863,159,150,138,30000,0
-6.974999904632568,-4.789999961853027,7.824999809265137,170,160,144,30000,0
-6.974999904632568,-4.789999961853027,-8.175000190734863,159,150,138,30000,0
-6.974999904632568,-4.440000057220459,7.824999809265137,170,160,144,30000,0
-6.974999904632568,-4.440000057220459,-8.175000190734863,159,150,138,30000,0
-6.974999904632568,-4.090000152587891,7.824999809265137,170,160,144,30000,0
-6.974999904632568,-4.090000152587891,-8.175000190734863,159,150,138,30000,0
-6.974999904632568,-3.740000009536743,7.824999809265137,170,160,144,30000,0
-6.974999904632568,-3.740000009536743,-8.175000190734863,159,150,138,30000,0
-6.974999904632568,-3.390000104904175,7.824999809265137,170,160,144,30000,0
-6.974999904632568,-3.390000104904175,-8.175000190734863,159,150,138,30000,0
-6.974999904632568,-3.0399999618530273,7.824999809265137,170,160,144,30000,0
-6.974999904632568,-3.0399999618530273,-8.175000190734863,159,150,138,30000,0
-6.974999904632568,-2.690000057220459,7.824999809265137,170,160,144,30000,0
-6.974999904632568,-2.690000057220459,-8.175000190734863,159,150,138,30000,0
-6.974999904632568,-2.3399999141693115,7.824999809265137,170,160,144,30000,0
-6.974999904632568,-2.3399999141693115,-8.175000190734863,159,150,138,30000,0
-6.974999904632568,-1.9900000095367432,7.824999809265137,170,160,144,30000,0
-6.974999904632568,-1.9900000095367432,-8.175000190734863,159,150,138,30000,0
-6.974999904632568,-1.6399999856948853,7.824999809265137,170,160,144,30000,0
-6.974999904632568,-1.6399999856948853,-8.175000190734863,159,150,138,30000,0
-6.974999904632568,-1.2899999618530273,7.824999809265137,170,160,144,30000,0
-6.974999904632568,-1.2899999618530273,-8.175000190734863,159,150,138,30000,0
-6.974999904632568,-0.9399999976158142,7.824999809265137,170,160,144,30000,0
-6.974999904632568,-0.9399999976158142,-8.175000190734863,159,150,138,30000,0
-6.974999904632568,-0.5899999737739563,7.824999809265137,170,160,144,30000,0
-6.974999904632568,-0.5899999737739563,-8.175000190734863,159,150,138,30000,0
-6.974999904632568,-0.23999999463558197,7.824999809265137,170,160,144,30000,0
-6.974999904632568,-0.23999999463558197,-8.175000190734863,159,150,138,30000,0
-6.974999904632568,0.10999999940395355,7.824999809265137,170,160,144,30000,0
-6.974999904632568,0.10999999940395355,-8.175000190734863,159,150,138,30000,0
-6.974999904632568,0.46000000834465027,7.824999809265137,170,160,144,30000,0
-6.974999904632568,0.46000000834465027,-8.175000190734863,159,150,138,30000,0
-6.974999904632568,0.8100000023841858,7.824999809265137,170,160,144,30000,0
-6.974999904632568,0.8100000023841858,-8.175000190734863,159,150,138,30000,0
-6.974999904632568,1.159999966621399,7.824999809265137,170,160,144,30000,0
-6.974999904632568,1.159999966621399,-8.175000190734863,159,150,138,30000,0
-6.974999904632568,1.5099999904632568,7.824999809265137,170,160,144,30000,0
-6.974999904632568,1.5099999904632568,-8.175000190734863,159,150,138,30000,0
-6.974999904632568,1.8600000143051147,7.824999809265137,170,160,144,30000,0
-6.974999904632568,1.8600000143051147,-8.175000190734863,159,150,138,30000,0
-6.974999904632568,2.2100000381469727,7.824999809265137,170,160,144,30000,0
-6.974999904632568,2.2100000381469727,-8.175000190734863,159,150,138,30000,0
-6.625,-5.489999771118164,7.824999809265137,170,160,144,30000,0
-6.625,-5.489999771118164,-8.175000190734863,159,150,138,30000,0
-6.625,-5.139999866485596,7.824999809265137,170,160,144,30000,0
-6.625,-5.139999866485596,-8.175000190734863,159,150,138,30000,0
-6.625,-4.789999961853027,7.824999809265137,170,160,144,30000,0
-6.625,-4.789999961853027,-8.175000190734863,159,150,138,30000,0
-6.625,-4.440000057220459,7.824999809265137,170,160,144,30000,0
-6.625,-4.440000057220459,-8.175000190734863,159,150,138,30000,0
-6.625,-4.090000152587891,7.824999809265137,170,160,144,30000,0
-6.625,-4.090000152587891,-8.175000190734863,159,150,138,30000,0
-6.625,-3.740000009536743,7.824999809265137,170,160,144,30000,0
-6.625,-3.740000009536743,-8.175000190734863,159,150,138,30000,0
-6.625,-3.390000104904175,7.824999809265137,170,160,144,30000,0
-6.625,-3.390000104904175,-8.175000190734863,159,150,138,30000,0
-6.625,-3.0399999618530273,7.824999809265137,170,160,144,30000,0
-6.625,-3.0399999618530273,-8.175000190734863,159,150,138,30000,0
-6.625,-2.690000057220459,7.824999809265137,170,160,144,30000,0
-6.625,-2.690000057220459,-8.175000190734863,159,150,138,30000,0
-6.625,-2.3399999141693115,7.824999809265137,170,160,144,30000,0
-6.625,-2.3399999141693115,-8.175000190734863,159,150,138,30000,0
-6.625,-1.9900000095367432,7.824999809265137,170,160,144,30000,0
-6.625,-1.9900000095367432,-8.175000190734863,159,150,138,30000,0
-6.625,-1.6399999856948853,7.824999809265137,170,160,144,30000,0
-6.625,-1.6399999856948853,-8.175000190734863,159,150,138,30000,0
-6.625,-1.2899999618530273,7.824999809265137,170,160,144,30000,0
-6.625,-1.2899999618530273,-8.175000190734863,159,150,138,30000,0
-6.625,-0.9399999976158142,7.824999809265137,170,160,144,30000,0
-6.625,-0.9399999976158142,-8.175000190734863,159,150,138,30000,0
-6.625,-0.5899999737739563,7.824999809265137,170,160,144,30000,0
-6.625,-0.5899999737739563,-8.175000190734863,159,150,138,30000,0
-6.625,-0.23999999463558197,7.824999809265137,170,160,144,30000,0
-6.625,-0.23999999463558197,-8.175000190734863,159,150,138,30000,0
-6.625,0.10999999940395355,7.824999809265137,170,160,144,30000,0
-6.625,0.10999999940395355,-8.175000190734863,159,150,138,30000,0
-6.625,0.46000000834465027,7.824999809265137,170,160,144,30000,0
-6.625,0.46000000834465027,-8.175000190734863,159,150,138,30000,0
-6.625,0.8100000023841858,7.824999809265137,170,160,144,30000,0
-6.625,0.8100000023841858,-8.175000190734863,159,150,138,30000,0
-6.625,1.159999966621399,7.824999809265137,170,160,144,30000,0
-6.625,1.159999966621399,-8.175000190734863,159,150,138,30000,0
-6.625,1.5099999904632568,7.824999809265137,170,160,144,30000,0
-6.625,1.5099999904632568,-8.175000190734863,159,150,138,30000,0
-6.625,1.8600000143051147,7.824999809265137,170,160,144,30000,0
-6.625,1.8600000143051147,-8.175000190734863,159,150,138,30000,0
-6.625,2.2100000381469727,7.824999809265137,170,160,144,30000,0
-6.625,2.2100000381469727,-8.175000190734863,159,150,138,30000,0
-6.275000095367432,-5.489999771118164,7.824999809265137,170,160,144,30000,0
-6.275000095367432,-5.489999771118164,-8.175000190734863,159,150,138,30000,0
-6.275000095367432,-5.139999866485596,7.824999809265137,170,160,144,30000,0
-6.275000095367432,-5.139999866485596,-8.175000190734863,159,150,138,30000,0
-6.275000095367432,-4.789999961853027,7.824999809265137,170,160,144,30000,0
-6.275000095367432,-4.789999961853027,-8.175000190734863,159,150,138,30000,0
-6.275000095367432,-4.440000057220459,7.824999809265137,170,160,144,30000,0
-6.275000095367432,-4.440000057220459,-8.175000190734863,159,150,138,30000,0
-6.275000095367432,-4.090000152587891,7.824999809265137,170,160,144,30000,0
-6.275000095367432,-4.090000152587891,-8.175000190734863,159,150,138,30000,0
-6.275000095367432,-3.740000009536743,7.824999809265137,170,160,144,30000,0
-6.275000095367432,-3.740000009536743,-8.175000190734863,159,150,138,30000,0
-6.275000095367432,-3.390000104904175,7.824999809265137,170,160,144,30000,0
-6.275000095367432,-3.390000104904175,-8.175000190734863,159,150,138,30000,0
-6.275000095367432,-3.0399999618530273,7.824999809265137,170,160,144,30000,0
-6.275000095367432,-3.0399999618530273,-8.175000190734863,159,150,138,30000,0
-6.275000095367432,-2.690000057220459,7.824999809265137,170,160,144,30000,0
-6.275000095367432,-2.690000057220459,-8.175000190734863,159,150,138,30000,0
-6.275000095367432,-2.3399999141693115,7.824999809265137,170,160,144,30000,0
-6.275000095367432,-2.3399999141693115,-8.175000190734863,159,150,138,30000,0
-6.275000095367432,-1.9900000095367432,7.824999809265137,170,160,144,30000,0
-6.275000095367432,-1.9900000095367432,-8.175000190734863,159,150,138,30000,0
-6.275000095367432,-1.6399999856948853,7.824999809265137,170,160,144,30000,0
-6.275000095367432,-1.6399999856948853,-8.175000190734863,159,150,138,30000,0
-6.275000095367432,-1.2899999618530273,7.824999809265137,170,160,144,30000,0
-6.275000095367432,-1.2899999618530273,-8.175000190734863,159,150,138,30000,0
-6.275000095367432,-0.9399999976158142,7.824999809265137,170,160,144,30000,0
-6.275000095367432,-0.9399999976158142,-8.175000190734863,159,150,138,30000,0
-6.275000095367432,-0.5899999737739563,7.824999809265137,170,160,144,30000,0
-6.275000095367432,-0.5899999737739563,-8.175000190734863,159,150,138,30000,0
-6.275000095367432,-0.23999999463558197,7.824999809265137,170,160,144,30000,0
-6.275000095367432,-0.23999999463558197,-8.175000190734863,159,150,138,30000,0
-6.275000095367432,0.10999999940395355,7.824999809265137,170,160,144,30000,0
-6.275000095367432,0.10999999940395355,-8.175000190734863,159,150,138,30000,0
-6.275000095367432,0.46000000834465027,7.824999809265137,170,160,144,30000,0
-6.275000095367432,0.46000000834465027,-8.175000190734863,159,150,138,30000,0
-6.275000095367432,0.8100000023841858,7.824999809265137,170,160,144,30000,0
-6.275000095367432,0.8100000023841858,-8.175000190734863,159,150,138,30000,0
-6.275000095367432,1.159999966621399,7.824999809265137,170,160,144,30000,0
-6.275000095367432,1.159999966621399,-8.175000190734863,159,150,138,30000,0
-6.275000095367432,1.5099999904632568,7.824999809265137,170,160,144,30000,0
-6.275000095367432,1.5099999904632568,-8.175000190734863,159,150,138,30000,0
-6.275000095367432,1.8600000143051147,7.824999809265137,170,160,144,30000,0
-6.275000095367432,1.8600000143051147,-8.175000190734863,159,150,138,30000,0
-6.275000095367432,2.2100000381469727,7.824999809265137,170,160,144,30000,0
-6.275000095367432,2.2100000381469727,-8.175000190734863,159,150,138,30000,0
-5.925000190734863,-5.489999771118164,7.824999809265137,170,160,144,30000,0
-5.925000190734863,-5.489999771118164,-8.175000190734863,159,150,138,30000,0
-5.925000190734863,-5.139999866485596,7.824999809265137,170,160,144,30000,0
-5.925000190734863,-5.139999866485596,-8.175000190734863,159,150,138,30000,0
-5.925000190734863,-4.789999961853027,7.824999809265137,170,160,144,30000,0
-5.925000190734863,-4.789999961853027,-8.175000190734863,159,150,138,30000,0
-5.925000190734863,-4.440000057220459,7.824999809265137,170,160,144,30000,0
-5.925000190734863,-4.440000057220459,-8.175000190734863,159,150,138,30000,0
-5.925000190734863,-4.090000152587891,7.824999809265137,170,160,144,30000,0
-5.925000190734863,-4.090000152587891,-8.175000190734863,159,150,138,30000,0
-5.925000190734863,-3.740000009536743,7.824999809265137,170,160,144,30000,0
-5.925000190734863,-3.740000009536743,-8.175000190734863,159,150,138,30000,0
-5.925000190734863,-3.390000104904175,7.824999809265137,170,160,144,30000,0
-5.925000190734863,-3.390000104904175,-8.175000190734863,159,150,138,30000,0
-5.925000190734863,-3.0399999618530273,7.824999809265137,170,160,144,30000,0
-5.925000190734863,-3.0399999618530273,-8.175000190734863,159,150,138,30000,0
-5.925000190734863,-2.690000057220459,7.824999809265137,170,160,144,30000,0
-5.925000190734863,-2.690000057220459,-8.175000190734863,159,150,138,30000,0
-5.925000190734863,-2.3399999141693115,7.824999809265137,170,160,144,30000,0
-5.925000190734863,-2.3399999141693115,-8.175000190734863,159,150,138,30000,0
-5.925000190734863,-1.9900000095367432,7.824999809265137,170,160,144,30000,0
-5.925000190734863,-1.9900000095367432,-8.175000190734863,159,150,138,30000,0
-5.925000190734863,-1.6399999856948853,7.824999809265137,170,160,144,30000,0
-5.925000190734863,-1.6399999856948853,-8.175000190734863,159,150,138,30000,0
-5.925000190734863,-1.2899999618530273,7.824999809265137,170,160,144,30000,0
-5.925000190734863,-1.2899999618530273,-8.175000190734863,159,150,138,30000,0
-5.925000190734863,-0.9399999976158142,7.824999809265137,170,160,144,30000,0
-5.925000190734863,-0.9399999976158142,-8.175000190734863,159,150,138,30000,0
-5.925000190734863,-0.5899999737739563,7.824999809265137,170,160,144,30000,0
-5.925000190734863,-0.5899999737739563,-8.175000190734863,159,150,138,30000,0
-5.925000190734863,-0.23999999463558197,7.824999809265137,170,160,144,30000,0
-5.925000190734863,-0.23999999463558197,-8.175000190734863,159,150,138,30000,0
-5.925000190734863,0.10999999940395355,7.824999809265137,170,160,144,30000,0
-5.925000190734863,0.10999999940395355,-8.175000190734863,159,150,138,30000,0
-5.925000190734863,0.46000000834465027,7.824999809265137,170,160,144,30000,0
-5.925000190734863,0.46000000834465027,-8.175000190734863,159,150,138,30000,0
-5.925000190734863,0.8100000023841858,7.824999809265137,170,160,144,30000,0
-5.925000190734863,0.8100000023841858,-8.175000190734863,159,150,138,30000,0
-5.925000190734863,1.159999966621399,7.824999809265137,170,160,144,30000,0
-5.925000190734863,1.159999966621399,-8.175000190734863,159,150,138,30000,0
-5.925000190734863,1.5099999904632568,7.824999809265137,170,160,144,30000,0
-5.925000190734863,1.5099999904632568,-8.175000190734863,159,150,138,30000,0
-5.925000190734863,1.8600000143051147,7.824999809265137,170,160,144,30000,0
-5.925000190734863,1.8600000143051147,-8.175000190734863,159,150,138,30000,0
-5.925000190734863,2.2100000381469727,7.824999809265137,170,160,144,30000,0
-5.925000190734863,2.2100000381469727,-8.175000190734863,159,150,138,30000,0
-5.574999809265137,-5.489999771118164,7.824999809265137,170,160,144,30000,0
-5.574999809265137,-5.489999771118164,-8.175000190734863,159,150,138,30000,0
-5.574999809265137,-5.139999866485596,7.824999809265137,170,160,144,30000,0
-5.574999809265137,-5.139999866485596,-8.175000190734863,159,150,138,30000,0
-5.574999809265137,-4.789999961853027,7.824999809265137,170,160,144,30000,0
-5.574999809265137,-4.789999961853027,-8.175000190734863,159,150,138,30000,0
-5.574999809265137,-4.440000057220459,7.824999809265137,170,160,144,30000,0
-5.574999809265137,-4.440000057220459,-8.175000190734863,159,150,138,30000,0
-5.574999809265137,-4.090000152587891,7.824999809265137,170,160,144,30000,0
-5.574999809265137,-4.090000152587891,-8.175000190734863,159,150,138,30000,0
-5.574999809265137,-3.740000009536743,7.824999809265137,170,160,144,30000,0
-5.574999809265137,-3.740000009536743,-8.175000190734863,159,150,138,30000,0
-5.574999809265137,-3.390000104904175,7.824999809265137,170,160,144,30000,0
-5.574999809265137,-3.390000104904175,-8.175000190734863,159,150,138,30000,0
-5.574999809265137,-3.0399999618530273,7.824999809265137,170,160,144,30000,0
-5.574999809265137,-3.0399999618530273,-8.175000190734863,159,150,138,30000,0
-5.574999809265137,-2.690000057220459,7.824999809265137,170,160,144,30000,0
-5.574999809265137,-2.690000057220459,-8.175000190734863,159,150,138,30000,0
-5.574999809265137,-2.3399999141693115,7.824999809265137,170,160,144,30000,0
-5.574999809265137,-2.3399999141693115,-8.175000190734863,159,150,138,30000,0
-5.574999809265137,-1.9900000095367432,7.824999809265137,170,160,144,30000,0
-5.574999809265137,-1.9900000095367432,-8.175000190734863,159,150,138,30000,0
-5.574999809265137,-1.6399999856948853,7.824999809265137,170,160,144,30000,0
-5.574999809265137,-1.6399999856948853,-8.175000190734863,159,150,138,30000,0
-5.574999809265137,-1.2899999618530273,7.824999809265137,170,160,144,30000,0
-5.574999809265137,-1.2899999618530273,-8.175000190734863,159,150,138,30000,0
-5.574999809265137,-0.9399999976158142,7.824999809265137,170,160,144,30000,0
-5.574999809265137,-0.9399999976158142,-8.175000190734863,159,150,138,30000,0
-5.574999809265137,-0.5899999737739563,7.824999809265137,170,160,144,30000,0
-5.574999809265137,-0.5899999737739563,-8.175000190734863,159,150,138,30000,0
-5.574999809265137,-0.23999999463558197,7.824999809265137,170,160,144,30000,0
-5.574999809265137,-0.23999999463558197,-8.175000190734863,159,150,138,30000,0
-5.574999809265137,0.10999999940395355,7.824999809265137,170,160,144,30000,0
-5.574999809265137,0.10999999940395355,-8.175000190734863,159,150,138,30000,0
-5.574999809265137,0.46000000834465027,7.824999809265137,170,160,144,30000,0
-5.574999809265137,0.46000000834465027,-8.175000190734863,159,150,138,30000,0
-5.574999809265137,0.8100000023841858,7.824999809265137,170,160,144,30000,0
-5.574999809265137,0.8100000023841858,-8.175000190734863,159,150,138,30000,0
-5.574999809265137,1.159999966621399,7.824999809265137,170,160,144,30000,0
-5.574999809265137,1.159999966621399,-8.175000190734863,159,150,138,30000,0
-5.574999809265137,1.5099999904632568,7.824999809265137,170,160,144,30000,0
-5.574999809265137,1.5099999904632568,-8.175000190734863,159,150,138,30000,0
-5.574999809265137,1.8600000143051147,7.824999809265137,170,160,144,30000,0
-5.574999809265137,1.8600000143051147,-8.175000190734863,159,150,138,30000,0
-5.574999809265137,2.2100000381469727,7.824999809265137,170,160,144,30000,0
-5.574999809265137,2.2100000381469727,-8.175000190734863,159,150,138,30000,0
-5.224999904632568,-5.489999771118164,7.824999809265137,170,160,144,30000,0
-5.224999904632568,-5.489999771118164,-8.175000190734863,159,150,138,30000,0
-5.224999904632568,-5.139999866485596,7.824999809265137,170,160,144,30000,0
-5.224999904632568,-5.139999866485596,-8.175000190734863,159,150,138,30000,0
-5.224999904632568,-4.789999961853027,7.824999809265137,170,160,144,30000,0
-5.224999904632568,-4.789999961853027,-8.175000190734863,159,150,138,30000,0
-5.224999904632568,-4.440000057220459,7.824999809265137,170,160,144,30000,0
-5.224999904632568,-4.440000057220459,-8.175000190734863,159,150,138,30000,0
-5.224999904632568,-4.090000152587891,7.824999809265137,170,160,144,30000,0
-5.224999904632568,-4.090000152587891,-8.175000190734863,159,150,138,30000,0
-5.224999904632568,-3.740000009536743,7.824999809265137,170,160,144,30000,0
-5.224999904632568,-3.740000009536743,-8.175000190734863,159,150,138,30000,0
-5.224999904632568,-3.390000104904175,7.824999809265137,170,160,144,30000,0
-5.224999904632568,-3.390000104904175,-8.175000190734863,159,150,138,30000,0
-5.224999904632568,-3.0399999618530273,7.824999809265137,170,160,144,30000,0
-5.224999904632568,-3.0399999618530273,-8.175000190734863,159,150,138,30000,0
-5.224999904632568,-2.690000057220459,7.824999809265137,170,160,144,30000,0
-5.224999904632568,-2.690000057220459,-8.175000190734863,159,150,138,30000,0
-5.224999904632568,-2.3399999141693115,7.824999809265137,170,160,144,30000,0
-5.224999904632568,-2.3399999141693115,-8.175000190734863,159,150,138,30000,0
-5.224999904632568,-1.9900000095367432,7.824999809265137,170,160,144,30000,0
-5.224999904632568,-1.9900000095367432,-8.175000190734863,159,150,138,30000,0
-5.224999904632568,-1.6399999856948853,7.824999809265137,170,160,144,30000,0
-5.224999904632568,-1.6399999856948853,-8.175000190734863,159,150,138,30000,0
-5.224999904632568,-1.2899999618530273,7.824999809265137,170,160,144,30000,0
-5.224999904632568,-1.2899999618530273,-8.175000190734863,159,150,138,30000,0
-5.224999904632568,-0.9399999976158142,7.824999809265137,170,160,144,30000,0
-5.224999904632568,-0.9399999976158142,-8.175000190734863,159,150,138,30000,0
-5.224999904632568,-0.5899999737739563,7.824999809265137,170,160,144,30000,0
-5.224999904632568,-0.5899999737739563,-8.175000190734863,159,150,138,30000,0
-5.224999904632568,-0.23999999463558197,7.824999809265137,170,160,144,30000,0
-5.224999904632568,-0.23999999463558197,-8.175000190734863,159,150,138,30000,0
-5.224999904632568,0.10999999940395355,7.824999809265137,170,160,144,30000,0
-5.224999904632568,0.10999999940395355,-8.175000190734863,159,150,138,30000,0
-5.224999904632568,0.46000000834465027,7.824999809265137,170,160,144,30000,0
-5.224999904632568,0.46000000834465027,-8.175000190734863,159,150,138,30000,0
-5.224999904632568,0.8100000023841858,7.824999809265137,170,160,144,30000,0
-5.224999904632568,0.8100000023841858,-8.175000190734863,159,150,138,30000,0
-5.224999904632568,1.159999966621399,7.824999809265137,170,160,144,30000,0
-5.224999904632568,1.159999966621399,-8.175000190734863,159,150,138,30000,0
-5.224999904632568,1.5099999904632568,7.824999809265137,170,160,144,30000,0
-5.224999904632568,1.5099999904632568,-8.175000190734863,159,150,138,30000,0
-5.224999904632568,1.8600000143051147,7.824999809265137,170,160,144,30000,0
-5.224999904632568,1.8600000143051147,-8.175000190734863,159,150,138,30000,0
-5.224999904632568,2.2100000381469727,7.824999809265137,170,160,144,30000,0
-5.224999904632568,2.2100000381469727,-8.175000190734863,159,150,138,30000,0
-4.875,-5.489999771118164,7.824999809265137,170,160,144,30000,0
-4.875,-5.489999771118164,-8.175000190734863,159,150,138,30000,0
-4.875,-5.139999866485596,7.824999809265137,170,160,144,30000,0
-4.875,-5.139999866485596,-8.175000190734863,159,150,138,30000,0
-4.875,-4.789999961853027,7.824999809265137,170,160,144,30000,0
-4.875,-4.789999961853027,-8.175000190734863,159,150,138,30000,0
-4.875,-4.440000057220459,7.824999809265137,170,160,144,30000,0
-4.875,-4.440000057220459,-8.175000190734863,159,150,138,30000,0
-4.875,-4.090000152587891,7.824999809265137,170,160,144,30000,0
-4.875,-4.090000152587891,-8.175000190734863,159,150,138,30000,0
-4.875,-3.740000009536743,7.824999809265137,170,160,144,30000,0
-4.875,-3.740000009536743,-8.175000190734863,159,150,138,30000,0
-4.875,-3.390000104904175,7.824999809265137,170,160,144,30000,0
-4.875,-3.390000104904175,-8.175000190734863,159,150,138,30000,0
-4.875,-3.0399999618530273,7.824999809265137,170,160,144,30000,0
-4.875,-3.0399999618530273,-8.175000190734863,159,150,138,30000,0
-4.875,-2.690000057220459,7.824999809265137,170,160,144,30000,0
-4.875,-2.690000057220459,-8.175000190734863,159,150,138,30000,0
-4.875,-2.3399999141693115,7.824999809265137,170,160,144,30000,0
-4.875,-2.3399999141693115,-8.175000190734863,159,150,138,30000,0
-4.875,-1.9900000095367432,7.824999809265137,170,160,144,30000,0
-4.875,-1.9900000095367432,-8.175000190734863,159,150,138,30000,0
-4.875,-1.6399999856948853,7.824999809265137,170,160,144,30000,0
-4.875,-1.6399999856948853,-8.175000190734863,159,150,138,30000,0
-4.875,-1.2899999618530273,7.824999809265137,170,160,144,30000,0
-4.875,-1.2899999618530273,-8.175000190734863,159,150,138,30000,0
-4.875,-0.9399999976158142,7.824999809265137,170,160,144,30000,0
-4.875,-0.9399999976158142,-8.175000190734863,159,150,138,30000,0
-4.875,-0.5899999737739563,7.824999809265137,170,160,144,30000,0
-4.875,-0.5899999737739563,-8.175000190734863,159,150,138,30000,0
-4.875,-0.23999999463558197,7.824999809265137,170,160,144,30000,0
-4.875,-0.23999999463558197,-8.175000190734863,159,150,138,30000,0
-4.875,0.10999999940395355,7.824999809265137,170,160,144,30000,0
-4.875,0.10999999940395355,-8.175000190734863,159,150,138,30000,0
-4.875,0.46000000834465027,7.824999809265137,170,160,144,30000,0
-4.875,0.46000000834465027,-8.175000190734863,159,150,138,30000,0
-4.875,0.8100000023841858,7.824999809265137,170,160,144,30000,0
-4.875,0.8100000023841858,-8.175000190734863,159,150,138,30000,0
-4.875,1.159999966621399,7.824999809265137,170,160,144,30000,0
-4.875,1.159999966621399,-8.175000190734863,159,150,138,30000,0
-4.875,1.5099999904632568,7.824999809265137,170,160,144,30000,0
-4.875,1.5099999904632568,-8.175000190734863,159,150,138,30000,0
-4.875,1.8600000143051147,7.824999809265137,170,160,144,30000,0
-4.875,1.8600000143051147,-8.175000190734863,159,150,138,30000,0
-4.875,2.2100000381469727,7.824999809265137,170,160,144,30000,0
-4.875,2.2100000381469727,-8.175000190734863,159,150,138,30000,0
-4.525000095367432,-5.489999771118164,7.824999809265137,170,160,144,30000,0
-4.525000095367432,-5.489999771118164,-8.175000190734863,159,150,138,30000,0
-4.525000095367432,-5.139999866485596,7.824999809265137,170,160,144,30000,0
-4.525000095367432,-5.139999866485596,-8.175000190734863,159,150,138,30000,0
-4.525000095367432,-4.789999961853027,7.824999809265137,170,160,144,30000,0
-4.525000095367432,-4.789999961853027,-8.175000190734863,159,150,138,30000,0
-4.525000095367432,-4.440000057220459,7.824999809265137,170,160,144,30000,0
-4.525000095367432,-4.440000057220459,-8.175000190734863,159,150,138,30000,0
-4.525000095367432,-4.090000152587891,7.824999809265137,170,160,144,30000,0
-4.525000095367432,-4.090000152587891,-8.175000190734863,159,150,138,30000,0
-4.525000095367432,-3.740000009536743,7.824999809265137,170,160,144,30000,0
-4.525000095367432,-3.740000009536743,-8.175000190734863,159,150,138,30000,0
-4.525000095367432,-3.390000104904175,7.824999809265137,170,160,144,30000,0
-4.525000095367432,-3.390000104904175,-8.175000190734863,159,150,138,30000,0
-4.525000095367432,-3.0399999618530273,7.824999809265137,170,160,144,30000,0
-4.525000095367432,-3.0399999618530273,-8.175000190734863,159,150,138,30000,0
-4.525000095367432,-2.690000057220459,7.824999809265137,170,160,144,30000,0
-4.525000095367432,-2.690000057220459,-8.175000190734863,159,150,138,30000,0
-4.525000095367432,-2.3399999141693115,7.824999809265137,170,160,144,30000,0
-4.525000095367432,-2.3399999141693115,-8.175000190734863,159,150,138,30000,0
-4.525000095367432,-1.9900000095367432,7.824999809265137,170,160,144,30000,0
-4.525000095367432,-1.9900000095367432,-8.175000190734863,159,150,138,30000,0
-4.525000095367432,-1.6399999856948853,7.824999809265137,170,160,144,30000,0
-4.525000095367432,-1.6399999856948853,-8.175000190734863,159,150,138,30000,0
-4.525000095367432,-1.2899999618530273,7.824999809265137,170,160,144,30000,0
-4.525000095367432,-1.2899999618530273,-8.175000190734863,159,150,138,30000,0
-4.525000095367432,-0.9399999976158142,7.824999809265137,170,160,144,30000,0
-4.525000095367432,-0.9399999976158142,-8.175000190734863,159,150,138,30000,0
-4.525000095367432,-0.5899999737739563,7.824999809265137,170,160,144,30000,0
-4.525000095367432,-0.5899999737739563,-8.175000190734863,159,150,138,30000,0
-4.525000095367432,-0.23999999463558197,7.824999809265137,170,160,144,30000,0
-4.525000095367432,-0.23999999463558197,-8.175000190734863,159,150,138,30000,0
-4.525000095367432,0.10999999940395355,7.824999809265137,170,160,144,30000,0
-4.525000095367432,0.10999999940395355,-8.175000190734863,159,150,138,30000,0
-4.525000095367432,0.46000000834465027,7.824999809265137,170,160,144,30000,0
-4.525000095367432,0.46000000834465027,-8.175000190734863,159,150,138,30000,0
-4.525000095367432,0.8100000023841858,7.824999809265137,170,160,144,30000,0
-4.525000095367432,0.8100000023841858,-8.175000190734863,159,150,138,30000,0
-4.525000095367432,1.159999966621399,7.824999809265137,170,160,144,30000,0
-4.525000095367432,1.159999966621399,-8.175000190734863,159,150,138,30000,0
-4.525000095367432,1.5099999904632568,7.824999809265137,170,160,144,30000,0
-4.525000095367432,1.5099999904632568,-8.175000190734863,159,150,138,30000,0
-4.525000095367432,1.8600000143051147,7.824999809265137,170,160,144,30000,0
-4.525000095367432,1.8600000143051147,-8.175000190734863,159,150,138,30000,0
-4.525000095367432,2.2100000381469727,7.824999809265137,170,160,144,30000,0
-4.525000095367432,2.2100000381469727,-8.175000190734863,159,150,138,30000,0
-4.175000190734863,-5.489999771118164,7.824999809265137,170,160,144,30000,0
-4.175000190734863,-5.489999771118164,-8.175000190734863,159,150,138,30000,0
-4.175000190734863,-5.139999866485596,7.824999809265137,170,160,144,30000,0
-4.175000190734863,-5.139999866485596,-8.175000190734863,159,150,138,30000,0
-4.175000190734863,-4.789999961853027,7.824999809265137,170,160,144,30000,0
-4.175000190734863,-4.789999961853027,-8.175000190734863,159,150,138,30000,0
-4.175000190734863,-4.440000057220459,7.824999809265137,170,160,144,30000,0
-4.175000190734863,-4.440000057220459,-8.175000190734863,159,150,138,30000,0
-4.175000190734863,-4.090000152587891,7.824999809265137,170,160,144,30000,0
-4.175000190734863,-4.090000152587891,-8.175000190734863,159,150,138,30000,0
-4.175000190734863,-3.740000009536743,7.824999809265137,170,160,144,30000,0
-4.175000190734863,-3.740000009536743,-8.175000190734863,159,150,138,30000,0
-4.175000190734863,-3.390000104904175,7.824999809265137,170,160,144,30000,0
-4.175000190734863,-3.390000104904175,-8.175000190734863,159,150,138,30000,0
-4.175000190734863,-3.0399999618530273,7.824999809265137,170,160,144,30000,0
-4.175000190734863,-3.0399999618530273,-8.175000190734863,159,150,138,30000,0
-4.175000190734863,-2.690000057220459,7.824999809265137,170,160,144,30000,0
-4.175000190734863,-2.690000057220459,-8.175000190734863,159,150,138,30000,0
-4.175000190734863,-2.3399999141693115,7.824999809265137,170,160,144,30000,0
-4.175000190734863,-2.3399999141693115,-8.175000190734863,159,150,138,30000,0
-4.175000190734863,-1.9900000095367432,7.824999809265137,170,160,144,30000,0
-4.175000190734863,-1.9900000095367432,-8.175000190734863,159,150,138,30000,0
-4.175000190734863,-1.6399999856948853,7.824999809265137,170,160,144,30000,0
-4.175000190734863,-1.6399999856948853,-8.175000190734863,159,150,138,30000,0
-4.175000190734863,-1.2899999618530273,7.824999809265137,170,160,144,30000,0
-4.175000190734863,-1.2899999618530273,-8.175000190734863,159,150,138,30000,0
-4.175000190734863,-0.9399999976158142,7.824999809265137,170,160,144,30000,0
-4.175000190734863,-0.9399999976158142,-8.175000190734863,159,150,138,30000,0
-4.175000190734863,-0.5899999737739563,7.824999809265137,170,160,144,30000,0
-4.175000190734863,-0.5899999737739563,-8.175000190734863,159,150,138,30000,0
-4.175000190734863,-0.23999999463558197,7.824999809265137,170,160,144,30000,0
-4.175000190734863,-0.23999999463558197,-8.175000190734863,159,150,138,30000,0
-4.175000190734863,0.10999999940395355,7.824999809265137,170,160,144,30000,0
-4.175000190734863,0.10999999940395355,-8.175000190734863,159,150,138,30000,0
-4.175000190734863,0.46000000834465027,7.824999809265137,170,160,144,30000,0
-4.175000190734863,0.46000000834465027,-8.175000190734863,159,150,138,30000,0
-4.175000190734863,0.8100000023841858,7.824999809265137,170,160,144,30000,0
-4.175000190734863,0.8100000023841858,-8.175000190734863,159,150,138,30000,0
-4.175000190734863,1.159999966621399,7.824999809265137,170,160,144,30000,0
-4.175000190734863,1.159999966621399,-8.175000190734863,159,150,138,30000,0
-4.175000190734863,1.5099999904632568,7.824999809265137,170,160,144,30000,0
-4.175000190734863,1.5099999904632568,-8.175000190734863,159,150,138,30000,0
-4.175000190734863,1.8600000143051147,7.824999809265137,170,160,144,30000,0
-4.175000190734863,1.8600000143051147,-8.175000190734863,159,150,138,30000,0
-4.175000190734863,2.2100000381469727,7.824999809265137,170,160,144,30000,0
-4.175000190734863,2.2100000381469727,-8.175000190734863,159,150,138,30000,0
-3.825000047683716,-5.489999771118164,7.824999809265137,170,160,144,30000,0
-3.825000047683716,-5.489999771118164,-8.175000190734863,159,150,138,30000,0
-3.825000047683716,-5.139999866485596,7.824999809265137,170,160,144,30000,0
-3.825000047683716,-5.139999866485596,-8.175000190734863,159,150,138,30000,0
-3.825000047683716,-4.789999961853027,7.824999809265137,170,160,144,30000,0
-3.825000047683716,-4.789999961853027,-8.175000190734863,159,150,138,30000,0
-3.825000047683716,-4.440000057220459,7.824999809265137,170,160,144,30000,0
-3.825000047683716,-4.440000057220459,-8.175000190734863,159,150,138,30000,0
-3.825000047683716,-4.090000152587891,7.824999809265137,170,160,144,30000,0
-3.825000047683716,-4.090000152587891,-8.175000190734863,159,150,138,30000,0
-3.825000047683716,-3.740000009536743,7.824999809265137,170,160,144,30000,0
-3.825000047683716,-3.740000009536743,-8.175000190734863,159,150,138,30000,0
-3.825000047683716,-3.390000104904175,7.824999809265137,170,160,144,30000,0
-3.825000047683716,-3.390000104904175,-8.175000190734863,159,150,138,30000,0
-3.825000047683716,-3.0399999618530273,7.824999809265137,170,160,144,30000,0
-3.825000047683716,-3.0399999618530273,-8.175000190734863,159,150,138,30000,0
-3.825000047683716,-2.690000057220459,7.824999809265137,170,160,144,30000,0
-3.825000047683716,-2.690000057220459,-8.175000190734863,159,150,138,30000,0
-3.825000047683716,-2.3399999141693115,7.824999809265137,170,160,144,30000,0
-3.825000047683716,-2.3399999141693115,-8.175000190734863,159,150,138,30000,0
-3.825000047683716,-1.9900000095367432,7.824999809265137,170,160,144,30000,0
-3.825000047683716,-1.9900000095367432,-8.175000190734863,159,150,138,30000,0
-3.825000047683716,-1.6399999856948853,7.824999809265137,170,160,144,30000,0
-3.825000047683716,-1.6399999856948853,-8.175000190734863,159,150,138,30000,0
-3.825000047683716,-1.2899999618530273,7.824999809265137,170,160,144,30000,0
-3.825000047683716,-1.2899999618530273,-8.175000190734863,159,150,138,30000,0
-3.825000047683716,-0.9399999976158142,7.824999809265137,170,160,144,30000,0
-3.825000047683716,-0.9399999976158142,-8.175000190734863,159,150,138,30000,0
-3.825000047683716,-0.5899999737739563,7.824999809265137,170,160,144,30000,0
-3.825000047683716,-0.5899999737739563,-8.175000190734863,159,150,138,30000,0
-3.825000047683716,-0.23999999463558197,7.824999809265137,170,160,144,30000,0
-3.825000047683716,-0.23999999463558197,-8.175000190734863,159,150,138,30000,0
-3.825000047683716,0.10999999940395355,7.824999809265137,170,160,144,30000,0
-3.825000047683716,0.10999999940395355,-8.175000190734863,159,150,138,30000,0
-3.825000047683716,0.46000000834465027,7.824999809265137,170,160,144,30000,0
-3.825000047683716,0.46000000834465027,-8.175000190734863,159,150,138,30000,0
-3.825000047683716,0.8100000023841858,7.824999809265137,170,160,144,30000,0
-3.825000047683716,0.8100000023841858,-8.175000190734863,159,150,138,30000,0
-3.825000047683716,1.159999966621399,7.824999809265137,170,160,144,30000,0
-3.825000047683716,1.159999966621399,-8.175000190734863,159,150,138,30000,0
-3.825000047683716,1.5099999904632568,7.824999809265137,170,160,144,30000,0
-3.825000047683716,1.5099999904632568,-8.175000190734863,159,150,138,30000,0
-3.825000047683716,1.8600000143051147,7.824999809265137,170,160,144,30000,0
-3.825000047683716,1.8600000143051147,-8.175000190734863,159,150,138,30000,0
-3.825000047683716,2.2100000381469727,7.824999809265137,170,160,144,30000,0
-3.825000047683716,2.2100000381469727,-8.175000190734863,159,150,138,30000,0
-3.4749999046325684,-5.489999771118164,7.824999809265137,170,160,144,30000,0
-3.4749999046325684,-5.489999771118164,-8.175000190734863,159,150,138,30000,0
-3.4749999046325684,-5.139999866485596,7.824999809265137,170,160,144,30000,0
-3.4749999046325684,-5.139999866485596,-8.175000190734863,159,150,138,30000,0
-3.4749999046325684,-4.789999961853027,7.824999809265137,170,160,144,30000,0
-3.4749999046325684,-4.789999961853027,-8.175000190734863,159,150,138,30000,0
-3.4749999046325684,-4.440000057220459,7.824999809265137,170,160,144,30000,0
-3.4749999046325684,-4.440000057220459,-8.175000190734863,159,150,138,30000,0
-3.4749999046325684,-4.090000152587891,7.824999809265137,170,160,144,30000,0
-3.4749999046325684,-4.090000152587891,-8.175000190734863,159,150,138,30000,0
-3.4749999046325684,-3.740000009536743,7.824999809265137,170,160,144,30000,0
-3.4749999046325684,-3.740000009536743,-8.175000190734863,159,150,138,30000,0
-3.4749999046325684,-3.390000104904175,7.824999809265137,170,160,144,30000,0
-3.4749999046325684,-3.390000104904175,-8.175000190734863,159,150,138,30000,0
-3.4749999046325684,-3.0399999618530273,7.824999809265137,170,160,144,30000,0
-3.4749999046325684,-3.0399999618530273,-8.175000190734863,159,150,138,30000,0
-3.4749999046325684,-2.690000057220459,7.824999809265137,170,160,144,30000,0
-3.4749999046325684,-2.690000057220459,-8.175000190734863,159,150,138,30000,0
-3.4749999046325684,-2.3399999141693115,7.824999809265137,170,160,144,30000,0
-3.4749999046325684,-2.3399999141693115,-8.175000190734863,159,150,138,30000,0
-3.4749999046325684,-1.9900000095367432,7.824999809265137,170,160,144,30000,0
-3.4749999046325684,-1.9900000095367432,-8.175000190734863,159,150,138,30000,0
-3.4749999046325684,-1.6399999856948853,7.824999809265137,170,160,144,30000,0
-3.4749999046325684,-1.6399999856948853,-8.175000190734863,159,150,138,30000,0
-3.4749999046325684,-1.2899999618530273,7.824999809265137,170,160,144,30000,0
-3.4749999046325684,-1.2899999618530273,-8.175000190734863,159,150,138,30000,0
-3.4749999046325684,-0.9399999976158142,7.824999809265137,170,160,144,30000,0
-3.4749999046325684,-0.9399999976158142,-8.175000190734863,159,150,138,30000,0
-3.4749999046325684,-0.5899999737739563,7.824999809265137,170,160,144,30000,0
-3.4749999046325684,-0.5899999737739563,-8.175000190734863,159,150,138,30000,0
-3.4749999046325684,-0.23999999463558197,7.824999809265137,170,160,144,30000,0
-3.4749999046325684,-0.23999999463558197,-8.175000190734863,159,150,138,30000,0
-3.4749999046325684,0.10999999940395355,7.824999809265137,170,160,144,30000,0
-3.4749999046325684,0.10999999940395355,-8.175000190734863,159,150,138,30000,0
-3.4749999046325684,0.46000000834465027,7.824999809265137,170,160,144,30000,0
-3.4749999046325684,0.46000000834465027,-8.175000190734863,159,150,138,30000,0
-3.4749999046325684,0.8100000023841858,7.824999809265137,170,160,144,30000,0
-3.4749999046325684,0.8100000023841858,-8.175000190734863,159,150,138,30000,0
-3.4749999046325684,1.159999966621399,7.824999809265137,170,160,144,30000,0
-3.4749999046325684,1.159999966621399,-8.175000190734863,159,150,138,30000,0
-3.4749999046325684,1.5099999904632568,7.824999809265137,170,160,144,30000,0
-3.4749999046325684,1.5099999904632568,-8.175000190734863,159,150,138,30000,0
-3.4749999046325684,1.8600000143051147,7.824999809265137,170,160,144,30000,0
-3.4749999046325684,1.8600000143051147,-8.175000190734863,159,150,138,30000,0
-3.4749999046325684,2.2100000381469727,7.824999809265137,170,160,144,30000,0
-3.4749999046325684,2.2100000381469727,-8.175000190734863,159,150,138,30000,0
-3.125,-5.489999771118164,7.824999809265137,170,160,144,30000,0
-3.125,-5.489999771118164,-8.175000190734863,159,150,138,30000,0
-3.125,-5.139999866485596,7.824999809265137,170,160,144,30000,0
-3.125,-5.139999866485596,-8.175000190734863,159,150,138,30000,0
-3.125,-4.789999961853027,7.824999809265137,170,160,144,30000,0
-3.125,-4.789999961853027,-8.175000190734863,159,150,138,30000,0
-3.125,-4.440000057220459,7.824999809265137,170,160,144,30000,0
-3.125,-4.440000057220459,-8.175000190734863,159,150,138,30000,0
-3.125,-4.090000152587891,7.824999809265137,170,160,144,30000,0
-3.125,-4.090000152587891,-8.175000190734863,159,150,138,30000,0
-3.125,-3.740000009536743,7.824999809265137,170,160,144,30000,0
-3.125,-3.740000009536743,-8.175000190734863,159,150,138,30000,0
-3.125,-3.390000104904175,7.824999809265137,170,160,144,30000,0
-3.125,-3.390000104904175,-8.175000190734863,159,150,138,30000,0
-3.125,-3.0399999618530273,7.824999809265137,170,160,144,30000,0
-3.125,-3.0399999618530273,-8.175000190734863,159,150,138,30000,0
-3.125,-2.690000057220459,7.824999809265137,170,160,144,30000,0
-3.125,-2.690000057220459,-8.175000190734863,159,150,138,30000,0
-3.125,-2.3399999141693115,7.824999809265137,170,160,144,30000,0
-3.125,-2.3399999141693115,-8.175000190734863,159,150,138,30000,0
-3.125,-1.9900000095367432,7.824999809265137,170,160,144,30000,0
-3.125,-1.9900000095367432,-8.175000190734863,159,150,138,30000,0
-3.125,-1.6399999856948853,7.824999809265137,170,160,144,30000,0
-3.125,-1.6399999856948853,-8.175000190734863,159,150,138,30000,0
-3.125,-1.2899999618530273,7.824999809265137,170,160,144,30000,0
-3.125,-1.2899999618530273,-8.175000190734863,159,150,138,30000,0
-3.125,-0.9399999976158142,7.824999809265137,170,160,144,30000,0
-3.125,-0.9399999976158142,-8.175000190734863,159,150,138,30000,0
-3.125,-0.5899999737739563,7.824999809265137,170,160,144,30000,0
-3.125,-0.5899999737739563,-8.175000190734863,159,150,138,30000,0
-3.125,-0.23999999463558197,7.824999809265137,170,160,144,30000,0
-3.125,-0.23999999463558197,-8.175000190734863,159,150,138,30000,0
-3.125,0.10999999940395355,7.824999809265137,170,160,144,30000,0
-3.125,0.10999999940395355,-8.175000190734863,159,150,138,30000,0
-3.125,0.46000000834465027,7.824999809265137,170,160,144,30000,0
-3.125,0.46000000834465027,-8.175000190734863,159,150,138,30000,0
-3.125,0.8100000023841858,7.824999809265137,170,160,144,30000,0
-3.125,0.8100000023841858,-8.175000190734863,159,150,138,30000,0
-3.125,1.159999966621399,7.824999809265137,170,160,144,30000,0
-3.125,1.159999966621399,-8.175000190734863,159,150,138,30000,0
-3.125,1.5099999904632568,7.824999809265137,170,160,144,30000,0
-3.125,1.5099999904632568,-8.175000190734863,159,150,138,30000,0
-3.125,1.8600000143051147,7.824999809265137,170,160,144,30000,0
-3.125,1.8600000143051147,-8.175000190734863,159,150,138,30000,0
-3.125,2.2100000381469727,7.824999809265137,170,160,144,30000,0
-3.125,2.2100000381469727,-8.175000190734863,159,150,138,30000,0
-2.7750000953674316,-5.489999771118164,7.824999809265137,170,160,144,30000,0
-2.7750000953674316,-5.489999771118164,-8.175000190734863,159,150,138,30000,0
-2.7750000953674316,-5.139999866485596,7.824999809265137,170,160,144,30000,0
-2.7750000953674316,-5.139999866485596,-8.175000190734863,159,150,138,30000,0
-2.7750000953674316,-4.789999961853027,7.824999809265137,170,160,144,30000,0
-2.7750000953674316,-4.789999961853027,-8.175000190734863,159,150,138,30000,0
-2.7750000953674316,-4.440000057220459,7.824999809265137,170,160,144,30000,0
-2.7750000953674316,-4.440000057220459,-8.175000190734863,159,150,138,30000,0
-2.7750000953674316,-4.090000152587891,7.824999809265137,170,160,144,30000,0
-2.7750000953674316,-4.090000152587891,-8.175000190734863,159,150,138,30000,0
-2.7750000953674316,-3.740000009536743,7.824999809265137,170,160,144,30000,0
-2.7750000953674316,-3.740000009536743,-8.175000190734863,159,150,138,30000,0
-2.7750000953674316,-3.390000104904175,7.824999809265137,170,160,144,30000,0
-2.7750000953674316,-3.390000104904175,-8.175000190734863,159,150,138,30000,0
-2.7750000953674316,-3.0399999618530273,7.824999809265137,170,160,144,30000,0
-2.7750000953674316,-3.0399999618530273,-8.175000190734863,159,150,138,30000,0
-2.7750000953674316,-2.690000057220459,7.824999809265137,170,160,144,30000,0
-2.7750000953674316,-2.690000057220459,-8.175000190734863,159,150,138,30000,0
-2.7750000953674316,-2.3399999141693115,7.824999809265137,170,160,144,30000,0
-2.7750000953674316,-2.3399999141693115,-8.175000190734863,159,150,138,30000,0
-2.7750000953674316,-1.9900000095367432,7.824999809265137,170,160,144,30000,0
-2.7750000953674316,-1.9900000095367432,-8.175000190734863,159,150,138,30000,0
-2.7750000953674316,-1.6399999856948853,7.824999809265137,170,160,144,30000,0
-2.7750000953674316,-1.6399999856948853,-8.175000190734863,159,150,138,30000,0
-2.7750000953674316,-1.2899999618530273,7.824999809265137,170,160,144,30000,0
-2.7750000953674316,-1.2899999618530273,-8.175000190734863,159,150,138,30000,0
-2.7750000953674316,-0.9399999976158142,7.824999809265137,170,160,144,30000,0
-2.7750000953674316,-0.9399999976158142,-8.175000190734863,159,150,138,30000,0
-2.7750000953674316,-0.5899999737739563,7.824999809265137,170,160,144,30000,0
-2.7750000953674316,-0.5899999737739563,-8.175000190734863,159,150,138,30000,0
-2.7750000953674316,-0.23999999463558197,7.824999809265137,170,160,144,30000,0
-2.7750000953674316,-0.23999999463558197,-8.175000190734863,159,150,138,30000,0
-2.7750000953674316,0.10999999940395355,7.824999809265137,170,160,144,30000,0
-2.7750000953674316,0.10999999940395355,-8.175000190734863,159,150,138,30000,0
-2.7750000953674316,0.46000000834465027,7.824999809265137,170,160,144,30000,0
-2.7750000953674316,0.46000000834465027,-8.175000190734863,159,150,138,30000,0
-2.7750000953674316,0.8100000023841858,7.824999809265137,170,160,144,30000,0
-2.7750000953674316,0.8100000023841858,-8.175000190734863,159,150,138,30000,0
-2.7750000953674316,1.159999966621399,7.824999809265137,170,160,144,30000,0
-2.7750000953674316,1.159999966621399,-8.175000190734863,159,150,138,30000,0
-2.7750000953674316,1.5099999904632568,7.824999809265137,170,160,144,30000,0
-2.7750000953674316,1.5099999904632568,-8.175000190734863,159,150,138,30000,0
-2.7750000953674316,1.8600000143051147,7.824999809265137,170,160,144,30000,0
-2.7750000953674316,1.8600000143051147,-8.175000190734863,159,150,138,30000,0
-2.7750000953674316,2.2100000381469727,7.824999809265137,170,160,144,30000,0
-2.7750000953674316,2.2100000381469727,-8.175000190734863,159,150,138,30000,0
-2.424999952316284,-5.489999771118164,7.824999809265137,170,160,144,30000,0
-2.424999952316284,-5.489999771118164,-8.175000190734863,159,150,138,30000,0
-2.424999952316284,-5.139999866485596,7.824999809265137,170,160,144,30000,0
-2.424999952316284,-5.139999866485596,-8.175000190734863,159,150,138,30000,0
-2.424999952316284,-4.789999961853027,7.824999809265137,170,160,144,30000,0
-2.424999952316284,-4.789999961853027,-8.175000190734863,159,150,138,30000,0
-2.424999952316284,-4.440000057220459,7.824999809265137,170,160,144,30000,0
-2.424999952316284,-4.440000057220459,-8.175000190734863,159,150,138,30000,0
-2.424999952316284,-4.090000152587891,7.824999809265137,170,160,144,30000,0
-2.424999952316284,-4.090000152587891,-8.175000190734863,159,150,138,30000,0
-2.424999952316284,-3.740000009536743,7.824999809265137,170,160,144,30000,0
-2.424999952316284,-3.740000009536743,-8.175000190734863,159,150,138,30000,0
-2.424999952316284,-3.390000104904175,7.824999809265137,170,160,144,30000,0
-2.424999952316284,-3.390000104904175,-8.175000190734863,159,150,138,30000,0
-2.424999952316284,-3.0399999618530273,7.824999809265137,170,160,144,30000,0
-2.424999952316284,-3.0399999618530273,-8.175000190734863,159,150,138,30000,0
-2.424999952316284,-2.690000057220459,7.824999809265137,170,160,144,30000,0
-2.424999952316284,-2.690000057220459,-8.175000190734863,159,150,138,30000,0
-2.424999952316284,-2.3399999141693115,7.824999809265137,170,160,144,30000,0
-2.424999952316284,-2.3399999141693115,-8.175000190734863,159,150,138,30000,0
-2.424999952316284,-1.9900000095367432,7.824999809265137,170,160,144,30000,0
-2.424999952316284,-1.9900000095367432,-8.175000190734863,159,150,138,30000,0
-2.424999952316284,-1.6399999856948853,7.824999809265137,170,160,144,30000,0
-2.424999952316284,-1.6399999856948853,-8.175000190734863,159,150,138,30000,0
-2.424999952316284,-1.2899999618530273,7.824999809265137,170,160,144,30000,0
-2.424999952316284,-1.2899999618530273,-8.175000190734863,159,150,138,30000,0
-2.424999952316284,-0.9399999976158142,7.824999809265137,170,160,144,30000,0
-2.424999952316284,-0.9399999976158142,-8.175000190734863,159,150,138,30000,0
-2.424999952316284,-0.5899999737739563,7.824999809265137,170,160,144,30000,0
-2.424999952316284,-0.5899999737739563,-8.175000190734863,159,150,138,30000,0
-2.424999952316284,-0.23999999463558197,7.824999809265137,170,160,144,30000,0
-2.424999952316284,-0.23999999463558197,-8.175000190734863,159,150,138,30000,0
-2.424999952316284,0.10999999940395355,7.824999809265137,170,160,144,30000,0
-2.424999952316284,0.10999999940395355,-8.175000190734863,159,150,138,30000,0
-2.424999952316284,0.46000000834465027,7.824999809265137,170,160,144,30000,0
-2.424999952316284,0.46000000834465027,-8.175000190734863,159,150,138,30000,0
-2.424999952316284,0.8100000023841858,7.824999809265137,170,160,144,30000,0
-2.424999952316284,0.8100000023841858,-8.175000190734863,159,150,138,30000,0
-2.424999952316284,1.159999966621399,7.824999809265137,170,160,144,30000,0
-2.424999952316284,1.159999966621399,-8.175000190734863,159,150,138,30000,0
-2.424999952316284,1.5099999904632568,7.824999809265137,170,160,144,30000,0
-2.424999952316284,1.5099999904632568,-8.175000190734863,159,150,138,30000,0
-2.424999952316284,1.8600000143051147,7.824999809265137,170,160,144,30000,0
-2.424999952316284,1.8600000143051147,-8.175000190734863,159,150,138,30000,0
-2.424999952316284,2.2100000381469727,7.824999809265137,170,160,144,30000,0
-2.424999952316284,2.2100000381469727,-8.175000190734863,159,150,138,30000,0
-2.075000047683716,-5.489999771118164,7.824999809265137,170,160,144,30000,0
-2.075000047683716,-5.489999771118164,-8.175000190734863,159,150,138,30000,0
-2.075000047683716,-5.139999866485596,7.824999809265137,170,160,144,30000,0
-2.075000047683716,-5.139999866485596,-8.175000190734863,159,150,138,30000,0
-2.075000047683716,-4.789999961853027,7.824999809265137,170,160,144,30000,0
-2.075000047683716,-4.789999961853027,-8.175000190734863,159,150,138,30000,0
-2.075000047683716,-4.440000057220459,7.824999809265137,170,160,144,30000,0
-2.075000047683716,-4.440000057220459,-8.175000190734863,159,150,138,30000,0
-2.075000047683716,-4.090000152587891,7.824999809265137,170,160,144,30000,0
-2.075000047683716,-4.090000152587891,-8.175000190734863,159,150,138,30000,0
-2.075000047683716,-3.740000009536743,7.824999809265137,170,160,144,30000,0
-2.075000047683716,-3.740000009536743,-8.175000190734863,159,150,138,30000,0
-2.075000047683716,-3.390000104904175,7.824999809265137,170,160,144,30000,0
-2.075000047683716,-3.390000104904175,-8.175000190734863,159,150,138,30000,0
-2.075000047683716,-3.0399999618530273,7.824999809265137,170,160,144,30000,0
-2.075000047683716,-3.0399999618530273,-8.175000190734863,159,150,138,30000,0
-2.075000047683716,-2.690000057220459,7.824999809265137,170,160,144,30000,0
-2.075000047683716,-2.690000057220459,-8.175000190734863,159,150,138,30000,0
-2.075000047683716,-2.3399999141693115,7.824999809265137,170,160,144,30000,0
-2.075000047683716,-2.3399999141693115,-8.175000190734863,159,150,138,30000,0
-2.075000047683716,-1.9900000095367432,7.824999809265137,170,160,144,30000,0
-2.075000047683716,-1.9900000095367432,-8.175000190734863,159,150,138,30000,0
-2.075000047683716,-1.6399999856948853,7.824999809265137,170,160,144,30000,0
-2.075000047683716,-1.6399999856948853,-8.175000190734863,159,150,138,30000,0
-2.075000047683716,-1.2899999618530273,7.824999809265137,170,160,144,30000,0
-2.075000047683716,-1.2899999618530273,-8.175000190734863,159,150,138,30000,0
-2.075000047683716,-0.9399999976158142,7.824999809265137,170,160,144,30000,0
-2.075000047683716,-0.9399999976158142,-8.175000190734863,159,150,138,30000,0
-2.075000047683716,-0.5899999737739563,7.824999809265137,170,160,144,30000,0
-2.075000047683716,-0.5899999737739563,-8.175000190734863,159,150,138,30000,0
-2.075000047683716,-0.23999999463558197,7.824999809265137,170,160,144,30000,0
-2.075000047683716,-0.23999999463558197,-8.175000190734863,159,150,138,30000,0
-2.075000047683716,0.10999999940395355,7.824999809265137,170,160,144,30000,0
-2.075000047683716,0.10999999940395355,-8.175000190734863,159,150,138,30000,0
-2.075000047683716,0.46000000834465027,7.824999809265137,170,160,144,30000,0
-2.075000047683716,0.46000000834465027,-8.175000190734863,159,150,138,30000,0
-2.075000047683716,0.8100000023841858,7.824999809265137,170,160,144,30000,0
-2.075000047683716,0.8100000023841858,-8.175000190734863,159,150,138,30000,0
-2.075000047683716,1.159999966621399,7.824999809265137,170,160,144,30000,0
-2.075000047683716,1.159999966621399,-8.175000190734863,159,150,138,30000,0
-2.075000047683716,1.5099999904632568,7.824999809265137,170,160,144,30000,0
-2.075000047683716,1.5099999904632568,-8.175000190734863,159,150,138,30000,0
-2.075000047683716,1.8600000143051147,7.824999809265137,170,160,144,30000,0
-2.075000047683716,1.8600000143051147,-8.175000190734863,159,150,138,30000,0
-2.075000047683716,2.2100000381469727,7.824999809265137,170,160,144,30000,0
-2.075000047683716,2.2100000381469727,-8.175000190734863,159,150,138,30000,0
-1.725000023841858,-5.489999771118164,7.824999809265137,170,160,144,30000,0
-1.725000023841858,-5.489999771118164,-8.175000190734863,159,150,138,30000,0
-1.725000023841858,-5.139999866485596,7.824999809265137,170,160,144,30000,0
-1.725000023841858,-5.139999866485596,-8.175000190734863,159,150,138,30000,0
-1.725000023841858,-4.789999961853027,7.824999809265137,170,160,144,30000,0
-1.725000023841858,-4.789999961853027,-8.175000190734863,159,150,138,30000,0
-1.725000023841858,-4.440000057220459,7.824999809265137,170,160,144,30000,0
-1.725000023841858,-4.440000057220459,-8.175000190734863,159,150,138,30000,0
-1.725000023841858,-4.090000152587891,7.824999809265137,170,160,144,30000,0
-1.725000023841858,-4.090000152587891,-8.175000190734863,159,150,138,30000,0
-1.725000023841858,-3.740000009536743,7.824999809265137,170,160,144,30000,0
-1.725000023841858,-3.740000009536743,-8.175000190734863,159,150,138,30000,0
-1.725000023841858,-3.390000104904175,7.824999809265137,170,160,144,30000,0
-1.725000023841858,-3.390000104904175,-8.175000190734863,159,150,138,30000,0
-1.725000023841858,-3.0399999618530273,7.824999809265137,170,160,144,30000,0
-1.725000023841858,-3.0399999618530273,-8.175000190734863,159,150,138,30000,0
-1.725000023841858,-2.690000057220459,7.824999809265137,170,160,144,30000,0
-1.725000023841858,-2.690000057220459,-8.175000190734863,159,150,138,30000,0
-1.725000023841858,-2.3399999141693115,7.824999809265137,170,160,144,30000,0
-1.725000023841858,-2.3399999141693115,-8.175000190734863,159,150,138,30000,0
-1.725000023841858,-1.9900000095367432,7.824999809265137,170,160,144,30000,0
-1.725000023841858,-1.9900000095367432,-8.175000190734863,159,150,138,30000,0
-1.725000023841858,-1.6399999856948853,7.824999809265137,170,160,144,30000,0
-1.725000023841858,-1.6399999856948853,-8.175000190734863,159,150,138,30000,0
-1.725000023841858,-1.2899999618530273,7.824999809265137,170,160,144,30000,0
-1.725000023841858,-1.2899999618530273,-8.175000190734863,159,150,138,30000,0
-1.725000023841858,-0.9399999976158142,7.824999809265137,170,160,144,30000,0
-1.725000023841858,-0.9399999976158142,-8.175000190734863,159,150,138,30000,0
-1.725000023841858,-0.5899999737739563,7.824999809265137,170,160,144,30000,0
-1.725000023841858,-0.5899999737739563,-8.175000190734863,159,150,138,30000,0
-1.725000023841858,-0.23999999463558197,7.824999809265137,170,160,144,30000,0
-1.725000023841858,-0.23999999463558197,-8.175000190734863,159,150,138,30000,0
-1.725000023841858,0.10999999940395355,7.824999809265137,170,160,144,30000,0
-1.725000023841858,0.10999999940395355,-8.175000190734863,159,150,138,30000,0
-1.725000023841858,0.46000000834465027,7.824999809265137,170,160,144,30000,0
-1.725000023841858,0.46000000834465027,-8.175000190734863,159,150,138,30000,0
-1.725000023841858,0.8100000023841858,7.824999809265137,170,160,144,30000,0
-1.725000023841858,0.8100000023841858,-8.175000190734863,159,150,138,30000,0
-1.725000023841858,1.159999966621399,7.824999809265137,170,160,144,30000,0
-1.725000023841858,1.159999966621399,-8.175000190734863,159,150,138,30000,0
-1.725000023841858,1.5099999904632568,7.824999809265137,170,160,144,30000,0
-1.725000023841858,1.5099999904632568,-8.175000190734863,159,150,138,30000,0
-1.725000023841858,1.8600000143051147,7.824999809265137,170,160,144,30000,0
-1.725000023841858,1.8600000143051147,-8.175000190734863,159,150,138,30000,0
-1.725000023841858,2.2100000381469727,7.824999809265137,170,160,144,30000,0
-1.725000023841858,2.2100000381469727,-8.175000190734863,159,150,138,30000,0
-1.375,-5.489999771118164,7.824999809265137,170,160,144,30000,0
-1.375,-5.489999771118164,-8.175000190734863,159,150,138,30000,0
-1.375,-5.139999866485596,7.824999809265137,170,160,144,30000,0
-1.375,-5.139999866485596,-8.175000190734863,159,150,138,30000,0
-1.375,-4.789999961853027,7.824999809265137,170,160,144,30000,0
-1.375,-4.789999961853027,-8.175000190734863,159,150,138,30000,0
-1.375,-4.440000057220459,7.824999809265137,170,160,144,30000,0
-1.375,-4.440000057220459,-8.175000190734863,159,150,138,30000,0
-1.375,-4.090000152587891,7.824999809265137,170,160,144,30000,0
-1.375,-4.090000152587891,-8.175000190734863,159,150,138,30000,0
-1.375,-3.740000009536743,7.824999809265137,170,160,144,30000,0
-1.375,-3.740000009536743,-8.175000190734863,159,150,138,30000,0
-1.375,-3.390000104904175,7.824999809265137,170,160,144,30000,0
-1.375,-3.390000104904175,-8.175000190734863,159,150,138,30000,0
-1.375,-3.0399999618530273,7.824999809265137,170,160,144,30000,0
-1.375,-3.0399999618530273,-8.175000190734863,159,150,138,30000,0
-1.375,-2.690000057220459,7.824999809265137,170,160,144,30000,0
-1.375,-2.690000057220459,-8.175000190734863,159,150,138,30000,0
-1.375,-2.3399999141693115,7.824999809265137,170,160,144,30000,0
-1.375,-2.3399999141693115,-8.175000190734863,159,150,138,30000,0
-1.375,-1.9900000095367432,7.824999809265137,170,160,144,30000,0
-1.375,-1.9900000095367432,-8.175000190734863,159,150,138,30000,0
-1.375,-1.6399999856948853,7.824999809265137,170,160,144,30000,0
-1.375,-1.6399999856948853,-8.175000190734863,159,150,138,30000,0
-1.375,-1.2899999618530273,7.824999809265137,170,160,144,30000,0
-1.375,-1.2899999618530273,-8.175000190734863,159,150,138,30000,0
-1.375,-0.9399999976158142,7.824999809265137,170,160,144,30000,0
-1.375,-0.9399999976158142,-8.175000190734863,159,150,138,30000,0
-1.375,-0.5899999737739563,7.824999809265137,170,160,144,30000,0
-1.375,-0.5899999737739563,-8.175000190734863,159,150,138,30000,0
-1.375,-0.23999999463558197,7.824999809265137,170,160,144,30000,0
-1.375,-0.23999999463558197,-8.175000190734863,159,150,138,30000,0
-1.375,0.10999999940395355,7.824999809265137,170,160,144,30000,0
-1.375,0.10999999940395355,-8.175000190734863,159,150,138,30000,0
-1.375,0.46000000834465027,7.824999809265137,170,160,144,30000,0
-1.375,0.46000000834465027,-8.175000190734863,159,150,138,30000,0
-1.375,0.8100000023841858,7.824999809265137,170,160,144,30000,0
-1.375,0.8100000023841858,-8.175000190734863,159,150,138,30000,0
-1.375,1.159999966621399,7.824999809265137,170,160,144,30000,0
-1.375,1.159999966621399,-8.175000190734863,159,150,138,30000,0
-1.375,1.5099999904632568,7.824999809265137,170,160,144,30000,0
-1.375,1.5099999904632568,-8.175000190734863,159,150,138,30000,0
-1.375,1.8600000143051147,7.824999809265137,170,160,144,30000,0
-1.375,1.8600000143051147,-8.175000190734863,159,150,138,30000,0
-1.375,2.2100000381469727,7.824999809265137,170,160,144,30000,0
-1.375,2.2100000381469727,-8.175000190734863,159,150,138,30000,0
-1.024999976158142,-5.489999771118164,7.824999809265137,170,160,144,30000,0
-1.024999976158142,-5.489999771118164,-8.175000190734863,159,150,138,30000,0
-1.024999976158142,-5.139999866485596,7.824999809265137,170,160,144,30000,0
-1.024999976158142,-5.139999866485596,-8.175000190734863,159,150,138,30000,0
-1.024999976158142,-4.789999961853027,7.824999809265137,170,160,144,30000,0
-1.024999976158142,-4.789999961853027,-8.175000190734863,159,150,138,30000,0
-1.024999976158142,-4.440000057220459,7.824999809265137,170,160,144,30000,0
-1.024999976158142,-4.440000057220459,-8.175000190734863,159,150,138,30000,0
-1.024999976158142,-4.090000152587891,7.824999809265137,170,160,144,30000,0
-1.024999976158142,-4.090000152587891,-8.175000190734863,159,150,138,30000,0
-1.024999976158142,-3.740000009536743,7.824999809265137,170,160,144,30000,0
-1.024999976158142,-3.740000009536743,-8.175000190734863,159,150,138,30000,0
-1.024999976158142,-3.390000104904175,7.824999809265137,170,160,144,30000,0
-1.024999976158142,-3.390000104904175,-8.175000190734863,159,150,138,30000,0
-1.024999976158142,-3.0399999618530273,7.824999809265137,170,160,144,30000,0
-1.024999976158142,-3.0399999618530273,-8.175000190734863,159,150,138,30000,0
-1.024999976158142,-2.690000057220459,7.824999809265137,170,160,144,30000,0
-1.024999976158142,-2.690000057220459,-8.175000190734863,159,150,138,30000,0
-1.024999976158142,-2.3399999141693115,7.824999809265137,170,160,144,30000,0
-1.024999976158142,-2.3399999141693115,-8.175000190734863,159,150,138,30000,0
-1.024999976158142,-1.9900000095367432,7.824999809265137,170,160,144,30000,0
-1.024999976158142,-1.9900000095367432,-8.175000190734863,159,150,138,30000,0
-1.024999976158142,-1.6399999856948853,7.824999809265137,170,160,144,30000,0
-1.024999976158142,-1.6399999856948853,-8.175000190734863,159,150,138,30000,0
-1.024999976158142,-1.2899999618530273,7.824999809265137,170,160,144,30000,0
-1.024999976158142,-1.2899999618530273,-8.175000190734863,159,150,138,30000,0
-1.024999976158142,-0.9399999976158142,7.824999809265137,170,160,144,30000,0
-1.024999976158142,-0.9399999976158142,-8.175000190734863,159,150,138,30000,0
-1.024999976158142,-0.5899999737739563,7.824999809265137,170,160,144,30000,0
-1.024999976158142,-0.5899999737739563,-8.175000190734863,159,150,138,30000,0
-1.024999976158142,-0.23999999463558197,7.824999809265137,170,160,144,30000,0
-1.024999976158142,-0.23999999463558197,-8.175000190734863,159,150,138,30000,0
-1.024999976158142,0.10999999940395355,7.824999809265137,170,160,144,30000,0
-1.024999976158142,0.10999999940395355,-8.175000190734863,159,150,138,30000,0
-1.024999976158142,0.46000000834465027,7.824999809265137,170,160,144,30000,0
-1.024999976158142,0.46000000834465027,-8.175000190734863,159,150,138,30000,0
-1.024999976158142,0.8100000023841858,7.824999809265137,170,160,144,30000,0
-1.024999976158142,0.8100000023841858,-8.175000190734863,159,150,138,30000,0
-1.024999976158142,1.159999966621399,7.824999809265137,170,160,144,30000,0
-1.024999976158142,1.159999966621399,-8.175000190734863,159,150,138,30000,0
-1.024999976158142,1.5099999904632568,7.824999809265137,170,160,144,30000,0
-1.024999976158142,1.5099999904632568,-8.175000190734863,159,150,138,30000,0
-1.024999976158142,1.8600000143051147,7.824999809265137,170,160,144,30000,0
-1.024999976158142,1.8600000143051147,-8.175000190734863,159,150,138,30000,0
-1.024999976158142,2.2100000381469727,7.824999809265137,170,160,144,30000,0
-1.024999976158142,2.2100000381469727,-8.175000190734863,159,150,138,30000,0
-0.675000011920929,-5.489999771118164,7.824999809265137,170,160,144,30000,0
-0.675000011920929,-5.489999771118164,-8.175000190734863,159,150,138,30000,0
-0.675000011920929,-5.139999866485596,7.824999809265137,170,160,144,30000,0
-0.675000011920929,-5.139999866485596,-8.175000190734863,159,150,138,30000,0
-0.675000011920929,-4.789999961853027,7.824999809265137,170,160,144,30000,0
-0.675000011920929,-4.789999961853027,-8.175000190734863,159,150,138,30000,0
-0.675000011920929,-4.440000057220459,7.824999809265137,170,160,144,30000,0
-0.675000011920929,-4.440000057220459,-8.175000190734863,159,150,138,30000,0
-0.675000011920929,-4.090000152587891,7.824999809265137,170,160,144,30000,0
-0.675000011920929,-4.090000152587891,-8.175000190734863,159,150,138,30000,0
-0.675000011920929,-3.740000009536743,7.824999809265137,170,160,144,30000,0
-0.675000011920929,-3.740000009536743,-8.175000190734863,159,150,138,30000,0
-0.675000011920929,-3.390000104904175,7.824999809265137,170,160,144,30000,0
-0.675000011920929,-3.390000104904175,-8.175000190734863,159,150,138,30000,0
-0.675000011920929,-3.0399999618530273,7.824999809265137,170,160,144,30000,0
-0.675000011920929,-3.0399999618530273,-8.175000190734863,159,150,138,30000,0
-0.675000011920929,-2.690000057220459,7.824999809265137,170,160,144,30000,0
-0.675000011920929,-2.690000057220459,-8.175000190734863,159,150,138,30000,0
-0.675000011920929,-2.3399999141693115,7.824999809265137,170,160,144,30000,0
-0.675000011920929,-2.3399999141693115,-8.175000190734863,159,150,138,30000,0
-0.675000011920929,-1.9900000095367432,7.824999809265137,170,160,144,30000,0
-0.675000011920929,-1.9900000095367432,-8.175000190734863,159,150,138,30000,0
-0.675000011920929,-1.6399999856948853,7.824999809265137,170,160,144,30000,0
-0.675000011920929,-1.6399999856948853,-8.175000190734863,159,150,138,30000,0
-0.675000011920929,-1.2899999618530273,7.824999809265137,170,160,144,30000,0
-0.675000011920929,-1.2899999618530273,-8.175000190734863,159,150,138,30000,0
-0.675000011920929,-0.9399999976158142,7.824999809265137,170,160,144,30000,0
-0.675000011920929,-0.9399999976158142,-8.175000190734863,159,150,138,30000,0
-0.675000011920929,-0.5899999737739563,7.824999809265137,170,160,144,30000,0
-0.675000011920929,-0.5899999737739563,-8.175000190734863,159,150,138,30000,0
-0.675000011920929,-0.23999999463558197,7.824999809265137,170,160,144,30000,0
-0.675000011920929,-0.23999999463558197,-8.175000190734863,159,150,138,30000,0
-0.675000011920929,0.10999999940395355,7.824999809265137,170,160,144,30000,0
-0.675000011920929,0.10999999940395355,-8.175000190734863,159,150,138,30000,0
-0.675000011920929,0.46000000834465027,7.824999809265137,170,160,144,30000,0
-0.675000011920929,0.46000000834465027,-8.175000190734863,159,150,138,30000,0
-0.675000011920929,0.8100000023841858,7.824999809265137,170,160,144,30000,0
-0.675000011920929,0.8100000023841858,-8.175000190734863,159,150,138,30000,0
-0.675000011920929,1.159999966621399,7.824999809265137,170,160,144,30000,0
-0.675000011920929,1.159999966621399,-8.175000190734863,159,150,138,30000,0
-0.675000011920929,1.5099999904632568,7.824999809265137,170,160,144,30000,0
-0.675000011920929,1.5099999904632568,-8.175000190734863,159,150,138,30000,0
-0.675000011920929,1.8600000143051147,7.824999809265137,170,160,144,30000,0
-0.675000011920929,1.8600000143051147,-8.175000190734863,159,150,138,30000,0
-0.675000011920929,2.2100000381469727,7.824999809265137,170,160,144,30000,0
-0.675000011920929,2.2100000381469727,-8.175000190734863,159,150,138,30000,0
-0.32499998807907104,-5.489999771118164,7.824999809265137,170,160,144,30000,0
-0.32499998807907104,-5.489999771118164,-8.175000190734863,159,150,138,30000,0
-0.32499998807907104,-5.139999866485596,7.824999809265137,170,160,144,30000,0
-0.32499998807907104,-5.139999866485596,-8.175000190734863,159,150,138,30000,0
-0.32499998807907104,-4.789999961853027,7.824999809265137,170,160,144,30000,0
-0.32499998807907104,-4.789999961853027,-8.175000190734863,159,150,138,30000,0
-0.32499998807907104,-4.440000057220459,7.824999809265137,170,160,144,30000,0
-0.32499998807907104,-4.440000057220459,-8.175000190734863,159,150,138,30000,0
-0.32499998807907104,-4.090000152587891,7.824999809265137,170,160,144,30000,0
-0.32499998807907104,-4.090000152587891,-8.175000190734863,159,150,138,30000,0
-0.32499998807907104,-3.740000009536743,7.824999809265137,170,160,144,30000,0
-0.32499998807907104,-3.740000009536743,-8.175000190734863,159,150,138,30000,0
-0.32499998807907104,-3.390000104904175,7.824999809265137,170,160,144,30000,0
-0.32499998807907104,-3.390000104904175,-8.175000190734863,159,150,138,30000,0
-0.32499998807907104,-3.0399999618530273,7.824999809265137,170,160,144,30000,0
-0.32499998807907104,-3.0399999618530273,-8.175000190734863,159,150,138,30000,0
-0.32499998807907104,-2.690000057220459,7.824999809265137,170,160,144,30000,0
-0.32499998807907104,-2.690000057220459,-8.175000190734863,159,150,138,30000,0
-0.32499998807907104,-2.3399999141693115,7.824999809265137,170,160,144,30000,0
-0.32499998807907104,-2.3399999141693115,-8.175000190734863,159,150,138,30000,0
-0.32499998807907104,-1.9900000095367432,7.824999809265137,170,160,144,30000,0
-0.32499998807907104,-1.9900000095367432,-8.175000190734863,159,150,138,30000,0
-0.32499998807907104,-1.6399999856948853,7.824999809265137,170,160,144,30000,0
-0.32499998807907104,-1.6399999856948853,-8.175000190734863,159,150,138,30000,0
-0.32499998807907104,-1.2899999618530273,7.824999809265137,170,160,144,30000,0
-0.32499998807907104,-1.2899999618530273,-8.175000190734863,159,150,138,30000,0
-0.32499998807907104,-0.9399999976158142,7.824999809265137,170,160,144,30000,0
-0.32499998807907104,-0.9399999976158142,-8.175000190734863,159,150,138,30000,0
-0.32499998807907104,-0.5899999737739563,7.824999809265137,170,160,144,30000,0
-0.32499998807907104,-0.5899999737739563,-8.175000190734863,159,150,138,30000,0
-0.32499998807907104,-0.23999999463558197,7.824999809265137,170,160,144,30000,0
-0.32499998807907104,-0.23999999463558197,-8.175000190734863,159,150,138,30000,0
-0.32499998807907104,0.10999999940395355,7.824999809265137,170,160,144,30000,0
-0.32499998807907104,0.10999999940395355,-8.175000190734863,159,150,138,30000,0
-0.32499998807907104,0.46000000834465027,7.824999809265137,170,160,144,30000,0
-0.32499998807907104,0.46000000834465027,-8.175000190734863,159,150,138,30000,0
-0.32499998807907104,0.8100000023841858,7.824999809265137,170,160,144,30000,0
-0.32499998807907104,0.8100000023841858,-8.175000190734863,159,150,138,30000,0
-0.32499998807907104,1.159999966621399,7.824999809265137,170,160,144,30000,0
-0.32499998807907104,1.159999966621399,-8.175000190734863,159,150,138,30000,0
-0.32499998807907104,1.5099999904632568,7.824999809265137,170,160,144,30000,0
-0.32499998807907104,1.5099999904632568,-8.175000190734863,159,150,138,30000,0
-0.32499998807907104,1.8600000143051147,7.824999809265137,170,160,144,30000,0
-0.32499998807907104,1.8600000143051147,-8.175000190734863,159,150,138,30000,0
-0.32499998807907104,2.2100000381469727,7.824999809265137,170,160,144,30000,0
-0.32499998807907104,2.2100000381469727,-8.175000190734863,159,150,138,30000,0
0.02500000037252903,-5.489999771118164,7.824999809265137,170,160,144,30000,0
0.02500000037252903,-5.489999771118164,-8.175000190734863,159,150,138,30000,0
0.02500000037252903,-5.139999866485596,7.824999809265137,170,160,144,30000,0
0.02500000037252903,-5.139999866485596,-8.175000190734863,159,150,138,30000,0
0.02500000037252903,-4.789999961853027,7.824999809265137,170,160,144,30000,0
0.02500000037252903,-4.789999961853027,-8.175000190734863,159,150,138,30000,0
0.02500000037252903,-4.440000057220459,7.824999809265137,170,160,144,30000,0
0.02500000037252903,-4.440000057220459,-8.175000190734863,159,150,138,30000,0
0.02500000037252903,-4.090000152587891,7.824999809265137,170,160,144,30000,0
0.02500000037252903,-4.090000152587891,-8.175000190734863,159,150,138,30000,0
0.02500000037252903,-3.740000009536743,7.824999809265137,170,160,144,30000,0
0.02500000037252903,-3.740000009536743,-8.175000190734863,159,150,138,30000,0
0.02500000037252903,-3.390000104904175,7.824999809265137,170,160,144,30000,0
0.02500000037252903,-3.390000104904175,-8.175000190734863,159,150,138,30000,0
0.02500000037252903,-3.0399999618530273,7.824999809265137,170,160,144,30000,0
0.02500000037252903,-3.0399999618530273,-8.175000190734863,159,150,138,30000,0
0.02500000037252903,-2.690000057220459,7.824999809265137,170,160,144,30000,0
0.02500000037252903,-2.690000057220459,-8.175000190734863,159,150,138,30000,0
0.02500000037252903,-2.3399999141693115,7.824999809265137,170,160,144,30000,0
0.02500000037252903,-2.3399999141693115,-8.175000190734863,159,150,138,30000,0
0.02500000037252903,-1.9900000095367432,7.824999809265137,170,160,144,30000,0
0.02500000037252903,-1.9900000095367432,-8.175000190734863,159,150,138,30000,0
0.02500000037252903,-1.6399999856948853,7.824999809265137,170,160,144,30000,0
0.02500000037252903,-1.6399999856948853,-8.175000190734863,159,150,138,30000,0
0.02500000037252903,-1.2899999618530273,7.824999809265137,170,160,144,30000,0
0.02500000037252903,-1.2899999618530273,-8.175000190734863,159,150,138,30000,0
0.02500000037252903,-0.9399999976158142,7.824999809265137,170,160,144,30000,0
0.02500000037252903,-0.9399999976158142,-8.175000190734863,159,150,138,30000,0
0.02500000037252903,-0.5899999737739563,7.824999809265137,170,160,144,30000,0
0.02500000037252903,-0.5899999737739563,-8.175000190734863,159,150,138,30000,0
0.02500000037252903,-0.23999999463558197,7.824999809265137,170,160,144,30000,0
0.02500000037252903,-0.23999999463558197,-8.175000190734863,159,150,138,30000,0
0.02500000037252903,0.10999999940395355,7.824999809265137,170,160,144,30000,0
0.02500000037252903,0.10999999940395355,-8.175000190734863,159,150,138,30000,0
0.02500000037252903,0.46000000834465027,7.824999809265137,170,160,144,30000,0
0.02500000037252903,0.46000000834465027,-8.175000190734863,159,150,138,30000,0
0.02500000037252903,0.8100000023841858,7.824999809265137,170,160,144,30000,0
0.02500000037252903,0.8100000023841858,-8.175000190734863,159,150,138,30000,0
0.02500000037252903,1.159999966621399,7.824999809265137,170,160,144,30000,0
0.02500000037252903,1.159999966621399,-8.175000190734863,159,150,138,30000,0
0.02500000037252903,1.5099999904632568,7.824999809265137,170,160,144,30000,0
0.02500000037252903,1.5099999904632568,-8.175000190734863,159,150,138,30000,0
0.02500000037252903,1.8600000143051147,7.824999809265137,170,160,144,30000,0
0.02500000037252903,1.8600000143051147,-8.175000190734863,159,150,138,30000,0
0.02500000037252903,2.2100000381469727,7.824999809265137,170,160,144,30000,0
0.02500000037252903,2.2100000381469727,-8.175000190734863,159,150,138,30000,0
0.375,-5.489999771118164,7.824999809265137,170,160,144,30000,0
0.375,-5.489999771118164,-8.175000190734863,159,150,138,30000,0
0.375,-5.139999866485596,7.824999809265137,170,160,144,30000,0
0.375,-5.139999866485596,-8.175000190734863,159,150,138,30000,0
0.375,-4.789999961853027,7.824999809265137,170,160,144,30000,0
0.375,-4.789999961853027,-8.175000190734863,159,150,138,30000,0
0.375,-4.440000057220459,7.824999809265137,170,160,144,30000,0
0.375,-4.440000057220459,-8.175000190734863,159,150,138,30000,0
0.375,-4.090000152587891,7.824999809265137,170,160,144,30000,0
0.375,-4.090000152587891,-8.175000190734863,159,150,138,30000,0
0.375,-3.740000009536743,7.824999809265137,170,160,144,30000,0
0.375,-3.740000009536743,-8.175000190734863,159,150,138,30000,0
0.375,-3.390000104904175,7.824999809265137,170,160,144,30000,0
0.375,-3.390000104904175,-8.175000190734863,159,150,138,30000,0
0.375,-3.0399999618530273,7.824999809265137,170,160,144,30000,0
0.375,-3.0399999618530273,-8.175000190734863,159,150,138,30000,0
0.375,-2.690000057220459,7.824999809265137,170,160,144,30000,0
0.375,-2.690000057220459,-8.175000190734863,159,150,138,30000,0
0.375,-2.3399999141693115,7.824999809265137,170,160,144,30000,0
0.375,-2.3399999141693115,-8.175000190734863,159,150,138,30000,0
0.375,-1.9900000095367432,7.824999809265137,170,160,144,30000,0
0.375,-1.9900000095367432,-8.175000190734863,159,150,138,30000,0
0.375,-1.6399999856948853,7.824999809265137,170,160,144,30000,0
0.375,-1.6399999856948853,-8.175000190734863,159,150,138,30000,0
0.375,-1.2899999618530273,7.824999809265137,170,160,144,30000,0
0.375,-1.2899999618530273,-8.175000190734863,159,150,138,30000,0
0.375,-0.9399999976158142,7.824999809265137,170,160,144,30000,0
0.375,-0.9399999976158142,-8.175000190734863,159,150,138,30000,0
0.375,-0.5899999737739563,7.824999809265137,170,160,144,30000,0
0.375,-0.5899999737739563,-8.175000190734863,159,150,138,30000,0
0.375,-0.23999999463558197,7.824999809265137,170,160,144,30000,0
0.375,-0.23999999463558197,-8.175000190734863,159,150,138,30000,0
0.375,0.10999999940395355,7.824999809265137,170,160,144,30000,0
0.375,0.10999999940395355,-8.175000190734863,159,150,138,30000,0
0.375,0.46000000834465027,7.824999809265137,170,160,144,30000,0
0.375,0.46000000834465027,-8.175000190734863,159,150,138,30000,0
0.375,0.8100000023841858,7.824999809265137,170,160,144,30000,0
0.375,0.8100000023841858,-8.175000190734863,159,150,138,30000,0
0.375,1.159999966621399,7.824999809265137,170,160,144,30000,0
0.375,1.159999966621399,-8.175000190734863,159,150,138,30000,0
0.375,1.5099999904632568,7.824999809265137,170,160,144,30000,0
0.375,1.5099999904632568,-8.175000190734863,159,150,138,30000,0
0.375,1.8600000143051147,7.824999809265137,170,160,144,30000,0
0.375,1.8600000143051147,-8.175000190734863,159,150,138,30000,0
0.375,2.2100000381469727,7.824999809265137,170,160,144,30000,0
0.375,2.2100000381469727,-8.175000190734863,159,150,138,30000,0
0.7250000238418579,-5.489999771118164,7.824999809265137,170,160,144,30000,0
0.7250000238418579,-5.489999771118164,-8.175000190734863,159,150,138,30000,0
0.7250000238418579,-5.139999866485596,7.824999809265137,170,160,144,30000,0
0.7250000238418579,-5.139999866485596,-8.175000190734863,159,150,138,30000,0
0.7250000238418579,-4.789999961853027,7.824999809265137,170,160,144,30000,0
0.7250000238418579,-4.789999961853027,-8.175000190734863,159,150,138,30000,0
0.7250000238418579,-4.440000057220459,7.824999809265137,170,160,144,30000,0
0.7250000238418579,-4.440000057220459,-8.175000190734863,159,150,138,30000,0
0.7250000238418579,-4.090000152587891,7.824999809265137,170,160,144,30000,0
0.7250000238418579,-4.090000152587891,-8.175000190734863,159,150,138,30000,0
0.7250000238418579,-3.740000009536743,7.824999809265137,170,160,144,30000,0
0.7250000238418579,-3.740000009536743,-8.175000190734863,159,150,138,30000,0
0.7250000238418579,-3.390000104904175,7.824999809265137,170,160,144,30000,0
0.7250000238418579,-3.390000104904175,-8.175000190734863,159,150,138,30000,0
0.7250000238418579,-3.0399999618530273,7.824999809265137,170,160,144,30000,0
0.7250000238418579,-3.0399999618530273,-8.175000190734863,159,150,138,30000,0
0.7250000238418579,-2.690000057220459,7.824999809265137,170,160,144,30000,0
0.7250000238418579,-2.690000057220459,-8.175000190734863,159,150,138,30000,0
0.7250000238418579,-2.3399999141693115,7.824999809265137,170,160,144,30000,0
0.7250000238418579,-2.3399999141693115,-8.175000190734863,159,150,138,30000,0
0.7250000238418579,-1.9900000095367432,7.824999809265137,170,160,144,30000,0
0.7250000238418579,-1.9900000095367432,-8.175000190734863,159,150,138,30000,0
0.7250000238418579,-1.6399999856948853,7.824999809265137,170,160,144,30000,0
0.7250000238418579,-1.6399999856948853,-8.175000190734863,159,150,138,30000,0
0.7250000238418579,-1.2899999618530273,7.824999809265137,170,160,144,30000,0
0.7250000238418579,-1.2899999618530273,-8.175000190734863,159,150,138,30000,0
0.7250000238418579,-0.9399999976158142,7.824999809265137,170,160,144,30000,0
0.7250000238418579,-0.9399999976158142,-8.175000190734863,159,150,138,30000,0
0.7250000238418579,-0.5899999737739563,7.824999809265137,170,160,144,30000,0
0.7250000238418579,-0.5899999737739563,-8.175000190734863,159,150,138,30000,0
0.7250000238418579,-0.23999999463558197,7.824999809265137,170,160,144,30000,0
0.7250000238418579,-0.23999999463558197,-8.175000190734863,159,150,138,30000,0
0.7250000238418579,0.10999999940395355,7.824999809265137,170,160,144,30000,0
0.7250000238418579,0.10999999940395355,-8.175000190734863,159,150,138,30000,0
0.7250000238418579,0.46000000834465027,7.824999809265137,170,160,144,30000,0
0.7250000238418579,0.46000000834465027,-8.175000190734863,159,150,138,30000,0
0.7250000238418579,0.8100000023841858,7.824999809265137,170,160,144,30000,0
0.7250000238418579,0.8100000023841858,-8.175000190734863,159,150,138,30000,0
0.7250000238418579,1.159999966621399,7.824999809265137,170,160,144,30000,0
0.7250000238418579,1.159999966621399,-8.175000190734863,159,150,138,30000,0
0.7250000238418579,1.5099999904632568,7.824999809265137,170,160,144,30000,0
0.7250000238418579,1.5099999904632568,-8.175000190734863,159,150,138,30000,0
0.7250000238418579,1.8600000143051147,7.824999809265137,170,160,144,30000,0
0.7250000238418579,1.8600000143051147,-8.175000190734863,159,150,138,30000,0
0.7250000238418579,2.2100000381469727,7.824999809265137,170,160,144,30000,0
0.7250000238418579,2.2100000381469727,-8.175000190734863,159,150,138,30000,0
1.0750000476837158,-5.489999771118164,7.824999809265137,170,160,144,30000,0
1.0750000476837158,-5.489999771118164,-8.175000190734863,159,150,138,30000,0
1.0750000476837158,-5.139999866485596,7.824999809265137,170,160,144,30000,0
1.0750000476837158,-5.139999866485596,-8.175000190734863,159,150,138,30000,0
1.0750000476837158,-4.789999961853027,7.824999809265137,170,160,144,30000,0
1.0750000476837158,-4.789999961853027,-8.175000190734863,159,150,138,30000,0
1.0750000476837158,-4.440000057220459,7.824999809265137,170,160,144,30000,0
1.0750000476837158,-4.440000057220459,-8.175000190734863,159,150,138,30000,0
1.0750000476837158,-4.090000152587891,7.824999809265137,170,160,144,30000,0
1.0750000476837158,-4.090000152587891,-8.175000190734863,159,150,138,30000,0
1.0750000476837158,-3.740000009536743,7.824999809265137,170,160,144,30000,0
1.0750000476837158,-3.740000009536743,-8.175000190734863,159,150,138,30000,0
1.0750000476837158,-3.390000104904175,7.824999809265137,170,160,144,30000,0
1.0750000476837158,-3.390000104904175,-8.175000190734863,159,150,138,30000,0
1.0750000476837158,-3.0399999618530273,7.824999809265137,170,160,144,30000,0
1.0750000476837158,-3.0399999618530273,-8.175000190734863,159,150,138,30000,0
1.0750000476837158,-2.690000057220459,7.824999809265137,170,160,144,30000,0
1.0750000476837158,-2.690000057220459,-8.175000190734863,159,150,138,30000,0
1.0750000476837158,-2.3399999141693115,7.824999809265137,170,160,144,30000,0
1.0750000476837158,-2.3399999141693115,-8.175000190734863,159,150,138,30000,0
1.0750000476837158,-1.9900000095367432,7.824999809265137,170,160,144,30000,0
1.0750000476837158,-1.9900000095367432,-8.175000190734863,159,150,138,30000,0
1.0750000476837158,-1.6399999856948853,7.824999809265137,170,160,144,30000,0
1.0750000476837158,-1.6399999856948853,-8.175000190734863,159,150,138,30000,0
1.0750000476837158,-1.2899999618530273,7.824999809265137,170,160,144,30000,0
1.0750000476837158,-1.2899999618530273,-8.175000190734863,159,150,138,30000,0
1.0750000476837158,-0.9399999976158142,7.824999809265137,170,160,144,30000,0
1.0750000476837158,-0.9399999976158142,-8.175000190734863,159,150,138,30000,0
1.0750000476837158,-0.5899999737739563,7.824999809265137,170,160,144,30000,0
1.0750000476837158,-0.5899999737739563,-8.175000190734863,159,150,138,30000,0
1.0750000476837158,-0.23999999463558197,7.824999809265137,170,160,144,30000,0
1.0750000476837158,-0.23999999463558197,-8.175000190734863,159,150,138,30000,0
1.0750000476837158,0.10999999940395355,7.824999809265137,170,160,144,30000,0
1.0750000476837158,0.10999999940395355,-8.175000190734863,159,150,138,30000,0
1.0750000476837158,0.46000000834465027,7.824999809265137,170,160,144,30000,0
1.0750000476837158,0.46000000834465027,-8.175000190734863,159,150,138,30000,0
1.0750000476837158,0.8100000023841858,7.824999809265137,170,160,144,30000,0
1.0750000476837158,0.8100000023841858,-8.175000190734863,159,150,138,30000,0
1.0750000476837158,1.159999966621399,7.824999809265137,170,160,144,30000,0
1.0750000476837158,1.159999966621399,-8.175000190734863,159,150,138,30000,0
1.0750000476837158,1.5099999904632568,7.824999809265137,170,160,144,30000,0
1.0750000476837158,1.5099999904632568,-8.175000190734863,159,150,138,30000,0
1.0750000476837158,1.8600000143051147,7.824999809265137,170,160,144,30000,0
1.0750000476837158,1.8600000143051147,-8.175000190734863,159,150,138,30000,0
1.0750000476837158,2.2100000381469727,7.824999809265137,170,160,144,30000,0
1.0750000476837158,2.2100000381469727,-8.175000190734863,159,150,138,30000,0
1.4249999523162842,-5.489999771118164,7.824999809265137,170,160,144,30000,0
1.4249999523162842,-5.489999771118164,-8.175000190734863,159,150,138,30000,0
1.4249999523162842,-5.139999866485596,7.824999809265137,170,160,144,30000,0
1.4249999523162842,-5.139999866485596,-8.175000190734863,159,150,138,30000,0
1.4249999523162842,-4.789999961853027,7.824999809265137,170,160,144,30000,0
1.4249999523162842,-4.789999961853027,-8.175000190734863,159,150,138,30000,0
1.4249999523162842,-4.440000057220459,7.824999809265137,170,160,144,30000,0
1.4249999523162842,-4.440000057220459,-8.175000190734863,159,150,138,30000,0
1.4249999523162842,-4.090000152587891,7.824999809265137,170,160,144,30000,0
1.4249999523162842,-4.090000152587891,-8.175000190734863,159,150,138,30000,0
1.4249999523162842,-3.740000009536743,7.824999809265137,170,160,144,30000,0
1.4249999523162842,-3.740000009536743,-8.175000190734863,159,150,138,30000,0
1.4249999523162842,-3.390000104904175,7.824999809265137,170,160,144,30000,0
1.4249999523162842,-3.390000104904175,-8.175000190734863,159,150,138,30000,0
1.4249999523162842,-3.0399999618530273,7.824999809265137,170,160,144,30000,0
1.4249999523162842,-3.0399999618530273,-8.175000190734863,159,150,138,30000,0
1.4249999523162842,-2.690000057220459,7.824999809265137,170,160,144,30000,0
1.4249999523162842,-2.690000057220459,-8.175000190734863,159,150,138,30000,0
1.4249999523162842,-2.3399999141693115,7.824999809265137,170,160,144,30000,0
1.4249999523162842,-2.3399999141693115,-8.175000190734863,159,150,138,30000,0
1.4249999523162842,-1.9900000095367432,7.824999809265137,170,160,144,30000,0
1.4249999523162842,-1.9900000095367432,-8.175000190734863,159,150,138,30000,0
1.4249999523162842,-1.6399999856948853,7.824999809265137,170,160,144,30000,0
1.4249999523162842,-1.6399999856948853,-8.175000190734863,159,150,138,30000,0
1.4249999523162842,-1.2899999618530273,7.824999809265137,170,160,144,30000,0
1.4249999523162842,-1.2899999618530273,-8.175000190734863,159,150,138,30000,0
1.4249999523162842,-0.9399999976158142,7.824999809265137,170,160,144,30000,0
1.4249999523162842,-0.9399999976158142,-8.175000190734863,159,150,138,30000,0
1.4249999523162842,-0.5899999737739563,7.824999809265137,170,160,144,30000,0
1.4249999523162842,-0.5899999737739563,-8.175000190734863,159,150,138,30000,0
1.4249999523162842,-0.23999999463558197,7.824999809265137,170,160,144,30000,0
1.4249999523162842,-0.23999999463558197,-8.175000190734863,159,150,138,30000,0
1.4249999523162842,0.10999999940395355,7.824999809265137,170,160,144,30000,0
1.4249999523162842,0.10999999940395355,-8.175000190734863,159,150,138,30000,0
1.4249999523162842,0.46000000834465027,7.824999809265137,170,160,144,30000,0
1.4249999523162842,0.46000000834465027,-8.175000190734863,159,150,138,30000,0
1.4249999523162842,0.8100000023841858,7.824999809265137,170,160,144,30000,0
1.4249999523162842,0.8100000023841858,-8.175000190734863,159,150,138,30000,0
1.4249999523162842,1.159999966621399,7.824999809265137,170,160,144,30000,0
1.4249999523162842,1.159999966621399,-8.175000190734863,159,150,138,30000,0
1.4249999523162842,1.5099999904632568,7.824999809265137,170,160,144,30000,0
1.4249999523162842,1.5099999904632568,-8.175000190734863,159,150,138,30000,0
1.4249999523162842,1.8600000143051147,7.824999809265137,170,160,144,30000,0
1.4249999523162842,1.8600000143051147,-8.175000190734863,159,150,138,30000,0
1.4249999523162842,2.2100000381469727,7.824999809265137,170,160,144,30000,0
1.4249999523162842,2.2100000381469727,-8.175000190734863,159,150,138,30000,0
1.774999976158142,-5.489999771118164,7.824999809265137,170,160,144,30000,0
1.774999976158142,-5.489999771118164,-8.175000190734863,159,150,138,30000,0
1.774999976158142,-5.139999866485596,7.824999809265137,170,160,144,30000,0
1.774999976158142,-5.139999866485596,-8.175000190734863,159,150,138,30000,0
1.774999976158142,-4.789999961853027,7.824999809265137,170,160,144,30000,0
1.774999976158142,-4.789999961853027,-8.175000190734863,159,150,138,30000,0
1.774999976158142,-4.440000057220459,7.824999809265137,170,160,144,30000,0
1.774999976158142,-4.440000057220459,-8.175000190734863,159,150,138,30000,0
1.774999976158142,-4.090000152587891,7.824999809265137,170,160,144,30000,0
1.774999976158142,-4.090000152587891,-8.175000190734863,159,150,138,30000,0
1.774999976158142,-3.740000009536743,7.824999809265137,170,160,144,30000,0
1.774999976158142,-3.740000009536743,-8.175000190734863,159,150,138,30000,0
1.774999976158142,-3.390000104904175,7.824999809265137,170,160,144,30000,0
1.774999976158142,-3.390000104904175,-8.175000190734863,159,150,138,30000,0
1.774999976158142,-3.0399999618530273,7.824999809265137,170,160,144,30000,0
1.774999976158142,-3.0399999618530273,-8.175000190734863,159,150,138,30000,0
1.774999976158142,-2.690000057220459,7.824999809265137,170,160,144,30000,0
1.774999976158142,-2.690000057220459,-8.175000190734863,159,150,138,30000,0
1.774999976158142,-2.3399999141693115,7.824999809265137,170,160,144,30000,0
1.774999976158142,-2.3399999141693115,-8.175000190734863,159,150,138,30000,0
1.774999976158142,-1.9900000095367432,7.824999809265137,170,160,144,30000,0
1.774999976158142,-1.9900000095367432,-8.175000190734863,159,150,138,30000,0
1.774999976158142,-1.6399999856948853,7.824999809265137,170,160,144,30000,0
1.774999976158142,-1.6399999856948853,-8.175000190734863,159,150,138,30000,0
1.774999976158142,-1.2899999618530273,7.824999809265137,170,160,144,30000,0
1.774999976158142,-1.2899999618530273,-8.175000190734863,159,150,138,30000,0
1.774999976158142,-0.9399999976158142,7.824999809265137,170,160,144,30000,0
1.774999976158142,-0.9399999976158142,-8.175000190734863,159,150,138,30000,0
1.774999976158142,-0.5899999737739563,7.824999809265137,170,160,144,30000,0
1.774999976158142,-0.5899999737739563,-8.175000190734863,159,150,138,30000,0
1.774999976158142,-0.23999999463558197,7.824999809265137,170,160,144,30000,0
1.774999976158142,-0.23999999463558197,-8.175000190734863,159,150,138,30000,0
1.774999976158142,0.10999999940395355,7.824999809265137,170,160,144,30000,0
1.774999976158142,0.10999999940395355,-8.175000190734863,159,150,138,30000,0
1.774999976158142,0.46000000834465027,7.824999809265137,170,160,144,30000,0
1.774999976158142,0.46000000834465027,-8.175000190734863,159,150,138,30000,0
1.774999976158142,0.8100000023841858,7.824999809265137,170,160,144,30000,0
1.774999976158142,0.8100000023841858,-8.175000190734863,159,150,138,30000,0
1.774999976158142,1.159999966621399,7.824999809265137,170,160,144,30000,0
1.774999976158142,1.159999966621399,-8.175000190734863,159,150,138,30000,0
1.774999976158142,1.5099999904632568,7.824999809265137,170,160,144,30000,0
1.774999976158142,1.5099999904632568,-8.175000190734863,159,150,138,30000,0
1.774999976158142,1.8600000143051147,7.824999809265137,170,160,144,30000,0
1.774999976158142,1.8600000143051147,-8.175000190734863,159,150,138,30000,0
1.774999976158142,2.2100000381469727,7.824999809265137,170,160,144,30000,0
1.774999976158142,2.2100000381469727,-8.175000190734863,159,150,138,30000,0
2.125,-5.489999771118164,7.824999809265137,170,160,144,30000,0
2.125,-5.489999771118164,-8.175000190734863,159,150,138,30000,0
2.125,-5.139999866485596,7.824999809265137,170,160,144,30000,0
2.125,-5.139999866485596,-8.175000190734863,159,150,138,30000,0
2.125,-4.789999961853027,7.824999809265137,170,160,144,30000,0
2.125,-4.789999961853027,-8.175000190734863,159,150,138,30000,0
2.125,-4.440000057220459,7.824999809265137,170,160,144,30000,0
2.125,-4.440000057220459,-8.175000190734863,159,150,138,30000,0
2.125,-4.090000152587891,7.824999809265137,170,160,144,30000,0
2.125,-4.090000152587891,-8.175000190734863,159,150,138,30000,0
2.125,-3.740000009536743,7.824999809265137,170,160,144,30000,0
2.125,-3.740000009536743,-8.175000190734863,159,150,138,30000,0
2.125,-3.390000104904175,7.824999809265137,170,160,144,30000,0
2.125,-3.390000104904175,-8.175000190734863,159,150,138,30000,0
2.125,-3.0399999618530273,7.824999809265137,170,160,144,30000,0
2.125,-3.0399999618530273,-8.175000190734863,159,150,138,30000,0
2.125,-2.690000057220459,7.824999809265137,170,160,144,30000,0
2.125,-2.690000057220459,-8.175000190734863,159,150,138,30000,0
2.125,-2.3399999141693115,7.824999809265137,170,160,144,30000,0
2.125,-2.3399999141693115,-8.175000190734863,159,150,138,30000,0
2.125,-1.9900000095367432,7.824999809265137,170,160,144,30000,0
2.125,-1.9900000095367432,-8.175000190734863,159,150,138,30000,0
2.125,-1.6399999856948853,7.824999809265137,170,160,144,30000,0
2.125,-1.6399999856948853,-8.175000190734863,159,150,138,30000,0
2.125,-1.2899999618530273,7.824999809265137,170,160,144,30000,0
2.125,-1.2899999618530273,-8.175000190734863,159,150,138,30000,0
2.125,-0.9399999976158142,7.824999809265137,170,160,144,30000,0
2.125,-0.9399999976158142,-8.175000190734863,159,150,138,30000,0
2.125,-0.5899999737739563,7.824999809265137,170,160,144,30000,0
2.125,-0.5899999737739563,-8.175000190734863,159,150,138,30000,0
2.125,-0.23999999463558197,7.824999809265137,170,160,144,30000,0
2.125,-0.23999999463558197,-8.175000190734863,159,150,138,30000,0
2.125,0.10999999940395355,7.824999809265137,170,160,144,30000,0
2.125,0.10999999940395355,-8.175000190734863,159,150,138,30000,0
2.125,0.46000000834465027,7.824999809265137,170,160,144,30000,0
2.125,0.46000000834465027,-8.175000190734863,159,150,138,30000,0
2.125,0.8100000023841858,7.824999809265137,170,160,144,30000,0
2.125,0.8100000023841858,-8.175000190734863,159,150,138,30000,0
2.125,1.159999966621399,7.824999809265137,170,160,144,30000,0
2.125,1.159999966621399,-8.175000190734863,159,150,138,30000,0
2.125,1.5099999904632568,7.824999809265137,170,160,144,30000,0
2.125,1.5099999904632568,-8.175000190734863,159,150,138,30000,0
2.125,1.8600000143051147,7.824999809265137,170,160,144,30000,0
2.125,1.8600000143051147,-8.175000190734863,159,150,138,30000,0
2.125,2.2100000381469727,7.824999809265137,170,160,144,30000,0
2.125,2.2100000381469727,-8.175000190734863,159,150,138,30000,0
2.4749999046325684,-5.489999771118164,7.824999809265137,170,160,144,30000,0
2.4749999046325684,-5.489999771118164,-8.175000190734863,159,150,138,30000,0
2.4749999046325684,-5.139999866485596,7.824999809265137,170,160,144,30000,0
2.4749999046325684,-5.139999866485596,-8.175000190734863,159,150,138,30000,0
2.4749999046325684,-4.789999961853027,7.824999809265137,170,160,144,30000,0
2.4749999046325684,-4.789999961853027,-8.175000190734863,159,150,138,30000,0
2.4749999046325684,-4.440000057220459,7.824999809265137,170,160,144,30000,0
2.4749999046325684,-4.440000057220459,-8.175000190734863,159,150,138,30000,0
2.4749999046325684,-4.090000152587891,7.824999809265137,170,160,144,30000,0
2.4749999046325684,-4.090000152587891,-8.175000190734863,159,150,138,30000,0
2.4749999046325684,-3.740000009536743,7.824999809265137,170,160,144,30000,0
2.4749999046325684,-3.740000009536743,-8.175000190734863,159,150,138,30000,0
2.4749999046325684,-3.390000104904175,7.824999809265137,170,160,144,30000,0
2.4749999046325684,-3.390000104904175,-8.175000190734863,159,150,138,30000,0
2.4749999046325684,-3.0399999618530273,7.824999809265137,170,160,144,30000,0
2.4749999046325684,-3.0399999618530273,-8.175000190734863,159,150,138,30000,0
2.4749999046325684,-2.690000057220459,7.824999809265137,170,160,144,30000,0
2.4749999046325684,-2.690000057220459,-8.175000190734863,159,150,138,30000,0
2.4749999046325684,-2.3399999141693115,7.824999809265137,170,160,144,30000,0
2.4749999046325684,-2.3399999141693115,-8.175000190734863,159,150,138,30000,0
2.4749999046325684,-1.9900000095367432,7.824999809265137,170,160,144,30000,0
2.4749999046325684,-1.9900000095367432,-8.175000190734863,159,150,138,30000,0
2.4749999046325684,-1.6399999856948853,7.824999809265137,170,160,144,30000,0
2.4749999046325684,-1.6399999856948853,-8.175000190734863,159,150,138,30000,0
2.4749999046325684,-1.2899999618530273,7.824999809265137,170,160,144,30000,0
2.4749999046325684,-1.2899999618530273,-8.175000190734863,159,150,138,30000,0
2.4749999046325684,-0.9399999976158142,7.824999809265137,170,160,144,30000,0
2.4749999046325684,-0.9399999976158142,-8.175000190734863,159,150,138,30000,0
2.4749999046325684,-0.5899999737739563,7.824999809265137,170,160,144,30000,0
2.4749999046325684,-0.5899999737739563,-8.175000190734863,159,150,138,30000,0
2.4749999046325684,-0.23999999463558197,7.824999809265137,170,160,144,30000,0
2.4749999046325684,-0.23999999463558197,-8.175000190734863,159,150,138,30000,0
2.4749999046325684,0.10999999940395355,7.824999809265137,170,160,144,30000,0
2.4749999046325684,0.10999999940395355,-8.175000190734863,159,150,138,30000,0
2.4749999046325684,0.46000000834465027,7.824999809265137,170,160,144,30000,0
2.4749999046325684,0.46000000834465027,-8.175000190734863,159,150,138,30000,0
2.4749999046325684,0.8100000023841858,7.824999809265137,170,160,144,30000,0
2.4749999046325684,0.8100000023841858,-8.175000190734863,159,150,138,30000,0
2.4749999046325684,1.159999966621399,7.824999809265137,170,160,144,30000,0
2.4749999046325684,1.159999966621399,-8.175000190734863,159,150,138,30000,0
2.4749999046325684,1.5099999904632568,7.824999809265137,170,160,144,30000,0
2.4749999046325684,1.5099999904632568,-8.175000190734863,159,150,138,30000,0
2.4749999046325684,1.8600000143051147,7.824999809265137,170,160,144,30000,0
2.4749999046325684,1.8600000143051147,-8.175000190734863,159,150,138,30000,0
2.4749999046325684,2.2100000381469727,7.824999809265137,170,160,144,30000,0
2.4749999046325684,2.2100000381469727,-8.175000190734863,159,150,138,30000,0
2.825000047683716,-5.489999771118164,7.824999809265137,170,160,144,30000,0
2.825000047683716,-5.489999771118164,-8.175000190734863,159,150,138,30000,0
2.825000047683716,-5.139999866485596,7.824999809265137,170,160,144,30000,0
2.825000047683716,-5.139999866485596,-8.175000190734863,159,150,138,30000,0
2.825000047683716,-4.789999961853027,7.824999809265137,170,160,144,30000,0
2.825000047683716,-4.789999961853027,-8.175000190734863,159,150,138,30000,0
2.825000047683716,-4.440000057220459,7.824999809265137,170,160,144,30000,0
2.825000047683716,-4.440000057220459,-8.175000190734863,159,150,138,30000,0
2.825000047683716,-4.090000152587891,7.824999809265137,170,160,144,30000,0
2.825000047683716,-4.090000152587891,-8.175000190734863,159,150,138,30000,0
2.825000047683716,-3.740000009536743,7.824999809265137,170,160,144,30000,0
2.825000047683716,-3.740000009536743,-8.175000190734863,159,150,138,30000,0
2.825000047683716,-3.390000104904175,7.824999809265137,170,160,144,30000,0
2.825000047683716,-3.390000104904175,-8.175000190734863,159,150,138,30000,0
2.825000047683716,-3.0399999618530273,7.824999809265137,170,160,144,30000,0
2.825000047683716,-3.0399999618530273,-8.175000190734863,159,150,138,30000,0
2.825000047683716,-2.690000057220459,7.824999809265137,170,160,144,30000,0
2.825000047683716,-2.690000057220459,-8.175000190734863,159,150,138,30000,0
2.825000047683716,-2.3399999141693115,7.824999809265137,170,160,144,30000,0
2.825000047683716,-2.3399999141693115,-8.175000190734863,159,150,138,30000,0
2.825000047683716,-1.9900000095367432,7.824999809265137,170,160,144,30000,0
2.825000047683716,-1.9900000095367432,-8.175000190734863,159,150,138,30000,0
2.825000047683716,-1.6399999856948853,7.824999809265137,170,160,144,30000,0
2.825000047683716,-1.6399999856948853,-8.175000190734863,159,150,138,30000,0
2.825000047683716,-1.2899999618530273,7.824999809265137,170,160,144,30000,0
2.825000047683716,-1.2899999618530273,-8.175000190734863,159,150,138,30000,0
2.825000047683716,-0.9399999976158142,7.824999809265137,170,160,144,30000,0
2.825000047683716,-0.9399999976158142,-8.175000190734863,159,150,138,30000,0
2.825000047683716,-0.5899999737739563,7.824999809265137,170,160,144,30000,0
2.825000047683716,-0.5899999737739563,-8.175000190734863,159,150,138,30000,0
2.825000047683716,-0.23999999463558197,7.824999809265137,170,160,144,30000,0
2.825000047683716,-0.23999999463558197,-8.175000190734863,159,150,138,30000,0
2.825000047683716,0.10999999940395355,7.824999809265137,170,160,144,30000,0
2.825000047683716,0.10999999940395355,-8.175000190734863,159,150,138,30000,0
2.825000047683716,0.46000000834465027,7.824999809265137,170,160,144,30000,0
2.825000047683716,0.46000000834465027,-8.175000190734863,159,150,138,30000,0
2.825000047683716,0.8100000023841858,7.824999809265137,170,160,144,30000,0
2.825000047683716,0.8100000023841858,-8.175000190734863,159,150,138,30000,0
2.825000047683716,1.159999966621399,7.824999809265137,170,160,144,30000,0
2.825000047683716,1.159999966621399,-8.175000190734863,159,150,138,30000,0
2.825000047683716,1.5099999904632568,7.824999809265137,170,160,144,30000,0
2.825000047683716,1.5099999904632568,-8.175000190734863,159,150,138,30000,0
2.825000047683716,1.8600000143051147,7.824999809265137,170,160,144,30000,0
2.825000047683716,1.8600000143051147,-8.175000190734863,159,150,138,30000,0
2.825000047683716,2.2100000381469727,7.824999809265137,170,160,144,30000,0
2.825000047683716,2.2100000381469727,-8.175000190734863,159,150,138,30000,0
3.174999952316284,-5.489999771118164,7.824999809265137,170,160,144,30000,0
3.174999952316284,-5.489999771118164,-8.175000190734863,159,150,138,30000,0
3.174999952316284,-5.139999866485596,7.824999809265137,170,160,144,30000,0
3.174999952316284,-5.139999866485596,-8.175000190734863,159,150,138,30000,0
3.174999952316284,-4.789999961853027,7.824999809265137,170,160,144,30000,0
3.174999952316284,-4.789999961853027,-8.175000190734863,159,150,138,30000,0
3.174999952316284,-4.440000057220459,7.824999809265137,170,160,144,30000,0
3.174999952316284,-4.440000057220459,-8.175000190734863,159,150,138,30000,0
3.174999952316284,-4.090000152587891,7.824999809265137,170,160,144,30000,0
3.174999952316284,-4.090000152587891,-8.175000190734863,159,150,138,30000,0
3.174999952316284,-3.740000009536743,7.824999809265137,170,160,144,30000,0
3.174999952316284,-3.740000009536743,-8.175000190734863,159,150,138,30000,0
3.174999952316284,-3.390000104904175,7.824999809265137,170,160,144,30000,0
3.174999952316284,-3.390000104904175,-8.175000190734863,159,150,138,30000,0
3.174999952316284,-3.0399999618530273,7.824999809265137,170,160,144,30000,0
3.174999952316284,-3.0399999618530273,-8.175000190734863,159,150,138,30000,0
3.174999952316284,-2.690000057220459,7.824999809265137,170,160,144,30000,0
3.174999952316284,-2.690000057220459,-8.175000190734863,159,150,138,30000,0
3.174999952316284,-2.3399999141693115,7.824999809265137,170,160,144,30000,0
3.174999952316284,-2.3399999141693115,-8.175000190734863,159,150,138,30000,0
3.174999952316284,-1.9900000095367432,7.824999809265137,170,160,144,30000,0
3.174999952316284,-1.9900000095367432,-8.175000190734863,159,150,138,30000,0
3.174999952316284,-1.6399999856948853,7.824999809265137,170,160,144,30000,0
3.174999952316284,-1.6399999856948853,-8.175000190734863,159,150,138,30000,0
3.174999952316284,-1.2899999618530273,7.824999809265137,170,160,144,30000,0
3.174999952316284,-1.2899999618530273,-8.175000190734863,159,150,138,30000,0
3.174999952316284,-0.9399999976158142,7.824999809265137,170,160,144,30000,0
3.174999952316284,-0.9399999976158142,-8.175000190734863,159,150,138,30000,0
3.174999952316284,-0.5899999737739563,7.824999809265137,170,160,144,30000,0
3.174999952316284,-0.5899999737739563,-8.175000190734863,159,150,138,30000,0
3.174999952316284,-0.23999999463558197,7.824999809265137,170,160,144,30000,0
3.174999952316284,-0.23999999463558197,-8.175000190734863,159,150,138,30000,0
3.174999952316284,0.10999999940395355,7.824999809265137,170,160,144,30000,0
3.174999952316284,0.10999999940395355,-8.175000190734863,159,150,138,30000,0
3.174999952316284,0.46000000834465027,7.824999809265137,170,160,144,30000,0
3.174999952316284,0.46000000834465027,-8.175000190734863,159,150,138,30000,0
3.174999952316284,0.8100000023841858,7.824999809265137,170,160,144,30000,0
3.174999952316284,0.8100000023841858,-8.175000190734863,159,150,138,30000,0
3.174999952316284,1.159999966621399,7.824999809265137,170,160,144,30000,0
3.174999952316284,1.159999966621399,-8.175000190734863,159,150,138,30000,0
3.174999952316284,1.5099999904632568,7.824999809265137,170,160,144,30000,0
3.174999952316284,1.5099999904632568,-8.175000190734863,159,150,138,30000,0
3.174999952316284,1.8600000143051147,7.824999809265137,170,160,144,30000,0
3.174999952316284,1.8600000143051147,-8.175000190734863,159,150,138,30000,0
3.174999952316284,2.2100000381469727,7.824999809265137,170,160,144,30000,0
3.174999952316284,2.2100000381469727,-8.175000190734863,159,150,138,30000,0
3.5250000953674316,-5.489999771118164,7.824999809265137,170,160,144,30000,0
3.5250000953674316,-5.489999771118164,-8.175000190734863,159,150,138,30000,0
3.5250000953674316,-5.139999866485596,7.824999809265137,170,160,144,30000,0
3.5250000953674316,-5.139999866485596,-8.175000190734863,159,150,138,30000,0
3.5250000953674316,-4.789999961853027,7.824999809265137,170,160,144,30000,0
3.5250000953674316,-4.789999961853027,-8.175000190734863,159,150,138,30000,0
3.5250000953674316,-4.440000057220459,7.824999809265137,170,160,144,30000,0
3.5250000953674316,-4.440000057220459,-8.175000190734863,159,150,138,30000,0
3.5250000953674316,-4.090000152587891,7.824999809265137,170,160,144,30000,0
3.5250000953674316,-4.090000152587891,-8.175000190734863,159,150,138,30000,0
3.5250000953674316,-3.740000009536743,7.824999809265137,170,160,144,30000,0
3.5250000953674316,-3.740000009536743,-8.175000190734863,159,150,138,30000,0
3.5250000953674316,-3.390000104904175,7.824999809265137,170,160,144,30000,0
3.5250000953674316,-3.390000104904175,-8.175000190734863,159,150,138,30000,0
3.5250000953674316,-3.0399999618530273,7.824999809265137,170,160,144,30000,0
3.5250000953674316,-3.0399999618530273,-8.175000190734863,159,150,138,30000,0
3.5250000953674316,-2.690000057220459,7.824999809265137,170,160,144,30000,0
3.5250000953674316,-2.690000057220459,-8.175000190734863,159,150,138,30000,0
3.5250000953674316,-2.3399999141693115,7.824999809265137,170,160,144,30000,0
3.5250000953674316,-2.3399999141693115,-8.175000190734863,159,150,138,30000,0
3.5250000953674316,-1.9900000095367432,7.824999809265137,170,160,144,30000,0
3.5250000953674316,-1.9900000095367432,-8.175000190734863,159,150,138,30000,0
3.5250000953674316,-1.6399999856948853,7.824999809265137,170,160,144,30000,0
3.5250000953674316,-1.6399999856948853,-8.175000190734863,159,150,138,30000,0
3.5250000953674316,-1.2899999618530273,7.824999809265137,170,160,144,30000,0
3.5250000953674316,-1.2899999618530273,-8.175000190734863,159,150,138,30000,0
3.5250000953674316,-0.9399999976158142,7.824999809265137,170,160,144,30000,0
3.5250000953674316,-0.9399999976158142,-8.175000190734863,159,150,138,30000,0
3.5250000953674316,-0.5899999737739563,7.824999809265137,170,160,144,30000,0
3.5250000953674316,-0.5899999737739563,-8.175000190734863,159,150,138,30000,0
3.5250000953674316,-0.23999999463558197,7.824999809265137,170,160,144,30000,0
3.5250000953674316,-0.23999999463558197,-8.175000190734863,159,150,138,30000,0
3.5250000953674316,0.10999999940395355,7.824999809265137,170,160,144,30000,0
3.5250000953674316,0.10999999940395355,-8.175000190734863,159,150,138,30000,0
3.5250000953674316,0.46000000834465027,7.824999809265137,170,160,144,30000,0
3.5250000953674316,0.46000000834465027,-8.175000190734863,159,150,138,30000,0
3.5250000953674316,0.8100000023841858,7.824999809265137,170,160,144,30000,0
3.5250000953674316,0.8100000023841858,-8.175000190734863,159,150,138,30000,0
3.5250000953674316,1.159999966621399,7.824999809265137,170,160,144,30000,0
3.5250000953674316,1.159999966621399,-8.175000190734863,159,150,138,30000,0
3.5250000953674316,1.5099999904632568,7.824999809265137,170,160,144,30000,0
3.5250000953674316,1.5099999904632568,-8.175000190734863,159,150,138,30000,0
3.5250000953674316,1.8600000143051147,7.824999809265137,170,160,144,30000,0
3.5250000953674316,1.8600000143051147,-8.175000190734863,159,150,138,30000,0
3.5250000953674316,2.2100000381469727,7.824999809265137,170,160,144,30000,0
3.5250000953674316,2.2100000381469727,-8.175000190734863,159,150,138,30000,0
3.875,-5.489999771118164,7.824999809265137,170,160,144,30000,0
3.875,-5.489999771118164,-8.175000190734863,159,150,138,30000,0
3.875,-5.139999866485596,7.824999809265137,170,160,144,30000,0
3.875,-5.139999866485596,-8.175000190734863,159,150,138,30000,0
3.875,-4.789999961853027,7.824999809265137,170,160,144,30000,0
3.875,-4.789999961853027,-8.175000190734863,159,150,138,30000,0
3.875,-4.440000057220459,7.824999809265137,170,160,144,30000,0
3.875,-4.440000057220459,-8.175000190734863,159,150,138,30000,0
3.875,-4.090000152587891,7.824999809265137,170,160,144,30000,0
3.875,-4.090000152587891,-8.175000190734863,159,150,138,30000,0
3.875,-3.740000009536743,7.824999809265137,170,160,144,30000,0
3.875,-3.740000009536743,-8.175000190734863,159,150,138,30000,0
3.875,-3.390000104904175,7.824999809265137,170,160,144,30000,0
3.875,-3.390000104904175,-8.175000190734863,159,150,138,30000,0
3.875,-3.0399999618530273,7.824999809265137,170,160,144,30000,0
3.875,-3.0399999618530273,-8.175000190734863,159,150,138,30000,0
3.875,-2.690000057220459,7.824999809265137,170,160,144,30000,0
3.875,-2.690000057220459,-8.175000190734863,159,150,138,30000,0
3.875,-2.3399999141693115,7.824999809265137,170,160,144,30000,0
3.875,-2.3399999141693115,-8.175000190734863,159,150,138,30000,0
3.875,-1.9900000095367432,7.824999809265137,170,160,144,30000,0
3.875,-1.9900000095367432,-8.175000190734863,159,150,138,30000,0
3.875,-1.6399999856948853,7.824999809265137,170,160,144,30000,0
3.875,-1.6399999856948853,-8.175000190734863,159,150,138,30000,0
3.875,-1.2899999618530273,7.824999809265137,170,160,144,30000,0
3.875,-1.2899999618530273,-8.175000190734863,159,150,138,30000,0
3.875,-0.9399999976158142,7.824999809265137,170,160,144,30000,0
3.875,-0.9399999976158142,-8.175000190734863,159,150,138,30000,0
3.875,-0.5899999737739563,7.824999809265137,170,160,144,30000,0
3.875,-0.5899999737739563,-8.175000190734863,159,150,138,30000,0
3.875,-0.23999999463558197,7.824999809265137,170,160,144,30000,0
3.875,-0.23999999463558197,-8.175000190734863,159,150,138,30000,0
3.875,0.10999999940395355,7.824999809265137,170,160,144,30000,0
3.875,0.10999999940395355,-8.175000190734863,159,150,138,30000,0
3.875,0.46000000834465027,7.824999809265137,170,160,144,30000,0
3.875,0.46000000834465027,-8.175000190734863,159,150,138,30000,0
3.875,0.8100000023841858,7.824999809265137,170,160,144,30000,0
3.875,0.8100000023841858,-8.175000190734863,159,150,138,30000,0
3.875,1.159999966621399,7.824999809265137,170,160,144,30000,0
3.875,1.159999966621399,-8.175000190734863,159,150,138,30000,0
3.875,1.5099999904632568,7.824999809265137,170,160,144,30000,0
3.875,1.5099999904632568,-8.175000190734863,159,150,138,30000,0
3.875,1.8600000143051147,7.824999809265137,170,160,144,30000,0
3.875,1.8600000143051147,-8.175000190734863,159,150,138,30000,0
3.875,2.2100000381469727,7.824999809265137,170,160,144,30000,0
3.875,2.2100000381469727,-8.175000190734863,159,150,138,30000,0
4.224999904632568,-5.489999771118164,7.824999809265137,170,160,144,30000,0
4.224999904632568,-5.489999771118164,-8.175000190734863,159,150,138,30000,0
4.224999904632568,-5.139999866485596,7.824999809265137,170,160,144,30000,0
4.224999904632568,-5.139999866485596,-8.175000190734863,159,150,138,30000,0
4.224999904632568,-4.789999961853027,7.824999809265137,170,160,144,30000,0
4.224999904632568,-4.789999961853027,-8.175000190734863,159,150,138,30000,0
4.224999904632568,-4.440000057220459,7.824999809265137,170,160,144,30000,0
4.224999904632568,-4.440000057220459,-8.175000190734863,159,150,138,30000,0
4.224999904632568,-4.090000152587891,7.824999809265137,170,160,144,30000,0
4.224999904632568,-4.090000152587891,-8.175000190734863,159,150,138,30000,0
4.224999904632568,-3.740000009536743,7.824999809265137,170,160,144,30000,0
4.224999904632568,-3.740000009536743,-8.175000190734863,159,150,138,30000,0
4.224999904632568,-3.390000104904175,7.824999809265137,170,160,144,30000,0
4.224999904632568,-3.390000104904175,-8.175000190734863,159,150,138,30000,0
4.224999904632568,-3.0399999618530273,7.824999809265137,170,160,144,30000,0
4.224999904632568,-3.0399999618530273,-8.175000190734863,159,150,138,30000,0
4.224999904632568,-2.690000057220459,7.824999809265137,170,160,144,30000,0
4.224999904632568,-2.690000057220459,-8.175000190734863,159,150,138,30000,0
4.224999904632568,-2.3399999141693115,7.824999809265137,170,160,144,30000,0
4.224999904632568,-2.3399999141693115,-8.175000190734863,159,150,138,30000,0
4.224999904632568,-1.9900000095367432,7.824999809265137,170,160,144,30000,0
4.224999904632568,-1.9900000095367432,-8.175000190734863,159,150,138,30000,0
4.224999904632568,-1.6399999856948853,7.824999809265137,170,160,144,30000,0
4.224999904632568,-1.6399999856948853,-8.175000190734863,159,150,138,30000,0
4.224999904632568,-1.2899999618530273,7.824999809265137,170,160,144,30000,0
4.224999904632568,-1.2899999618530273,-8.175000190734863,159,150,138,30000,0
4.224999904632568,-0.9399999976158142,7.824999809265137,170,160,144,30000,0
4.224999904632568,-0.9399999976158142,-8.175000190734863,159,150,138,30000,0
4.224999904632568,-0.5899999737739563,7.824999809265137,170,160,144,30000,0
4.224999904632568,-0.5899999737739563,-8.175000190734863,159,150,138,30000,0
4.224999904632568,-0.23999999463558197,7.824999809265137,170,160,144,30000,0
4.224999904632568,-0.23999999463558197,-8.175000190734863,159,150,138,30000,0
4.224999904632568,0.10999999940395355,7.824999809265137,170,160,144,30000,0
4.224999904632568,0.10999999940395355,-8.175000190734863,159,150,138,30000,0
4.224999904632568,0.46000000834465027,7.824999809265137,170,160,144,30000,0
4.224999904632568,0.46000000834465027,-8.175000190734863,159,150,138,30000,0
4.224999904632568,0.8100000023841858,7.824999809265137,170,160,144,30000,0
4.224999904632568,0.8100000023841858,-8.175000190734863,159,150,138,30000,0
4.224999904632568,1.159999966621399,7.824999809265137,170,160,144,30000,0
4.224999904632568,1.159999966621399,-8.175000190734863,159,150,138,30000,0
4.224999904632568,1.5099999904632568,7.824999809265137,170,160,144,30000,0
4.224999904632568,1.5099999904632568,-8.175000190734863,159,150,138,30000,0
4.224999904632568,1.8600000143051147,7.824999809265137,170,160,144,30000,0
4.224999904632568,1.8600000143051147,-8.175000190734863,159,150,138,30000,0
4.224999904632568,2.2100000381469727,7.824999809265137,170,160,144,30000,0
4.224999904632568,2.2100000381469727,-8.175000190734863,159,150,138,30000,0
4.574999809265137,-5.489999771118164,7.824999809265137,170,160,144,30000,0
4.574999809265137,-5.489999771118164,-8.175000190734863,159,150,138,30000,0
4.574999809265137,-5.139999866485596,7.824999809265137,170,160,144,30000,0
4.574999809265137,-5.139999866485596,-8.175000190734863,159,150,138,30000,0
4.574999809265137,-4.789999961853027,7.824999809265137,170,160,144,30000,0
4.574999809265137,-4.789999961853027,-8.175000190734863,159,150,138,30000,0
4.574999809265137,-4.440000057220459,7.824999809265137,170,160,144,30000,0
4.574999809265137,-4.440000057220459,-8.175000190734863,159,150,138,30000,0
4.574999809265137,-4.090000152587891,7.824999809265137,170,160,144,30000,0
4.574999809265137,-4.090000152587891,-8.175000190734863,159,150,138,30000,0
4.574999809265137,-3.740000009536743,7.824999809265137,170,160,144,30000,0
4.574999809265137,-3.740000009536743,-8.175000190734863,159,150,138,30000,0
4.574999809265137,-3.390000104904175,7.824999809265137,170,160,144,30000,0
4.574999809265137,-3.390000104904175,-8.175000190734863,159,150,138,30000,0
4.574999809265137,-3.0399999618530273,7.824999809265137,170,160,144,30000,0
4.574999809265137,-3.0399999618530273,-8.175000190734863,159,150,138,30000,0
4.574999809265137,-2.690000057220459,7.824999809265137,170,160,144,30000,0
4.574999809265137,-2.690000057220459,-8.175000190734863,159,150,138,30000,0
4.574999809265137,-2.3399999141693115,7.824999809265137,170,160,144,30000,0
4.574999809265137,-2.3399999141693115,-8.175000190734863,159,150,138,30000,0
4.574999809265137,-1.9900000095367432,7.824999809265137,170,160,144,30000,0
4.574999809265137,-1.9900000095367432,-8.175000190734863,159,150,138,30000,0
4.574999809265137,-1.6399999856948853,7.824999809265137,170,160,144,30000,0
4.574999809265137,-1.6399999856948853,-8.175000190734863,159,150,138,30000,0
4.574999809265137,-1.2899999618530273,7.824999809265137,170,160,144,30000,0
4.574999809265137,-1.2899999618530273,-8.175000190734863,159,150,138,30000,0
4.574999809265137,-0.9399999976158142,7.824999809265137,170,160,144,30000,0
4.574999809265137,-0.9399999976158142,-8.175000190734863,159,150,138,30000,0
4.574999809265137,-0.5899999737739563,7.824999809265137,170,160,144,30000,0
4.574999809265137,-0.5899999737739563,-8.175000190734863,159,150,138,30000,0
4.574999809265137,-0.23999999463558197,7.824999809265137,170,160,144,30000,0
4.574999809265137,-0.23999999463558197,-8.175000190734863,159,150,138,30000,0
4.574999809265137,0.10999999940395355,7.824999809265137,170,160,144,30000,0
4.574999809265137,0.10999999940395355,-8.175000190734863,159,150,138,30000,0
4.574999809265137,0.46000000834465027,7.824999809265137,170,160,144,30000,0
4.574999809265137,0.46000000834465027,-8.175000190734863,159,150,138,30000,0
4.574999809265137,0.8100000023841858,7.824999809265137,170,160,144,30000,0
4.574999809265137,0.8100000023841858,-8.175000190734863,159,150,138,30000,0
4.574999809265137,1.159999966621399,7.824999809265137,170,160,144,30000,0
4.574999809265137,1.159999966621399,-8.175000190734863,159,150,138,30000,0
4.574999809265137,1.5099999904632568,7.824999809265137,170,160,144,30000,0
4.574999809265137,1.5099999904632568,-8.175000190734863,159,150,138,30000,0
4.574999809265137,1.8600000143051147,7.824999809265137,170,160,144,30000,0
4.574999809265137,1.8600000143051147,-8.175000190734863,159,150,138,30000,0
4.574999809265137,2.2100000381469727,7.824999809265137,170,160,144,30000,0
4.574999809265137,2.2100000381469727,-8.175000190734863,159,150,138,30000,0
4.925000190734863,-5.489999771118164,7.824999809265137,170,160,144,30000,0
4.925000190734863,-5.489999771118164,-8.175000190734863,159,150,138,30000,0
4.925000190734863,-5.139999866485596,7.824999809265137,170,160,144,30000,0
4.925000190734863,-5.139999866485596,-8.175000190734863,159,150,138,30000,0
4.925000190734863,-4.789999961853027,7.824999809265137,170,160,144,30000,0
4.925000190734863,-4.789999961853027,-8.175000190734863,159,150,138,30000,0
4.925000190734863,-4.440000057220459,7.824999809265137,170,160,144,30000,0
4.925000190734863,-4.440000057220459,-8.175000190734863,159,150,138,30000,0
4.925000190734863,-4.090000152587891,7.824999809265137,170,160,144,30000,0
4.925000190734863,-4.090000152587891,-8.175000190734863,159,150,138,30000,0
4.925000190734863,-3.740000009536743,7.824999809265137,170,160,144,30000,0
4.925000190734863,-3.740000009536743,-8.175000190734863,159,150,138,30000,0
4.925000190734863,-3.390000104904175,7.824999809265137,170,160,144,30000,0
4.925000190734863,-3.390000104904175,-8.175000190734863,159,150,138,30000,0
4.925000190734863,-3.0399999618530273,7.824999809265137,170,160,144,30000,0
4.925000190734863,-3.0399999618530273,-8.175000190734863,159,150,138,30000,0
4.925000190734863,-2.690000057220459,7.824999809265137,170,160,144,30000,0
4.925000190734863,-2.690000057220459,-8.175000190734863,159,150,138,30000,0
4.925000190734863,-2.3399999141693115,7.824999809265137,170,160,144,30000,0
4.925000190734863,-2.3399999141693115,-8.175000190734863,159,150,138,30000,0
4.925000190734863,-1.9900000095367432,7.824999809265137,170,160,144,30000,0
4.925000190734863,-1.9900000095367432,-8.175000190734863,159,150,138,30000,0
4.925000190734863,-1.6399999856948853,7.824999809265137,170,160,144,30000,0
4.925000190734863,-1.6399999856948853,-8.175000190734863,159,150,138,30000,0
4.925000190734863,-1.2899999618530273,7.824999809265137,170,160,144,30000,0
4.925000190734863,-1.2899999618530273,-8.175000190734863,159,150,138,30000,0
4.925000190734863,-0.9399999976158142,7.824999809265137,170,160,144,30000,0
4.925000190734863,-0.9399999976158142,-8.175000190734863,159,150,138,30000,0
4.925000190734863,-0.5899999737739563,7.824999809265137,170,160,144,30000,0
4.925000190734863,-0.5899999737739563,-8.175000190734863,159,150,138,30000,0
4.925000190734863,-0.23999999463558197,7.824999809265137,170,160,144,30000,0
4.925000190734863,-0.23999999463558197,-8.175000190734863,159,150,138,30000,0
4.925000190734863,0.10999999940395355,7.824999809265137,170,160,144,30000,0
4.925000190734863,0.10999999940395355,-8.175000190734863,159,150,138,30000,0
4.925000190734863,0.46000000834465027,7.824999809265137,170,160,144,30000,0
4.925000190734863,0.46000000834465027,-8.175000190734863,159,150,138,30000,0
4.925000190734863,0.8100000023841858,7.824999809265137,170,160,144,30000,0
4.925000190734863,0.8100000023841858,-8.175000190734863,159,150,138,30000,0
4.925000190734863,1.159999966621399,7.824999809265137,170,160,144,30000,0
4.925000190734863,1.159999966621399,-8.175000190734863,159,150,138,30000,0
4.925000190734863,1.5099999904632568,7.824999809265137,170,160,144,30000,0
4.925000190734863,1.5099999904632568,-8.175000190734863,159,150,138,30000,0
4.925000190734863,1.8600000143051147,7.824999809265137,170,160,144,30000,0
4.925000190734863,1.8600000143051147,-8.175000190734863,159,150,138,30000,0
4.925000190734863,2.2100000381469727,7.824999809265137,170,160,144,30000,0
4.925000190734863,2.2100000381469727,-8.175000190734863,159,150,138,30000,0
5.275000095367432,-5.489999771118164,7.824999809265137,170,160,144,30000,0
5.275000095367432,-5.489999771118164,-8.175000190734863,159,150,138,30000,0
5.275000095367432,-5.139999866485596,7.824999809265137,170,160,144,30000,0
5.275000095367432,-5.139999866485596,-8.175000190734863,159,150,138,30000,0
5.275000095367432,-4.789999961853027,7.824999809265137,170,160,144,30000,0
5.275000095367432,-4.789999961853027,-8.175000190734863,159,150,138,30000,0
5.275000095367432,-4.440000057220459,7.824999809265137,170,160,144,30000,0
5.275000095367432,-4.440000057220459,-8.175000190734863,159,150,138,30000,0
5.275000095367432,-4.090000152587891,7.824999809265137,170,160,144,30000,0
5.275000095367432,-4.090000152587891,-8.175000190734863,159,150,138,30000,0
5.275000095367432,-3.740000009536743,7.824999809265137,170,160,144,30000,0
5.275000095367432,-3.740000009536743,-8.175000190734863,159,150,138,30000,0
5.275000095367432,-3.390000104904175,7.824999809265137,170,160,144,30000,0
5.275000095367432,-3.390000104904175,-8.175000190734863,159,150,138,30000,0
5.275000095367432,-3.0399999618530273,7.824999809265137,170,160,144,30000,0
5.275000095367432,-3.0399999618530273,-8.175000190734863,159,150,138,30000,0
5.275000095367432,-2.690000057220459,7.824999809265137,170,160,144,30000,0
5.275000095367432,-2.690000057220459,-8.175000190734863,159,150,138,30000,0
5.275000095367432,-2.3399999141693115,7.824999809265137,170,160,144,30000,0
5.275000095367432,-2.3399999141693115,-8.175000190734863,159,150,138,30000,0
5.275000095367432,-1.9900000095367432,7.824999809265137,170,160,144,30000,0
5.275000095367432,-1.9900000095367432,-8.175000190734863,159,150,138,30000,0
5.275000095367432,-1.6399999856948853,7.824999809265137,170,160,144,30000,0
5.275000095367432,-1.6399999856948853,-8.175000190734863,159,150,138,30000,0
5.275000095367432,-1.2899999618530273,7.824999809265137,170,160,144,30000,0
5.275000095367432,-1.2899999618530273,-8.175000190734863,159,150,138,30000,0
5.275000095367432,-0.9399999976158142,7.824999809265137,170,160,144,30000,0
5.275000095367432,-0.9399999976158142,-8.175000190734863,159,150,138,30000,0
5.275000095367432,-0.5899999737739563,7.824999809265137,170,160,144,30000,0
5.275000095367432,-0.5899999737739563,-8.175000190734863,159,150,138,30000,0
5.275000095367432,-0.23999999463558197,7.824999809265137,170,160,144,30000,0
5.275000095367432,-0.23999999463558197,-8.175000190734863,159,150,138,30000,0
5.275000095367432,0.10999999940395355,7.824999809265137,170,160,144,30000,0
5.275000095367432,0.10999999940395355,-8.175000190734863,159,150,138,30000,0
5.275000095367432,0.46000000834465027,7.824999809265137,170,160,144,30000,0
5.275000095367432,0.46000000834465027,-8.175000190734863,159,150,138,30000,0
5.275000095367432,0.8100000023841858,7.824999809265137,170,160,144,30000,0
5.275000095367432,0.8100000023841858,-8.175000190734863,159,150,138,30000,0
5.275000095367432,1.159999966621399,7.824999809265137,170,160,144,30000,0
5.275000095367432,1.159999966621399,-8.175000190734863,159,150,138,30000,0
5.275000095367432,1.5099999904632568,7.824999809265137,170,160,144,30000,0
5.275000095367432,1.5099999904632568,-8.175000190734863,159,150,138,30000,0
5.275000095367432,1.8600000143051147,7.824999809265137,170,160,144,30000,0
5.275000095367432,1.8600000143051147,-8.175000190734863,159,150,138,30000,0
5.275000095367432,2.2100000381469727,7.824999809265137,170,160,144,30000,0
5.275000095367432,2.2100000381469727,-8.175000190734863,159,150,138,30000,0
5.625,-5.489999771118164,7.824999809265137,170,160,144,30000,0
5.625,-5.489999771118164,-8.175000190734863,159,150,138,30000,0
5.625,-5.139999866485596,7.824999809265137,170,160,144,30000,0
5.625,-5.139999866485596,-8.175000190734863,159,150,138,30000,0
5.625,-4.789999961853027,7.824999809265137,170,160,144,30000,0
5.625,-4.789999961853027,-8.175000190734863,159,150,138,30000,0
5.625,-4.440000057220459,7.824999809265137,170,160,144,30000,0
5.625,-4.440000057220459,-8.175000190734863,159,150,138,30000,0
5.625,-4.090000152587891,7.824999809265137,170,160,144,30000,0
5.625,-4.090000152587891,-8.175000190734863,159,150,138,30000,0
5.625,-3.740000009536743,7.824999809265137,170,160,144,30000,0
5.625,-3.740000009536743,-8.175000190734863,159,150,138,30000,0
5.625,-3.390000104904175,7.824999809265137,170,160,144,30000,0
5.625,-3.390000104904175,-8.175000190734863,159,150,138,30000,0
5.625,-3.0399999618530273,7.824999809265137,170,160,144,30000,0
5.625,-3.0399999618530273,-8.175000190734863,159,150,138,30000,0
5.625,-2.690000057220459,7.824999809265137,170,160,144,30000,0
5.625,-2.690000057220459,-8.175000190734863,159,150,138,30000,0
5.625,-2.3399999141693115,7.824999809265137,170,160,144,30000,0
5.625,-2.3399999141693115,-8.175000190734863,159,150,138,30000,0
5.625,-1.9900000095367432,7.824999809265137,170,160,144,30000,0
5.625,-1.9900000095367432,-8.175000190734863,159,150,138,30000,0
5.625,-1.6399999856948853,7.824999809265137,170,160,144,30000,0
5.625,-1.6399999856948853,-8.175000190734863,159,150,138,30000,0
5.625,-1.2899999618530273,7.824999809265137,170,160,144,30000,0
5.625,-1.2899999618530273,-8.175000190734863,159,150,138,30000,0
5.625,-0.9399999976158142,7.824999809265137,170,160,144,30000,0
5.625,-0.9399999976158142,-8.175000190734863,159,150,138,30000,0
5.625,-0.5899999737739563,7.824999809265137,170,160,144,30000,0
5.625,-0.5899999737739563,-8.175000190734863,159,150,138,30000,0
5.625,-0.23999999463558197,7.824999809265137,170,160,144,30000,0
5.625,-0.23999999463558197,-8.175000190734863,159,150,138,30000,0
5.625,0.10999999940395355,7.824999809265137,170,160,144,30000,0
5.625,0.10999999940395355,-8.175000190734863,159,150,138,30000,0
5.625,0.46000000834465027,7.824999809265137,170,160,144,30000,0
5.625,0.46000000834465027,-8.175000190734863,159,150,138,30000,0
5.625,0.8100000023841858,7.824999809265137,170,160,144,30000,0
5.625,0.8100000023841858,-8.175000190734863,159,150,138,30000,0
5.625,1.159999966621399,7.824999809265137,170,160,144,30000,0
5.625,1.159999966621399,-8.175000190734863,159,150,138,30000,0
5.625,1.5099999904632568,7.824999809265137,170,160,144,30000,0
5.625,1.5099999904632568,-8.175000190734863,159,150,138,30000,0
5.625,1.8600000143051147,7.824999809265137,170,160,144,30000,0
5.625,1.8600000143051147,-8.175000190734863,159,150,138,30000,0
5.625,2.2100000381469727,7.824999809265137,170,160,144,30000,0
5.625,2.2100000381469727,-8.175000190734863,159,150,138,30000,0
5.974999904632568,-5.489999771118164,7.824999809265137,170,160,144,30000,0
5.974999904632568,-5.489999771118164,-8.175000190734863,159,150,138,30000,0
5.974999904632568,-5.139999866485596,7.824999809265137,170,160,144,30000,0
5.974999904632568,-5.139999866485596,-8.175000190734863,159,150,138,30000,0
5.974999904632568,-4.789999961853027,7.824999809265137,170,160,144,30000,0
5.974999904632568,-4.789999961853027,-8.175000190734863,159,150,138,30000,0
5.974999904632568,-4.440000057220459,7.824999809265137,170,160,144,30000,0
5.974999904632568,-4.440000057220459,-8.175000190734863,159,150,138,30000,0
5.974999904632568,-4.090000152587891,7.824999809265137,170,160,144,30000,0
5.974999904632568,-4.090000152587891,-8.175000190734863,159,150,138,30000,0
5.974999904632568,-3.740000009536743,7.824999809265137,170,160,144,30000,0
5.974999904632568,-3.740000009536743,-8.175000190734863,159,150,138,30000,0
5.974999904632568,-3.390000104904175,7.824999809265137,170,160,144,30000,0
5.974999904632568,-3.390000104904175,-8.175000190734863,159,150,138,30000,0
5.974999904632568,-3.0399999618530273,7.824999809265137,170,160,144,30000,0
5.974999904632568,-3.0399999618530273,-8.175000190734863,159,150,138,30000,0
5.974999904632568,-2.690000057220459,7.824999809265137,170,160,144,30000,0
5.974999904632568,-2.690000057220459,-8.175000190734863,159,150,138,30000,0
5.974999904632568,-2.3399999141693115,7.824999809265137,170,160,144,30000,0
5.974999904632568,-2.3399999141693115,-8.175000190734863,159,150,138,30000,0
5.974999904632568,-1.9900000095367432,7.824999809265137,170,160,144,30000,0
5.974999904632568,-1.9900000095367432,-8.175000190734863,159,150,138,30000,0
5.974999904632568,-1.6399999856948853,7.824999809265137,170,160,144,30000,0
5.974999904632568,-1.6399999856948853,-8.175000190734863,159,150,138,30000,0
5.974999904632568,-1.2899999618530273,7.824999809265137,170,160,144,30000,0
5.974999904632568,-1.2899999618530273,-8.175000190734863,159,150,138,30000,0
5.974999904632568,-0.9399999976158142,7.824999809265137,170,160,144,30000,0
5.974999904632568,-0.9399999976158142,-8.175000190734863,159,150,138,30000,0
5.974999904632568,-0.5899999737739563,7.824999809265137,170,160,144,30000,0
5.974999904632568,-0.5899999737739563,-8.175000190734863,159,150,138,30000,0
5.974999904632568,-0.23999999463558197,7.824999809265137,170,160,144,30000,0
5.974999904632568,-0.23999999463558197,-8.175000190734863,159,150,138,30000,0
5.974999904632568,0.10999999940395355,7.824999809265137,170,160,144,30000,0
5.974999904632568,0.10999999940395355,-8.175000190734863,159,150,138,30000,0
5.974999904632568,0.46000000834465027,7.824999809265137,170,160,144,30000,0
5.974999904632568,0.46000000834465027,-8.175000190734863,159,150,138,30000,0
5.974999904632568,0.8100000023841858,7.824999809265137,170,160,144,30000,0
5.974999904632568,0.8100000023841858,-8.175000190734863,159,150,138,30000,0
5.974999904632568,1.159999966621399,7.824999809265137,170,160,144,30000,0
5.974999904632568,1.159999966621399,-8.175000190734863,159,150,138,30000,0
5.974999904632568,1.5099999904632568,7.824999809265137,170,160,144,30000,0
5.974999904632568,1.5099999904632568,-8.175000190734863,159,150,138,30000,0
5.974999904632568,1.8600000143051147,7.824999809265137,170,160,144,30000,0
5.974999904632568,1.8600000143051147,-8.175000190734863,159,150,138,30000,0
5.974999904632568,2.2100000381469727,7.824999809265137,170,160,144,30000,0
5.974999904632568,2.2100000381469727,-8.175000190734863,159,150,138,30000,0
6.324999809265137,-5.489999771118164,7.824999809265137,170,160,144,30000,0
6.324999809265137,-5.489999771118164,-8.175000190734863,159,150,138,30000,0
6.324999809265137,-5.139999866485596,7.824999809265137,170,160,144,30000,0
6.324999809265137,-5.139999866485596,-8.175000190734863,159,150,138,30000,0
6.324999809265137,-4.789999961853027,7.824999809265137,170,160,144,30000,0
6.324999809265137,-4.789999961853027,-8.175000190734863,159,150,138,30000,0
6.324999809265137,-4.440000057220459,7.824999809265137,170,160,144,30000,0
6.324999809265137,-4.440000057220459,-8.175000190734863,159,150,138,30000,0
6.324999809265137,-4.090000152587891,7.824999809265137,170,160,144,30000,0
6.324999809265137,-4.090000152587891,-8.175000190734863,159,150,138,30000,0
6.324999809265137,-3.740000009536743,7.824999809265137,170,160,144,30000,0
6.324999809265137,-3.740000009536743,-8.175000190734863,159,150,138,30000,0
6.324999809265137,-3.390000104904175,7.824999809265137,170,160,144,30000,0
6.324999809265137,-3.390000104904175,-8.175000190734863,159,150,138,30000,0
6.324999809265137,-3.0399999618530273,7.824999809265137,170,160,144,30000,0
6.324999809265137,-3.0399999618530273,-8.175000190734863,159,150,138,30000,0
6.324999809265137,-2.690000057220459,7.824999809265137,170,160,144,30000,0
6.324999809265137,-2.690000057220459,-8.175000190734863,159,150,138,30000,0
6.324999809265137,-2.3399999141693115,7.824999809265137,170,160,144,30000,0
6.324999809265137,-2.3399999141693115,-8.175000190734863,159,150,138,30000,0
6.324999809265137,-1.9900000095367432,7.824999809265137,170,160,144,30000,0
6.324999809265137,-1.9900000095367432,-8.175000190734863,159,150,138,30000,0
6.324999809265137,-1.6399999856948853,7.824999809265137,170,160,144,30000,0
6.324999809265137,-1.6399999856948853,-8.175000190734863,159,150,138,30000,0
6.324999809265137,-1.2899999618530273,7.824999809265137,170,160,144,30000,0
6.324999809265137,-1.2899999618530273,-8.175000190734863,159,150,138,30000,0
6.324999809265137,-0.9399999976158142,7.824999809265137,170,160,144,30000,0
6.324999809265137,-0.9399999976158142,-8.175000190734863,159,150,138,30000,0
6.324999809265137,-0.5899999737739563,7.824999809265137,170,160,144,30000,0
6.324999809265137,-0.5899999737739563,-8.175000190734863,159,150,138,30000,0
6.324999809265137,-0.23999999463558197,7.824999809265137,170,160,144,30000,0
6.324999809265137,-0.23999999463558197,-8.175000190734863,159,150,138,30000,0
6.324999809265137,0.10999999940395355,7.824999809265137,170,160,144,30000,0
6.324999809265137,0.10999999940395355,-8.175000190734863,159,150,138,30000,0
6.324999809265137,0.46000000834465027,7.824999809265137,170,160,144,30000,0
6.324999809265137,0.46000000834465027,-8.175000190734863,159,150,138,30000,0
6.324999809265137,0.8100000023841858,7.824999809265137,170,160,144,30000,0
6.324999809265137,0.8100000023841858,-8.175000190734863,159,150,138,30000,0
6.324999809265137,1.159999966621399,7.824999809265137,170,160,144,30000,0
6.324999809265137,1.159999966621399,-8.175000190734863,159,150,138,30000,0
6.324999809265137,1.5099999904632568,7.824999809265137,170,160,144,30000,0
6.324999809265137,1.5099999904632568,-8.175000190734863,159,150,138,30000,0
6.324999809265137,1.8600000143051147,7.824999809265137,170,160,144,30000,0
6.324999809265137,1.8600000143051147,-8.175000190734863,159,150,138,30000,0
6.324999809265137,2.2100000381469727,7.824999809265137,170,160,144,30000,0
6.324999809265137,2.2100000381469727,-8.175000190734863,159,150,138,30000,0
6.675000190734863,-5.489999771118164,7.824999809265137,170,160,144,30000,0
6.675000190734863,-5.489999771118164,-8.175000190734863,159,150,138,30000,0
6.675000190734863,-5.139999866485596,7.824999809265137,170,160,144,30000,0
6.675000190734863,-5.139999866485596,-8.175000190734863,159,150,138,30000,0
6.675000190734863,-4.789999961853027,7.824999809265137,170,160,144,30000,0
6.675000190734863,-4.789999961853027,-8.175000190734863,159,150,138,30000,0
6.675000190734863,-4.440000057220459,7.824999809265137,170,160,144,30000,0
6.675000190734863,-4.440000057220459,-8.175000190734863,159,150,138,30000,0
6.675000190734863,-4.090000152587891,7.824999809265137,170,160,144,30000,0
6.675000190734863,-4.090000152587891,-8.175000190734863,159,150,138,30000,0
6.675000190734863,-3.740000009536743,7.824999809265137,170,160,144,30000,0
6.675000190734863,-3.740000009536743,-8.175000190734863,159,150,138,30000,0
6.675000190734863,-3.390000104904175,7.824999809265137,170,160,144,30000,0
6.675000190734863,-3.390000104904175,-8.175000190734863,159,150,138,30000,0
6.675000190734863,-3.0399999618530273,7.824999809265137,170,160,144,30000,0
6.675000190734863,-3.0399999618530273,-8.175000190734863,159,150,138,30000,0
6.675000190734863,-2.690000057220459,7.824999809265137,170,160,144,30000,0
6.675000190734863,-2.690000057220459,-8.175000190734863,159,150,138,30000,0
6.675000190734863,-2.3399999141693115,7.824999809265137,170,160,144,30000,0
6.675000190734863,-2.3399999141693115,-8.175000190734863,159,150,138,30000,0
6.675000190734863,-1.9900000095367432,7.824999809265137,170,160,144,30000,0
6.675000190734863,-1.9900000095367432,-8.175000190734863,159,150,138,30000,0
6.675000190734863,-1.6399999856948853,7.824999809265137,170,160,144,30000,0
6.675000190734863,-1.6399999856948853,-8.175000190734863,159,150,138,30000,0
6.675000190734863,-1.2899999618530273,7.824999809265137,170,160,144,30000,0
6.675000190734863,-1.2899999618530273,-8.175000190734863,159,150,138,30000,0
6.675000190734863,-0.9399999976158142,7.824999809265137,170,160,144,30000,0
6.675000190734863,-0.9399999976158142,-8.175000190734863,159,150,138,30000,0
6.675000190734863,-0.5899999737739563,7.824999809265137,170,160,144,30000,0
6.675000190734863,-0.5899999737739563,-8.175000190734863,159,150,138,30000,0
6.675000190734863,-0.23999999463558197,7.824999809265137,170,160,144,30000,0
6.675000190734863,-0.23999999463558197,-8.175000190734863,159,150,138,30000,0
6.675000190734863,0.10999999940395355,7.824999809265137,170,160,144,30000,0
6.675000190734863,0.10999999940395355,-8.175000190734863,159,150,138,30000,0
6.675000190734863,0.46000000834465027,7.824999809265137,170,160,144,30000,0
6.675000190734863,0.46000000834465027,-8.175000190734863,159,150,138,30000,0
6.675000190734863,0.8100000023841858,7.824999809265137,170,160,144,30000,0
6.675000190734863,0.8100000023841858,-8.175000190734863,159,150,138,30000,0
6.675000190734863,1.159999966621399,7.824999809265137,170,160,144,30000,0
6.675000190734863,1.159999966621399,-8.175000190734863,159,150,138,30000,0
6.675000190734863,1.5099999904632568,7.824999809265137,170,160,144,30000,0
6.675000190734863,1.5099999904632568,-8.175000190734863,159,150,138,30000,0
6.675000190734863,1.8600000143051147,7.824999809265137,170,160,144,30000,0
6.675000190734863,1.8600000143051147,-8.175000190734863,159,150,138,30000,0
6.675000190734863,2.2100000381469727,7.824999809265137,170,160,144,30000,0
6.675000190734863,2.2100000381469727,-8.175000190734863,159,150,138,30000,0
7.025000095367432,-5.489999771118164,7.824999809265137,170,160,144,30000,0
7.025000095367432,-5.489999771118164,-8.175000190734863,159,150,138,30000,0
7.025000095367432,-5.139999866485596,7.824999809265137,170,160,144,30000,0
7.025000095367432,-5.139999866485596,-8.175000190734863,159,150,138,30000,0
7.025000095367432,-4.789999961853027,7.824999809265137,170,160,144,30000,0
7.025000095367432,-4.789999961853027,-8.175000190734863,159,150,138,30000,0
7.025000095367432,-4.440000057220459,7.824999809265137,170,160,144,30000,0
7.025000095367432,-4.440000057220459,-8.175000190734863,159,150,138,30000,0
7.025000095367432,-4.090000152587891,7.824999809265137,170,160,144,30000,0
7.025000095367432,-4.090000152587891,-8.175000190734863,159,150,138,30000,0
7.025000095367432,-3.740000009536743,7.824999809265137,170,160,144,30000,0
7.025000095367432,-3.740000009536743,-8.175000190734863,159,150,138,30000,0
7.025000095367432,-3.390000104904175,7.824999809265137,170,160,144,30000,0
7.025000095367432,-3.390000104904175,-8.175000190734863,159,150,138,30000,0
7.025000095367432,-3.0399999618530273,7.824999809265137,170,160,144,30000,0
7.025000095367432,-3.0399999618530273,-8.175000190734863,159,150,138,30000,0
7.025000095367432,-2.690000057220459,7.824999809265137,170,160,144,30000,0
7.025000095367432,-2.690000057220459,-8.175000190734863,159,150,138,30000,0
7.025000095367432,-2.3399999141693115,7.824999809265137,170,160,144,30000,0
7.025000095367432,-2.3399999141693115,-8.175000190734863,159,150,138,30000,0
7.025000095367432,-1.9900000095367432,7.824999809265137,170,160,144,30000,0
7.025000095367432,-1.9900000095367432,-8.175000190734863,159,150,138,30000,0
7.025000095367432,-1.6399999856948853,7.824999809265137,170,160,144,30000,0
7.025000095367432,-1.6399999856948853,-8.175000190734863,159,150,138,30000,0
7.025000095367432,-1.2899999618530273,7.824999809265137,170,160,144,30000,0
7.025000095367432,-1.2899999618530273,-8.175000190734863,159,150,138,30000,0
7.025000095367432,-0.9399999976158142,7.824999809265137,170,160,144,30000,0
7.025000095367432,-0.9399999976158142,-8.175000190734863,159,150,138,30000,0
7.025000095367432,-0.5899999737739563,7.824999809265137,170,160,144,30000,0
7.025000095367432,-0.5899999737739563,-8.175000190734863,159,150,138,30000,0
7.025000095367432,-0.23999999463558197,7.824999809265137,170,160,144,30000,0
7.025000095367432,-0.23999999463558197,-8.175000190734863,159,150,138,30000,0
7.025000095367432,0.10999999940395355,7.824999809265137,170,160,144,30000,0
7.025000095367432,0.10999999940395355,-8.175000190734863,159,150,138,30000,0
7.025000095367432,0.46000000834465027,7.824999809265137,170,160,144,30000,0
7.025000095367432,0.46000000834465027,-8.175000190734863,159,150,138,30000,0
7.025000095367432,0.8100000023841858,7.824999809265137,170,160,144,30000,0
7.025000095367432,0.8100000023841858,-8.175000190734863,159,150,138,30000,0
7.025000095367432,1.159999966621399,7.824999809265137,170,160,144,30000,0
7.025000095367432,1.159999966621399,-8.175000190734863,159,150,138,30000,0
7.025000095367432,1.5099999904632568,7.824999809265137,170,160,144,30000,0
7.025000095367432,1.5099999904632568,-8.175000190734863,159,150,138,30000,0
7.025000095367432,1.8600000143051147,7.824999809265137,170,160,144,30000,0
7.025000095367432,1.8600000143051147,-8.175000190734863,159,150,138,30000,0
7.025000095367432,2.2100000381469727,7.824999809265137,170,160,144,30000,0
7.025000095367432,2.2100000381469727,-8.175000190734863,159,150,138,30000,0
7.375,-5.489999771118164,7.824999809265137,170,160,144,30000,0
7.375,-5.489999771118164,-8.175000190734863,159,150,138,30000,0
7.375,-5.139999866485596,7.824999809265137,170,160,144,30000,0
7.375,-5.139999866485596,-8.175000190734863,159,150,138,30000,0
7.375,-4.789999961853027,7.824999809265137,170,160,144,30000,0
7.375,-4.789999961853027,-8.175000190734863,159,150,138,30000,0
7.375,-4.440000057220459,7.824999809265137,170,160,144,30000,0
7.375,-4.440000057220459,-8.175000190734863,159,150,138,30000,0
7.375,-4.090000152587891,7.824999809265137,170,160,144,30000,0
7.375,-4.090000152587891,-8.175000190734863,159,150,138,30000,0
7.375,-3.740000009536743,7.824999809265137,170,160,144,30000,0
7.375,-3.740000009536743,-8.175000190734863,159,150,138,30000,0
7.375,-3.390000104904175,7.824999809265137,170,160,144,30000,0
7.375,-3.390000104904175,-8.175000190734863,159,150,138,30000,0
7.375,-3.0399999618530273,7.824999809265137,170,160,144,30000,0
7.375,-3.0399999618530273,-8.175000190734863,159,150,138,30000,0
7.375,-2.690000057220459,7.824999809265137,170,160,144,30000,0
7.375,-2.690000057220459,-8.175000190734863,159,150,138,30000,0
7.375,-2.3399999141693115,7.824999809265137,170,160,144,30000,0
7.375,-2.3399999141693115,-8.175000190734863,159,150,138,30000,0
7.375,-1.9900000095367432,7.824999809265137,170,160,144,30000,0
7.375,-1.9900000095367432,-8.175000190734863,159,150,138,30000,0
7.375,-1.6399999856948853,7.824999809265137,170,160,144,30000,0
7.375,-1.6399999856948853,-8.175000190734863,159,150,138,30000,0
7.375,-1.2899999618530273,7.824999809265137,170,160,144,30000,0
7.375,-1.2899999618530273,-8.175000190734863,159,150,138,30000,0
7.375,-0.9399999976158142,7.824999809265137,170,160,144,30000,0
7.375,-0.9399999976158142,-8.175000190734863,159,150,138,30000,0
7.375,-0.5899999737739563,7.824999809265137,170,160,144,30000,0
7.375,-0.5899999737739563,-8.175000190734863,159,150,138,30000,0
7.375,-0.23999999463558197,7.824999809265137,170,160,144,30000,0
7.375,-0.23999999463558197,-8.175000190734863,159,150,138,30000,0
7.375,0.10999999940395355,7.824999809265137,170,160,144,30000,0
7.375,0.10999999940395355,-8.175000190734863,159,150,138,30000,0
7.375,0.46000000834465027,7.824999809265137,170,160,144,30000,0
7.375,0.46000000834465027,-8.175000190734863,159,150,138,30000,0
7.375,0.8100000023841858,7.824999809265137,170,160,144,30000,0
7.375,0.8100000023841858,-8.175000190734863,159,150,138,30000,0
7.375,1.159999966621399,7.824999809265137,170,160,144,30000,0
7.375,1.159999966621399,-8.175000190734863,159,150,138,30000,0
7.375,1.5099999904632568,7.824999809265137,170,160,144,30000,0
7.375,1.5099999904632568,-8.175000190734863,159,150,138,30000,0
7.375,1.8600000143051147,7.824999809265137,170,160,144,30000,0
7.375,1.8600000143051147,-8.175000190734863,159,150,138,30000,0
7.375,2.2100000381469727,7.824999809265137,170,160,144,30000,0
7.375,2.2100000381469727,-8.175000190734863,159,150,138,30000,0
7.724999904632568,-5.489999771118164,7.824999809265137,170,160,144,30000,0
7.724999904632568,-5.489999771118164,-8.175000190734863,159,150,138,30000,0
7.724999904632568,-5.139999866485596,7.824999809265137,170,160,144,30000,0
7.724999904632568,-5.139999866485596,-8.175000190734863,159,150,138,30000,0
7.724999904632568,-4.789999961853027,7.824999809265137,170,160,144,30000,0
7.724999904632568,-4.789999961853027,-8.175000190734863,159,150,138,30000,0
7.724999904632568,-4.440000057220459,7.824999809265137,170,160,144,30000,0
7.724999904632568,-4.440000057220459,-8.175000190734863,159,150,138,30000,0
7.724999904632568,-4.090000152587891,7.824999809265137,170,160,144,30000,0
7.724999904632568,-4.090000152587891,-8.175000190734863,159,150,138,30000,0
7.724999904632568,-3.740000009536743,7.824999809265137,170,160,144,30000,0
7.724999904632568,-3.740000009536743,-8.175000190734863,159,150,138,30000,0
7.724999904632568,-3.390000104904175,7.824999809265137,170,160,144,30000,0
7.724999904632568,-3.390000104904175,-8.175000190734863,159,150,138,30000,0
7.724999904632568,-3.0399999618530273,7.824999809265137,170,160,144,30000,0
7.724999904632568,-3.0399999618530273,-8.175000190734863,159,150,138,30000,0
7.724999904632568,-2.690000057220459,7.824999809265137,170,160,144,30000,0
7.724999904632568,-2.690000057220459,-8.175000190734863,159,150,138,30000,0
7.724999904632568,-2.3399999141693115,7.824999809265137,170,160,144,30000,0
7.724999904632568,-2.3399999141693115,-8.175000190734863,159,150,138,30000,0
7.724999904632568,-1.9900000095367432,7.824999809265137,170,160,144,30000,0
7.724999904632568,-1.9900000095367432,-8.175000190734863,159,150,138,30000,0
7.724999904632568,-1.6399999856948853,7.824999809265137,170,160,144,30000,0
7.724999904632568,-1.6399999856948853,-8.175000190734863,159,150,138,30000,0
7.724999904632568,-1.2899999618530273,7.824999809265137,170,160,144,30000,0
7.724999904632568,-1.2899999618530273,-8.175000190734863,159,150,138,30000,0
7.724999904632568,-0.9399999976158142,7.824999809265137,170,160,144,30000,0
7.724999904632568,-0.9399999976158142,-8.175000190734863,159,150,138,30000,0
7.724999904632568,-0.5899999737739563,7.824999809265137,170,160,144,30000,0
7.724999904632568,-0.5899999737739563,-8.175000190734863,159,150,138,30000,0
7.724999904632568,-0.23999999463558197,7.824999809265137,170,160,144,30000,0
7.724999904632568,-0.23999999463558197,-8.175000190734863,159,150,138,30000,0
7.724999904632568,0.10999999940395355,7.824999809265137,170,160,144,30000,0
7.724999904632568,0.10999999940395355,-8.175000190734863,159,150,138,30000,0
7.724999904632568,0.46000000834465027,7.824999809265137,170,160,144,30000,0
7.724999904632568,0.46000000834465027,-8.175000190734863,159,150,138,30000,0
7.724999904632568,0.8100000023841858,7.824999809265137,170,160,144,30000,0
7.724999904632568,0.8100000023841858,-8.175000190734863,159,150,138,30000,0
7.724999904632568,1.159999966621399,7.824999809265137,170,160,144,30000,0
7.724999904632568,1.159999966621399,-8.175000190734863,159,150,138,30000,0
7.724999904632568,1.5099999904632568,7.824999809265137,170,160,144,30000,0
7.724999904632568,1.5099999904632568,-8.175000190734863,159,150,138,30000,0
7.724999904632568,1.8600000143051147,7.824999809265137,170,160,144,30000,0
7.724999904632568,1.8600000143051147,-8.175000190734863,159,150,138,30000,0
7.724999904632568,2.2100000381469727,7.824999809265137,170,160,144,30000,0
7.724999904632568,2.2100000381469727,-8.175000190734863,159,150,138,30000,0
8.074999809265137,-5.489999771118164,7.824999809265137,170,160,144,30000,0
8.074999809265137,-5.489999771118164,-8.175000190734863,159,150,138,30000,0
8.074999809265137,-5.139999866485596,7.824999809265137,170,160,144,30000,0
8.074999809265137,-5.139999866485596,-8.175000190734863,159,150,138,30000,0
8.074999809265137,-4.789999961853027,7.824999809265137,170,160,144,30000,0
8.074999809265137,-4.789999961853027,-8.175000190734863,159,150,138,30000,0
8.074999809265137,-4.440000057220459,7.824999809265137,170,160,144,30000,0
8.074999809265137,-4.440000057220459,-8.175000190734863,159,150,138,30000,0
8.074999809265137,-4.090000152587891,7.824999809265137,170,160,144,30000,0
8.074999809265137,-4.090000152587891,-8.175000190734863,159,150,138,30000,0
8.074999809265137,-3.740000009536743,7.824999809265137,170,160,144,30000,0
8.074999809265137,-3.740000009536743,-8.175000190734863,159,150,138,30000,0
8.074999809265137,-3.390000104904175,7.824999809265137,170,160,144,30000,0
8.074999809265137,-3.390000104904175,-8.175000190734863,159,150,138,30000,0
8.074999809265137,-3.0399999618530273,7.824999809265137,170,160,144,30000,0
8.074999809265137,-3.0399999618530273,-8.175000190734863,159,150,138,30000,0
8.074999809265137,-2.690000057220459,7.824999809265137,170,160,144,30000,0
8.074999809265137,-2.690000057220459,-8.175000190734863,159,150,138,30000,0
8.074999809265137,-2.3399999141693115,7.824999809265137,170,160,144,30000,0
8.074999809265137,-2.3399999141693115,-8.175000190734863,159,150,138,30000,0
8.074999809265137,-1.9900000095367432,7.824999809265137,170,160,144,30000,0
8.074999809265137,-1.9900000095367432,-8.175000190734863,159,150,138,30000,0
8.074999809265137,-1.6399999856948853,7.824999809265137,170,160,144,30000,0
8.074999809265137,-1.6399999856948853,-8.175000190734863,159,150,138,30000,0
8.074999809265137,-1.2899999618530273,7.824999809265137,170,160,144,30000,0
8.074999809265137,-1.2899999618530273,-8.175000190734863,159,150,138,30000,0
8.074999809265137,-0.9399999976158142,7.824999809265137,170,160,144,30000,0
8.074999809265137,-0.9399999976158142,-8.175000190734863,159,150,138,30000,0
8.074999809265137,-0.5899999737739563,7.824999809265137,170,160,144,30000,0
8.074999809265137,-0.5899999737739563,-8.175000190734863,159,150,138,30000,0
8.074999809265137,-0.23999999463558197,7.824999809265137,170,160,144,30000,0
8.074999809265137,-0.23999999463558197,-8.175000190734863,159,150,138,30000,0
8.074999809265137,0.10999999940395355,7.824999809265137,170,160,144,30000,0
8.074999809265137,0.10999999940395355,-8.175000190734863,159,150,138,30000,0
8.074999809265137,0.46000000834465027,7.824999809265137,170,160,144,30000,0
8.074999809265137,0.46000000834465027,-8.175000190734863,159,150,138,30000,0
8.074999809265137,0.8100000023841858,7.824999809265137,170,160,144,30000,0
8.074999809265137,0.8100000023841858,-8.175000190734863,159,150,138,30000,0
8.074999809265137,1.159999966621399,7.824999809265137,170,160,144,30000,0
8.074999809265137,1.159999966621399,-8.175000190734863,159,150,138,30000,0
8.074999809265137,1.5099999904632568,7.824999809265137,170,160,144,30000,0
8.074999809265137,1.5099999904632568,-8.175000190734863,159,150,138,30000,0
8.074999809265137,1.8600000143051147,7.824999809265137,170,160,144,30000,0
8.074999809265137,1.8600000143051147,-8.175000190734863,159,150,138,30000,0
8.074999809265137,2.2100000381469727,7.824999809265137,170,160,144,30000,0
8.074999809265137,2.2100000381469727,-8.175000190734863,159,150,138,30000,0
8.425000190734863,-5.489999771118164,7.824999809265137,170,160,144,30000,0
8.425000190734863,-5.489999771118164,-8.175000190734863,159,150,138,30000,0
8.425000190734863,-5.139999866485596,7.824999809265137,170,160,144,30000,0
8.425000190734863,-5.139999866485596,-8.175000190734863,159,150,138,30000,0
8.425000190734863,-4.789999961853027,7.824999809265137,170,160,144,30000,0
8.425000190734863,-4.789999961853027,-8.175000190734863,159,150,138,30000,0
8.425000190734863,-4.440000057220459,7.824999809265137,170,160,144,30000,0
8.425000190734863,-4.440000057220459,-8.175000190734863,159,150,138,30000,0
8.425000190734863,-4.090000152587891,7.824999809265137,170,160,144,30000,0
8.425000190734863,-4.090000152587891,-8.175000190734863,159,150,138,30000,0
8.425000190734863,-3.740000009536743,7.824999809265137,170,160,144,30000,0
8.425000190734863,-3.740000009536743,-8.175000190734863,159,150,138,30000,0
8.425000190734863,-3.390000104904175,7.824999809265137,170,160,144,30000,0
8.425000190734863,-3.390000104904175,-8.175000190734863,159,150,138,30000,0
8.425000190734863,-3.0399999618530273,7.824999809265137,170,160,144,30000,0
8.425000190734863,-3.0399999618530273,-8.175000190734863,159,150,138,30000,0
8.425000190734863,-2.690000057220459,7.824999809265137,170,160,144,30000,0
8.425000190734863,-2.690000057220459,-8.175000190734863,159,150,138,30000,0
8.425000190734863,-2.3399999141693115,7.824999809265137,170,160,144,30000,0
8.425000190734863,-2.3399999141693115,-8.175000190734863,159,150,138,30000,0
8.425000190734863,-1.9900000095367432,7.824999809265137,170,160,144,30000,0
8.425000190734863,-1.9900000095367432,-8.175000190734863,159,150,138,30000,0
8.425000190734863,-1.6399999856948853,7.824999809265137,170,160,144,30000,0
8.425000190734863,-1.6399999856948853,-8.175000190734863,159,150,138,30000,0
8.425000190734863,-1.2899999618530273,7.824999809265137,170,160,144,30000,0
8.425000190734863,-1.2899999618530273,-8.175000190734863,159,150,138,30000,0
8.425000190734863,-0.9399999976158142,7.824999809265137,170,160,144,30000,0
8.425000190734863,-0.9399999976158142,-8.175000190734863,159,150,138,30000,0
8.425000190734863,-0.5899999737739563,7.824999809265137,170,160,144,30000,0
8.425000190734863,-0.5899999737739563,-8.175000190734863,159,150,138,30000,0
8.425000190734863,-0.23999999463558197,7.824999809265137,170,160,144,30000,0
8.425000190734863,-0.23999999463558197,-8.175000190734863,159,150,138,30000,0
8.425000190734863,0.10999999940395355,7.824999809265137,170,160,144,30000,0
8.425000190734863,0.10999999940395355,-8.175000190734863,159,150,138,30000,0
8.425000190734863,0.46000000834465027,7.824999809265137,170,160,144,30000,0
8.425000190734863,0.46000000834465027,-8.175000190734863,159,150,138,30000,0
8.425000190734863,0.8100000023841858,7.824999809265137,170,160,144,30000,0
8.425000190734863,0.8100000023841858,-8.175000190734863,159,150,138,30000,0
8.425000190734863,1.159999966621399,7.824999809265137,170,160,144,30000,0
8.425000190734863,1.159999966621399,-8.175000190734863,159,150,138,30000,0
8.425000190734863,1.5099999904632568,7.824999809265137,170,160,144,30000,0
8.425000190734863,1.5099999904632568,-8.175000190734863,159,150,138,30000,0
8.425000190734863,1.8600000143051147,7.824999809265137,170,160,144,30000,0
8.425000190734863,1.8600000143051147,-8.175000190734863,159,150,138,30000,0
8.425000190734863,2.2100000381469727,7.824999809265137,170,160,144,30000,0
8.425000190734863,2.2100000381469727,-8.175000190734863,159,150,138,30000,0
8.774999618530273,-5.489999771118164,7.824999809265137,170,160,144,30000,0
8.774999618530273,-5.489999771118164,-8.175000190734863,159,150,138,30000,0
8.774999618530273,-5.139999866485596,7.824999809265137,170,160,144,30000,0
8.774999618530273,-5.139999866485596,-8.175000190734863,159,150,138,30000,0
8.774999618530273,-4.789999961853027,7.824999809265137,170,160,144,30000,0
8.774999618530273,-4.789999961853027,-8.175000190734863,159,150,138,30000,0
8.774999618530273,-4.440000057220459,7.824999809265137,170,160,144,30000,0
8.774999618530273,-4.440000057220459,-8.175000190734863,159,150,138,30000,0
8.774999618530273,-4.090000152587891,7.824999809265137,170,160,144,30000,0
8.774999618530273,-4.090000152587891,-8.175000190734863,159,150,138,30000,0
8.774999618530273,-3.740000009536743,7.824999809265137,170,160,144,30000,0
8.774999618530273,-3.740000009536743,-8.175000190734863,159,150,138,30000,0
8.774999618530273,-3.390000104904175,7.824999809265137,170,160,144,30000,0
8.774999618530273,-3.390000104904175,-8.175000190734863,159,150,138,30000,0
8.774999618530273,-3.0399999618530273,7.824999809265137,170,160,144,30000,0
8.774999618530273,-3.0399999618530273,-8.175000190734863,159,150,138,30000,0
8.774999618530273,-2.690000057220459,7.824999809265137,170,160,144,30000,0
8.774999618530273,-2.690000057220459,-8.175000190734863,159,150,138,30000,0
8.774999618530273,-2.3399999141693115,7.824999809265137,170,160,144,30000,0
8.774999618530273,-2.3399999141693115,-8.175000190734863,159,150,138,30000,0
8.774999618530273,-1.9900000095367432,7.824999809265137,170,160,144,30000,0
8.774999618530273,-1.9900000095367432,-8.175000190734863,159,150,138,30000,0
8.774999618530273,-1.6399999856948853,7.824999809265137,170,160,144,30000,0
8.774999618530273,-1.6399999856948853,-8.175000190734863,159,150,138,30000,0
8.774999618530273,-1.2899999618530273,7.824999809265137,170,160,144,30000,0
8.774999618530273,-1.2899999618530273,-8.175000190734863,159,150,138,30000,0
8.774999618530273,-0.9399999976158142,7.824999809265137,170,160,144,30000,0
8.774999618530273,-0.9399999976158142,-8.175000190734863,159,150,138,30000,0
8.774999618530273,-0.5899999737739563,7.824999809265137,170,160,144,30000,0
8.774999618530273,-0.5899999737739563,-8.175000190734863,159,150,138,30000,0
8.774999618530273,-0.23999999463558197,7.824999809265137,170,160,144,30000,0
8.774999618530273,-0.23999999463558197,-8.175000190734863,159,150,138,30000,0
8.774999618530273,0.10999999940395355,7.824999809265137,170,160,144,30000,0
8.774999618530273,0.10999999940395355,-8.175000190734863,159,150,138,30000,0
8.774999618530273,0.46000000834465027,7.824999809265137,170,160,144,30000,0
8.774999618530273,0.46000000834465027,-8.175000190734863,159,150,138,30000,0
8.774999618530273,0.8100000023841858,7.824999809265137,170,160,144,30000,0
8.774999618530273,0.8100000023841858,-8.175000190734863,159,150,138,30000,0
8.774999618530273,1.159999966621399,7.824999809265137,170,160,144,30000,0
8.774999618530273,1.159999966621399,-8.175000190734863,159,150,138,30000,0
8.774999618530273,1.5099999904632568,7.824999809265137,170,160,144,30000,0
8.774999618530273,1.5099999904632568,-8.175000190734863,159,150,138,30000,0
8.774999618530273,1.8600000143051147,7.824999809265137,170,160,144,30000,0
8.774999618530273,1.8600000143051147,-8.175000190734863,159,150,138,30000,0
8.774999618530273,2.2100000381469727,7.824999809265137,170,160,144,30000,0
8.774999618530273,2.2100000381469727,-8.175000190734863,159,150,138,30000,0
9.125,-5.489999771118164,7.824999809265137,170,160,144,30000,0
9.125,-5.489999771118164,-8.175000190734863,159,150,138,30000,0
9.125,-5.139999866485596,7.824999809265137,170,160,144,30000,0
9.125,-5.139999866485596,-8.175000190734863,159,150,138,30000,0
9.125,-4.789999961853027,7.824999809265137,170,160,144,30000,0
9.125,-4.789999961853027,-8.175000190734863,159,150,138,30000,0
9.125,-4.440000057220459,7.824999809265137,170,160,144,30000,0
9.125,-4.440000057220459,-8.175000190734863,159,150,138,30000,0
9.125,-4.090000152587891,7.824999809265137,170,160,144,30000,0
9.125,-4.090000152587891,-8.175000190734863,159,150,138,30000,0
9.125,-3.740000009536743,7.824999809265137,170,160,144,30000,0
9.125,-3.740000009536743,-8.175000190734863,159,150,138,30000,0
9.125,-3.390000104904175,7.824999809265137,170,160,144,30000,0
9.125,-3.390000104904175,-8.175000190734863,159,150,138,30000,0
9.125,-3.0399999618530273,7.824999809265137,170,160,144,30000,0
9.125,-3.0399999618530273,-8.175000190734863,159,150,138,30000,0
9.125,-2.690000057220459,7.824999809265137,170,160,144,30000,0
9.125,-2.690000057220459,-8.175000190734863,159,150,138,30000,0
9.125,-2.3399999141693115,7.824999809265137,170,160,144,30000,0
9.125,-2.3399999141693115,-8.175000190734863,159,150,138,30000,0
9.125,-1.9900000095367432,7.824999809265137,170,160,144,30000,0
9.125,-1.9900000095367432,-8.175000190734863,159,150,138,30000,0
9.125,-1.6399999856948853,7.824999809265137,170,160,144,30000,0
9.125,-1.6399999856948853,-8.175000190734863,159,150,138,30000,0
9.125,-1.2899999618530273,7.824999809265137,170,160,144,30000,0
9.125,-1.2899999618530273,-8.175000190734863,159,150,138,30000,0
9.125,-0.9399999976158142,7.824999809265137,170,160,144,30000,0
9.125,-0.9399999976158142,-8.175000190734863,159,150,138,30000,0
9.125,-0.5899999737739563,7.824999809265137,170,160,144,30000,0
9.125,-0.5899999737739563,-8.175000190734863,159,150,138,30000,0
9.125,-0.23999999463558197,7.824999809265137,170,160,144,30000,0
9.125,-0.23999999463558197,-8.175000190734863,159,150,138,30000,0
9.125,0.10999999940395355,7.824999809265137,170,160,144,30000,0
9.125,0.10999999940395355,-8.175000190734863,159,150,138,30000,0
9.125,0.46000000834465027,7.824999809265137,170,160,144,30000,0
9.125,0.46000000834465027,-8.175000190734863,159,150,138,30000,0
9.125,0.8100000023841858,7.824999809265137,170,160,144,30000,0
9.125,0.8100000023841858,-8.175000190734863,159,150,138,30000,0
9.125,1.159999966621399,7.824999809265137,170,160,144,30000,0
9.125,1.159999966621399,-8.175000190734863,159,150,138,30000,0
9.125,1.5099999904632568,7.824999809265137,170,160,144,30000,0
9.125,1.5099999904632568,-8.175000190734863,159,150,138,30000,0
9.125,1.8600000143051147,7.824999809265137,170,160,144,30000,0
9.125,1.8600000143051147,-8.175000190734863,159,150,138,30000,0
9.125,2.2100000381469727,7.824999809265137,170,160,144,30000,0
9.125,2.2100000381469727,-8.175000190734863,159,150,138,30000,0
9.475000381469727,-5.489999771118164,7.824999809265137,170,160,144,30000,0
9.475000381469727,-5.489999771118164,-8.175000190734863,159,150,138,30000,0
9.475000381469727,-5.139999866485596,7.824999809265137,170,160,144,30000,0
9.475000381469727,-5.139999866485596,-8.175000190734863,159,150,138,30000,0
9.475000381469727,-4.789999961853027,7.824999809265137,170,160,144,30000,0
9.475000381469727,-4.789999961853027,-8.175000190734863,159,150,138,30000,0
9.475000381469727,-4.440000057220459,7.824999809265137,170,160,144,30000,0
9.475000381469727,-4.440000057220459,-8.175000190734863,159,150,138,30000,0
9.475000381469727,-4.090000152587891,7.824999809265137,170,160,144,30000,0
9.475000381469727,-4.090000152587891,-8.175000190734863,159,150,138,30000,0
9.475000381469727,-3.740000009536743,7.824999809265137,170,160,144,30000,0
9.475000381469727,-3.740000009536743,-8.175000190734863,159,150,138,30000,0
9.475000381469727,-3.390000104904175,7.824999809265137,170,160,144,30000,0
9.475000381469727,-3.390000104904175,-8.175000190734863,159,150,138,30000,0
9.475000381469727,-3.0399999618530273,7.824999809265137,170,160,144,30000,0
9.475000381469727,-3.0399999618530273,-8.175000190734863,159,150,138,30000,0
9.475000381469727,-2.690000057220459,7.824999809265137,170,160,144,30000,0
9.475000381469727,-2.690000057220459,-8.175000190734863,159,150,138,30000,0
9.475000381469727,-2.3399999141693115,7.824999809265137,170,160,144,30000,0
9.475000381469727,-2.3399999141693115,-8.175000190734863,159,150,138,30000,0
9.475000381469727,-1.9900000095367432,7.824999809265137,170,160,144,30000,0
9.475000381469727,-1.9900000095367432,-8.175000190734863,159,150,138,30000,0
9.475000381469727,-1.6399999856948853,7.824999809265137,170,160,144,30000,0
9.475000381469727,-1.6399999856948853,-8.175000190734863,159,150,138,30000,0
9.475000381469727,-1.2899999618530273,7.824999809265137,170,160,144,30000,0
9.475000381469727,-1.2899999618530273,-8.175000190734863,159,150,138,30000,0
9.475000381469727,-0.9399999976158142,7.824999809265137,170,160,144,30000,0
9.475000381469727,-0.9399999976158142,-8.175000190734863,159,150,138,30000,0
9.475000381469727,-0.5899999737739563,7.824999809265137,170,160,144,30000,0
9.475000381469727,-0.5899999737739563,-8.175000190734863,159,150,138,30000,0
9.475000381469727,-0.23999999463558197,7.824999809265137,170,160,144,30000,0
9.475000381469727,-0.23999999463558197,-8.175000190734863,159,150,138,30000,0
9.475000381469727,0.10999999940395355,7.824999809265137,170,160,144,30000,0
9.475000381469727,0.10999999940395355,-8.175000190734863,159,150,138,30000,0
9.475000381469727,0.46000000834465027,7.824999809265137,170,160,144,30000,0
9.475000381469727,0.46000000834465027,-8.175000190734863,159,150,138,30000,0
9.475000381469727,0.8100000023841858,7.824999809265137,170,160,144,30000,0
9.475000381469727,0.8100000023841858,-8.175000190734863,159,150,138,30000,0
9.475000381469727,1.159999966621399,7.824999809265137,170,160,144,30000,0
9.475000381469727,1.159999966621399,-8.175000190734863,159,150,138,30000,0
9.475000381469727,1.5099999904632568,7.824999809265137,170,160,144,30000,0
9.475000381469727,1.5099999904632568,-8.175000190734863,159,150,138,30000,0
9.475000381469727,1.8600000143051147,7.824999809265137,170,160,144,30000,0
9.475000381469727,1.8600000143051147,-8.175000190734863,159,150,138,30000,0
9.475000381469727,2.2100000381469727,7.824999809265137,170,160,144,30000,0
9.475000381469727,2.2100000381469727,-8.175000190734863,159,150,138,30000,0
9.824999809265137,-5.489999771118164,7.824999809265137,170,160,144,30000,0
9.824999809265137,-5.489999771118164,-8.175000190734863,159,150,138,30000,0
9.824999809265137,-5.139999866485596,7.824999809265137,170,160,144,30000,0
9.824999809265137,-5.139999866485596,-8.175000190734863,159,150,138,30000,0
9.824999809265137,-4.789999961853027,7.824999809265137,170,160,144,30000,0
9.824999809265137,-4.789999961853027,-8.175000190734863,159,150,138,30000,0
9.824999809265137,-4.440000057220459,7.824999809265137,170,160,144,30000,0
9.824999809265137,-4.440000057220459,-8.175000190734863,159,150,138,30000,0
9.824999809265137,-4.090000152587891,7.824999809265137,170,160,144,30000,0
9.824999809265137,-4.090000152587891,-8.175000190734863,159,150,138,30000,0
9.824999809265137,-3.740000009536743,7.824999809265137,170,160,144,30000,0
9.824999809265137,-3.740000009536743,-8.175000190734863,159,150,138,30000,0
9.824999809265137,-3.390000104904175,7.824999809265137,170,160,144,30000,0
9.824999809265137,-3.390000104904175,-8.175000190734863,159,150,138,30000,0
9.824999809265137,-3.0399999618530273,7.824999809265137,170,160,144,30000,0
9.824999809265137,-3.0399999618530273,-8.175000190734863,159,150,138,30000,0
9.824999809265137,-2.690000057220459,7.824999809265137,170,160,144,30000,0
9.824999809265137,-2.690000057220459,-8.175000190734863,159,150,138,30000,0
9.824999809265137,-2.3399999141693115,7.824999809265137,170,160,144,30000,0
9.824999809265137,-2.3399999141693115,-8.175000190734863,159,150,138,30000,0
9.824999809265137,-1.9900000095367432,7.824999809265137,170,160,144,30000,0
9.824999809265137,-1.9900000095367432,-8.175000190734863,159,150,138,30000,0
9.824999809265137,-1.6399999856948853,7.824999809265137,170,160,144,30000,0
9.824999809265137,-1.6399999856948853,-8.175000190734863,159,150,138,30000,0
9.824999809265137,-1.2899999618530273,7.824999809265137,170,160,144,30000,0
9.824999809265137,-1.2899999618530273,-8.175000190734863,159,150,138,30000,0
9.824999809265137,-0.9399999976158142,7.824999809265137,170,160,144,30000,0
9.824999809265137,-0.9399999976158142,-8.175000190734863,159,150,138,30000,0
9.824999809265137,-0.5899999737739563,7.824999809265137,170,160,144,30000,0
9.824999809265137,-0.5899999737739563,-8.175000190734863,159,150,138,30000,0
9.824999809265137,-0.23999999463558197,7.824999809265137,170,160,144,30000,0
9.824999809265137,-0.23999999463558197,-8.175000190734863,159,150,138,30000,0
9.824999809265137,0.10999999940395355,7.824999809265137,170,160,144,30000,0
9.824999809265137,0.10999999940395355,-8.175000190734863,159,150,138,30000,0
9.824999809265137,0.46000000834465027,7.824999809265137,170,160,144,30000,0
9.824999809265137,0.46000000834465027,-8.175000190734863,159,150,138,30000,0
9.824999809265137,0.8100000023841858,7.824999809265137,170,160,144,30000,0
9.824999809265137,0.8100000023841858,-8.175000190734863,159,150,138,30000,0
9.824999809265137,1.159999966621399,7.824999809265137,170,160,144,30000,0
9.824999809265137,1.159999966621399,-8.175000190734863,159,150,138,30000,0
9.824999809265137,1.5099999904632568,7.824999809265137,170,160,144,30000,0
9.824999809265137,1.5099999904632568,-8.175000190734863,159,150,138,30000,0
9.824999809265137,1.8600000143051147,7.824999809265137,170,160,144,30000,0
9.824999809265137,1.8600000143051147,-8.175000190734863,159,150,138,30000,0
9.824999809265137,2.2100000381469727,7.824999809265137,170,160,144,30000,0
9.824999809265137,2.2100000381469727,-8.175000190734863,159,150,138,30000,0
10.175000190734863,-5.489999771118164,7.824999809265137,170,160,144,30000,0
10.175000190734863,-5.489999771118164,-8.175000190734863,159,150,138,30000,0
10.175000190734863,-5.139999866485596,7.824999809265137,170,160,144,30000,0
10.175000190734863,-5.139999866485596,-8.175000190734863,159,150,138,30000,0
10.175000190734863,-4.789999961853027,7.824999809265137,170,160,144,30000,0
10.175000190734863,-4.789999961853027,-8.175000190734863,159,150,138,30000,0
10.175000190734863,-4.440000057220459,7.824999809265137,170,160,144,30000,0
10.175000190734863,-4.440000057220459,-8.175000190734863,159,150,138,30000,0
10.175000190734863,-4.090000152587891,7.824999809265137,170,160,144,30000,0
10.175000190734863,-4.090000152587891,-8.175000190734863,159,150,138,30000,0
10.175000190734863,-3.740000009536743,7.824999809265137,170,160,144,30000,0
10.175000190734863,-3.740000009536743,-8.175000190734863,159,150,138,30000,0
10.175000190734863,-3.390000104904175,7.824999809265137,170,160,144,30000,0
10.175000190734863,-3.390000104904175,-8.175000190734863,159,150,138,30000,0
10.175000190734863,-3.0399999618530273,7.824999809265137,170,160,144,30000,0
10.175000190734863,-3.0399999618530273,-8.175000190734863,159,150,138,30000,0
10.175000190734863,-2.690000057220459,7.824999809265137,170,160,144,30000,0
10.175000190734863,-2.690000057220459,-8.175000190734863,159,150,138,30000,0
10.175000190734863,-2.3399999141693115,7.824999809265137,170,160,144,30000,0
10.175000190734863,-2.3399999141693115,-8.175000190734863,159,150,138,30000,0
10.175000190734863,-1.9900000095367432,7.824999809265137,170,160,144,30000,0
10.175000190734863,-1.9900000095367432,-8.175000190734863,159,150,138,30000,0
10.175000190734863,-1.6399999856948853,7.824999809265137,170,160,144,30000,0
10.175000190734863,-1.6399999856948853,-8.175000190734863,159,150,138,30000,0
10.175000190734863,-1.2899999618530273,7.824999809265137,170,160,144,30000,0
10.175000190734863,-1.2899999618530273,-8.175000190734863,159,150,138,30000,0
10.175000190734863,-0.9399999976158142,7.824999809265137,170,160,144,30000,0
10.175000190734863,-0.9399999976158142,-8.175000190734863,159,150,138,30000,0
10.175000190734863,-0.5899999737739563,7.824999809265137,170,160,144,30000,0
10.175000190734863,-0.5899999737739563,-8.175000190734863,159,150,138,30000,0
10.175000190734863,-0.23999999463558197,7.824999809265137,170,160,144,30000,0
10.175000190734863,-0.23999999463558197,-8.175000190734863,159,150,138,30000,0
10.175000190734863,0.10999999940395355,7.824999809265137,170,160,144,30000,0
10.175000190734863,0.10999999940395355,-8.175000190734863,159,150,138,30000,0
10.175000190734863,0.46000000834465027,7.824999809265137,170,160,144,30000,0
10.175000190734863,0.46000000834465027,-8.175000190734863,159,150,138,30000,0
10.175000190734863,0.8100000023841858,7.824999809265137,170,160,144,30000,0
10.175000190734863,0.8100000023841858,-8.175000190734863,159,150,138,30000,0
10.175000190734863,1.159999966621399,7.824999809265137,170,160,144,30000,0
10.175000190734863,1.159999966621399,-8.175000190734863,159,150,138,30000,0
10.175000190734863,1.5099999904632568,7.824999809265137,170,160,144,30000,0
10.175000190734863,1.5099999904632568,-8.175000190734863,159,150,138,30000,0
10.175000190734863,1.8600000143051147,7.824999809265137,170,160,144,30000,0
10.175000190734863,1.8600000143051147,-8.175000190734863,159,150,138,30000,0
10.175000190734863,2.2100000381469727,7.824999809265137,170,160,144,30000,0
10.175000190734863,2.2100000381469727,-8.175000190734863,159,150,138,30000,0
-9.774999618530273,-5.489999771118164,7.824999809265137,155,148,136,30000,0
10.225000381469727,-5.489999771118164,7.824999809265137,163,150,139,30000,0
-9.774999618530273,-5.139999866485596,7.824999809265137,155,148,136,30000,0
10.225000381469727,-5.139999866485596,7.824999809265137,163,150,139,30000,0
-9.774999618530273,-4.789999961853027,7.824999809265137,155,148,136,30000,0
10.225000381469727,-4.789999961853027,7.824999809265137,163,150,139,30000,0
-9.774999618530273,-4.440000057220459,7.824999809265137,155,148,136,30000,0
10.225000381469727,-4.440000057220459,7.824999809265137,163,150,139,30000,0
-9.774999618530273,-4.090000152587891,7.824999809265137,155,148,136,30000,0
10.225000381469727,-4.090000152587891,7.824999809265137,163,150,139,30000,0
-9.774999618530273,-3.740000009536743,7.824999809265137,155,148,136,30000,0
10.225000381469727,-3.740000009536743,7.824999809265137,163,150,139,30000,0
-9.774999618530273,-3.390000104904175,7.824999809265137,155,148,136,30000,0
10.225000381469727,-3.390000104904175,7.824999809265137,163,150,139,30000,0
-9.774999618530273,-3.0399999618530273,7.824999809265137,155,148,136,30000,0
10.225000381469727,-3.0399999618530273,7.824999809265137,163,150,139,30000,0
-9.774999618530273,-2.690000057220459,7.824999809265137,155,148,136,30000,0
10.225000381469727,-2.690000057220459,7.824999809265137,163,150,139,30000,0
-9.774999618530273,-2.3399999141693115,7.824999809265137,155,148,136,30000,0
10.225000381469727,-2.3399999141693115,7.824999809265137,163,150,139,30000,0
-9.774999618530273,-1.9900000095367432,7.824999809265137,155,148,136,30000,0
10.225000381469727,-1.9900000095367432,7.824999809265137,163,150,139,30000,0
-9.774999618530273,-1.6399999856948853,7.824999809265137,155,148,136,30000,0
10.225000381469727,-1.6399999856948853,7.824999809265137,163,150,139,30000,0
-9.774999618530273,-1.2899999618530273,7.824999809265137,155,148,136,30000,0
10.225000381469727,-1.2899999618530273,7.824999809265137,163,150,139,30000,0
-9.774999618530273,-0.9399999976158142,7.824999809265137,155,148,136,30000,0
10.225000381469727,-0.9399999976158142,7.824999809265137,163,150,139,30000,0
-9.774999618530273,-0.5899999737739563,7.824999809265137,155,148,136,30000,0
10.225000381469727,-0.5899999737739563,7.824999809265137,163,150,139,30000,0
-9.774999618530273,-0.23999999463558197,7.824999809265137,155,148,136,30000,0
10.225000381469727,-0.23999999463558197,7.824999809265137,163,150,139,30000,0
-9.774999618530273,0.10999999940395355,7.824999809265137,155,148,136,30000,0
10.225000381469727,0.10999999940395355,7.824999809265137,163,150,139,30000,0
-9.774999618530273,0.46000000834465027,7.824999809265137,155,148,136,30000,0
10.225000381469727,0.46000000834465027,7.824999809265137,163,150,139,30000,0
-9.774999618530273,0.8100000023841858,7.824999809265137,155,148,136,30000,0
10.225000381469727,0.8100000023841858,7.824999809265137,163,150,139,30000,0
-9.774999618530273,1.159999966621399,7.824999809265137,155,148,136,30000,0
10.225000381469727,1.159999966621399,7.824999809265137,163,150,139,30000,0
-9.774999618530273,1.5099999904632568,7.824999809265137,155,148,136,30000,0
10.225000381469727,1.5099999904632568,7.824999809265137,163,150,139,30000,0
-9.774999618530273,1.8600000143051147,7.824999809265137,155,148,136,30000,0
10.225000381469727,1.8600000143051147,7.824999809265137,163,150,139,30000,0
-9.774999618530273,2.2100000381469727,7.824999809265137,155,148,136,30000,0
10.225000381469727,2.2100000381469727,7.824999809265137,163,150,139,30000,0
-9.774999618530273,-5.489999771118164,7.474999904632568,155,148,136,30000,0
10.225000381469727,-5.489999771118164,7.474999904632568,163,150,139,30000,0
-9.774999618530273,-5.139999866485596,7.474999904632568,155,148,136,30000,0
10.225000381469727,-5.139999866485596,7.474999904632568,163,150,139,30000,0
-9.774999618530273,-4.789999961853027,7.474999904632568,155,148,136,30000,0
10.225000381469727,-4.789999961853027,7.474999904632568,163,150,139,30000,0
-9.774999618530273,-4.440000057220459,7.474999904632568,155,148,136,30000,0
10.225000381469727,-4.440000057220459,7.474999904632568,163,150,139,30000,0
-9.774999618530273,-4.090000152587891,7.474999904632568,155,148,136,30000,0
10.225000381469727,-4.090000152587891,7.474999904632568,163,150,139,30000,0
-9.774999618530273,-3.740000009536743,7.474999904632568,155,148,136,30000,0
10.225000381469727,-3.740000009536743,7.474999904632568,163,150,139,30000,0
-9.774999618530273,-3.390000104904175,7.474999904632568,155,148,136,30000,0
10.225000381469727,-3.390000104904175,7.474999904632568,163,150,139,30000,0
-9.774999618530273,-3.0399999618530273,7.474999904632568,155,148,136,30000,0
10.225000381469727,-3.0399999618530273,7.474999904632568,163,150,139,30000,0
-9.774999618530273,-2.690000057220459,7.474999904632568,155,148,136,30000,0
10.225000381469727,-2.690000057220459,7.474999904632568,163,150,139,30000,0
-9.774999618530273,-2.3399999141693115,7.474999904632568,155,148,136,30000,0
10.225000381469727,-2.3399999141693115,7.474999904632568,163,150,139,30000,0
-9.774999618530273,-1.9900000095367432,7.474999904632568,155,148,136,30000,0
10.225000381469727,-1.9900000095367432,7.474999904632568,163,150,139,30000,0
-9.774999618530273,-1.6399999856948853,7.474999904632568,155,148,136,30000,0
10.225000381469727,-1.6399999856948853,7.474999904632568,163,150,139,30000,0
-9.774999618530273,-1.2899999618530273,7.474999904632568,155,148,136,30000,0
10.225000381469727,-1.2899999618530273,7.474999904632568,163,150,139,30000,0
-9.774999618530273,-0.9399999976158142,7.474999904632568,155,148,136,30000,0
10.225000381469727,-0.9399999976158142,7.474999904632568,163,150,139,30000,0
-9.774999618530273,-0.5899999737739563,7.474999904632568,155,148,136,30000,0
10.225000381469727,-0.5899999737739563,7.474999904632568,163,150,139,30000,0
-9.774999618530273,-0.23999999463558197,7.474999904632568,155,148,136,30000,0
10.225000381469727,-0.23999999463558197,7.474999904632568,163,150,139,30000,0
-9.774999618530273,0.10999999940395355,7.474999904632568,155,148,136,30000,0
10.225000381469727,0.10999999940395355,7.474999904632568,163,150,139,30000,0
-9.774999618530273,0.46000000834465027,7.474999904632568,155,148,136,30000,0
10.225000381469727,0.46000000834465027,7.474999904632568,163,150,139,30000,0
-9.774999618530273,0.8100000023841858,7.474999904632568,155,148,136,30000,0
10.225000381469727,0.8100000023841858,7.474999904632568,163,150,139,30000,0
-9.774999618530273,1.159999966621399,7.474999904632568,155,148,136,30000,0
10.225000381469727,1.159999966621399,7.474999904632568,163,150,139,30000,0
-9.774999618530273,1.5099999904632568,7.474999904632568,155,148,136,30000,0
10.225000381469727,1.5099999904632568,7.474999904632568,163,150,139,30000,0
-9.774999618530273,1.8600000143051147,7.474999904632568,155,148,136,30000,0
10.225000381469727,1.8600000143051147,7.474999904632568,163,150,139,30000,0
-9.774999618530273,2.2100000381469727,7.474999904632568,155,148,136,30000,0
10.225000381469727,2.2100000381469727,7.474999904632568,163,150,139,30000,0
-9.774999618530273,-5.489999771118164,7.125,155,148,136,30000,0
10.225000381469727,-5.489999771118164,7.125,163,150,139,30000,0
-9.774999618530273,-5.139999866485596,7.125,155,148,136,30000,0
10.225000381469727,-5.139999866485596,7.125,163,150,139,30000,0
-9.774999618530273,-4.789999961853027,7.125,155,148,136,30000,0
10.225000381469727,-4.789999961853027,7.125,163,150,139,30000,0
-9.774999618530273,-4.440000057220459,7.125,155,148,136,30000,0
10.225000381469727,-4.440000057220459,7.125,163,150,139,30000,0
-9.774999618530273,-4.090000152587891,7.125,155,148,136,30000,0
10.225000381469727,-4.090000152587891,7.125,163,150,139,30000,0
-9.774999618530273,-3.740000009536743,7.125,155,148,136,30000,0
10.225000381469727,-3.740000009536743,7.125,163,150,139,30000,0
-9.774999618530273,-3.390000104904175,7.125,155,148,136,30000,0
10.225000381469727,-3.390000104904175,7.125,163,150,139,30000,0
-9.774999618530273,-3.0399999618530273,7.125,155,148,136,30000,0
10.225000381469727,-3.0399999618530273,7.125,163,150,139,30000,0
-9.774999618530273,-2.690000057220459,7.125,155,148,136,30000,0
10.225000381469727,-2.690000057220459,7.125,163,150,139,30000,0
-9.774999618530273,-2.3399999141693115,7.125,155,148,136,30000,0
10.225000381469727,-2.3399999141693115,7.125,163,150,139,30000,0
-9.774999618530273,-1.9900000095367432,7.125,155,148,136,30000,0
10.225000381469727,-1.9900000095367432,7.125,163,150,139,30000,0
-9.774999618530273,-1.6399999856948853,7.125,155,148,136,30000,0
10.225000381469727,-1.6399999856948853,7.125,163,150,139,30000,0
-9.774999618530273,-1.2899999618530273,7.125,155,148,136,30000,0
10.225000381469727,-1.2899999618530273,7.125,163,150,139,30000,0
-9.774999618530273,-0.9399999976158142,7.125,155,148,136,30000,0
10.225000381469727,-0.9399999976158142,7.125,163,150,139,30000,0
-9.774999618530273,-0.5899999737739563,7.125,155,148,136,30000,0
10.225000381469727,-0.5899999737739563,7.125,163,150,139,30000,0
-9.774999618530273,-0.23999999463558197,7.125,155,148,136,30000,0
10.225000381469727,-0.23999999463558197,7.125,163,150,139,30000,0
-9.774999618530273,0.10999999940395355,7.125,155,148,136,30000,0
10.225000381469727,0.10999999940395355,7.125,163,150,139,30000,0
-9.774999618530273,0.46000000834465027,7.125,155,148,136,30000,0
10.225000381469727,0.46000000834465027,7.125,163,150,139,30000,0
-9.774999618530273,0.8100000023841858,7.125,155,148,136,30000,0
10.225000381469727,0.8100000023841858,7.125,163,150,139,30000,0
-9.774999618530273,1.159999966621399,7.125,155,148,136,30000,0
10.225000381469727,1.159999966621399,7.125,163,150,139,30000,0
-9.774999618530273,1.5099999904632568,7.125,155,148,136,30000,0
10.225000381469727,1.5099999904632568,7.125,163,150,139,30000,0
-9.774999618530273,1.8600000143051147,7.125,155,148,136,30000,0
10.225000381469727,1.8600000143051147,7.125,163,150,139,30000,0
-9.774999618530273,2.2100000381469727,7.125,155,148,136,30000,0
10.225000381469727,2.2100000381469727,7.125,163,150,139,30000,0
-9.774999618530273,-5.489999771118164,6.775000095367432,155,148,136,30000,0
10.225000381469727,-5.489999771118164,6.775000095367432,163,150,139,30000,0
-9.774999618530273,-5.139999866485596,6.775000095367432,155,148,136,30000,0
10.225000381469727,-5.139999866485596,6.775000095367432,163,150,139,30000,0
-9.774999618530273,-4.789999961853027,6.775000095367432,155,148,136,30000,0
10.225000381469727,-4.789999961853027,6.775000095367432,163,150,139,30000,0
-9.774999618530273,-4.440000057220459,6.775000095367432,155,148,136,30000,0
10.225000381469727,-4.440000057220459,6.775000095367432,163,150,139,30000,0
-9.774999618530273,-4.090000152587891,6.775000095367432,155,148,136,30000,0
10.225000381469727,-4.090000152587891,6.775000095367432,163,150,139,30000,0
-9.774999618530273,-3.740000009536743,6.775000095367432,155,148,136,30000,0
10.225000381469727,-3.740000009536743,6.775000095367432,163,150,139,30000,0
-9.774999618530273,-3.390000104904175,6.775000095367432,155,148,136,30000,0
10.225000381469727,-3.390000104904175,6.775000095367432,163,150,139,30000,0
-9.774999618530273,-3.0399999618530273,6.775000095367432,155,148,136,30000,0
10.225000381469727,-3.0399999618530273,6.775000095367432,163,150,139,30000,0
-9.774999618530273,-2.690000057220459,6.775000095367432,155,148,136,30000,0
10.225000381469727,-2.690000057220459,6.775000095367432,163,150,139,30000,0
-9.774999618530273,-2.3399999141693115,6.775000095367432,155,148,136,30000,0
10.225000381469727,-2.3399999141693115,6.775000095367432,163,150,139,30000,0
-9.774999618530273,-1.9900000095367432,6.775000095367432,155,148,136,30000,0
10.225000381469727,-1.9900000095367432,6.775000095367432,163,150,139,30000,0
-9.774999618530273,-1.6399999856948853,6.775000095367432,155,148,136,30000,0
10.225000381469727,-1.6399999856948853,6.775000095367432,163,150,139,30000,0
-9.774999618530273,-1.2899999618530273,6.775000095367432,155,148,136,30000,0
10.225000381469727,-1.2899999618530273,6.775000095367432,163,150,139,30000,0
-9.774999618530273,-0.9399999976158142,6.775000095367432,155,148,136,30000,0
10.225000381469727,-0.9399999976158142,6.775000095367432,163,150,139,30000,0
-9.774999618530273,-0.5899999737739563,6.775000095367432,155,148,136,30000,0
10.225000381469727,-0.5899999737739563,6.775000095367432,163,150,139,30000,0
-9.774999618530273,-0.23999999463558197,6.775000095367432,155,148,136,30000,0
10.225000381469727,-0.23999999463558197,6.775000095367432,163,150,139,30000,0
-9.774999618530273,0.10999999940395355,6.775000095367432,155,148,136,30000,0
10.225000381469727,0.10999999940395355,6.775000095367432,163,150,139,30000,0
-9.774999618530273,0.46000000834465027,6.775000095367432,155,148,136,30000,0
10.225000381469727,0.46000000834465027,6.775000095367432,163,150,139,30000,0
-9.774999618530273,0.8100000023841858,6.775000095367432,155,148,136,30000,0
10.225000381469727,0.8100000023841858,6.775000095367432,163,150,139,30000,0
-9.774999618530273,1.159999966621399,6.775000095367432,155,148,136,30000,0
10.225000381469727,1.159999966621399,6.775000095367432,163,150,139,30000,0
-9.774999618530273,1.5099999904632568,6.775000095367432,155,148,136,30000,0
10.225000381469727,1.5099999904632568,6.775000095367432,163,150,139,30000,0
-9.774999618530273,1.8600000143051147,6.775000095367432,155,148,136,30000,0
10.225000381469727,1.8600000143051147,6.775000095367432,163,150,139,30000,0
-9.774999618530273,2.2100000381469727,6.775000095367432,155,148,136,30000,0
10.225000381469727,2.2100000381469727,6.775000095367432,163,150,139,30000,0
-9.774999618530273,-5.489999771118164,6.425000190734863,155,148,136,30000,0
10.225000381469727,-5.489999771118164,6.425000190734863,163,150,139,30000,0
-9.774999618530273,-5.139999866485596,6.425000190734863,155,148,136,30000,0
10.225000381469727,-5.139999866485596,6.425000190734863,163,150,139,30000,0
-9.774999618530273,-4.789999961853027,6.425000190734863,155,148,136,30000,0
10.225000381469727,-4.789999961853027,6.425000190734863,163,150,139,30000,0
-9.774999618530273,-4.440000057220459,6.425000190734863,155,148,136,30000,0
10.225000381469727,-4.440000057220459,6.425000190734863,163,150,139,30000,0
-9.774999618530273,-4.090000152587891,6.425000190734863,155,148,136,30000,0
10.225000381469727,-4.090000152587891,6.425000190734863,163,150,139,30000,0
-9.774999618530273,-3.740000009536743,6.425000190734863,155,148,136,30000,0
10.225000381469727,-3.740000009536743,6.425000190734863,163,150,139,30000,0
-9.774999618530273,-3.390000104904175,6.425000190734863,155,148,136,30000,0
10.225000381469727,-3.390000104904175,6.425000190734863,163,150,139,30000,0
-9.774999618530273,-3.0399999618530273,6.425000190734863,155,148,136,30000,0
10.225000381469727,-3.0399999618530273,6.425000190734863,163,150,139,30000,0
-9.774999618530273,-2.690000057220459,6.425000190734863,155,148,136,30000,0
10.225000381469727,-2.690000057220459,6.425000190734863,163,150,139,30000,0
-9.774999618530273,-2.3399999141693115,6.425000190734863,155,148,136,30000,0
10.225000381469727,-2.3399999141693115,6.425000190734863,163,150,139,30000,0
-9.774999618530273,-1.9900000095367432,6.425000190734863,155,148,136,30000,0
10.225000381469727,-1.9900000095367432,6.425000190734863,163,150,139,30000,0
-9.774999618530273,-1.6399999856948853,6.425000190734863,155,148,136,30000,0
10.225000381469727,-1.6399999856948853,6.425000190734863,163,150,139,30000,0
-9.774999618530273,-1.2899999618530273,6.425000190734863,155,148,136,30000,0
10.225000381469727,-1.2899999618530273,6.425000190734863,163,150,139,30000,0
-9.774999618530273,-0.9399999976158142,6.425000190734863,155,148,136,30000,0
10.225000381469727,-0.9399999976158142,6.425000190734863,163,150,139,30000,0
-9.774999618530273,-0.5899999737739563,6.425000190734863,155,148,136,30000,0
10.225000381469727,-0.5899999737739563,6.425000190734863,163,150,139,30000,0
-9.774999618530273,-0.23999999463558197,6.425000190734863,155,148,136,30000,0
10.225000381469727,-0.23999999463558197,6.425000190734863,163,150,139,30000,0
-9.774999618530273,0.10999999940395355,6.425000190734863,155,148,136,30000,0
10.225000381469727,0.10999999940395355,6.425000190734863,163,150,139,30000,0
-9.774999618530273,0.46000000834465027,6.425000190734863,155,148,136,30000,0
10.225000381469727,0.46000000834465027,6.425000190734863,163,150,139,30000,0
-9.774999618530273,0.8100000023841858,6.425000190734863,155,148,136,30000,0
10.225000381469727,0.8100000023841858,6.425000190734863,163,150,139,30000,0
-9.774999618530273,1.159999966621399,6.425000190734863,155,148,136,30000,0
10.225000381469727,1.159999966621399,6.425000190734863,163,150,139,30000,0
-9.774999618530273,1.5099999904632568,6.425000190734863,155,148,136,30000,0
10.225000381469727,1.5099999904632568,6.425000190734863,163,150,139,30000,0
-9.774999618530273,1.8600000143051147,6.425000190734863,155,148,136,30000,0
10.225000381469727,1.8600000143051147,6.425000190734863,163,150,139,30000,0
-9.774999618530273,2.2100000381469727,6.425000190734863,155,148,136,30000,0
10.225000381469727,2.2100000381469727,6.425000190734863,163,150,139,30000,0
-9.774999618530273,-5.489999771118164,6.074999809265137,155,148,136,30000,0
10.225000381469727,-5.489999771118164,6.074999809265137,163,150,139,30000,0
-9.774999618530273,-5.139999866485596,6.074999809265137,155,148,136,30000,0
10.225000381469727,-5.139999866485596,6.074999809265137,163,150,139,30000,0
-9.774999618530273,-4.789999961853027,6.074999809265137,155,148,136,30000,0
10.225000381469727,-4.789999961853027,6.074999809265137,163,150,139,30000,0
-9.774999618530273,-4.440000057220459,6.074999809265137,155,148,136,30000,0
10.225000381469727,-4.440000057220459,6.074999809265137,163,150,139,30000,0
-9.774999618530273,-4.090000152587891,6.074999809265137,155,148,136,30000,0
10.225000381469727,-4.090000152587891,6.074999809265137,163,150,139,30000,0
-9.774999618530273,-3.740000009536743,6.074999809265137,155,148,136,30000,0
10.225000381469727,-3.740000009536743,6.074999809265137,163,150,139,30000,0
-9.774999618530273,-3.390000104904175,6.074999809265137,155,148,136,30000,0
10.225000381469727,-3.390000104904175,6.074999809265137,163,150,139,30000,0
-9.774999618530273,-3.0399999618530273,6.074999809265137,155,148,136,30000,0
10.225000381469727,-3.0399999618530273,6.074999809265137,163,150,139,30000,0
-9.774999618530273,-2.690000057220459,6.074999809265137,155,148,136,30000,0
10.225000381469727,-2.690000057220459,6.074999809265137,163,150,139,30000,0
-9.774999618530273,-2.3399999141693115,6.074999809265137,155,148,136,30000,0
10.225000381469727,-2.3399999141693115,6.074999809265137,163,150,139,30000,0
-9.774999618530273,-1.9900000095367432,6.074999809265137,155,148,136,30000,0
10.225000381469727,-1.9900000095367432,6.074999809265137,163,150,139,30000,0
-9.774999618530273,-1.6399999856948853,6.074999809265137,155,148,136,30000,0
10.225000381469727,-1.6399999856948853,6.074999809265137,163,150,139,30000,0
-9.774999618530273,-1.2899999618530273,6.074999809265137,155,148,136,30000,0
10.225000381469727,-1.2899999618530273,6.074999809265137,163,150,139,30000,0
-9.774999618530273,-0.9399999976158142,6.074999809265137,155,148,136,30000,0
10.225000381469727,-0.9399999976158142,6.074999809265137,163,150,139,30000,0
-9.774999618530273,-0.5899999737739563,6.074999809265137,155,148,136,30000,0
10.225000381469727,-0.5899999737739563,6.074999809265137,163,150,139,30000,0
-9.774999618530273,-0.23999999463558197,6.074999809265137,155,148,136,30000,0
10.225000381469727,-0.23999999463558197,6.074999809265137,163,150,139,30000,0
-9.774999618530273,0.10999999940395355,6.074999809265137,155,148,136,30000,0
10.225000381469727,0.10999999940395355,6.074999809265137,163,150,139,30000,0
-9.774999618530273,0.46000000834465027,6.074999809265137,155,148,136,30000,0
10.225000381469727,0.46000000834465027,6.074999809265137,163,150,139,30000,0
-9.774999618530273,0.8100000023841858,6.074999809265137,155,148,136,30000,0
10.225000381469727,0.8100000023841858,6.074999809265137,163,150,139,30000,0
-9.774999618530273,1.159999966621399,6.074999809265137,155,148,136,30000,0
10.225000381469727,1.159999966621399,6.074999809265137,163,150,139,30000,0
-9.774999618530273,1.5099999904632568,6.074999809265137,155,148,136,30000,0
10.225000381469727,1.5099999904632568,6.074999809265137,163,150,139,30000,0
-9.774999618530273,1.8600000143051147,6.074999809265137,155,148,136,30000,0
10.225000381469727,1.8600000143051147,6.074999809265137,163,150,139,30000,0
-9.774999618530273,2.2100000381469727,6.074999809265137,155,148,136,30000,0
10.225000381469727,2.2100000381469727,6.074999809265137,163,150,139,30000,0
-9.774999618530273,-5.489999771118164,5.724999904632568,155,148,136,30000,0
10.225000381469727,-5.489999771118164,5.724999904632568,163,150,139,30000,0
-9.774999618530273,-5.139999866485596,5.724999904632568,155,148,136,30000,0
10.225000381469727,-5.139999866485596,5.724999904632568,163,150,139,30000,0
-9.774999618530273,-4.789999961853027,5.724999904632568,155,148,136,30000,0
10.225000381469727,-4.789999961853027,5.724999904632568,163,150,139,30000,0
-9.774999618530273,-4.440000057220459,5.724999904632568,155,148,136,30000,0
10.225000381469727,-4.440000057220459,5.724999904632568,163,150,139,30000,0
-9.774999618530273,-4.090000152587891,5.724999904632568,155,148,136,30000,0
10.225000381469727,-4.090000152587891,5.724999904632568,163,150,139,30000,0
-9.774999618530273,-3.740000009536743,5.724999904632568,155,148,136,30000,0
10.225000381469727,-3.740000009536743,5.724999904632568,163,150,139,30000,0
-9.774999618530273,-3.390000104904175,5.724999904632568,155,148,136,30000,0
10.225000381469727,-3.390000104904175,5.724999904632568,163,150,139,30000,0
-9.774999618530273,-3.0399999618530273,5.724999904632568,155,148,136,30000,0
10.225000381469727,-3.0399999618530273,5.724999904632568,163,150,139,30000,0
-9.774999618530273,-2.690000057220459,5.724999904632568,155,148,136,30000,0
10.225000381469727,-2.690000057220459,5.724999904632568,163,150,139,30000,0
-9.774999618530273,-2.3399999141693115,5.724999904632568,155,148,136,30000,0
10.225000381469727,-2.3399999141693115,5.724999904632568,163,150,139,30000,0
-9.774999618530273,-1.9900000095367432,5.724999904632568,155,148,136,30000,0
10.225000381469727,-1.9900000095367432,5.724999904632568,163,150,139,30000,0
-9.774999618530273,-1.6399999856948853,5.724999904632568,155,148,136,30000,0
10.225000381469727,-1.6399999856948853,5.724999904632568,163,150,139,30000,0
-9.774999618530273,-1.2899999618530273,5.724999904632568,155,148,136,30000,0
10.225000381469727,-1.2899999618530273,5.724999904632568,163,150,139,30000,0
-9.774999618530273,-0.9399999976158142,5.724999904632568,155,148,136,30000,0
10.225000381469727,-0.9399999976158142,5.724999904632568,163,150,139,30000,0
-9.774999618530273,-0.5899999737739563,5.724999904632568,155,148,136,30000,0
10.225000381469727,-0.5899999737739563,5.724999904632568,163,150,139,30000,0
-9.774999618530273,-0.23999999463558197,5.724999904632568,155,148,136,30000,0
10.225000381469727,-0.23999999463558197,5.724999904632568,163,150,139,30000,0
-9.774999618530273,0.10999999940395355,5.724999904632568,155,148,136,30000,0
10.225000381469727,0.10999999940395355,5.724999904632568,163,150,139,30000,0
-9.774999618530273,0.46000000834465027,5.724999904632568,155,148,136,30000,0
10.225000381469727,0.46000000834465027,5.724999904632568,163,150,139,30000,0
-9.774999618530273,0.8100000023841858,5.724999904632568,155,148,136,30000,0
10.225000381469727,0.8100000023841858,5.724999904632568,163,150,139,30000,0
-9.774999618530273,1.159999966621399,5.724999904632568,155,148,136,30000,0
10.225000381469727,1.159999966621399,5.724999904632568,163,150,139,30000,0
-9.774999618530273,1.5099999904632568,5.724999904632568,155,148,136,30000,0
10.225000381469727,1.5099999904632568,5.724999904632568,163,150,139,30000,0
-9.774999618530273,1.8600000143051147,5.724999904632568,155,148,136,30000,0
10.225000381469727,1.8600000143051147,5.724999904632568,163,150,139,30000,0
-9.774999618530273,2.2100000381469727,5.724999904632568,155,148,136,30000,0
10.225000381469727,2.2100000381469727,5.724999904632568,163,150,139,30000,0
-9.774999618530273,-5.489999771118164,5.375,155,148,136,30000,0
10.225000381469727,-5.489999771118164,5.375,163,150,139,30000,0
-9.774999618530273,-5.139999866485596,5.375,155,148,136,30000,0
10.225000381469727,-5.139999866485596,5.375,163,150,139,30000,0
-9.774999618530273,-4.789999961853027,5.375,155,148,136,30000,0
10.225000381469727,-4.789999961853027,5.375,163,150,139,30000,0
-9.774999618530273,-4.440000057220459,5.375,155,148,136,30000,0
10.225000381469727,-4.440000057220459,5.375,163,150,139,30000,0
-9.774999618530273,-4.090000152587891,5.375,155,148,136,30000,0
10.225000381469727,-4.090000152587891,5.375,163,150,139,30000,0
-9.774999618530273,-3.740000009536743,5.375,155,148,136,30000,0
10.225000381469727,-3.740000009536743,5.375,163,150,139,30000,0
-9.774999618530273,-3.390000104904175,5.375,155,148,136,30000,0
10.225000381469727,-3.390000104904175,5.375,163,150,139,30000,0
-9.774999618530273,-3.0399999618530273,5.375,155,148,136,30000,0
10.225000381469727,-3.0399999618530273,5.375,163,150,139,30000,0
-9.774999618530273,-2.690000057220459,5.375,155,148,136,30000,0
10.225000381469727,-2.690000057220459,5.375,163,150,139,30000,0
-9.774999618530273,-2.3399999141693115,5.375,155,148,136,30000,0
10.225000381469727,-2.3399999141693115,5.375,163,150,139,30000,0
-9.774999618530273,-1.9900000095367432,5.375,155,148,136,30000,0
10.225000381469727,-1.9900000095367432,5.375,163,150,139,30000,0
-9.774999618530273,-1.6399999856948853,5.375,155,148,136,30000,0
10.225000381469727,-1.6399999856948853,5.375,163,150,139,30000,0
-9.774999618530273,-1.2899999618530273,5.375,155,148,136,30000,0
10.225000381469727,-1.2899999618530273,5.375,163,150,139,30000,0
-9.774999618530273,-0.9399999976158142,5.375,155,148,136,30000,0
10.225000381469727,-0.9399999976158142,5.375,163,150,139,30000,0
-9.774999618530273,-0.5899999737739563,5.375,155,148,136,30000,0
10.225000381469727,-0.5899999737739563,5.375,163,150,139,30000,0
-9.774999618530273,-0.23999999463558197,5.375,155,148,136,30000,0
10.225000381469727,-0.23999999463558197,5.375,163,150,139,30000,0
-9.774999618530273,0.10999999940395355,5.375,155,148,136,30000,0
10.225000381469727,0.10999999940395355,5.375,163,150,139,30000,0
-9.774999618530273,0.46000000834465027,5.375,155,148,136,30000,0
10.225000381469727,0.46000000834465027,5.375,163,150,139,30000,0
-9.774999618530273,0.8100000023841858,5.375,155,148,136,30000,0
10.225000381469727,0.8100000023841858,5.375,163,150,139,30000,0
-9.774999618530273,1.159999966621399,5.375,155,148,136,30000,0
10.225000381469727,1.159999966621399,5.375,163,150,139,30000,0
-9.774999618530273,1.5099999904632568,5.375,155,148,136,30000,0
10.225000381469727,1.5099999904632568,5.375,163,150,139,30000,0
-9.774999618530273,1.8600000143051147,5.375,155,148,136,30000,0
10.225000381469727,1.8600000143051147,5.375,163,150,139,30000,0
-9.774999618530273,2.2100000381469727,5.375,155,148,136,30000,0
10.225000381469727,2.2100000381469727,5.375,163,150,139,30000,0
-9.774999618530273,-5.489999771118164,5.025000095367432,155,148,136,30000,0
10.225000381469727,-5.489999771118164,5.025000095367432,163,150,139,30000,0
-9.774999618530273,-5.139999866485596,5.025000095367432,155,148,136,30000,0
10.225000381469727,-5.139999866485596,5.025000095367432,163,150,139,30000,0
-9.774999618530273,-4.789999961853027,5.025000095367432,155,148,136,30000,0
10.225000381469727,-4.789999961853027,5.025000095367432,163,150,139,30000,0
-9.774999618530273,-4.440000057220459,5.025000095367432,155,148,136,30000,0
10.225000381469727,-4.440000057220459,5.025000095367432,163,150,139,30000,0
-9.774999618530273,-4.090000152587891,5.025000095367432,155,148,136,30000,0
10.225000381469727,-4.090000152587891,5.025000095367432,163,150,139,30000,0
-9.774999618530273,-3.740000009536743,5.025000095367432,155,148,136,30000,0
10.225000381469727,-3.740000009536743,5.025000095367432,163,150,139,30000,0
-9.774999618530273,-3.390000104904175,5.025000095367432,155,148,136,30000,0
10.225000381469727,-3.390000104904175,5.025000095367432,163,150,139,30000,0
-9.774999618530273,-3.0399999618530273,5.025000095367432,155,148,136,30000,0
10.225000381469727,-3.0399999618530273,5.025000095367432,163,150,139,30000,0
-9.774999618530273,-2.690000057220459,5.025000095367432,155,148,136,30000,0
10.225000381469727,-2.690000057220459,5.025000095367432,163,150,139,30000,0
-9.774999618530273,-2.3399999141693115,5.025000095367432,155,148,136,30000,0
10.225000381469727,-2.3399999141693115,5.025000095367432,163,150,139,30000,0
-9.774999618530273,-1.9900000095367432,5.025000095367432,155,148,136,30000,0
10.225000381469727,-1.9900000095367432,5.025000095367432,163,150,139,30000,0
-9.774999618530273,-1.6399999856948853,5.025000095367432,155,148,136,30000,0
10.225000381469727,-1.6399999856948853,5.025000095367432,163,150,139,30000,0
-9.774999618530273,-1.2899999618530273,5.025000095367432,155,148,136,30000,0
10.225000381469727,-1.2899999618530273,5.025000095367432,163,150,139,30000,0
-9.774999618530273,-0.9399999976158142,5.025000095367432,155,148,136,30000,0
10.225000381469727,-0.9399999976158142,5.025000095367432,163,150,139,30000,0
-9.774999618530273,-0.5899999737739563,5.025000095367432,155,148,136,30000,0
10.225000381469727,-0.5899999737739563,5.025000095367432,163,150,139,30000,0
-9.774999618530273,-0.23999999463558197,5.025000095367432,155,148,136,30000,0
10.225000381469727,-0.23999999463558197,5.025000095367432,163,150,139,30000,0
-9.774999618530273,0.10999999940395355,5.025000095367432,155,148,136,30000,0
10.225000381469727,0.10999999940395355,5.025000095367432,163,150,139,30000,0
-9.774999618530273,0.46000000834465027,5.025000095367432,155,148,136,30000,0
10.225000381469727,0.46000000834465027,5.025000095367432,163,150,139,30000,0
-9.774999618530273,0.8100000023841858,5.025000095367432,155,148,136,30000,0
10.225000381469727,0.8100000023841858,5.025000095367432,163,150,139,30000,0
-9.774999618530273,1.159999966621399,5.025000095367432,155,148,136,30000,0
10.225000381469727,1.159999966621399,5.025000095367432,163,150,139,30000,0
-9.774999618530273,1.5099999904632568,5.025000095367432,155,148,136,30000,0
10.225000381469727,1.5099999904632568,5.025000095367432,163,150,139,30000,0
-9.774999618530273,1.8600000143051147,5.025000095367432,155,148,136,30000,0
10.225000381469727,1.8600000143051147,5.025000095367432,163,150,139,30000,0
-9.774999618530273,2.2100000381469727,5.025000095367432,155,148,136,30000,0
10.225000381469727,2.2100000381469727,5.025000095367432,163,150,139,30000,0
-9.774999618530273,-5.489999771118164,4.675000190734863,155,148,136,30000,0
10.225000381469727,-5.489999771118164,4.675000190734863,163,150,139,30000,0
-9.774999618530273,-5.139999866485596,4.675000190734863,155,148,136,30000,0
10.225000381469727,-5.139999866485596,4.675000190734863,163,150,139,30000,0
-9.774999618530273,-4.789999961853027,4.675000190734863,155,148,136,30000,0
10.225000381469727,-4.789999961853027,4.675000190734863,163,150,139,30000,0
-9.774999618530273,-4.440000057220459,4.675000190734863,155,148,136,30000,0
10.225000381469727,-4.440000057220459,4.675000190734863,163,150,139,30000,0
-9.774999618530273,-4.090000152587891,4.675000190734863,155,148,136,30000,0
10.225000381469727,-4.090000152587891,4.675000190734863,163,150,139,30000,0
-9.774999618530273,-3.740000009536743,4.675000190734863,155,148,136,30000,0
10.225000381469727,-3.740000009536743,4.675000190734863,163,150,139,30000,0
-9.774999618530273,-3.390000104904175,4.675000190734863,155,148,136,30000,0
10.225000381469727,-3.390000104904175,4.675000190734863,163,150,139,30000,0
-9.774999618530273,-3.0399999618530273,4.675000190734863,155,148,136,30000,0
10.225000381469727,-3.0399999618530273,4.675000190734863,163,150,139,30000,0
-9.774999618530273,-2.690000057220459,4.675000190734863,155,148,136,30000,0
10.225000381469727,-2.690000057220459,4.675000190734863,163,150,139,30000,0
-9.774999618530273,-2.3399999141693115,4.675000190734863,155,148,136,30000,0
10.225000381469727,-2.3399999141693115,4.675000190734863,163,150,139,30000,0
-9.774999618530273,-1.9900000095367432,4.675000190734863,155,148,136,30000,0
10.225000381469727,-1.9900000095367432,4.675000190734863,163,150,139,30000,0
-9.774999618530273,-1.6399999856948853,4.675000190734863,155,148,136,30000,0
10.225000381469727,-1.6399999856948853,4.675000190734863,163,150,139,30000,0
-9.774999618530273,-1.2899999618530273,4.675000190734863,155,148,136,30000,0
10.225000381469727,-1.2899999618530273,4.675000190734863,163,150,139,30000,0
-9.774999618530273,-0.9399999976158142,4.675000190734863,155,148,136,30000,0
10.225000381469727,-0.9399999976158142,4.675000190734863,163,150,139,30000,0
-9.774999618530273,-0.5899999737739563,4.675000190734863,155,148,136,30000,0
10.225000381469727,-0.5899999737739563,4.675000190734863,163,150,139,30000,0
-9.774999618530273,-0.23999999463558197,4.675000190734863,155,148,136,30000,0
10.225000381469727,-0.23999999463558197,4.675000190734863,163,150,139,30000,0
-9.774999618530273,0.10999999940395355,4.675000190734863,155,148,136,30000,0
10.225000381469727,0.10999999940395355,4.675000190734863,163,150,139,30000,0
-9.774999618530273,0.46000000834465027,4.675000190734863,155,148,136,30000,0
10.225000381469727,0.46000000834465027,4.675000190734863,163,150,139,30000,0
-9.774999618530273,0.8100000023841858,4.675000190734863,155,148,136,30000,0
10.225000381469727,0.8100000023841858,4.675000190734863,163,150,139,30000,0
-9.774999618530273,1.159999966621399,4.675000190734863,155,148,136,30000,0
10.225000381469727,1.159999966621399,4.675000190734863,163,150,139,30000,0
-9.774999618530273,1.5099999904632568,4.675000190734863,155,148,136,30000,0
10.225000381469727,1.5099999904632568,4.675000190734863,163,150,139,30000,0
-9.774999618530273,1.8600000143051147,4.675000190734863,155,148,136,30000,0
10.225000381469727,1.8600000143051147,4.675000190734863,163,150,139,30000,0
-9.774999618530273,2.2100000381469727,4.675000190734863,155,148,136,30000,0
10.225000381469727,2.2100000381469727,4.675000190734863,163,150,139,30000,0
-9.774999618530273,-5.489999771118164,4.324999809265137,155,148,136,30000,0
10.225000381469727,-5.489999771118164,4.324999809265137,163,150,139,30000,0
-9.774999618530273,-5.139999866485596,4.324999809265137,155,148,136,30000,0
10.225000381469727,-5.139999866485596,4.324999809265137,163,150,139,30000,0
-9.774999618530273,-4.789999961853027,4.324999809265137,155,148,136,30000,0
10.225000381469727,-4.789999961853027,4.324999809265137,163,150,139,30000,0
-9.774999618530273,-4.440000057220459,4.324999809265137,155,148,136,30000,0
10.225000381469727,-4.440000057220459,4.324999809265137,163,150,139,30000,0
-9.774999618530273,-4.090000152587891,4.324999809265137,155,148,136,30000,0
10.225000381469727,-4.090000152587891,4.324999809265137,163,150,139,30000,0
-9.774999618530273,-3.740000009536743,4.324999809265137,155,148,136,30000,0
10.225000381469727,-3.740000009536743,4.324999809265137,163,150,139,30000,0
-9.774999618530273,-3.390000104904175,4.324999809265137,155,148,136,30000,0
10.225000381469727,-3.390000104904175,4.324999809265137,163,150,139,30000,0
-9.774999618530273,-3.0399999618530273,4.324999809265137,155,148,136,30000,0
10.225000381469727,-3.0399999618530273,4.324999809265137,163,150,139,30000,0
-9.774999618530273,-2.690000057220459,4.324999809265137,155,148,136,30000,0
10.225000381469727,-2.690000057220459,4.324999809265137,163,150,139,30000,0
-9.774999618530273,-2.3399999141693115,4.324999809265137,155,148,136,30000,0
10.225000381469727,-2.3399999141693115,4.324999809265137,163,150,139,30000,0
-9.774999618530273,-1.9900000095367432,4.324999809265137,155,148,136,30000,0
10.225000381469727,-1.9900000095367432,4.324999809265137,163,150,139,30000,0
-9.774999618530273,-1.6399999856948853,4.324999809265137,155,148,136,30000,0
10.225000381469727,-1.6399999856948853,4.324999809265137,163,150,139,30000,0
-9.774999618530273,-1.2899999618530273,4.324999809265137,155,148,136,30000,0
10.225000381469727,-1.2899999618530273,4.324999809265137,163,150,139,30000,0
-9.774999618530273,-0.9399999976158142,4.324999809265137,155,148,136,30000,0
10.225000381469727,-0.9399999976158142,4.324999809265137,163,150,139,30000,0
-9.774999618530273,-0.5899999737739563,4.324999809265137,155,148,136,30000,0
10.225000381469727,-0.5899999737739563,4.324999809265137,163,150,139,30000,0
-9.774999618530273,-0.23999999463558197,4.324999809265137,155,148,136,30000,0
10.225000381469727,-0.23999999463558197,4.324999809265137,163,150,139,30000,0
-9.774999618530273,0.10999999940395355,4.324999809265137,155,148,136,30000,0
10.225000381469727,0.10999999940395355,4.324999809265137,163,150,139,30000,0
-9.774999618530273,0.46000000834465027,4.324999809265137,155,148,136,30000,0
10.225000381469727,0.46000000834465027,4.324999809265137,163,150,139,30000,0
-9.774999618530273,0.8100000023841858,4.324999809265137,155,148,136,30000,0
10.225000381469727,0.8100000023841858,4.324999809265137,163,150,139,30000,0
-9.774999618530273,1.159999966621399,4.324999809265137,155,148,136,30000,0
10.225000381469727,1.159999966621399,4.324999809265137,163,150,139,30000,0
-9.774999618530273,1.5099999904632568,4.324999809265137,155,148,136,30000,0
10.225000381469727,1.5099999904632568,4.324999809265137,163,150,139,30000,0
-9.774999618530273,1.8600000143051147,4.324999809265137,155,148,136,30000,0
10.225000381469727,1.8600000143051147,4.324999809265137,163,150,139,30000,0
-9.774999618530273,2.2100000381469727,4.324999809265137,155,148,136,30000,0
10.225000381469727,2.2100000381469727,4.324999809265137,163,150,139,30000,0
-9.774999618530273,-5.489999771118164,3.9749999046325684,155,148,136,30000,0
10.225000381469727,-5.489999771118164,3.9749999046325684,163,150,139,30000,0
-9.774999618530273,-5.139999866485596,3.9749999046325684,155,148,136,30000,0
10.225000381469727,-5.139999866485596,3.9749999046325684,163,150,139,30000,0
-9.774999618530273,-4.789999961853027,3.9749999046325684,155,148,136,30000,0
10.225000381469727,-4.789999961853027,3.9749999046325684,163,150,139,30000,0
-9.774999618530273,-4.440000057220459,3.9749999046325684,155,148,136,30000,0
10.225000381469727,-4.440000057220459,3.9749999046325684,163,150,139,30000,0
-9.774999618530273,-4.090000152587891,3.9749999046325684,155,148,136,30000,0
10.225000381469727,-4.090000152587891,3.9749999046325684,163,150,139,30000,0
-9.774999618530273,-3.740000009536743,3.9749999046325684,155,148,136,30000,0
10.225000381469727,-3.740000009536743,3.9749999046325684,163,150,139,30000,0
-9.774999618530273,-3.390000104904175,3.9749999046325684,155,148,136,30000,0
10.225000381469727,-3.390000104904175,3.9749999046325684,163,150,139,30000,0
-9.774999618530273,-3.0399999618530273,3.9749999046325684,155,148,136,30000,0
10.225000381469727,-3.0399999618530273,3.9749999046325684,163,150,139,30000,0
-9.774999618530273,-2.690000057220459,3.9749999046325684,155,148,136,30000,0
10.225000381469727,-2.690000057220459,3.9749999046325684,163,150,139,30000,0
-9.774999618530273,-2.3399999141693115,3.9749999046325684,155,148,136,30000,0
10.225000381469727,-2.3399999141693115,3.9749999046325684,163,150,139,30000,0
-9.774999618530273,-1.9900000095367432,3.9749999046325684,155,148,136,30000,0
10.225000381469727,-1.9900000095367432,3.9749999046325684,163,150,139,30000,0
-9.774999618530273,-1.6399999856948853,3.9749999046325684,155,148,136,30000,0
10.225000381469727,-1.6399999856948853,3.9749999046325684,163,150,139,30000,0
-9.774999618530273,-1.2899999618530273,3.9749999046325684,155,148,136,30000,0
10.225000381469727,-1.2899999618530273,3.9749999046325684,163,150,139,30000,0
-9.774999618530273,-0.9399999976158142,3.9749999046325684,155,148,136,30000,0
10.225000381469727,-0.9399999976158142,3.9749999046325684,163,150,139,30000,0
-9.774999618530273,-0.5899999737739563,3.9749999046325684,155,148,136,30000,0
10.225000381469727,-0.5899999737739563,3.9749999046325684,163,150,139,30000,0
-9.774999618530273,-0.23999999463558197,3.9749999046325684,155,148,136,30000,0
10.225000381469727,-0.23999999463558197,3.9749999046325684,163,150,139,30000,0
-9.774999618530273,0.10999999940395355,3.9749999046325684,155,148,136,30000,0
10.225000381469727,0.10999999940395355,3.9749999046325684,163,150,139,30000,0
-9.774999618530273,0.46000000834465027,3.9749999046325684,155,148,136,30000,0
10.225000381469727,0.46000000834465027,3.9749999046325684,163,150,139,30000,0
-9.774999618530273,0.8100000023841858,3.9749999046325684,155,148,136,30000,0
10.225000381469727,0.8100000023841858,3.9749999046325684,163,150,139,30000,0
-9.774999618530273,1.159999966621399,3.9749999046325684,155,148,136,30000,0
10.225000381469727,1.159999966621399,3.9749999046325684,163,150,139,30000,0
-9.774999618530273,1.5099999904632568,3.9749999046325684,155,148,136,30000,0
10.225000381469727,1.5099999904632568,3.9749999046325684,163,150,139,30000,0
-9.774999618530273,1.8600000143051147,3.9749999046325684,155,148,136,30000,0
10.225000381469727,1.8600000143051147,3.9749999046325684,163,150,139,30000,0
-9.774999618530273,2.2100000381469727,3.9749999046325684,155,148,136,30000,0
10.225000381469727,2.2100000381469727,3.9749999046325684,163,150,139,30000,0
-9.774999618530273,-5.489999771118164,3.625,155,148,136,30000,0
10.225000381469727,-5.489999771118164,3.625,163,150,139,30000,0
-9.774999618530273,-5.139999866485596,3.625,155,148,136,30000,0
10.225000381469727,-5.139999866485596,3.625,163,150,139,30000,0
-9.774999618530273,-4.789999961853027,3.625,155,148,136,30000,0
10.225000381469727,-4.789999961853027,3.625,163,150,139,30000,0
-9.774999618530273,-4.440000057220459,3.625,155,148,136,30000,0
10.225000381469727,-4.440000057220459,3.625,163,150,139,30000,0
-9.774999618530273,-4.090000152587891,3.625,155,148,136,30000,0
10.225000381469727,-4.090000152587891,3.625,163,150,139,30000,0
-9.774999618530273,-3.740000009536743,3.625,155,148,136,30000,0
10.225000381469727,-3.740000009536743,3.625,163,150,139,30000,0
-9.774999618530273,-3.390000104904175,3.625,155,148,136,30000,0
10.225000381469727,-3.390000104904175,3.625,163,150,139,30000,0
-9.774999618530273,-3.0399999618530273,3.625,155,148,136,30000,0
10.225000381469727,-3.0399999618530273,3.625,163,150,139,30000,0
-9.774999618530273,-2.690000057220459,3.625,155,148,136,30000,0
10.225000381469727,-2.690000057220459,3.625,163,150,139,30000,0
-9.774999618530273,-2.3399999141693115,3.625,155,148,136,30000,0
10.225000381469727,-2.3399999141693115,3.625,163,150,139,30000,0
-9.774999618530273,-1.9900000095367432,3.625,155,148,136,30000,0
10.225000381469727,-1.9900000095367432,3.625,163,150,139,30000,0
-9.774999618530273,-1.6399999856948853,3.625,155,148,136,30000,0
10.225000381469727,-1.6399999856948853,3.625,163,150,139,30000,0
-9.774999618530273,-1.2899999618530273,3.625,155,148,136,30000,0
10.225000381469727,-1.2899999618530273,3.625,163,150,139,30000,0
-9.774999618530273,-0.9399999976158142,3.625,155,148,136,30000,0
10.225000381469727,-0.9399999976158142,3.625,163,150,139,30000,0
-9.774999618530273,-0.5899999737739563,3.625,155,148,136,30000,0
10.225000381469727,-0.5899999737739563,3.625,163,150,139,30000,0
-9.774999618530273,-0.23999999463558197,3.625,155,148,136,30000,0
10.225000381469727,-0.23999999463558197,3.625,163,150,139,30000,0
-9.774999618530273,0.10999999940395355,3.625,155,148,136,30000,0
10.225000381469727,0.10999999940395355,3.625,163,150,139,30000,0
-9.774999618530273,0.46000000834465027,3.625,155,148,136,30000,0
10.225000381469727,0.46000000834465027,3.625,163,150,139,30000,0
-9.774999618530273,0.8100000023841858,3.625,155,148,136,30000,0
10.225000381469727,0.8100000023841858,3.625,163,150,139,30000,0
-9.774999618530273,1.159999966621399,3.625,155,148,136,30000,0
10.225000381469727,1.159999966621399,3.625,163,150,139,30000,0
-9.774999618530273,1.5099999904632568,3.625,155,148,136,30000,0
10.225000381469727,1.5099999904632568,3.625,163,150,139,30000,0
-9.774999618530273,1.8600000143051147,3.625,155,148,136,30000,0
10.225000381469727,1.8600000143051147,3.625,163,150,139,30000,0
-9.774999618530273,2.2100000381469727,3.625,155,148,136,30000,0
10.225000381469727,2.2100000381469727,3.625,163,150,139,30000,0
-9.774999618530273,-5.489999771118164,3.2750000953674316,155,148,136,30000,0
10.225000381469727,-5.489999771118164,3.2750000953674316,163,150,139,30000,0
-9.774999618530273,-5.139999866485596,3.2750000953674316,155,148,136,30000,0
10.225000381469727,-5.139999866485596,3.2750000953674316,163,150,139,30000,0
-9.774999618530273,-4.789999961853027,3.2750000953674316,155,148,136,30000,0
10.225000381469727,-4.789999961853027,3.2750000953674316,163,150,139,30000,0
-9.774999618530273,-4.440000057220459,3.2750000953674316,155,148,136,30000,0
10.225000381469727,-4.440000057220459,3.2750000953674316,163,150,139,30000,0
-9.774999618530273,-4.090000152587891,3.2750000953674316,155,148,136,30000,0
10.225000381469727,-4.090000152587891,3.2750000953674316,163,150,139,30000,0
-9.774999618530273,-3.740000009536743,3.2750000953674316,155,148,136,30000,0
10.225000381469727,-3.740000009536743,3.2750000953674316,163,150,139,30000,0
-9.774999618530273,-3.390000104904175,3.2750000953674316,155,148,136,30000,0
10.225000381469727,-3.390000104904175,3.2750000953674316,163,150,139,30000,0
-9.774999618530273,-3.0399999618530273,3.2750000953674316,155,148,136,30000,0
10.225000381469727,-3.0399999618530273,3.2750000953674316,163,150,139,30000,0
-9.774999618530273,-2.690000057220459,3.2750000953674316,155,148,136,30000,0
10.225000381469727,-2.690000057220459,3.2750000953674316,163,150,139,30000,0
-9.774999618530273,-2.3399999141693115,3.2750000953674316,155,148,136,30000,0
10.225000381469727,-2.3399999141693115,3.2750000953674316,163,150,139,30000,0
-9.774999618530273,-1.9900000095367432,3.2750000953674316,155,148,136,30000,0
10.225000381469727,-1.9900000095367432,3.2750000953674316,163,150,139,30000,0
-9.774999618530273,-1.6399999856948853,3.2750000953674316,155,148,136,30000,0
10.225000381469727,-1.6399999856948853,3.2750000953674316,163,150,139,30000,0
-9.774999618530273,-1.2899999618530273,3.2750000953674316,155,148,136,30000,0
10.225000381469727,-1.2899999618530273,3.2750000953674316,163,150,139,30000,0
-9.774999618530273,-0.9399999976158142,3.2750000953674316,155,148,136,30000,0
10.225000381469727,-0.9399999976158142,3.2750000953674316,163,150,139,30000,0
-9.774999618530273,-0.5899999737739563,3.2750000953674316,155,148,136,30000,0
10.225000381469727,-0.5899999737739563,3.2750000953674316,163,150,139,30000,0
-9.774999618530273,-0.23999999463558197,3.2750000953674316,155,148,136,30000,0
10.225000381469727,-0.23999999463558197,3.2750000953674316,163,150,139,30000,0
-9.774999618530273,0.10999999940395355,3.2750000953674316,155,148,136,30000,0
10.225000381469727,0.10999999940395355,3.2750000953674316,163,150,139,30000,0
-9.774999618530273,0.46000000834465027,3.2750000953674316,155,148,136,30000,0
10.225000381469727,0.46000000834465027,3.2750000953674316,163,150,139,30000,0
-9.774999618530273,0.8100000023841858,3.2750000953674316,155,148,136,30000,0
10.225000381469727,0.8100000023841858,3.2750000953674316,163,150,139,30000,0
-9.774999618530273,1.159999966621399,3.2750000953674316,155,148,136,30000,0
10.225000381469727,1.159999966621399,3.2750000953674316,163,150,139,30000,0
-9.774999618530273,1.5099999904632568,3.2750000953674316,155,148,136,30000,0
10.225000381469727,1.5099999904632568,3.2750000953674316,163,150,139,30000,0
-9.774999618530273,1.8600000143051147,3.2750000953674316,155,148,136,30000,0
10.225000381469727,1.8600000143051147,3.2750000953674316,163,150,139,30000,0
-9.774999618530273,2.2100000381469727,3.2750000953674316,155,148,136,30000,0
10.225000381469727,2.2100000381469727,3.2750000953674316,163,150,139,30000,0
-9.774999618530273,-5.489999771118164,2.924999952316284,155,148,136,30000,0
10.225000381469727,-5.489999771118164,2.924999952316284,163,150,139,30000,0
-9.774999618530273,-5.139999866485596,2.924999952316284,155,148,136,30000,0
10.225000381469727,-5.139999866485596,2.924999952316284,163,150,139,30000,0
-9.774999618530273,-4.789999961853027,2.924999952316284,155,148,136,30000,0
10.225000381469727,-4.789999961853027,2.924999952316284,163,150,139,30000,0
-9.774999618530273,-4.440000057220459,2.924999952316284,155,148,136,30000,0
10.225000381469727,-4.440000057220459,2.924999952316284,163,150,139,30000,0
-9.774999618530273,-4.090000152587891,2.924999952316284,155,148,136,30000,0
10.225000381469727,-4.090000152587891,2.924999952316284,163,150,139,30000,0
-9.774999618530273,-3.740000009536743,2.924999952316284,155,148,136,30000,0
10.225000381469727,-3.740000009536743,2.924999952316284,163,150,139,30000,0
-9.774999618530273,-3.390000104904175,2.924999952316284,155,148,136,30000,0
10.225000381469727,-3.390000104904175,2.924999952316284,163,150,139,30000,0
-9.774999618530273,-3.0399999618530273,2.924999952316284,155,148,136,30000,0
10.225000381469727,-3.0399999618530273,2.924999952316284,163,150,139,30000,0
-9.774999618530273,-2.690000057220459,2.924999952316284,155,148,136,30000,0
10.225000381469727,-2.690000057220459,2.924999952316284,163,150,139,30000,0
-9.774999618530273,-2.3399999141693115,2.924999952316284,155,148,136,30000,0
10.225000381469727,-2.3399999141693115,2.924999952316284,163,150,139,30000,0
-9.774999618530273,-1.9900000095367432,2.924999952316284,155,148,136,30000,0
10.225000381469727,-1.9900000095367432,2.924999952316284,163,150,139,30000,0
-9.774999618530273,-1.6399999856948853,2.924999952316284,155,148,136,30000,0
10.225000381469727,-1.6399999856948853,2.924999952316284,163,150,139,30000,0
-9.774999618530273,-1.2899999618530273,2.924999952316284,155,148,136,30000,0
10.225000381469727,-1.2899999618530273,2.924999952316284,163,150,139,30000,0
-9.774999618530273,-0.9399999976158142,2.924999952316284,155,148,136,30000,0
10.225000381469727,-0.9399999976158142,2.924999952316284,163,150,139,30000,0
-9.774999618530273,-0.5899999737739563,2.924999952316284,155,148,136,30000,0
10.225000381469727,-0.5899999737739563,2.924999952316284,163,150,139,30000,0
-9.774999618530273,-0.23999999463558197,2.924999952316284,155,148,136,30000,0
10.225000381469727,-0.23999999463558197,2.924999952316284,163,150,139,30000,0
-9.774999618530273,0.10999999940395355,2.924999952316284,155,148,136,30000,0
10.225000381469727,0.10999999940395355,2.924999952316284,163,150,139,30000,0
-9.774999618530273,0.46000000834465027,2.924999952316284,155,148,136,30000,0
10.225000381469727,0.46000000834465027,2.924999952316284,163,150,139,30000,0
-9.774999618530273,0.8100000023841858,2.924999952316284,155,148,136,30000,0
10.225000381469727,0.8100000023841858,2.924999952316284,163,150,139,30000,0
-9.774999618530273,1.159999966621399,2.924999952316284,155,148,136,30000,0
10.225000381469727,1.159999966621399,2.924999952316284,163,150,139,30000,0
-9.774999618530273,1.5099999904632568,2.924999952316284,155,148,136,30000,0
10.225000381469727,1.5099999904632568,2.924999952316284,163,150,139,30000,0
-9.774999618530273,1.8600000143051147,2.924999952316284,155,148,136,30000,0
10.225000381469727,1.8600000143051147,2.924999952316284,163,150,139,30000,0
-9.774999618530273,2.2100000381469727,2.924999952316284,155,148,136,30000,0
10.225000381469727,2.2100000381469727,2.924999952316284,163,150,139,30000,0
-9.774999618530273,-5.489999771118164,2.575000047683716,155,148,136,30000,0
10.225000381469727,-5.489999771118164,2.575000047683716,163,150,139,30000,0
-9.774999618530273,-5.139999866485596,2.575000047683716,155,148,136,30000,0
10.225000381469727,-5.139999866485596,2.575000047683716,163,150,139,30000,0
-9.774999618530273,-4.789999961853027,2.575000047683716,155,148,136,30000,0
10.225000381469727,-4.789999961853027,2.575000047683716,163,150,139,30000,0
-9.774999618530273,-4.440000057220459,2.575000047683716,155,148,136,30000,0
10.225000381469727,-4.440000057220459,2.575000047683716,163,150,139,30000,0
-9.774999618530273,-4.090000152587891,2.575000047683716,155,148,136,30000,0
10.225000381469727,-4.090000152587891,2.575000047683716,163,150,139,30000,0
-9.774999618530273,-3.740000009536743,2.575000047683716,155,148,136,30000,0
10.225000381469727,-3.740000009536743,2.575000047683716,163,150,139,30000,0
-9.774999618530273,-3.390000104904175,2.575000047683716,155,148,136,30000,0
10.225000381469727,-3.390000104904175,2.575000047683716,163,150,139,30000,0
-9.774999618530273,-3.0399999618530273,2.575000047683716,155,148,136,30000,0
10.225000381469727,-3.0399999618530273,2.575000047683716,163,150,139,30000,0
-9.774999618530273,-2.690000057220459,2.575000047683716,155,148,136,30000,0
10.225000381469727,-2.690000057220459,2.575000047683716,163,150,139,30000,0
-9.774999618530273,-2.3399999141693115,2.575000047683716,155,148,136,30000,0
10.225000381469727,-2.3399999141693115,2.575000047683716,163,150,139,30000,0
-9.774999618530273,-1.9900000095367432,2.575000047683716,155,148,136,30000,0
10.225000381469727,-1.9900000095367432,2.575000047683716,163,150,139,30000,0
-9.774999618530273,-1.6399999856948853,2.575000047683716,155,148,136,30000,0
10.225000381469727,-1.6399999856948853,2.575000047683716,163,150,139,30000,0
-9.774999618530273,-1.2899999618530273,2.575000047683716,155,148,136,30000,0
10.225000381469727,-1.2899999618530273,2.575000047683716,163,150,139,30000,0
-9.774999618530273,-0.9399999976158142,2.575000047683716,155,148,136,30000,0
10.225000381469727,-0.9399999976158142,2.575000047683716,163,150,139,30000,0
-9.774999618530273,-0.5899999737739563,2.575000047683716,155,148,136,30000,0
10.225000381469727,-0.5899999737739563,2.575000047683716,163,150,139,30000,0
-9.774999618530273,-0.23999999463558197,2.575000047683716,155,148,136,30000,0
10.225000381469727,-0.23999999463558197,2.575000047683716,163,150,139,30000,0
-9.774999618530273,0.10999999940395355,2.575000047683716,155,148,136,30000,0
10.225000381469727,0.10999999940395355,2.575000047683716,163,150,139,30000,0
-9.774999618530273,0.46000000834465027,2.575000047683716,155,148,136,30000,0
10.225000381469727,0.46000000834465027,2.575000047683716,163,150,139,30000,0
-9.774999618530273,0.8100000023841858,2.575000047683716,155,148,136,30000,0
10.225000381469727,0.8100000023841858,2.575000047683716,163,150,139,30000,0
-9.774999618530273,1.159999966621399,2.575000047683716,155,148,136,30000,0
10.225000381469727,1.159999966621399,2.575000047683716,163,150,139,30000,0
-9.774999618530273,1.5099999904632568,2.575000047683716,155,148,136,30000,0
10.225000381469727,1.5099999904632568,2.575000047683716,163,150,139,30000,0
-9.774999618530273,1.8600000143051147,2.575000047683716,155,148,136,30000,0
10.225000381469727,1.8600000143051147,2.575000047683716,163,150,139,30000,0
-9.774999618530273,2.2100000381469727,2.575000047683716,155,148,136,30000,0
10.225000381469727,2.2100000381469727,2.575000047683716,163,150,139,30000,0
-9.774999618530273,-5.489999771118164,2.2249999046325684,155,148,136,30000,0
10.225000381469727,-5.489999771118164,2.2249999046325684,163,150,139,30000,0
-9.774999618530273,-5.139999866485596,2.2249999046325684,155,148,136,30000,0
10.225000381469727,-5.139999866485596,2.2249999046325684,163,150,139,30000,0
-9.774999618530273,-4.789999961853027,2.2249999046325684,155,148,136,30000,0
10.225000381469727,-4.789999961853027,2.2249999046325684,163,150,139,30000,0
-9.774999618530273,-4.440000057220459,2.2249999046325684,155,148,136,30000,0
10.225000381469727,-4.440000057220459,2.2249999046325684,163,150,139,30000,0
-9.774999618530273,-4.090000152587891,2.2249999046325684,155,148,136,30000,0
10.225000381469727,-4.090000152587891,2.2249999046325684,163,150,139,30000,0
-9.774999618530273,-3.740000009536743,2.2249999046325684,155,148,136,30000,0
10.225000381469727,-3.740000009536743,2.2249999046325684,163,150,139,30000,0
-9.774999618530273,-3.390000104904175,2.2249999046325684,155,148,136,30000,0
10.225000381469727,-3.390000104904175,2.2249999046325684,163,150,139,30000,0
-9.774999618530273,-3.0399999618530273,2.2249999046325684,155,148,136,30000,0
10.225000381469727,-3.0399999618530273,2.2249999046325684,163,150,139,30000,0
-9.774999618530273,-2.690000057220459,2.2249999046325684,155,148,136,30000,0
10.225000381469727,-2.690000057220459,2.2249999046325684,163,150,139,30000,0
-9.774999618530273,-2.3399999141693115,2.2249999046325684,155,148,136,30000,0
10.225000381469727,-2.3399999141693115,2.2249999046325684,163,150,139,30000,0
-9.774999618530273,-1.9900000095367432,2.2249999046325684,155,148,136,30000,0
10.225000381469727,-1.9900000095367432,2.2249999046325684,163,150,139,30000,0
-9.774999618530273,-1.6399999856948853,2.2249999046325684,155,148,136,30000,0
10.225000381469727,-1.6399999856948853,2.2249999046325684,163,150,139,30000,0
-9.774999618530273,-1.2899999618530273,2.2249999046325684,155,148,136,30000,0
10.225000381469727,-1.2899999618530273,2.2249999046325684,163,150,139,30000,0
-9.774999618530273,-0.9399999976158142,2.2249999046325684,155,148,136,30000,0
10.225000381469727,-0.9399999976158142,2.2249999046325684,163,150,139,30000,0
-9.774999618530273,-0.5899999737739563,2.2249999046325684,155,148,136,30000,0
10.225000381469727,-0.5899999737739563,2.2249999046325684,163,150,139,30000,0
-9.774999618530273,-0.23999999463558197,2.2249999046325684,155,148,136,30000,0
10.225000381469727,-0.23999999463558197,2.2249999046325684,163,150,139,30000,0
-9.774999618530273,0.10999999940395355,2.2249999046325684,155,148,136,30000,0
10.225000381469727,0.10999999940395355,2.2249999046325684,163,150,139,30000,0
-9.774999618530273,0.46000000834465027,2.2249999046325684,155,148,136,30000,0
10.225000381469727,0.46000000834465027,2.2249999046325684,163,150,139,30000,0
-9.774999618530273,0.8100000023841858,2.2249999046325684,155,148,136,30000,0
10.225000381469727,0.8100000023841858,2.2249999046325684,163,150,139,30000,0
-9.774999618530273,1.159999966621399,2.2249999046325684,155,148,136,30000,0
10.225000381469727,1.159999966621399,2.2249999046325684,163,150,139,30000,0
-9.774999618530273,1.5099999904632568,2.2249999046325684,155,148,136,30000,0
10.225000381469727,1.5099999904632568,2.2249999046325684,163,150,139,30000,0
-9.774999618530273,1.8600000143051147,2.2249999046325684,155,148,136,30000,0
10.225000381469727,1.8600000143051147,2.2249999046325684,163,150,139,30000,0
-9.774999618530273,2.2100000381469727,2.2249999046325684,155,148,136,30000,0
10.225000381469727,2.2100000381469727,2.2249999046325684,163,150,139,30000,0
-9.774999618530273,-5.489999771118164,1.875,155,148,136,30000,0
10.225000381469727,-5.489999771118164,1.875,163,150,139,30000,0
-9.774999618530273,-5.139999866485596,1.875,155,148,136,30000,0
10.225000381469727,-5.139999866485596,1.875,163,150,139,30000,0
-9.774999618530273,-4.789999961853027,1.875,155,148,136,30000,0
10.225000381469727,-4.789999961853027,1.875,163,150,139,30000,0
-9.774999618530273,-4.440000057220459,1.875,155,148,136,30000,0
10.225000381469727,-4.440000057220459,1.875,163,150,139,30000,0
-9.774999618530273,-4.090000152587891,1.875,155,148,136,30000,0
10.225000381469727,-4.090000152587891,1.875,163,150,139,30000,0
-9.774999618530273,-3.740000009536743,1.875,155,148,136,30000,0
10.225000381469727,-3.740000009536743,1.875,163,150,139,30000,0
-9.774999618530273,-3.390000104904175,1.875,155,148,136,30000,0
10.225000381469727,-3.390000104904175,1.875,163,150,139,30000,0
-9.774999618530273,-3.0399999618530273,1.875,155,148,136,30000,0
10.225000381469727,-3.0399999618530273,1.875,163,150,139,30000,0
-9.774999618530273,-2.690000057220459,1.875,155,148,136,30000,0
10.225000381469727,-2.690000057220459,1.875,163,150,139,30000,0
-9.774999618530273,-2.3399999141693115,1.875,155,148,136,30000,0
10.225000381469727,-2.3399999141693115,1.875,163,150,139,30000,0
-9.774999618530273,-1.9900000095367432,1.875,155,148,136,30000,0
10.225000381469727,-1.9900000095367432,1.875,163,150,139,30000,0
-9.774999618530273,-1.6399999856948853,1.875,155,148,136,30000,0
10.225000381469727,-1.6399999856948853,1.875,163,150,139,30000,0
-9.774999618530273,-1.2899999618530273,1.875,155,148,136,30000,0
10.225000381469727,-1.2899999618530273,1.875,163,150,139,30000,0
-9.774999618530273,-0.9399999976158142,1.875,155,148,136,30000,0
10.225000381469727,-0.9399999976158142,1.875,163,150,139,30000,0
-9.774999618530273,-0.5899999737739563,1.875,155,148,136,30000,0
10.225000381469727,-0.5899999737739563,1.875,163,150,139,30000,0
-9.774999618530273,-0.23999999463558197,1.875,155,148,136,30000,0
10.225000381469727,-0.23999999463558197,1.875,163,150,139,30000,0
-9.774999618530273,0.10999999940395355,1.875,155,148,136,30000,0
10.225000381469727,0.10999999940395355,1.875,163,150,139,30000,0
-9.774999618530273,0.46000000834465027,1.875,155,148,136,30000,0
10.225000381469727,0.46000000834465027,1.875,163,150,139,30000,0
-9.774999618530273,0.8100000023841858,1.875,155,148,136,30000,0
10.225000381469727,0.8100000023841858,1.875,163,150,139,30000,0
-9.774999618530273,1.159999966621399,1.875,155,148,136,30000,0
10.225000381469727,1.159999966621399,1.875,163,150,139,30000,0
-9.774999618530273,1.5099999904632568,1.875,155,148,136,30000,0
10.225000381469727,1.5099999904632568,1.875,163,150,139,30000,0
-9.774999618530273,1.8600000143051147,1.875,155,148,136,30000,0
10.225000381469727,1.8600000143051147,1.875,163,150,139,30000,0
-9.774999618530273,2.2100000381469727,1.875,155,148,136,30000,0
10.225000381469727,2.2100000381469727,1.875,163,150,139,30000,0
-9.774999618530273,-5.489999771118164,1.524999976158142,155,148,136,30000,0
10.225000381469727,-5.489999771118164,1.524999976158142,163,150,139,30000,0
-9.774999618530273,-5.139999866485596,1.524999976158142,155,148,136,30000,0
10.225000381469727,-5.139999866485596,1.524999976158142,163,150,139,30000,0
-9.774999618530273,-4.789999961853027,1.524999976158142,155,148,136,30000,0
10.225000381469727,-4.789999961853027,1.524999976158142,163,150,139,30000,0
-9.774999618530273,-4.440000057220459,1.524999976158142,155,148,136,30000,0
10.225000381469727,-4.440000057220459,1.524999976158142,163,150,139,30000,0
-9.774999618530273,-4.090000152587891,1.524999976158142,155,148,136,30000,0
10.225000381469727,-4.090000152587891,1.524999976158142,163,150,139,30000,0
-9.774999618530273,-3.740000009536743,1.524999976158142,155,148,136,30000,0
10.225000381469727,-3.740000009536743,1.524999976158142,163,150,139,30000,0
-9.774999618530273,-3.390000104904175,1.524999976158142,155,148,136,30000,0
10.225000381469727,-3.390000104904175,1.524999976158142,163,150,139,30000,0
-9.774999618530273,-3.0399999618530273,1.524999976158142,155,148,136,30000,0
10.225000381469727,-3.0399999618530273,1.524999976158142,163,150,139,30000,0
-9.774999618530273,-2.690000057220459,1.524999976158142,155,148,136,30000,0
10.225000381469727,-2.690000057220459,1.524999976158142,163,150,139,30000,0
-9.774999618530273,-2.3399999141693115,1.524999976158142,155,148,136,30000,0
10.225000381469727,-2.3399999141693115,1.524999976158142,163,150,139,30000,0
-9.774999618530273,-1.9900000095367432,1.524999976158142,155,148,136,30000,0
10.225000381469727,-1.9900000095367432,1.524999976158142,163,150,139,30000,0
-9.774999618530273,-1.6399999856948853,1.524999976158142,155,148,136,30000,0
10.225000381469727,-1.6399999856948853,1.524999976158142,163,150,139,30000,0
-9.774999618530273,-1.2899999618530273,1.524999976158142,155,148,136,30000,0
10.225000381469727,-1.2899999618530273,1.524999976158142,163,150,139,30000,0
-9.774999618530273,-0.9399999976158142,1.524999976158142,155,148,136,30000,0
10.225000381469727,-0.9399999976158142,1.524999976158142,163,150,139,30000,0
-9.774999618530273,-0.5899999737739563,1.524999976158142,155,148,136,30000,0
10.225000381469727,-0.5899999737739563,1.524999976158142,163,150,139,30000,0
-9.774999618530273,-0.23999999463558197,1.524999976158142,155,148,136,30000,0
10.225000381469727,-0.23999999463558197,1.524999976158142,163,150,139,30000,0
-9.774999618530273,0.10999999940395355,1.524999976158142,155,148,136,30000,0
10.225000381469727,0.10999999940395355,1.524999976158142,163,150,139,30000,0
-9.774999618530273,0.46000000834465027,1.524999976158142,155,148,136,30000,0
10.225000381469727,0.46000000834465027,1.524999976158142,163,150,139,30000,0
-9.774999618530273,0.8100000023841858,1.524999976158142,155,148,136,30000,0
10.225000381469727,0.8100000023841858,1.524999976158142,163,150,139,30000,0
-9.774999618530273,1.159999966621399,1.524999976158142,155,148,136,30000,0
10.225000381469727,1.159999966621399,1.524999976158142,163,150,139,30000,0
-9.774999618530273,1.5099999904632568,1.524999976158142,155,148,136,30000,0
10.225000381469727,1.5099999904632568,1.524999976158142,163,150,139,30000,0
-9.774999618530273,1.8600000143051147,1.524999976158142,155,148,136,30000,0
10.225000381469727,1.8600000143051147,1.524999976158142,163,150,139,30000,0
-9.774999618530273,2.2100000381469727,1.524999976158142,155,148,136,30000,0
10.225000381469727,2.2100000381469727,1.524999976158142,163,150,139,30000,0
-9.774999618530273,-5.489999771118164,1.1749999523162842,155,148,136,30000,0
10.225000381469727,-5.489999771118164,1.1749999523162842,163,150,139,30000,0
-9.774999618530273,-5.139999866485596,1.1749999523162842,155,148,136,30000,0
10.225000381469727,-5.139999866485596,1.1749999523162842,163,150,139,30000,0
-9.774999618530273,-4.789999961853027,1.1749999523162842,155,148,136,30000,0
10.225000381469727,-4.789999961853027,1.1749999523162842,163,150,139,30000,0
-9.774999618530273,-4.440000057220459,1.1749999523162842,155,148,136,30000,0
10.225000381469727,-4.440000057220459,1.1749999523162842,163,150,139,30000,0
-9.774999618530273,-4.090000152587891,1.1749999523162842,155,148,136,30000,0
10.225000381469727,-4.090000152587891,1.1749999523162842,163,150,139,30000,0
-9.774999618530273,-3.740000009536743,1.1749999523162842,155,148,136,30000,0
10.225000381469727,-3.740000009536743,1.1749999523162842,163,150,139,30000,0
-9.774999618530273,-3.390000104904175,1.1749999523162842,155,148,136,30000,0
10.225000381469727,-3.390000104904175,1.1749999523162842,163,150,139,30000,0
-9.774999618530273,-3.0399999618530273,1.1749999523162842,155,148,136,30000,0
10.225000381469727,-3.0399999618530273,1.1749999523162842,163,150,139,30000,0
-9.774999618530273,-2.690000057220459,1.1749999523162842,155,148,136,30000,0
10.225000381469727,-2.690000057220459,1.1749999523162842,163,150,139,30000,0
-9.774999618530273,-2.3399999141693115,1.1749999523162842,155,148,136,30000,0
10.225000381469727,-2.3399999141693115,1.1749999523162842,163,150,139,30000,0
-9.774999618530273,-1.9900000095367432,1.1749999523162842,155,148,136,30000,0
10.225000381469727,-1.9900000095367432,1.1749999523162842,163,150,139,30000,0
-9.774999618530273,-1.6399999856948853,1.1749999523162842,155,148,136,30000,0
10.225000381469727,-1.6399999856948853,1.1749999523162842,163,150,139,30000,0
-9.774999618530273,-1.2899999618530273,1.1749999523162842,155,148,136,30000,0
10.225000381469727,-1.2899999618530273,1.1749999523162842,163,150,139,30000,0
-9.774999618530273,-0.9399999976158142,1.1749999523162842,155,148,136,30000,0
10.225000381469727,-0.9399999976158142,1.1749999523162842,163,150,139,30000,0
-9.774999618530273,-0.5899999737739563,1.1749999523162842,155,148,136,30000,0
10.225000381469727,-0.5899999737739563,1.1749999523162842,163,150,139,30000,0
-9.774999618530273,-0.23999999463558197,1.1749999523162842,155,148,136,30000,0
10.225000381469727,-0.23999999463558197,1.1749999523162842,163,150,139,30000,0
-9.774999618530273,0.10999999940395355,1.1749999523162842,155,148,136,30000,0
10.225000381469727,0.10999999940395355,1.1749999523162842,163,150,139,30000,0
-9.774999618530273,0.46000000834465027,1.1749999523162842,155,148,136,30000,0
10.225000381469727,0.46000000834465027,1.1749999523162842,163,150,139,30000,0
-9.774999618530273,0.8100000023841858,1.1749999523162842,155,148,136,30000,0
10.225000381469727,0.8100000023841858,1.1749999523162842,163,150,139,30000,0
-9.774999618530273,1.159999966621399,1.1749999523162842,155,148,136,30000,0
10.225000381469727,1.159999966621399,1.1749999523162842,163,150,139,30000,0
-9.774999618530273,1.5099999904632568,1.1749999523162842,155,148,136,30000,0
10.225000381469727,1.5099999904632568,1.1749999523162842,163,150,139,30000,0
-9.774999618530273,1.8600000143051147,1.1749999523162842,155,148,136,30000,0
10.225000381469727,1.8600000143051147,1.1749999523162842,163,150,139,30000,0
-9.774999618530273,2.2100000381469727,1.1749999523162842,155,148,136,30000,0
10.225000381469727,2.2100000381469727,1.1749999523162842,163,150,139,30000,0
-9.774999618530273,-5.489999771118164,0.824999988079071,155,148,136,30000,0
10.225000381469727,-5.489999771118164,0.824999988079071,163,150,139,30000,0
-9.774999618530273,-5.139999866485596,0.824999988079071,155,148,136,30000,0
10.225000381469727,-5.139999866485596,0.824999988079071,163,150,139,30000,0
-9.774999618530273,-4.789999961853027,0.824999988079071,155,148,136,30000,0
10.225000381469727,-4.789999961853027,0.824999988079071,163,150,139,30000,0
-9.774999618530273,-4.440000057220459,0.824999988079071,155,148,136,30000,0
10.225000381469727,-4.440000057220459,0.824999988079071,163,150,139,30000,0
-9.774999618530273,-4.090000152587891,0.824999988079071,155,148,136,30000,0
10.225000381469727,-4.090000152587891,0.824999988079071,163,150,139,30000,0
-9.774999618530273,-3.740000009536743,0.824999988079071,155,148,136,30000,0
10.225000381469727,-3.740000009536743,0.824999988079071,163,150,139,30000,0
-9.774999618530273,-3.390000104904175,0.824999988079071,155,148,136,30000,0
10.225000381469727,-3.390000104904175,0.824999988079071,163,150,139,30000,0
-9.774999618530273,-3.0399999618530273,0.824999988079071,155,148,136,30000,0
10.225000381469727,-3.0399999618530273,0.824999988079071,163,150,139,30000,0
-9.774999618530273,-2.690000057220459,0.824999988079071,155,148,136,30000,0
10.225000381469727,-2.690000057220459,0.824999988079071,163,150,139,30000,0
-9.774999618530273,-2.3399999141693115,0.824999988079071,155,148,136,30000,0
10.225000381469727,-2.3399999141693115,0.824999988079071,163,150,139,30000,0
-9.774999618530273,-1.9900000095367432,0.824999988079071,155,148,136,30000,0
10.225000381469727,-1.9900000095367432,0.824999988079071,163,150,139,30000,0
-9.774999618530273,-1.6399999856948853,0.824999988079071,155,148,136,30000,0
10.225000381469727,-1.6399999856948853,0.824999988079071,163,150,139,30000,0
-9.774999618530273,-1.2899999618530273,0.824999988079071,155,148,136,30000,0
10.225000381469727,-1.2899999618530273,0.824999988079071,163,150,139,30000,0
-9.774999618530273,-0.9399999976158142,0.824999988079071,155,148,136,30000,0
10.225000381469727,-0.9399999976158142,0.824999988079071,163,150,139,30000,0
-9.774999618530273,-0.5899999737739563,0.824999988079071,155,148,136,30000,0
10.225000381469727,-0.5899999737739563,0.824999988079071,163,150,139,30000,0
-9.774999618530273,-0.23999999463558197,0.824999988079071,155,148,136,30000,0
10.225000381469727,-0.23999999463558197,0.824999988079071,163,150,139,30000,0
-9.774999618530273,0.10999999940395355,0.824999988079071,155,148,136,30000,0
10.225000381469727,0.10999999940395355,0.824999988079071,163,150,139,30000,0
-9.774999618530273,0.46000000834465027,0.824999988079071,155,148,136,30000,0
10.225000381469727,0.46000000834465027,0.824999988079071,163,150,139,30000,0
-9.774999618530273,0.8100000023841858,0.824999988079071,155,148,136,30000,0
10.225000381469727,0.8100000023841858,0.824999988079071,163,150,139,30000,0
-9.774999618530273,1.159999966621399,0.824999988079071,155,148,136,30000,0
10.225000381469727,1.159999966621399,0.824999988079071,163,150,139,30000,0
-9.774999618530273,1.5099999904632568,0.824999988079071,155,148,136,30000,0
10.225000381469727,1.5099999904632568,0.824999988079071,163,150,139,30000,0
-9.774999618530273,1.8600000143051147,0.824999988079071,155,148,136,30000,0
10.225000381469727,1.8600000143051147,0.824999988079071,163,150,139,30000,0
-9.774999618530273,2.2100000381469727,0.824999988079071,155,148,136,30000,0
10.225000381469727,2.2100000381469727,0.824999988079071,163,150,139,30000,0
-9.774999618530273,-5.489999771118164,0.4749999940395355,155,148,136,30000,0
10.225000381469727,-5.489999771118164,0.4749999940395355,163,150,139,30000,0
-9.774999618530273,-5.139999866485596,0.4749999940395355,155,148,136,30000,0
10.225000381469727,-5.139999866485596,0.4749999940395355,163,150,139,30000,0
-9.774999618530273,-4.789999961853027,0.4749999940395355,155,148,136,30000,0
10.225000381469727,-4.789999961853027,0.4749999940395355,163,150,139,30000,0
-9.774999618530273,-4.440000057220459,0.4749999940395355,155,148,136,30000,0
10.225000381469727,-4.440000057220459,0.4749999940395355,163,150,139,30000,0
-9.774999618530273,-4.090000152587891,0.4749999940395355,155,148,136,30000,0
10.225000381469727,-4.090000152587891,0.4749999940395355,163,150,139,30000,0
-9.774999618530273,-3.740000009536743,0.4749999940395355,155,148,136,30000,0
10.225000381469727,-3.740000009536743,0.4749999940395355,163,150,139,30000,0
-9.774999618530273,-3.390000104904175,0.4749999940395355,155,148,136,30000,0
10.225000381469727,-3.390000104904175,0.4749999940395355,163,150,139,30000,0
-9.774999618530273,-3.0399999618530273,0.4749999940395355,155,148,136,30000,0
10.225000381469727,-3.0399999618530273,0.4749999940395355,163,150,139,30000,0
-9.774999618530273,-2.690000057220459,0.4749999940395355,155,148,136,30000,0
10.225000381469727,-2.690000057220459,0.4749999940395355,163,150,139,30000,0
-9.774999618530273,-2.3399999141693115,0.4749999940395355,155,148,136,30000,0
10.225000381469727,-2.3399999141693115,0.4749999940395355,163,150,139,30000,0
-9.774999618530273,-1.9900000095367432,0.4749999940395355,155,148,136,30000,0
10.225000381469727,-1.9900000095367432,0.4749999940395355,163,150,139,30000,0
-9.774999618530273,-1.6399999856948853,0.4749999940395355,155,148,136,30000,0
10.225000381469727,-1.6399999856948853,0.4749999940395355,163,150,139,30000,0
-9.774999618530273,-1.2899999618530273,0.4749999940395355,155,148,136,30000,0
10.225000381469727,-1.2899999618530273,0.4749999940395355,163,150,139,30000,0
-9.774999618530273,-0.9399999976158142,0.4749999940395355,155,148,136,30000,0
10.225000381469727,-0.9399999976158142,0.4749999940395355,163,150,139,30000,0
-9.774999618530273,-0.5899999737739563,0.4749999940395355,155,148,136,30000,0
10.225000381469727,-0.5899999737739563,0.4749999940395355,163,150,139,30000,0
-9.774999618530273,-0.23999999463558197,0.4749999940395355,155,148,136,30000,0
10.225000381469727,-0.23999999463558197,0.4749999940395355,163,150,139,30000,0
-9.774999618530273,0.10999999940395355,0.4749999940395355,155,148,136,30000,0
10.225000381469727,0.10999999940395355,0.4749999940395355,163,150,139,30000,0
-9.774999618530273,0.46000000834465027,0.4749999940395355,155,148,136,30000,0
10.225000381469727,0.46000000834465027,0.4749999940395355,163,150,139,30000,0
-9.774999618530273,0.8100000023841858,0.4749999940395355,155,148,136,30000,0
10.225000381469727,0.8100000023841858,0.4749999940395355,163,150,139,30000,0
-9.774999618530273,1.159999966621399,0.4749999940395355,155,148,136,30000,0
10.225000381469727,1.159999966621399,0.4749999940395355,163,150,139,30000,0
-9.774999618530273,1.5099999904632568,0.4749999940395355,155,148,136,30000,0
10.225000381469727,1.5099999904632568,0.4749999940395355,163,150,139,30000,0
-9.774999618530273,1.8600000143051147,0.4749999940395355,155,148,136,30000,0
10.225000381469727,1.8600000143051147,0.4749999940395355,163,150,139,30000,0
-9.774999618530273,2.2100000381469727,0.4749999940395355,155,148,136,30000,0
10.225000381469727,2.2100000381469727,0.4749999940395355,163,150,139,30000,0
-9.774999618530273,-5.489999771118164,0.125,155,148,136,30000,0
10.225000381469727,-5.489999771118164,0.125,163,150,139,30000,0
-9.774999618530273,-5.139999866485596,0.125,155,148,136,30000,0
10.225000381469727,-5.139999866485596,0.125,163,150,139,30000,0
-9.774999618530273,-4.789999961853027,0.125,155,148,136,30000,0
10.225000381469727,-4.789999961853027,0.125,163,150,139,30000,0
-9.774999618530273,-4.440000057220459,0.125,155,148,136,30000,0
10.225000381469727,-4.440000057220459,0.125,163,150,139,30000,0
-9.774999618530273,-4.090000152587891,0.125,155,148,136,30000,0
10.225000381469727,-4.090000152587891,0.125,163,150,139,30000,0
-9.774999618530273,-3.740000009536743,0.125,155,148,136,30000,0
10.225000381469727,-3.740000009536743,0.125,163,150,139,30000,0
-9.774999618530273,-3.390000104904175,0.125,155,148,136,30000,0
10.225000381469727,-3.390000104904175,0.125,163,150,139,30000,0
-9.774999618530273,-3.0399999618530273,0.125,155,148,136,30000,0
10.225000381469727,-3.0399999618530273,0.125,163,150,139,30000,0
-9.774999618530273,-2.690000057220459,0.125,155,148,136,30000,0
10.225000381469727,-2.690000057220459,0.125,163,150,139,30000,0
-9.774999618530273,-2.3399999141693115,0.125,155,148,136,30000,0
10.225000381469727,-2.3399999141693115,0.125,163,150,139,30000,0
-9.774999618530273,-1.9900000095367432,0.125,155,148,136,30000,0
10.225000381469727,-1.9900000095367432,0.125,163,150,139,30000,0
-9.774999618530273,-1.6399999856948853,0.125,155,148,136,30000,0
10.225000381469727,-1.6399999856948853,0.125,163,150,139,30000,0
-9.774999618530273,-1.2899999618530273,0.125,155,148,136,30000,0
10.225000381469727,-1.2899999618530273,0.125,163,150,139,30000,0
-9.774999618530273,-0.9399999976158142,0.125,155,148,136,30000,0
10.225000381469727,-0.9399999976158142,0.125,163,150,139,30000,0
-9.774999618530273,-0.5899999737739563,0.125,155,148,136,30000,0
10.225000381469727,-0.5899999737739563,0.125,163,150,139,30000,0
-9.774999618530273,-0.23999999463558197,0.125,155,148,136,30000,0
10.225000381469727,-0.23999999463558197,0.125,163,150,139,30000,0
-9.774999618530273,0.10999999940395355,0.125,155,148,136,30000,0
10.225000381469727,0.10999999940395355,0.125,163,150,139,30000,0
-9.774999618530273,0.46000000834465027,0.125,155,148,136,30000,0
10.225000381469727,0.46000000834465027,0.125,163,150,139,30000,0
-9.774999618530273,0.8100000023841858,0.125,155,148,136,30000,0
10.225000381469727,0.8100000023841858,0.125,163,150,139,30000,0
-9.774999618530273,1.159999966621399,0.125,155,148,136,30000,0
10.225000381469727,1.159999966621399,0.125,163,150,139,30000,0
-9.774999618530273,1.5099999904632568,0.125,155,148,136,30000,0
10.225000381469727,1.5099999904632568,0.125,163,150,139,30000,0
-9.774999618530273,1.8600000143051147,0.125,155,148,136,30000,0
10.225000381469727,1.8600000143051147,0.125,163,150,139,30000,0
-9.774999618530273,2.2100000381469727,0.125,155,148,136,30000,0
10.225000381469727,2.2100000381469727,0.125,163,150,139,30000,0
-9.774999618530273,-5.489999771118164,-0.22499999403953552,155,148,136,30000,0
10.225000381469727,-5.489999771118164,-0.22499999403953552,163,150,139,30000,0
-9.774999618530273,-5.139999866485596,-0.22499999403953552,155,148,136,30000,0
10.225000381469727,-5.139999866485596,-0.22499999403953552,163,150,139,30000,0
-9.774999618530273,-4.789999961853027,-0.22499999403953552,155,148,136,30000,0
10.225000381469727,-4.789999961853027,-0.22499999403953552,163,150,139,30000,0
-9.774999618530273,-4.440000057220459,-0.22499999403953552,155,148,136,30000,0
10.225000381469727,-4.440000057220459,-0.22499999403953552,163,150,139,30000,0
-9.774999618530273,-4.090000152587891,-0.22499999403953552,155,148,136,30000,0
10.225000381469727,-4.090000152587891,-0.22499999403953552,163,150,139,30000,0
-9.774999618530273,-3.740000009536743,-0.22499999403953552,155,148,136,30000,0
10.225000381469727,-3.740000009536743,-0.22499999403953552,163,150,139,30000,0
-9.774999618530273,-3.390000104904175,-0.22499999403953552,155,148,136,30000,0
10.225000381469727,-3.390000104904175,-0.22499999403953552,163,150,139,30000,0
-9.774999618530273,-3.0399999618530273,-0.22499999403953552,155,148,136,30000,0
10.225000381469727,-3.0399999618530273,-0.22499999403953552,163,150,139,30000,0
-9.774999618530273,-2.690000057220459,-0.22499999403953552,155,148,136,30000,0
10.225000381469727,-2.690000057220459,-0.22499999403953552,163,150,139,30000,0
-9.774999618530273,-2.3399999141693115,-0.22499999403953552,155,148,136,30000,0
10.225000381469727,-2.3399999141693115,-0.22499999403953552,163,150,139,30000,0
-9.774999618530273,-1.9900000095367432,-0.22499999403953552,155,148,136,30000,0
10.225000381469727,-1.9900000095367432,-0.22499999403953552,163,150,139,30000,0
-9.774999618530273,-1.6399999856948853,-0.22499999403953552,155,148,136,30000,0
10.225000381469727,-1.6399999856948853,-0.22499999403953552,163,150,139,30000,0
-9.774999618530273,-1.2899999618530273,-0.22499999403953552,155,148,136,30000,0
10.225000381469727,-1.2899999618530273,-0.22499999403953552,163,150,139,30000,0
-9.774999618530273,-0.9399999976158142,-0.22499999403953552,155,148,136,30000,0
10.225000381469727,-0.9399999976158142,-0.22499999403953552,163,150,139,30000,0
-9.774999618530273,-0.5899999737739563,-0.22499999403953552,155,148,136,30000,0
10.225000381469727,-0.5899999737739563,-0.22499999403953552,163,150,139,30000,0
-9.774999618530273,-0.23999999463558197,-0.22499999403953552,155,148,136,30000,0
10.225000381469727,-0.23999999463558197,-0.22499999403953552,163,150,139,30000,0
-9.774999618530273,0.10999999940395355,-0.22499999403953552,155,148,136,30000,0
10.225000381469727,0.10999999940395355,-0.22499999403953552,163,150,139,30000,0
-9.774999618530273,0.46000000834465027,-0.22499999403953552,155,148,136,30000,0
10.225000381469727,0.46000000834465027,-0.22499999403953552,163,150,139,30000,0
-9.774999618530273,0.8100000023841858,-0.22499999403953552,155,148,136,30000,0
10.225000381469727,0.8100000023841858,-0.22499999403953552,163,150,139,30000,0
-9.774999618530273,1.159999966621399,-0.22499999403953552,155,148,136,30000,0
10.225000381469727,1.159999966621399,-0.22499999403953552,163,150,139,30000,0
-9.774999618530273,1.5099999904632568,-0.22499999403953552,155,148,136,30000,0
10.225000381469727,1.5099999904632568,-0.22499999403953552,163,150,139,30000,0
-9.774999618530273,1.8600000143051147,-0.22499999403953552,155,148,136,30000,0
10.225000381469727,1.8600000143051147,-0.22499999403953552,163,150,139,30000,0
-9.774999618530273,2.2100000381469727,-0.22499999403953552,155,148,136,30000,0
10.225000381469727,2.2100000381469727,-0.22499999403953552,163,150,139,30000,0
-9.774999618530273,-5.489999771118164,-0.574999988079071,155,148,136,30000,0
10.225000381469727,-5.489999771118164,-0.574999988079071,163,150,139,30000,0
-9.774999618530273,-5.139999866485596,-0.574999988079071,155,148,136,30000,0
10.225000381469727,-5.139999866485596,-0.574999988079071,163,150,139,30000,0
-9.774999618530273,-4.789999961853027,-0.574999988079071,155,148,136,30000,0
10.225000381469727,-4.789999961853027,-0.574999988079071,163,150,139,30000,0
-9.774999618530273,-4.440000057220459,-0.574999988079071,155,148,136,30000,0
10.225000381469727,-4.440000057220459,-0.574999988079071,163,150,139,30000,0
-9.774999618530273,-4.090000152587891,-0.574999988079071,155,148,136,30000,0
10.225000381469727,-4.090000152587891,-0.574999988079071,163,150,139,30000,0
-9.774999618530273,-3.740000009536743,-0.574999988079071,155,148,136,30000,0
10.225000381469727,-3.740000009536743,-0.574999988079071,163,150,139,30000,0
-9.774999618530273,-3.390000104904175,-0.574999988079071,155,148,136,30000,0
10.225000381469727,-3.390000104904175,-0.574999988079071,163,150,139,30000,0
-9.774999618530273,-3.0399999618530273,-0.574999988079071,155,148,136,30000,0
10.225000381469727,-3.0399999618530273,-0.574999988079071,163,150,139,30000,0
-9.774999618530273,-2.690000057220459,-0.574999988079071,155,148,136,30000,0
10.225000381469727,-2.690000057220459,-0.574999988079071,163,150,139,30000,0
-9.774999618530273,-2.3399999141693115,-0.574999988079071,155,148,136,30000,0
10.225000381469727,-2.3399999141693115,-0.574999988079071,163,150,139,30000,0
-9.774999618530273,-1.9900000095367432,-0.574999988079071,155,148,136,30000,0
10.225000381469727,-1.9900000095367432,-0.574999988079071,163,150,139,30000,0
-9.774999618530273,-1.6399999856948853,-0.574999988079071,155,148,136,30000,0
10.225000381469727,-1.6399999856948853,-0.574999988079071,163,150,139,30000,0
-9.774999618530273,-1.2899999618530273,-0.574999988079071,155,148,136,30000,0
10.225000381469727,-1.2899999618530273,-0.574999988079071,163,150,139,30000,0
-9.774999618530273,-0.9399999976158142,-0.574999988079071,155,148,136,30000,0
10.225000381469727,-0.9399999976158142,-0.574999988079071,163,150,139,30000,0
-9.774999618530273,-0.5899999737739563,-0.574999988079071,155,148,136,30000,0
10.225000381469727,-0.5899999737739563,-0.574999988079071,163,150,139,30000,0
-9.774999618530273,-0.23999999463558197,-0.574999988079071,155,148,136,30000,0
10.225000381469727,-0.23999999463558197,-0.574999988079071,163,150,139,30000,0
-9.774999618530273,0.10999999940395355,-0.574999988079071,155,148,136,30000,0
10.225000381469727,0.10999999940395355,-0.574999988079071,163,150,139,30000,0
-9.774999618530273,0.46000000834465027,-0.574999988079071,155,148,136,30000,0
10.225000381469727,0.46000000834465027,-0.574999988079071,163,150,139,30000,0
-9.774999618530273,0.8100000023841858,-0.574999988079071,155,148,136,30000,0
10.225000381469727,0.8100000023841858,-0.574999988079071,163,150,139,30000,0
-9.774999618530273,1.159999966621399,-0.574999988079071,155,148,136,30000,0
10.225000381469727,1.159999966621399,-0.574999988079071,163,150,139,30000,0
-9.774999618530273,1.5099999904632568,-0.574999988079071,155,148,136,30000,0
10.225000381469727,1.5099999904632568,-0.574999988079071,163,150,139,30000,0
-9.774999618530273,1.8600000143051147,-0.574999988079071,155,148,136,30000,0
10.225000381469727,1.8600000143051147,-0.574999988079071,163,150,139,30000,0
-9.774999618530273,2.2100000381469727,-0.574999988079071,155,148,136,30000,0
10.225000381469727,2.2100000381469727,-0.574999988079071,163,150,139,30000,0
-9.774999618530273,-5.489999771118164,-0.925000011920929,155,148,136,30000,0
10.225000381469727,-5.489999771118164,-0.925000011920929,163,150,139,30000,0
-9.774999618530273,-5.139999866485596,-0.925000011920929,155,148,136,30000,0
10.225000381469727,-5.139999866485596,-0.925000011920929,163,150,139,30000,0
-9.774999618530273,-4.789999961853027,-0.925000011920929,155,148,136,30000,0
10.225000381469727,-4.789999961853027,-0.925000011920929,163,150,139,30000,0
-9.774999618530273,-4.440000057220459,-0.925000011920929,155,148,136,30000,0
10.225000381469727,-4.440000057220459,-0.925000011920929,163,150,139,30000,0
-9.774999618530273,-4.090000152587891,-0.925000011920929,155,148,136,30000,0
10.225000381469727,-4.090000152587891,-0.925000011920929,163,150,139,30000,0
-9.774999618530273,-3.740000009536743,-0.925000011920929,155,148,136,30000,0
10.225000381469727,-3.740000009536743,-0.925000011920929,163,150,139,30000,0
-9.774999618530273,-3.390000104904175,-0.925000011920929,155,148,136,30000,0
10.225000381469727,-3.390000104904175,-0.925000011920929,163,150,139,30000,0
-9.774999618530273,-3.0399999618530273,-0.925000011920929,155,148,136,30000,0
10.225000381469727,-3.0399999618530273,-0.925000011920929,163,150,139,30000,0
-9.774999618530273,-2.690000057220459,-0.925000011920929,155,148,136,30000,0
10.225000381469727,-2.690000057220459,-0.925000011920929,163,150,139,30000,0
-9.774999618530273,-2.3399999141693115,-0.925000011920929,155,148,136,30000,0
10.225000381469727,-2.3399999141693115,-0.925000011920929,163,150,139,30000,0
-9.774999618530273,-1.9900000095367432,-0.925000011920929,155,148,136,30000,0
10.225000381469727,-1.9900000095367432,-0.925000011920929,163,150,139,30000,0
-9.774999618530273,-1.6399999856948853,-0.925000011920929,155,148,136,30000,0
10.225000381469727,-1.6399999856948853,-0.925000011920929,163,150,139,30000,0
-9.774999618530273,-1.2899999618530273,-0.925000011920929,155,148,136,30000,0
10.225000381469727,-1.2899999618530273,-0.925000011920929,163,150,139,30000,0
-9.774999618530273,-0.9399999976158142,-0.925000011920929,155,148,136,30000,0
10.225000381469727,-0.9399999976158142,-0.925000011920929,163,150,139,30000,0
-9.774999618530273,-0.5899999737739563,-0.925000011920929,155,148,136,30000,0
10.225000381469727,-0.5899999737739563,-0.925000011920929,163,150,139,30000,0
-9.774999618530273,-0.23999999463558197,-0.925000011920929,155,148,136,30000,0
10.225000381469727,-0.23999999463558197,-0.925000011920929,163,150,139,30000,0
-9.774999618530273,0.10999999940395355,-0.925000011920929,155,148,136,30000,0
10.225000381469727,0.10999999940395355,-0.925000011920929,163,150,139,30000,0
-9.774999618530273,0.46000000834465027,-0.925000011920929,155,148,136,30000,0
10.225000381469727,0.46000000834465027,-0.925000011920929,163,150,139,30000,0
-9.774999618530273,0.8100000023841858,-0.925000011920929,155,148,136,30000,0
10.225000381469727,0.8100000023841858,-0.925000011920929,163,150,139,30000,0
-9.774999618530273,1.159999966621399,-0.925000011920929,155,148,136,30000,0
10.225000381469727,1.159999966621399,-0.925000011920929,163,150,139,30000,0
-9.774999618530273,1.5099999904632568,-0.925000011920929,155,148,136,30000,0
10.225000381469727,1.5099999904632568,-0.925000011920929,163,150,139,30000,0
-9.774999618530273,1.8600000143051147,-0.925000011920929,155,148,136,30000,0
10.225000381469727,1.8600000143051147,-0.925000011920929,163,150,139,30000,0
-9.774999618530273,2.2100000381469727,-0.925000011920929,155,148,136,30000,0
10.225000381469727,2.2100000381469727,-0.925000011920929,163,150,139,30000,0
-9.774999618530273,-5.489999771118164,-1.274999976158142,155,148,136,30000,0
10.225000381469727,-5.489999771118164,-1.274999976158142,163,150,139,30000,0
-9.774999618530273,-5.139999866485596,-1.274999976158142,155,148,136,30000,0
10.225000381469727,-5.139999866485596,-1.274999976158142,163,150,139,30000,0
-9.774999618530273,-4.789999961853027,-1.274999976158142,155,148,136,30000,0
10.225000381469727,-4.789999961853027,-1.274999976158142,163,150,139,30000,0
-9.774999618530273,-4.440000057220459,-1.274999976158142,155,148,136,30000,0
10.225000381469727,-4.440000057220459,-1.274999976158142,163,150,139,30000,0
-9.774999618530273,-4.090000152587891,-1.274999976158142,155,148,136,30000,0
10.225000381469727,-4.090000152587891,-1.274999976158142,163,150,139,30000,0
-9.774999618530273,-3.740000009536743,-1.274999976158142,155,148,136,30000,0
10.225000381469727,-3.740000009536743,-1.274999976158142,163,150,139,30000,0
-9.774999618530273,-3.390000104904175,-1.274999976158142,155,148,136,30000,0
10.225000381469727,-3.390000104904175,-1.274999976158142,163,150,139,30000,0
-9.774999618530273,-3.0399999618530273,-1.274999976158142,155,148,136,30000,0
10.225000381469727,-3.0399999618530273,-1.274999976158142,163,150,139,30000,0
-9.774999618530273,-2.690000057220459,-1.274999976158142,155,148,136,30000,0
10.225000381469727,-2.690000057220459,-1.274999976158142,163,150,139,30000,0
-9.774999618530273,-2.3399999141693115,-1.274999976158142,155,148,136,30000,0
10.225000381469727,-2.3399999141693115,-1.274999976158142,163,150,139,30000,0
-9.774999618530273,-1.9900000095367432,-1.274999976158142,155,148,136,30000,0
10.225000381469727,-1.9900000095367432,-1.274999976158142,163,150,139,30000,0
-9.774999618530273,-1.6399999856948853,-1.274999976158142,155,148,136,30000,0
10.225000381469727,-1.6399999856948853,-1.274999976158142,163,150,139,30000,0
-9.774999618530273,-1.2899999618530273,-1.274999976158142,155,148,136,30000,0
10.225000381469727,-1.2899999618530273,-1.274999976158142,163,150,139,30000,0
-9.774999618530273,-0.9399999976158142,-1.274999976158142,155,148,136,30000,0
10.225000381469727,-0.9399999976158142,-1.274999976158142,163,150,139,30000,0
-9.774999618530273,-0.5899999737739563,-1.274999976158142,155,148,136,30000,0
10.225000381469727,-0.5899999737739563,-1.274999976158142,163,150,139,30000,0
-9.774999618530273,-0.23999999463558197,-1.274999976158142,155,148,136,30000,0
10.225000381469727,-0.23999999463558197,-1.274999976158142,163,150,139,30000,0
-9.774999618530273,0.10999999940395355,-1.274999976158142,155,148,136,30000,0
10.225000381469727,0.10999999940395355,-1.274999976158142,163,150,139,30000,0
-9.774999618530273,0.46000000834465027,-1.274999976158142,155,148,136,30000,0
10.225000381469727,0.46000000834465027,-1.274999976158142,163,150,139,30000,0
-9.774999618530273,0.8100000023841858,-1.274999976158142,155,148,136,30000,0
10.225000381469727,0.8100000023841858,-1.274999976158142,163,150,139,30000,0
-9.774999618530273,1.159999966621399,-1.274999976158142,155,148,136,30000,0
10.225000381469727,1.159999966621399,-1.274999976158142,163,150,139,30000,0
-9.774999618530273,1.5099999904632568,-1.274999976158142,155,148,136,30000,0
10.225000381469727,1.5099999904632568,-1.274999976158142,163,150,139,30000,0
-9.774999618530273,1.8600000143051147,-1.274999976158142,155,148,136,30000,0
10.225000381469727,1.8600000143051147,-1.274999976158142,163,150,139,30000,0
-9.774999618530273,2.2100000381469727,-1.274999976158142,155,148,136,30000,0
10.225000381469727,2.2100000381469727,-1.274999976158142,163,150,139,30000,0
-9.774999618530273,-5.489999771118164,-1.625,155,148,136,30000,0
10.225000381469727,-5.489999771118164,-1.625,163,150,139,30000,0
-9.774999618530273,-5.139999866485596,-1.625,155,148,136,30000,0
10.225000381469727,-5.139999866485596,-1.625,163,150,139,30000,0
-9.774999618530273,-4.789999961853027,-1.625,155,148,136,30000,0
10.225000381469727,-4.789999961853027,-1.625,163,150,139,30000,0
-9.774999618530273,-4.440000057220459,-1.625,155,148,136,30000,0
10.225000381469727,-4.440000057220459,-1.625,163,150,139,30000,0
-9.774999618530273,-4.090000152587891,-1.625,155,148,136,30000,0
10.225000381469727,-4.090000152587891,-1.625,163,150,139,30000,0
-9.774999618530273,-3.740000009536743,-1.625,155,148,136,30000,0
10.225000381469727,-3.740000009536743,-1.625,163,150,139,30000,0
-9.774999618530273,-3.390000104904175,-1.625,155,148,136,30000,0
10.225000381469727,-3.390000104904175,-1.625,163,150,139,30000,0
-9.774999618530273,-3.0399999618530273,-1.625,155,148,136,30000,0
10.225000381469727,-3.0399999618530273,-1.625,163,150,139,30000,0
-9.774999618530273,-2.690000057220459,-1.625,155,148,136,30000,0
10.225000381469727,-2.690000057220459,-1.625,163,150,139,30000,0
-9.774999618530273,-2.3399999141693115,-1.625,155,148,136,30000,0
10.225000381469727,-2.3399999141693115,-1.625,163,150,139,30000,0
-9.774999618530273,-1.9900000095367432,-1.625,155,148,136,30000,0
10.225000381469727,-1.9900000095367432,-1.625,163,150,139,30000,0
-9.774999618530273,-1.6399999856948853,-1.625,155,148,136,30000,0
10.225000381469727,-1.6399999856948853,-1.625,163,150,139,30000,0
-9.774999618530273,-1.2899999618530273,-1.625,155,148,136,30000,0
10.225000381469727,-1.2899999618530273,-1.625,163,150,139,30000,0
-9.774999618530273,-0.9399999976158142,-1.625,155,148,136,30000,0
10.225000381469727,-0.9399999976158142,-1.625,163,150,139,30000,0
-9.774999618530273,-0.5899999737739563,-1.625,155,148,136,30000,0
10.225000381469727,-0.5899999737739563,-1.625,163,150,139,30000,0
-9.774999618530273,-0.23999999463558197,-1.625,155,148,136,30000,0
10.225000381469727,-0.23999999463558197,-1.625,163,150,139,30000,0
-9.774999618530273,0.10999999940395355,-1.625,155,148,136,30000,0
10.225000381469727,0.10999999940395355,-1.625,163,150,139,30000,0
-9.774999618530273,0.46000000834465027,-1.625,155,148,136,30000,0
10.225000381469727,0.46000000834465027,-1.625,163,150,139,30000,0
-9.774999618530273,0.8100000023841858,-1.625,155,148,136,30000,0
10.225000381469727,0.8100000023841858,-1.625,163,150,139,30000,0
-9.774999618530273,1.159999966621399,-1.625,155,148,136,30000,0
10.225000381469727,1.159999966621399,-1.625,163,150,139,30000,0
-9.774999618530273,1.5099999904632568,-1.625,155,148,136,30000,0
10.225000381469727,1.5099999904632568,-1.625,163,150,139,30000,0
-9.774999618530273,1.8600000143051147,-1.625,155,148,136,30000,0
10.225000381469727,1.8600000143051147,-1.625,163,150,139,30000,0
-9.774999618530273,2.2100000381469727,-1.625,155,148,136,30000,0
10.225000381469727,2.2100000381469727,-1.625,163,150,139,30000,0
-9.774999618530273,-5.489999771118164,-1.975000023841858,155,148,136,30000,0
10.225000381469727,-5.489999771118164,-1.975000023841858,163,150,139,30000,0
-9.774999618530273,-5.139999866485596,-1.975000023841858,155,148,136,30000,0
10.225000381469727,-5.139999866485596,-1.975000023841858,163,150,139,30000,0
-9.774999618530273,-4.789999961853027,-1.975000023841858,155,148,136,30000,0
10.225000381469727,-4.789999961853027,-1.975000023841858,163,150,139,30000,0
-9.774999618530273,-4.440000057220459,-1.975000023841858,155,148,136,30000,0
10.225000381469727,-4.440000057220459,-1.975000023841858,163,150,139,30000,0
-9.774999618530273,-4.090000152587891,-1.975000023841858,155,148,136,30000,0
10.225000381469727,-4.090000152587891,-1.975000023841858,163,150,139,30000,0
-9.774999618530273,-3.740000009536743,-1.975000023841858,155,148,136,30000,0
10.225000381469727,-3.740000009536743,-1.975000023841858,163,150,139,30000,0
-9.774999618530273,-3.390000104904175,-1.975000023841858,155,148,136,30000,0
10.225000381469727,-3.390000104904175,-1.975000023841858,163,150,139,30000,0
-9.774999618530273,-3.0399999618530273,-1.975000023841858,155,148,136,30000,0
10.225000381469727,-3.0399999618530273,-1.975000023841858,163,150,139,30000,0
-9.774999618530273,-2.690000057220459,-1.975000023841858,155,148,136,30000,0
10.225000381469727,-2.690000057220459,-1.975000023841858,163,150,139,30000,0
-9.774999618530273,-2.3399999141693115,-1.975000023841858,155,148,136,30000,0
10.225000381469727,-2.3399999141693115,-1.975000023841858,163,150,139,30000,0
-9.774999618530273,-1.9900000095367432,-1.975000023841858,155,148,136,30000,0
10.225000381469727,-1.9900000095367432,-1.975000023841858,163,150,139,30000,0
-9.774999618530273,-1.6399999856948853,-1.975000023841858,155,148,136,30000,0
10.225000381469727,-1.6399999856948853,-1.975000023841858,163,150,139,30000,0
-9.774999618530273,-1.2899999618530273,-1.975000023841858,155,148,136,30000,0
10.225000381469727,-1.2899999618530273,-1.975000023841858,163,150,139,30000,0
-9.774999618530273,-0.9399999976158142,-1.975000023841858,155,148,136,30000,0
10.225000381469727,-0.9399999976158142,-1.975000023841858,163,150,139,30000,0
-9.774999618530273,-0.5899999737739563,-1.975000023841858,155,148,136,30000,0
10.225000381469727,-0.5899999737739563,-1.975000023841858,163,150,139,30000,0
-9.774999618530273,-0.23999999463558197,-1.975000023841858,155,148,136,30000,0
10.225000381469727,-0.23999999463558197,-1.975000023841858,163,150,139,30000,0
-9.774999618530273,0.10999999940395355,-1.975000023841858,155,148,136,30000,0
10.225000381469727,0.10999999940395355,-1.975000023841858,163,150,139,30000,0
-9.774999618530273,0.46000000834465027,-1.975000023841858,155,148,136,30000,0
10.225000381469727,0.46000000834465027,-1.975000023841858,163,150,139,30000,0
-9.774999618530273,0.8100000023841858,-1.975000023841858,155,148,136,30000,0
10.225000381469727,0.8100000023841858,-1.975000023841858,163,150,139,30000,0
-9.774999618530273,1.159999966621399,-1.975000023841858,155,148,136,30000,0
10.225000381469727,1.159999966621399,-1.975000023841858,163,150,139,30000,0
-9.774999618530273,1.5099999904632568,-1.975000023841858,155,148,136,30000,0
10.225000381469727,1.5099999904632568,-1.975000023841858,163,150,139,30000,0
-9.774999618530273,1.8600000143051147,-1.975000023841858,155,148,136,30000,0
10.225000381469727,1.8600000143051147,-1.975000023841858,163,150,139,30000,0
-9.774999618530273,2.2100000381469727,-1.975000023841858,155,148,136,30000,0
10.225000381469727,2.2100000381469727,-1.975000023841858,163,150,139,30000,0
-9.774999618530273,-5.489999771118164,-2.325000047683716,155,148,136,30000,0
10.225000381469727,-5.489999771118164,-2.325000047683716,163,150,139,30000,0
-9.774999618530273,-5.139999866485596,-2.325000047683716,155,148,136,30000,0
10.225000381469727,-5.139999866485596,-2.325000047683716,163,150,139,30000,0
-9.774999618530273,-4.789999961853027,-2.325000047683716,155,148,136,30000,0
10.225000381469727,-4.789999961853027,-2.325000047683716,163,150,139,30000,0
-9.774999618530273,-4.440000057220459,-2.325000047683716,155,148,136,30000,0
10.225000381469727,-4.440000057220459,-2.325000047683716,163,150,139,30000,0
-9.774999618530273,-4.090000152587891,-2.325000047683716,155,148,136,30000,0
10.225000381469727,-4.090000152587891,-2.325000047683716,163,150,139,30000,0
-9.774999618530273,-3.740000009536743,-2.325000047683716,155,148,136,30000,0
10.225000381469727,-3.740000009536743,-2.325000047683716,163,150,139,30000,0
-9.774999618530273,-3.390000104904175,-2.325000047683716,155,148,136,30000,0
10.225000381469727,-3.390000104904175,-2.325000047683716,163,150,139,30000,0
-9.774999618530273,-3.0399999618530273,-2.325000047683716,155,148,136,30000,0
10.225000381469727,-3.0399999618530273,-2.325000047683716,163,150,139,30000,0
-9.774999618530273,-2.690000057220459,-2.325000047683716,155,148,136,30000,0
10.225000381469727,-2.690000057220459,-2.325000047683716,163,150,139,30000,0
-9.774999618530273,-2.3399999141693115,-2.325000047683716,155,148,136,30000,0
10.225000381469727,-2.3399999141693115,-2.325000047683716,163,150,139,30000,0
-9.774999618530273,-1.9900000095367432,-2.325000047683716,155,148,136,30000,0
10.225000381469727,-1.9900000095367432,-2.325000047683716,163,150,139,30000,0
-9.774999618530273,-1.6399999856948853,-2.325000047683716,155,148,136,30000,0
10.225000381469727,-1.6399999856948853,-2.325000047683716,163,150,139,30000,0
-9.774999618530273,-1.2899999618530273,-2.325000047683716,155,148,136,30000,0
10.225000381469727,-1.2899999618530273,-2.325000047683716,163,150,139,30000,0
-9.774999618530273,-0.9399999976158142,-2.325000047683716,155,148,136,30000,0
10.225000381469727,-0.9399999976158142,-2.325000047683716,163,150,139,30000,0
-9.774999618530273,-0.5899999737739563,-2.325000047683716,155,148,136,30000,0
10.225000381469727,-0.5899999737739563,-2.325000047683716,163,150,139,30000,0
-9.774999618530273,-0.23999999463558197,-2.325000047683716,155,148,136,30000,0
10.225000381469727,-0.23999999463558197,-2.325000047683716,163,150,139,30000,0
-9.774999618530273,0.10999999940395355,-2.325000047683716,155,148,136,30000,0
10.225000381469727,0.10999999940395355,-2.325000047683716,163,150,139,30000,0
-9.774999618530273,0.46000000834465027,-2.325000047683716,155,148,136,30000,0
10.225000381469727,0.46000000834465027,-2.325000047683716,163,150,139,30000,0
-9.774999618530273,0.8100000023841858,-2.325000047683716,155,148,136,30000,0
10.225000381469727,0.8100000023841858,-2.325000047683716,163,150,139,30000,0
-9.774999618530273,1.159999966621399,-2.325000047683716,155,148,136,30000,0
10.225000381469727,1.159999966621399,-2.325000047683716,163,150,139,30000,0
-9.774999618530273,1.5099999904632568,-2.325000047683716,155,148,136,30000,0
10.225000381469727,1.5099999904632568,-2.325000047683716,163,150,139,30000,0
-9.774999618530273,1.8600000143051147,-2.325000047683716,155,148,136,30000,0
10.225000381469727,1.8600000143051147,-2.325000047683716,163,150,139,30000,0
-9.774999618530273,2.2100000381469727,-2.325000047683716,155,148,136,30000,0
10.225000381469727,2.2100000381469727,-2.325000047683716,163,150,139,30000,0
-9.774999618530273,-5.489999771118164,-2.674999952316284,155,148,136,30000,0
10.225000381469727,-5.489999771118164,-2.674999952316284,163,150,139,30000,0
-9.774999618530273,-5.139999866485596,-2.674999952316284,155,148,136,30000,0
10.225000381469727,-5.139999866485596,-2.674999952316284,163,150,139,30000,0
-9.774999618530273,-4.789999961853027,-2.674999952316284,155,148,136,30000,0
10.225000381469727,-4.789999961853027,-2.674999952316284,163,150,139,30000,0
-9.774999618530273,-4.440000057220459,-2.674999952316284,155,148,136,30000,0
10.225000381469727,-4.440000057220459,-2.674999952316284,163,150,139,30000,0
-9.774999618530273,-4.090000152587891,-2.674999952316284,155,148,136,30000,0
10.225000381469727,-4.090000152587891,-2.674999952316284,163,150,139,30000,0
-9.774999618530273,-3.740000009536743,-2.674999952316284,155,148,136,30000,0
10.225000381469727,-3.740000009536743,-2.674999952316284,163,150,139,30000,0
-9.774999618530273,-3.390000104904175,-2.674999952316284,155,148,136,30000,0
10.225000381469727,-3.390000104904175,-2.674999952316284,163,150,139,30000,0
-9.774999618530273,-3.0399999618530273,-2.674999952316284,155,148,136,30000,0
10.225000381469727,-3.0399999618530273,-2.674999952316284,163,150,139,30000,0
-9.774999618530273,-2.690000057220459,-2.674999952316284,155,148,136,30000,0
10.225000381469727,-2.690000057220459,-2.674999952316284,163,150,139,30000,0
-9.774999618530273,-2.3399999141693115,-2.674999952316284,155,148,136,30000,0
10.225000381469727,-2.3399999141693115,-2.674999952316284,163,150,139,30000,0
-9.774999618530273,-1.9900000095367432,-2.674999952316284,155,148,136,30000,0
10.225000381469727,-1.9900000095367432,-2.674999952316284,163,150,139,30000,0
-9.774999618530273,-1.6399999856948853,-2.674999952316284,155,148,136,30000,0
10.225000381469727,-1.6399999856948853,-2.674999952316284,163,150,139,30000,0
-9.774999618530273,-1.2899999618530273,-2.674999952316284,155,148,136,30000,0
10.225000381469727,-1.2899999618530273,-2.674999952316284,163,150,139,30000,0
-9.774999618530273,-0.9399999976158142,-2.674999952316284,155,148,136,30000,0
10.225000381469727,-0.9399999976158142,-2.674999952316284,163,150,139,30000,0
-9.774999618530273,-0.5899999737739563,-2.674999952316284,155,148,136,30000,0
10.225000381469727,-0.5899999737739563,-2.674999952316284,163,150,139,30000,0
-9.774999618530273,-0.23999999463558197,-2.674999952316284,155,148,136,30000,0
10.225000381469727,-0.23999999463558197,-2.674999952316284,163,150,139,30000,0
-9.774999618530273,0.10999999940395355,-2.674999952316284,155,148,136,30000,0
10.225000381469727,0.10999999940395355,-2.674999952316284,163,150,139,30000,0
-9.774999618530273,0.46000000834465027,-2.674999952316284,155,148,136,30000,0
10.225000381469727,0.46000000834465027,-2.674999952316284,163,150,139,30000,0
-9.774999618530273,0.8100000023841858,-2.674999952316284,155,148,136,30000,0
10.225000381469727,0.8100000023841858,-2.674999952316284,163,150,139,30000,0
-9.774999618530273,1.159999966621399,-2.674999952316284,155,148,136,30000,0
10.225000381469727,1.159999966621399,-2.674999952316284,163,150,139,30000,0
-9.774999618530273,1.5099999904632568,-2.674999952316284,155,148,136,30000,0
10.225000381469727,1.5099999904632568,-2.674999952316284,163,150,139,30000,0
-9.774999618530273,1.8600000143051147,-2.674999952316284,155,148,136,30000,0
10.225000381469727,1.8600000143051147,-2.674999952316284,163,150,139,30000,0
-9.774999618530273,2.2100000381469727,-2.674999952316284,155,148,136,30000,0
10.225000381469727,2.2100000381469727,-2.674999952316284,163,150,139,30000,0
-9.774999618530273,-5.489999771118164,-3.0250000953674316,155,148,136,30000,0
10.225000381469727,-5.489999771118164,-3.0250000953674316,163,150,139,30000,0
-9.774999618530273,-5.139999866485596,-3.0250000953674316,155,148,136,30000,0
10.225000381469727,-5.139999866485596,-3.0250000953674316,163,150,139,30000,0
-9.774999618530273,-4.789999961853027,-3.0250000953674316,155,148,136,30000,0
10.225000381469727,-4.789999961853027,-3.0250000953674316,163,150,139,30000,0
-9.774999618530273,-4.440000057220459,-3.0250000953674316,155,148,136,30000,0
10.225000381469727,-4.440000057220459,-3.0250000953674316,163,150,139,30000,0
-9.774999618530273,-4.090000152587891,-3.0250000953674316,155,148,136,30000,0
10.225000381469727,-4.090000152587891,-3.0250000953674316,163,150,139,30000,0
-9.774999618530273,-3.740000009536743,-3.0250000953674316,155,148,136,30000,0
10.225000381469727,-3.740000009536743,-3.0250000953674316,163,150,139,30000,0
-9.774999618530273,-3.390000104904175,-3.0250000953674316,155,148,136,30000,0
10.225000381469727,-3.390000104904175,-3.0250000953674316,163,150,139,30000,0
-9.774999618530273,-3.0399999618530273,-3.0250000953674316,155,148,136,30000,0
10.225000381469727,-3.0399999618530273,-3.0250000953674316,163,150,139,30000,0
-9.774999618530273,-2.690000057220459,-3.0250000953674316,155,148,136,30000,0
10.225000381469727,-2.690000057220459,-3.0250000953674316,163,150,139,30000,0
-9.774999618530273,-2.3399999141693115,-3.0250000953674316,155,148,136,30000,0
10.225000381469727,-2.3399999141693115,-3.0250000953674316,163,150,139,30000,0
-9.774999618530273,-1.9900000095367432,-3.0250000953674316,155,148,136,30000,0
10.225000381469727,-1.9900000095367432,-3.0250000953674316,163,150,139,30000,0
-9.774999618530273,-1.6399999856948853,-3.0250000953674316,155,148,136,30000,0
10.225000381469727,-1.6399999856948853,-3.0250000953674316,163,150,139,30000,0
-9.774999618530273,-1.2899999618530273,-3.0250000953674316,155,148,136,30000,0
10.225000381469727,-1.2899999618530273,-3.0250000953674316,163,150,139,30000,0
-9.774999618530273,-0.9399999976158142,-3.0250000953674316,155,148,136,30000,0
10.225000381469727,-0.9399999976158142,-3.0250000953674316,163,150,139,30000,0
-9.774999618530273,-0.5899999737739563,-3.0250000953674316,155,148,136,30000,0
10.225000381469727,-0.5899999737739563,-3.0250000953674316,163,150,139,30000,0
-9.774999618530273,-0.23999999463558197,-3.0250000953674316,155,148,136,30000,0
10.225000381469727,-0.23999999463558197,-3.0250000953674316,163,150,139,30000,0
-9.774999618530273,0.10999999940395355,-3.0250000953674316,155,148,136,30000,0
10.225000381469727,0.10999999940395355,-3.0250000953674316,163,150,139,30000,0
-9.774999618530273,0.46000000834465027,-3.0250000953674316,155,148,136,30000,0
10.225000381469727,0.46000000834465027,-3.0250000953674316,163,150,139,30000,0
-9.774999618530273,0.8100000023841858,-3.0250000953674316,155,148,136,30000,0
10.225000381469727,0.8100000023841858,-3.0250000953674316,163,150,139,30000,0
-9.774999618530273,1.159999966621399,-3.0250000953674316,155,148,136,30000,0
10.225000381469727,1.159999966621399,-3.0250000953674316,163,150,139,30000,0
-9.774999618530273,1.5099999904632568,-3.0250000953674316,155,148,136,30000,0
10.225000381469727,1.5099999904632568,-3.0250000953674316,163,150,139,30000,0
-9.774999618530273,1.8600000143051147,-3.0250000953674316,155,148,136,30000,0
10.225000381469727,1.8600000143051147,-3.0250000953674316,163,150,139,30000,0
-9.774999618530273,2.2100000381469727,-3.0250000953674316,155,148,136,30000,0
10.225000381469727,2.2100000381469727,-3.0250000953674316,163,150,139,30000,0
-9.774999618530273,-5.489999771118164,-3.375,155,148,136,30000,0
10.225000381469727,-5.489999771118164,-3.375,163,150,139,30000,0
-9.774999618530273,-5.139999866485596,-3.375,155,148,136,30000,0
10.225000381469727,-5.139999866485596,-3.375,163,150,139,30000,0
-9.774999618530273,-4.789999961853027,-3.375,155,148,136,30000,0
10.225000381469727,-4.789999961853027,-3.375,163,150,139,30000,0
-9.774999618530273,-4.440000057220459,-3.375,155,148,136,30000,0
10.225000381469727,-4.440000057220459,-3.375,163,150,139,30000,0
-9.774999618530273,-4.090000152587891,-3.375,155,148,136,30000,0
10.225000381469727,-4.090000152587891,-3.375,163,150,139,30000,0
-9.774999618530273,-3.740000009536743,-3.375,155,148,136,30000,0
10.225000381469727,-3.740000009536743,-3.375,163,150,139,30000,0
-9.774999618530273,-3.390000104904175,-3.375,155,148,136,30000,0
10.225000381469727,-3.390000104904175,-3.375,163,150,139,30000,0
-9.774999618530273,-3.0399999618530273,-3.375,155,148,136,30000,0
10.225000381469727,-3.0399999618530273,-3.375,163,150,139,30000,0
-9.774999618530273,-2.690000057220459,-3.375,155,148,136,30000,0
10.225000381469727,-2.690000057220459,-3.375,163,150,139,30000,0
-9.774999618530273,-2.3399999141693115,-3.375,155,148,136,30000,0
10.225000381469727,-2.3399999141693115,-3.375,163,150,139,30000,0
-9.774999618530273,-1.9900000095367432,-3.375,155,148,136,30000,0
10.225000381469727,-1.9900000095367432,-3.375,163,150,139,30000,0
-9.774999618530273,-1.6399999856948853,-3.375,155,148,136,30000,0
10.225000381469727,-1.6399999856948853,-3.375,163,150,139,30000,0
-9.774999618530273,-1.2899999618530273,-3.375,155,148,136,30000,0
10.225000381469727,-1.2899999618530273,-3.375,163,150,139,30000,0
-9.774999618530273,-0.9399999976158142,-3.375,155,148,136,30000,0
10.225000381469727,-0.9399999976158142,-3.375,163,150,139,30000,0
-9.774999618530273,-0.5899999737739563,-3.375,155,148,136,30000,0
10.225000381469727,-0.5899999737739563,-3.375,163,150,139,30000,0
-9.774999618530273,-0.23999999463558197,-3.375,155,148,136,30000,0
10.225000381469727,-0.23999999463558197,-3.375,163,150,139,30000,0
-9.774999618530273,0.10999999940395355,-3.375,155,148,136,30000,0
10.225000381469727,0.10999999940395355,-3.375,163,150,139,30000,0
-9.774999618530273,0.46000000834465027,-3.375,155,148,136,30000,0
10.225000381469727,0.46000000834465027,-3.375,163,150,139,30000,0
-9.774999618530273,0.8100000023841858,-3.375,155,148,136,30000,0
10.225000381469727,0.8100000023841858,-3.375,163,150,139,30000,0
-9.774999618530273,1.159999966621399,-3.375,155,148,136,30000,0
10.225000381469727,1.159999966621399,-3.375,163,150,139,30000,0
-9.774999618530273,1.5099999904632568,-3.375,155,148,136,30000,0
10.225000381469727,1.5099999904632568,-3.375,163,150,139,30000,0
-9.774999618530273,1.8600000143051147,-3.375,155,148,136,30000,0
10.225000381469727,1.8600000143051147,-3.375,163,150,139,30000,0
-9.774999618530273,2.2100000381469727,-3.375,155,148,136,30000,0
10.225000381469727,2.2100000381469727,-3.375,163,150,139,30000,0
-9.774999618530273,-5.489999771118164,-3.7249999046325684,155,148,136,30000,0
10.225000381469727,-5.489999771118164,-3.7249999046325684,163,150,139,30000,0
-9.774999618530273,-5.139999866485596,-3.7249999046325684,155,148,136,30000,0
10.225000381469727,-5.139999866485596,-3.7249999046325684,163,150,139,30000,0
-9.774999618530273,-4.789999961853027,-3.7249999046325684,155,148,136,30000,0
10.225000381469727,-4.789999961853027,-3.7249999046325684,163,150,139,30000,0
-9.774999618530273,-4.440000057220459,-3.7249999046325684,155,148,136,30000,0
10.225000381469727,-4.440000057220459,-3.7249999046325684,163,150,139,30000,0
-9.774999618530273,-4.090000152587891,-3.7249999046325684,155,148,136,30000,0
10.225000381469727,-4.090000152587891,-3.7249999046325684,163,150,139,30000,0
-9.774999618530273,-3.740000009536743,-3.7249999046325684,155,148,136,30000,0
10.225000381469727,-3.740000009536743,-3.7249999046325684,163,150,139,30000,0
-9.774999618530273,-3.390000104904175,-3.7249999046325684,155,148,136,30000,0
10.225000381469727,-3.390000104904175,-3.7249999046325684,163,150,139,30000,0
-9.774999618530273,-3.0399999618530273,-3.7249999046325684,155,148,136,30000,0
10.225000381469727,-3.0399999618530273,-3.7249999046325684,163,150,139,30000,0
-9.774999618530273,-2.690000057220459,-3.7249999046325684,155,148,136,30000,0
10.225000381469727,-2.690000057220459,-3.7249999046325684,163,150,139,30000,0
-9.774999618530273,-2.3399999141693115,-3.7249999046325684,155,148,136,30000,0
10.225000381469727,-2.3399999141693115,-3.7249999046325684,163,150,139,30000,0
-9.774999618530273,-1.9900000095367432,-3.7249999046325684,155,148,136,30000,0
10.225000381469727,-1.9900000095367432,-3.7249999046325684,163,150,139,30000,0
-9.774999618530273,-1.6399999856948853,-3.7249999046325684,155,148,136,30000,0
10.225000381469727,-1.6399999856948853,-3.7249999046325684,163,150,139,30000,0
-9.774999618530273,-1.2899999618530273,-3.7249999046325684,155,148,136,30000,0
10.225000381469727,-1.2899999618530273,-3.7249999046325684,163,150,139,30000,0
-9.774999618530273,-0.9399999976158142,-3.7249999046325684,155,148,136,30000,0
10.225000381469727,-0.9399999976158142,-3.7249999046325684,163,150,139,30000,0
-9.774999618530273,-0.5899999737739563,-3.7249999046325684,155,148,136,30000,0
10.225000381469727,-0.5899999737739563,-3.7249999046325684,163,150,139,30000,0
-9.774999618530273,-0.23999999463558197,-3.7249999046325684,155,148,136,30000,0
10.225000381469727,-0.23999999463558197,-3.7249999046325684,163,150,139,30000,0
-9.774999618530273,0.10999999940395355,-3.7249999046325684,155,148,136,30000,0
10.225000381469727,0.10999999940395355,-3.7249999046325684,163,150,139,30000,0
-9.774999618530273,0.46000000834465027,-3.7249999046325684,155,148,136,30000,0
10.225000381469727,0.46000000834465027,-3.7249999046325684,163,150,139,30000,0
-9.774999618530273,0.8100000023841858,-3.7249999046325684,155,148,136,30000,0
10.225000381469727,0.8100000023841858,-3.7249999046325684,163,150,139,30000,0
-9.774999618530273,1.159999966621399,-3.7249999046325684,155,148,136,30000,0
10.225000381469727,1.159999966621399,-3.7249999046325684,163,150,139,30000,0
-9.774999618530273,1.5099999904632568,-3.7249999046325684,155,148,136,30000,0
10.225000381469727,1.5099999904632568,-3.7249999046325684,163,150,139,30000,0
-9.774999618530273,1.8600000143051147,-3.7249999046325684,155,148,136,30000,0
10.225000381469727,1.8600000143051147,-3.7249999046325684,163,150,139,30000,0
-9.774999618530273,2.2100000381469727,-3.7249999046325684,155,148,136,30000,0
10.225000381469727,2.2100000381469727,-3.7249999046325684,163,150,139,30000,0
-9.774999618530273,-5.489999771118164,-4.074999809265137,155,148,136,30000,0
10.225000381469727,-5.489999771118164,-4.074999809265137,163,150,139,30000,0
-9.774999618530273,-5.139999866485596,-4.074999809265137,155,148,136,30000,0
10.225000381469727,-5.139999866485596,-4.074999809265137,163,150,139,30000,0
-9.774999618530273,-4.789999961853027,-4.074999809265137,155,148,136,30000,0
10.225000381469727,-4.789999961853027,-4.074999809265137,163,150,139,30000,0
-9.774999618530273,-4.440000057220459,-4.074999809265137,155,148,136,30000,0
10.225000381469727,-4.440000057220459,-4.074999809265137,163,150,139,30000,0
-9.774999618530273,-4.090000152587891,-4.074999809265137,155,148,136,30000,0
10.225000381469727,-4.090000152587891,-4.074999809265137,163,150,139,30000,0
-9.774999618530273,-3.740000009536743,-4.074999809265137,155,148,136,30000,0
10.225000381469727,-3.740000009536743,-4.074999809265137,163,150,139,30000,0
-9.774999618530273,-3.390000104904175,-4.074999809265137,155,148,136,30000,0
10.225000381469727,-3.390000104904175,-4.074999809265137,163,150,139,30000,0
-9.774999618530273,-3.0399999618530273,-4.074999809265137,155,148,136,30000,0
10.225000381469727,-3.0399999618530273,-4.074999809265137,163,150,139,30000,0
-9.774999618530273,-2.690000057220459,-4.074999809265137,155,148,136,30000,0
10.225000381469727,-2.690000057220459,-4.074999809265137,163,150,139,30000,0
-9.774999618530273,-2.3399999141693115,-4.074999809265137,155,148,136,30000,0
10.225000381469727,-2.3399999141693115,-4.074999809265137,163,150,139,30000,0
-9.774999618530273,-1.9900000095367432,-4.074999809265137,155,148,136,30000,0
10.225000381469727,-1.9900000095367432,-4.074999809265137,163,150,139,30000,0
-9.774999618530273,-1.6399999856948853,-4.074999809265137,155,148,136,30000,0
10.225000381469727,-1.6399999856948853,-4.074999809265137,163,150,139,30000,0
-9.774999618530273,-1.2899999618530273,-4.074999809265137,155,148,136,30000,0
10.225000381469727,-1.2899999618530273,-4.074999809265137,163,150,139,30000,0
-9.774999618530273,-0.9399999976158142,-4.074999809265137,155,148,136,30000,0
10.225000381469727,-0.9399999976158142,-4.074999809265137,163,150,139,30000,0
-9.774999618530273,-0.5899999737739563,-4.074999809265137,155,148,136,30000,0
10.225000381469727,-0.5899999737739563,-4.074999809265137,163,150,139,30000,0
-9.774999618530273,-0.23999999463558197,-4.074999809265137,155,148,136,30000,0
10.225000381469727,-0.23999999463558197,-4.074999809265137,163,150,139,30000,0
-9.774999618530273,0.10999999940395355,-4.074999809265137,155,148,136,30000,0
10.225000381469727,0.10999999940395355,-4.074999809265137,163,150,139,30000,0
-9.774999618530273,0.46000000834465027,-4.074999809265137,155,148,136,30000,0
10.225000381469727,0.46000000834465027,-4.074999809265137,163,150,139,30000,0
-9.774999618530273,0.8100000023841858,-4.074999809265137,155,148,136,30000,0
10.225000381469727,0.8100000023841858,-4.074999809265137,163,150,139,30000,0
-9.774999618530273,1.159999966621399,-4.074999809265137,155,148,136,30000,0
10.225000381469727,1.159999966621399,-4.074999809265137,163,150,139,30000,0
-9.774999618530273,1.5099999904632568,-4.074999809265137,155,148,136,30000,0
10.225000381469727,1.5099999904632568,-4.074999809265137,163,150,139,30000,0
-9.774999618530273,1.8600000143051147,-4.074999809265137,155,148,136,30000,0
10.225000381469727,1.8600000143051147,-4.074999809265137,163,150,139,30000,0
-9.774999618530273,2.2100000381469727,-4.074999809265137,155,148,136,30000,0
10.225000381469727,2.2100000381469727,-4.074999809265137,163,150,139,30000,0
-9.774999618530273,-5.489999771118164,-4.425000190734863,155,148,136,30000,0
10.225000381469727,-5.489999771118164,-4.425000190734863,163,150,139,30000,0
-9.774999618530273,-5.139999866485596,-4.425000190734863,155,148,136,30000,0
10.225000381469727,-5.139999866485596,-4.425000190734863,163,150,139,30000,0
-9.774999618530273,-4.789999961853027,-4.425000190734863,155,148,136,30000,0
10.225000381469727,-4.789999961853027,-4.425000190734863,163,150,139,30000,0
-9.774999618530273,-4.440000057220459,-4.425000190734863,155,148,136,30000,0
10.225000381469727,-4.440000057220459,-4.425000190734863,163,150,139,30000,0
-9.774999618530273,-4.090000152587891,-4.425000190734863,155,148,136,30000,0
10.225000381469727,-4.090000152587891,-4.425000190734863,163,150,139,30000,0
-9.774999618530273,-3.740000009536743,-4.425000190734863,155,148,136,30000,0
10.225000381469727,-3.740000009536743,-4.425000190734863,163,150,139,30000,0
-9.774999618530273,-3.390000104904175,-4.425000190734863,155,148,136,30000,0
10.225000381469727,-3.390000104904175,-4.425000190734863,163,150,139,30000,0
-9.774999618530273,-3.0399999618530273,-4.425000190734863,155,148,136,30000,0
10.225000381469727,-3.0399999618530273,-4.425000190734863,163,150,139,30000,0
-9.774999618530273,-2.690000057220459,-4.425000190734863,155,148,136,30000,0
10.225000381469727,-2.690000057220459,-4.425000190734863,163,150,139,30000,0
-9.774999618530273,-2.3399999141693115,-4.425000190734863,155,148,136,30000,0
10.225000381469727,-2.3399999141693115,-4.425000190734863,163,150,139,30000,0
-9.774999618530273,-1.9900000095367432,-4.425000190734863,155,148,136,30000,0
10.225000381469727,-1.9900000095367432,-4.425000190734863,163,150,139,30000,0
-9.774999618530273,-1.6399999856948853,-4.425000190734863,155,148,136,30000,0
10.225000381469727,-1.6399999856948853,-4.425000190734863,163,150,139,30000,0
-9.774999618530273,-1.2899999618530273,-4.425000190734863,155,148,136,30000,0
10.225000381469727,-1.2899999618530273,-4.425000190734863,163,150,139,30000,0
-9.774999618530273,-0.9399999976158142,-4.425000190734863,155,148,136,30000,0
10.225000381469727,-0.9399999976158142,-4.425000190734863,163,150,139,30000,0
-9.774999618530273,-0.5899999737739563,-4.425000190734863,155,148,136,30000,0
10.225000381469727,-0.5899999737739563,-4.425000190734863,163,150,139,30000,0
-9.774999618530273,-0.23999999463558197,-4.425000190734863,155,148,136,30000,0
10.225000381469727,-0.23999999463558197,-4.425000190734863,163,150,139,30000,0
-9.774999618530273,0.10999999940395355,-4.425000190734863,155,148,136,30000,0
10.225000381469727,0.10999999940395355,-4.425000190734863,163,150,139,30000,0
-9.774999618530273,0.46000000834465027,-4.425000190734863,155,148,136,30000,0
10.225000381469727,0.46000000834465027,-4.425000190734863,163,150,139,30000,0
-9.774999618530273,0.8100000023841858,-4.425000190734863,155,148,136,30000,0
10.225000381469727,0.8100000023841858,-4.425000190734863,163,150,139,30000,0
-9.774999618530273,1.159999966621399,-4.425000190734863,155,148,136,30000,0
10.225000381469727,1.159999966621399,-4.425000190734863,163,150,139,30000,0
-9.774999618530273,1.5099999904632568,-4.425000190734863,155,148,136,30000,0
10.225000381469727,1.5099999904632568,-4.425000190734863,163,150,139,30000,0
-9.774999618530273,1.8600000143051147,-4.425000190734863,155,148,136,30000,0
10.225000381469727,1.8600000143051147,-4.425000190734863,163,150,139,30000,0
-9.774999618530273,2.2100000381469727,-4.425000190734863,155,148,136,30000,0
10.225000381469727,2.2100000381469727,-4.425000190734863,163,150,139,30000,0
-9.774999618530273,-5.489999771118164,-4.775000095367432,155,148,136,30000,0
10.225000381469727,-5.489999771118164,-4.775000095367432,163,150,139,30000,0
-9.774999618530273,-5.139999866485596,-4.775000095367432,155,148,136,30000,0
10.225000381469727,-5.139999866485596,-4.775000095367432,163,150,139,30000,0
-9.774999618530273,-4.789999961853027,-4.775000095367432,155,148,136,30000,0
10.225000381469727,-4.789999961853027,-4.775000095367432,163,150,139,30000,0
-9.774999618530273,-4.440000057220459,-4.775000095367432,155,148,136,30000,0
10.225000381469727,-4.440000057220459,-4.775000095367432,163,150,139,30000,0
-9.774999618530273,-4.090000152587891,-4.775000095367432,155,148,136,30000,0
10.225000381469727,-4.090000152587891,-4.775000095367432,163,150,139,30000,0
-9.774999618530273,-3.740000009536743,-4.775000095367432,155,148,136,30000,0
10.225000381469727,-3.740000009536743,-4.775000095367432,163,150,139,30000,0
-9.774999618530273,-3.390000104904175,-4.775000095367432,155,148,136,30000,0
10.225000381469727,-3.390000104904175,-4.775000095367432,163,150,139,30000,0
-9.774999618530273,-3.0399999618530273,-4.775000095367432,155,148,136,30000,0
10.225000381469727,-3.0399999618530273,-4.775000095367432,163,150,139,30000,0
-9.774999618530273,-2.690000057220459,-4.775000095367432,155,148,136,30000,0
10.225000381469727,-2.690000057220459,-4.775000095367432,163,150,139,30000,0
-9.774999618530273,-2.3399999141693115,-4.775000095367432,155,148,136,30000,0
10.225000381469727,-2.3399999141693115,-4.775000095367432,163,150,139,30000,0
-9.774999618530273,-1.9900000095367432,-4.775000095367432,155,148,136,30000,0
10.225000381469727,-1.9900000095367432,-4.775000095367432,163,150,139,30000,0
-9.774999618530273,-1.6399999856948853,-4.775000095367432,155,148,136,30000,0
10.225000381469727,-1.6399999856948853,-4.775000095367432,163,150,139,30000,0
-9.774999618530273,-1.2899999618530273,-4.775000095367432,155,148,136,30000,0
10.225000381469727,-1.2899999618530273,-4.775000095367432,163,150,139,30000,0
-9.774999618530273,-0.9399999976158142,-4.775000095367432,155,148,136,30000,0
10.225000381469727,-0.9399999976158142,-4.775000095367432,163,150,139,30000,0
-9.774999618530273,-0.5899999737739563,-4.775000095367432,155,148,136,30000,0
10.225000381469727,-0.5899999737739563,-4.775000095367432,163,150,139,30000,0
-9.774999618530273,-0.23999999463558197,-4.775000095367432,155,148,136,30000,0
10.225000381469727,-0.23999999463558197,-4.775000095367432,163,150,139,30000,0
-9.774999618530273,0.10999999940395355,-4.775000095367432,155,148,136,30000,0
10.225000381469727,0.10999999940395355,-4.775000095367432,163,150,139,30000,0
-9.774999618530273,0.46000000834465027,-4.775000095367432,155,148,136,30000,0
10.225000381469727,0.46000000834465027,-4.775000095367432,163,150,139,30000,0
-9.774999618530273,0.8100000023841858,-4.775000095367432,155,148,136,30000,0
10.225000381469727,0.8100000023841858,-4.775000095367432,163,150,139,30000,0
-9.774999618530273,1.159999966621399,-4.775000095367432,155,148,136,30000,0
10.225000381469727,1.159999966621399,-4.775000095367432,163,150,139,30000,0
-9.774999618530273,1.5099999904632568,-4.775000095367432,155,148,136,30000,0
10.225000381469727,1.5099999904632568,-4.775000095367432,163,150,139,30000,0
-9.774999618530273,1.8600000143051147,-4.775000095367432,155,148,136,30000,0
10.225000381469727,1.8600000143051147,-4.775000095367432,163,150,139,30000,0
-9.774999618530273,2.2100000381469727,-4.775000095367432,155,148,136,30000,0
10.225000381469727,2.2100000381469727,-4.775000095367432,163,150,139,30000,0
-9.774999618530273,-5.489999771118164,-5.125,155,148,136,30000,0
10.225000381469727,-5.489999771118164,-5.125,163,150,139,30000,0
-9.774999618530273,-5.139999866485596,-5.125,155,148,136,30000,0
10.225000381469727,-5.139999866485596,-5.125,163,150,139,30000,0
-9.774999618530273,-4.789999961853027,-5.125,155,148,136,30000,0
10.225000381469727,-4.789999961853027,-5.125,163,150,139,30000,0
-9.774999618530273,-4.440000057220459,-5.125,155,148,136,30000,0
10.225000381469727,-4.440000057220459,-5.125,163,150,139,30000,0
-9.774999618530273,-4.090000152587891,-5.125,155,148,136,30000,0
10.225000381469727,-4.090000152587891,-5.125,163,150,139,30000,0
-9.774999618530273,-3.740000009536743,-5.125,155,148,136,30000,0
10.225000381469727,-3.740000009536743,-5.125,163,150,139,30000,0
-9.774999618530273,-3.390000104904175,-5.125,155,148,136,30000,0
10.225000381469727,-3.390000104904175,-5.125,163,150,139,30000,0
-9.774999618530273,-3.0399999618530273,-5.125,155,148,136,30000,0
10.225000381469727,-3.0399999618530273,-5.125,163,150,139,30000,0
-9.774999618530273,-2.690000057220459,-5.125,155,148,136,30000,0
10.225000381469727,-2.690000057220459,-5.125,163,150,139,30000,0
-9.774999618530273,-2.3399999141693115,-5.125,155,148,136,30000,0
10.225000381469727,-2.3399999141693115,-5.125,163,150,139,30000,0
-9.774999618530273,-1.9900000095367432,-5.125,155,148,136,30000,0
10.225000381469727,-1.9900000095367432,-5.125,163,150,139,30000,0
-9.774999618530273,-1.6399999856948853,-5.125,155,148,136,30000,0
10.225000381469727,-1.6399999856948853,-5.125,163,150,139,30000,0
-9.774999618530273,-1.2899999618530273,-5.125,155,148,136,30000,0
10.225000381469727,-1.2899999618530273,-5.125,163,150,139,30000,0
-9.774999618530273,-0.9399999976158142,-5.125,155,148,136,30000,0
10.225000381469727,-0.9399999976158142,-5.125,163,150,139,30000,0
-9.774999618530273,-0.5899999737739563,-5.125,155,148,136,30000,0
10.225000381469727,-0.5899999737739563,-5.125,163,150,139,30000,0
-9.774999618530273,-0.23999999463558197,-5.125,155,148,136,30000,0
10.225000381469727,-0.23999999463558197,-5.125,163,150,139,30000,0
-9.774999618530273,0.10999999940395355,-5.125,155,148,136,30000,0
10.225000381469727,0.10999999940395355,-5.125,163,150,139,30000,0
-9.774999618530273,0.46000000834465027,-5.125,155,148,136,30000,0
10.225000381469727,0.46000000834465027,-5.125,163,150,139,30000,0
-9.774999618530273,0.8100000023841858,-5.125,155,148,136,30000,0
10.225000381469727,0.8100000023841858,-5.125,163,150,139,30000,0
-9.774999618530273,1.159999966621399,-5.125,155,148,136,30000,0
10.225000381469727,1.159999966621399,-5.125,163,150,139,30000,0
-9.774999618530273,1.5099999904632568,-5.125,155,148,136,30000,0
10.225000381469727,1.5099999904632568,-5.125,163,150,139,30000,0
-9.774999618530273,1.8600000143051147,-5.125,155,148,136,30000,0
10.225000381469727,1.8600000143051147,-5.125,163,150,139,30000,0
-9.774999618530273,2.2100000381469727,-5.125,155,148,136,30000,0
10.225000381469727,2.2100000381469727,-5.125,163,150,139,30000,0
-9.774999618530273,-5.489999771118164,-5.474999904632568,155,148,136,30000,0
10.225000381469727,-5.489999771118164,-5.474999904632568,163,150,139,30000,0
-9.774999618530273,-5.139999866485596,-5.474999904632568,155,148,136,30000,0
10.225000381469727,-5.139999866485596,-5.474999904632568,163,150,139,30000,0
-9.774999618530273,-4.789999961853027,-5.474999904632568,155,148,136,30000,0
10.225000381469727,-4.789999961853027,-5.474999904632568,163,150,139,30000,0
-9.774999618530273,-4.440000057220459,-5.474999904632568,155,148,136,30000,0
10.225000381469727,-4.440000057220459,-5.474999904632568,163,150,139,30000,0
-9.774999618530273,-4.090000152587891,-5.474999904632568,155,148,136,30000,0
10.225000381469727,-4.090000152587891,-5.474999904632568,163,150,139,30000,0
-9.774999618530273,-3.740000009536743,-5.474999904632568,155,148,136,30000,0
10.225000381469727,-3.740000009536743,-5.474999904632568,163,150,139,30000,0
-9.774999618530273,-3.390000104904175,-5.474999904632568,155,148,136,30000,0
10.225000381469727,-3.390000104904175,-5.474999904632568,163,150,139,30000,0
-9.774999618530273,-3.0399999618530273,-5.474999904632568,155,148,136,30000,0
10.225000381469727,-3.0399999618530273,-5.474999904632568,163,150,139,30000,0
-9.774999618530273,-2.690000057220459,-5.474999904632568,155,148,136,30000,0
10.225000381469727,-2.690000057220459,-5.474999904632568,163,150,139,30000,0
-9.774999618530273,-2.3399999141693115,-5.474999904632568,155,148,136,30000,0
10.225000381469727,-2.3399999141693115,-5.474999904632568,163,150,139,30000,0
-9.774999618530273,-1.9900000095367432,-5.474999904632568,155,148,136,30000,0
10.225000381469727,-1.9900000095367432,-5.474999904632568,163,150,139,30000,0
-9.774999618530273,-1.6399999856948853,-5.474999904632568,155,148,136,30000,0
10.225000381469727,-1.6399999856948853,-5.474999904632568,163,150,139,30000,0
-9.774999618530273,-1.2899999618530273,-5.474999904632568,155,148,136,30000,0
10.225000381469727,-1.2899999618530273,-5.474999904632568,163,150,139,30000,0
-9.774999618530273,-0.9399999976158142,-5.474999904632568,155,148,136,30000,0
10.225000381469727,-0.9399999976158142,-5.474999904632568,163,150,139,30000,0
-9.774999618530273,-0.5899999737739563,-5.474999904632568,155,148,136,30000,0
10.225000381469727,-0.5899999737739563,-5.474999904632568,163,150,139,30000,0
-9.774999618530273,-0.23999999463558197,-5.474999904632568,155,148,136,30000,0
10.225000381469727,-0.23999999463558197,-5.474999904632568,163,150,139,30000,0
-9.774999618530273,0.10999999940395355,-5.474999904632568,155,148,136,30000,0
10.225000381469727,0.10999999940395355,-5.474999904632568,163,150,139,30000,0
-9.774999618530273,0.46000000834465027,-5.474999904632568,155,148,136,30000,0
10.225000381469727,0.46000000834465027,-5.474999904632568,163,150,139,30000,0
-9.774999618530273,0.8100000023841858,-5.474999904632568,155,148,136,30000,0
10.225000381469727,0.8100000023841858,-5.474999904632568,163,150,139,30000,0
-9.774999618530273,1.159999966621399,-5.474999904632568,155,148,136,30000,0
10.225000381469727,1.159999966621399,-5.474999904632568,163,150,139,30000,0
-9.774999618530273,1.5099999904632568,-5.474999904632568,155,148,136,30000,0
10.225000381469727,1.5099999904632568,-5.474999904632568,163,150,139,30000,0
-9.774999618530273,1.8600000143051147,-5.474999904632568,155,148,136,30000,0
10.225000381469727,1.8600000143051147,-5.474999904632568,163,150,139,30000,0
-9.774999618530273,2.2100000381469727,-5.474999904632568,155,148,136,30000,0
10.225000381469727,2.2100000381469727,-5.474999904632568,163,150,139,30000,0
-9.774999618530273,-5.489999771118164,-5.824999809265137,155,148,136,30000,0
10.225000381469727,-5.489999771118164,-5.824999809265137,163,150,139,30000,0
-9.774999618530273,-5.139999866485596,-5.824999809265137,155,148,136,30000,0
10.225000381469727,-5.139999866485596,-5.824999809265137,163,150,139,30000,0
-9.774999618530273,-4.789999961853027,-5.824999809265137,155,148,136,30000,0
10.225000381469727,-4.789999961853027,-5.824999809265137,163,150,139,30000,0
-9.774999618530273,-4.440000057220459,-5.824999809265137,155,148,136,30000,0
10.225000381469727,-4.440000057220459,-5.824999809265137,163,150,139,30000,0
-9.774999618530273,-4.090000152587891,-5.824999809265137,155,148,136,30000,0
10.225000381469727,-4.090000152587891,-5.824999809265137,163,150,139,30000,0
-9.774999618530273,-3.740000009536743,-5.824999809265137,155,148,136,30000,0
10.225000381469727,-3.740000009536743,-5.824999809265137,163,150,139,30000,0
-9.774999618530273,-3.390000104904175,-5.824999809265137,155,148,136,30000,0
10.225000381469727,-3.390000104904175,-5.824999809265137,163,150,139,30000,0
-9.774999618530273,-3.0399999618530273,-5.824999809265137,155,148,136,30000,0
10.225000381469727,-3.0399999618530273,-5.824999809265137,163,150,139,30000,0
-9.774999618530273,-2.690000057220459,-5.824999809265137,155,148,136,30000,0
10.225000381469727,-2.690000057220459,-5.824999809265137,163,150,139,30000,0
-9.774999618530273,-2.3399999141693115,-5.824999809265137,155,148,136,30000,0
10.225000381469727,-2.3399999141693115,-5.824999809265137,163,150,139,30000,0
-9.774999618530273,-1.9900000095367432,-5.824999809265137,155,148,136,30000,0
10.225000381469727,-1.9900000095367432,-5.824999809265137,163,150,139,30000,0
-9.774999618530273,-1.6399999856948853,-5.824999809265137,155,148,136,30000,0
10.225000381469727,-1.6399999856948853,-5.824999809265137,163,150,139,30000,0
-9.774999618530273,-1.2899999618530273,-5.824999809265137,155,148,136,30000,0
10.225000381469727,-1.2899999618530273,-5.824999809265137,163,150,139,30000,0
-9.774999618530273,-0.9399999976158142,-5.824999809265137,155,148,136,30000,0
10.225000381469727,-0.9399999976158142,-5.824999809265137,163,150,139,30000,0
-9.774999618530273,-0.5899999737739563,-5.824999809265137,155,148,136,30000,0
10.225000381469727,-0.5899999737739563,-5.824999809265137,163,150,139,30000,0
-9.774999618530273,-0.23999999463558197,-5.824999809265137,155,148,136,30000,0
10.225000381469727,-0.23999999463558197,-5.824999809265137,163,150,139,30000,0
-9.774999618530273,0.10999999940395355,-5.824999809265137,155,148,136,30000,0
10.225000381469727,0.10999999940395355,-5.824999809265137,163,150,139,30000,0
-9.774999618530273,0.46000000834465027,-5.824999809265137,155,148,136,30000,0
10.225000381469727,0.46000000834465027,-5.824999809265137,163,150,139,30000,0
-9.774999618530273,0.8100000023841858,-5.824999809265137,155,148,136,30000,0
10.225000381469727,0.8100000023841858,-5.824999809265137,163,150,139,30000,0
-9.774999618530273,1.159999966621399,-5.824999809265137,155,148,136,30000,0
10.225000381469727,1.159999966621399,-5.824999809265137,163,150,139,30000,0
-9.774999618530273,1.5099999904632568,-5.824999809265137,155,148,136,30000,0
10.225000381469727,1.5099999904632568,-5.824999809265137,163,150,139,30000,0
-9.774999618530273,1.8600000143051147,-5.824999809265137,155,148,136,30000,0
10.225000381469727,1.8600000143051147,-5.824999809265137,163,150,139,30000,0
-9.774999618530273,2.2100000381469727,-5.824999809265137,155,148,136,30000,0
10.225000381469727,2.2100000381469727,-5.824999809265137,163,150,139,30000,0
-9.774999618530273,-5.489999771118164,-6.175000190734863,155,148,136,30000,0
10.225000381469727,-5.489999771118164,-6.175000190734863,163,150,139,30000,0
-9.774999618530273,-5.139999866485596,-6.175000190734863,155,148,136,30000,0
10.225000381469727,-5.139999866485596,-6.175000190734863,163,150,139,30000,0
-9.774999618530273,-4.789999961853027,-6.175000190734863,155,148,136,30000,0
10.225000381469727,-4.789999961853027,-6.175000190734863,163,150,139,30000,0
-9.774999618530273,-4.440000057220459,-6.175000190734863,155,148,136,30000,0
10.225000381469727,-4.440000057220459,-6.175000190734863,163,150,139,30000,0
-9.774999618530273,-4.090000152587891,-6.175000190734863,155,148,136,30000,0
10.225000381469727,-4.090000152587891,-6.175000190734863,163,150,139,30000,0
-9.774999618530273,-3.740000009536743,-6.175000190734863,155,148,136,30000,0
10.225000381469727,-3.740000009536743,-6.175000190734863,163,150,139,30000,0
-9.774999618530273,-3.390000104904175,-6.175000190734863,155,148,136,30000,0
10.225000381469727,-3.390000104904175,-6.175000190734863,163,150,139,30000,0
-9.774999618530273,-3.0399999618530273,-6.175000190734863,155,148,136,30000,0
10.225000381469727,-3.0399999618530273,-6.175000190734863,163,150,139,30000,0
-9.774999618530273,-2.690000057220459,-6.175000190734863,155,148,136,30000,0
10.225000381469727,-2.690000057220459,-6.175000190734863,163,150,139,30000,0
-9.774999618530273,-2.3399999141693115,-6.175000190734863,155,148,136,30000,0
10.225000381469727,-2.3399999141693115,-6.175000190734863,163,150,139,30000,0
-9.774999618530273,-1.9900000095367432,-6.175000190734863,155,148,136,30000,0
10.225000381469727,-1.9900000095367432,-6.175000190734863,163,150,139,30000,0
-9.774999618530273,-1.6399999856948853,-6.175000190734863,155,148,136,30000,0
10.225000381469727,-1.6399999856948853,-6.175000190734863,163,150,139,30000,0
-9.774999618530273,-1.2899999618530273,-6.175000190734863,155,148,136,30000,0
10.225000381469727,-1.2899999618530273,-6.175000190734863,163,150,139,30000,0
-9.774999618530273,-0.9399999976158142,-6.175000190734863,155,148,136,30000,0
10.225000381469727,-0.9399999976158142,-6.175000190734863,163,150,139,30000,0
-9.774999618530273,-0.5899999737739563,-6.175000190734863,155,148,136,30000,0
10.225000381469727,-0.5899999737739563,-6.175000190734863,163,150,139,30000,0
-9.774999618530273,-0.23999999463558197,-6.175000190734863,155,148,136,30000,0
10.225000381469727,-0.23999999463558197,-6.175000190734863,163,150,139,30000,0
-9.774999618530273,0.10999999940395355,-6.175000190734863,155,148,136,30000,0
10.225000381469727,0.10999999940395355,-6.175000190734863,163,150,139,30000,0
-9.774999618530273,0.46000000834465027,-6.175000190734863,155,148,136,30000,0
10.225000381469727,0.46000000834465027,-6.175000190734863,163,150,139,30000,0
-9.774999618530273,0.8100000023841858,-6.175000190734863,155,148,136,30000,0
10.225000381469727,0.8100000023841858,-6.175000190734863,163,150,139,30000,0
-9.774999618530273,1.159999966621399,-6.175000190734863,155,148,136,30000,0
10.225000381469727,1.159999966621399,-6.175000190734863,163,150,139,30000,0
-9.774999618530273,1.5099999904632568,-6.175000190734863,155,148,136,30000,0
10.225000381469727,1.5099999904632568,-6.175000190734863,163,150,139,30000,0
-9.774999618530273,1.8600000143051147,-6.175000190734863,155,148,136,30000,0
10.225000381469727,1.8600000143051147,-6.175000190734863,163,150,139,30000,0
-9.774999618530273,2.2100000381469727,-6.175000190734863,155,148,136,30000,0
10.225000381469727,2.2100000381469727,-6.175000190734863,163,150,139,30000,0
-9.774999618530273,-5.489999771118164,-6.525000095367432,155,148,136,30000,0
10.225000381469727,-5.489999771118164,-6.525000095367432,163,150,139,30000,0
-9.774999618530273,-5.139999866485596,-6.525000095367432,155,148,136,30000,0
10.225000381469727,-5.139999866485596,-6.525000095367432,163,150,139,30000,0
-9.774999618530273,-4.789999961853027,-6.525000095367432,155,148,136,30000,0
10.225000381469727,-4.789999961853027,-6.525000095367432,163,150,139,30000,0
-9.774999618530273,-4.440000057220459,-6.525000095367432,155,148,136,30000,0
10.225000381469727,-4.440000057220459,-6.525000095367432,163,150,139,30000,0
-9.774999618530273,-4.090000152587891,-6.525000095367432,155,148,136,30000,0
10.225000381469727,-4.090000152587891,-6.525000095367432,163,150,139,30000,0
-9.774999618530273,-3.740000009536743,-6.525000095367432,155,148,136,30000,0
10.225000381469727,-3.740000009536743,-6.525000095367432,163,150,139,30000,0
-9.774999618530273,-3.390000104904175,-6.525000095367432,155,148,136,30000,0
10.225000381469727,-3.390000104904175,-6.525000095367432,163,150,139,30000,0
-9.774999618530273,-3.0399999618530273,-6.525000095367432,155,148,136,30000,0
10.225000381469727,-3.0399999618530273,-6.525000095367432,163,150,139,30000,0
-9.774999618530273,-2.690000057220459,-6.525000095367432,155,148,136,30000,0
10.225000381469727,-2.690000057220459,-6.525000095367432,163,150,139,30000,0
-9.774999618530273,-2.3399999141693115,-6.525000095367432,155,148,136,30000,0
10.225000381469727,-2.3399999141693115,-6.525000095367432,163,150,139,30000,0
-9.774999618530273,-1.9900000095367432,-6.525000095367432,155,148,136,30000,0
10.225000381469727,-1.9900000095367432,-6.525000095367432,163,150,139,30000,0
-9.774999618530273,-1.6399999856948853,-6.525000095367432,155,148,136,30000,0
10.225000381469727,-1.6399999856948853,-6.525000095367432,163,150,139,30000,0
-9.774999618530273,-1.2899999618530273,-6.525000095367432,155,148,136,30000,0
10.225000381469727,-1.2899999618530273,-6.525000095367432,163,150,139,30000,0
-9.774999618530273,-0.9399999976158142,-6.525000095367432,155,148,136,30000,0
10.225000381469727,-0.9399999976158142,-6.525000095367432,163,150,139,30000,0
-9.774999618530273,-0.5899999737739563,-6.525000095367432,155,148,136,30000,0
10.225000381469727,-0.5899999737739563,-6.525000095367432,163,150,139,30000,0
-9.774999618530273,-0.23999999463558197,-6.525000095367432,155,148,136,30000,0
10.225000381469727,-0.23999999463558197,-6.525000095367432,163,150,139,30000,0
-9.774999618530273,0.10999999940395355,-6.525000095367432,155,148,136,30000,0
10.225000381469727,0.10999999940395355,-6.525000095367432,163,150,139,30000,0
-9.774999618530273,0.46000000834465027,-6.525000095367432,155,148,136,30000,0
10.225000381469727,0.46000000834465027,-6.525000095367432,163,150,139,30000,0
-9.774999618530273,0.8100000023841858,-6.525000095367432,155,148,136,30000,0
10.225000381469727,0.8100000023841858,-6.525000095367432,163,150,139,30000,0
-9.774999618530273,1.159999966621399,-6.525000095367432,155,148,136,30000,0
10.225000381469727,1.159999966621399,-6.525000095367432,163,150,139,30000,0
-9.774999618530273,1.5099999904632568,-6.525000095367432,155,148,136,30000,0
10.225000381469727,1.5099999904632568,-6.525000095367432,163,150,139,30000,0
-9.774999618530273,1.8600000143051147,-6.525000095367432,155,148,136,30000,0
10.225000381469727,1.8600000143051147,-6.525000095367432,163,150,139,30000,0
-9.774999618530273,2.2100000381469727,-6.525000095367432,155,148,136,30000,0
10.225000381469727,2.2100000381469727,-6.525000095367432,163,150,139,30000,0
-9.774999618530273,-5.489999771118164,-6.875,155,148,136,30000,0
10.225000381469727,-5.489999771118164,-6.875,163,150,139,30000,0
-9.774999618530273,-5.139999866485596,-6.875,155,148,136,30000,0
10.225000381469727,-5.139999866485596,-6.875,163,150,139,30000,0
-9.774999618530273,-4.789999961853027,-6.875,155,148,136,30000,0
10.225000381469727,-4.789999961853027,-6.875,163,150,139,30000,0
-9.774999618530273,-4.440000057220459,-6.875,155,148,136,30000,0
10.225000381469727,-4.440000057220459,-6.875,163,150,139,30000,0
-9.774999618530273,-4.090000152587891,-6.875,155,148,136,30000,0
10.225000381469727,-4.090000152587891,-6.875,163,150,139,30000,0
-9.774999618530273,-3.740000009536743,-6.875,155,148,136,30000,0
10.225000381469727,-3.740000009536743,-6.875,163,150,139,30000,0
-9.774999618530273,-3.390000104904175,-6.875,155,148,136,30000,0
10.225000381469727,-3.390000104904175,-6.875,163,150,139,30000,0
-9.774999618530273,-3.0399999618530273,-6.875,155,148,136,30000,0
10.225000381469727,-3.0399999618530273,-6.875,163,150,139,30000,0
-9.774999618530273,-2.690000057220459,-6.875,155,148,136,30000,0
10.225000381469727,-2.690000057220459,-6.875,163,150,139,30000,0
-9.774999618530273,-2.3399999141693115,-6.875,155,148,136,30000,0
10.225000381469727,-2.3399999141693115,-6.875,163,150,139,30000,0
-9.774999618530273,-1.9900000095367432,-6.875,155,148,136,30000,0
10.225000381469727,-1.9900000095367432,-6.875,163,150,139,30000,0
-9.774999618530273,-1.6399999856948853,-6.875,155,148,136,30000,0
10.225000381469727,-1.6399999856948853,-6.875,163,150,139,30000,0
-9.774999618530273,-1.2899999618530273,-6.875,155,148,136,30000,0
10.225000381469727,-1.2899999618530273,-6.875,163,150,139,30000,0
-9.774999618530273,-0.9399999976158142,-6.875,155,148,136,30000,0
10.225000381469727,-0.9399999976158142,-6.875,163,150,139,30000,0
-9.774999618530273,-0.5899999737739563,-6.875,155,148,136,30000,0
10.225000381469727,-0.5899999737739563,-6.875,163,150,139,30000,0
-9.774999618530273,-0.23999999463558197,-6.875,155,148,136,30000,0
10.225000381469727,-0.23999999463558197,-6.875,163,150,139,30000,0
-9.774999618530273,0.10999999940395355,-6.875,155,148,136,30000,0
10.225000381469727,0.10999999940395355,-6.875,163,150,139,30000,0
-9.774999618530273,0.46000000834465027,-6.875,155,148,136,30000,0
10.225000381469727,0.46000000834465027,-6.875,163,150,139,30000,0
-9.774999618530273,0.8100000023841858,-6.875,155,148,136,30000,0
10.225000381469727,0.8100000023841858,-6.875,163,150,139,30000,0
-9.774999618530273,1.159999966621399,-6.875,155,148,136,30000,0
10.225000381469727,1.159999966621399,-6.875,163,150,139,30000,0
-9.774999618530273,1.5099999904632568,-6.875,155,148,136,30000,0
10.225000381469727,1.5099999904632568,-6.875,163,150,139,30000,0
-9.774999618530273,1.8600000143051147,-6.875,155,148,136,30000,0
10.225000381469727,1.8600000143051147,-6.875,163,150,139,30000,0
-9.774999618530273,2.2100000381469727,-6.875,155,148,136,30000,0
10.225000381469727,2.2100000381469727,-6.875,163,150,139,30000,0
-9.774999618530273,-5.489999771118164,-7.224999904632568,155,148,136,30000,0
10.225000381469727,-5.489999771118164,-7.224999904632568,163,150,139,30000,0
-9.774999618530273,-5.139999866485596,-7.224999904632568,155,148,136,30000,0
10.225000381469727,-5.139999866485596,-7.224999904632568,163,150,139,30000,0
-9.774999618530273,-4.789999961853027,-7.224999904632568,155,148,136,30000,0
10.225000381469727,-4.789999961853027,-7.224999904632568,163,150,139,30000,0
-9.774999618530273,-4.440000057220459,-7.224999904632568,155,148,136,30000,0
10.225000381469727,-4.440000057220459,-7.224999904632568,163,150,139,30000,0
-9.774999618530273,-4.090000152587891,-7.224999904632568,155,148,136,30000,0
10.225000381469727,-4.090000152587891,-7.224999904632568,163,150,139,30000,0
-9.774999618530273,-3.740000009536743,-7.224999904632568,155,148,136,30000,0
10.225000381469727,-3.740000009536743,-7.224999904632568,163,150,139,30000,0
-9.774999618530273,-3.390000104904175,-7.224999904632568,155,148,136,30000,0
10.225000381469727,-3.390000104904175,-7.224999904632568,163,150,139,30000,0
-9.774999618530273,-3.0399999618530273,-7.224999904632568,155,148,136,30000,0
10.225000381469727,-3.0399999618530273,-7.224999904632568,163,150,139,30000,0
-9.774999618530273,-2.690000057220459,-7.224999904632568,155,148,136,30000,0
10.225000381469727,-2.690000057220459,-7.224999904632568,163,150,139,30000,0
-9.774999618530273,-2.3399999141693115,-7.224999904632568,155,148,136,30000,0
10.225000381469727,-2.3399999141693115,-7.224999904632568,163,150,139,30000,0
-9.774999618530273,-1.9900000095367432,-7.224999904632568,155,148,136,30000,0
10.225000381469727,-1.9900000095367432,-7.224999904632568,163,150,139,30000,0
-9.774999618530273,-1.6399999856948853,-7.224999904632568,155,148,136,30000,0
10.225000381469727,-1.6399999856948853,-7.224999904632568,163,150,139,30000,0
-9.774999618530273,-1.2899999618530273,-7.224999904632568,155,148,136,30000,0
10.225000381469727,-1.2899999618530273,-7.224999904632568,163,150,139,30000,0
-9.774999618530273,-0.9399999976158142,-7.224999904632568,155,148,136,30000,0
10.225000381469727,-0.9399999976158142,-7.224999904632568,163,150,139,30000,0
-9.774999618530273,-0.5899999737739563,-7.224999904632568,155,148,136,30000,0
10.225000381469727,-0.5899999737739563,-7.224999904632568,163,150,139,30000,0
-9.774999618530273,-0.23999999463558197,-7.224999904632568,155,148,136,30000,0
10.225000381469727,-0.23999999463558197,-7.224999904632568,163,150,139,30000,0
-9.774999618530273,0.10999999940395355,-7.224999904632568,155,148,136,30000,0
10.225000381469727,0.10999999940395355,-7.224999904632568,163,150,139,30000,0
-9.774999618530273,0.46000000834465027,-7.224999904632568,155,148,136,30000,0
10.225000381469727,0.46000000834465027,-7.224999904632568,163,150,139,30000,0
-9.774999618530273,0.8100000023841858,-7.224999904632568,155,148,136,30000,0
10.225000381469727,0.8100000023841858,-7.224999904632568,163,150,139,30000,0
-9.774999618530273,1.159999966621399,-7.224999904632568,155,148,136,30000,0
10.225000381469727,1.159999966621399,-7.224999904632568,163,150,139,30000,0
-9.774999618530273,1.5099999904632568,-7.224999904632568,155,148,136,30000,0
10.225000381469727,1.5099999904632568,-7.224999904632568,163,150,139,30000,0
-9.774999618530273,1.8600000143051147,-7.224999904632568,155,148,136,30000,0
10.225000381469727,1.8600000143051147,-7.224999904632568,163,150,139,30000,0
-9.774999618530273,2.2100000381469727,-7.224999904632568,155,148,136,30000,0
10.225000381469727,2.2100000381469727,-7.224999904632568,163,150,139,30000,0
-9.774999618530273,-5.489999771118164,-7.574999809265137,155,148,136,30000,0
10.225000381469727,-5.489999771118164,-7.574999809265137,163,150,139,30000,0
-9.774999618530273,-5.139999866485596,-7.574999809265137,155,148,136,30000,0
10.225000381469727,-5.139999866485596,-7.574999809265137,163,150,139,30000,0
-9.774999618530273,-4.789999961853027,-7.574999809265137,155,148,136,30000,0
10.225000381469727,-4.789999961853027,-7.574999809265137,163,150,139,30000,0
-9.774999618530273,-4.440000057220459,-7.574999809265137,155,148,136,30000,0
10.225000381469727,-4.440000057220459,-7.574999809265137,163,150,139,30000,0
-9.774999618530273,-4.090000152587891,-7.574999809265137,155,148,136,30000,0
10.225000381469727,-4.090000152587891,-7.574999809265137,163,150,139,30000,0
-9.774999618530273,-3.740000009536743,-7.574999809265137,155,148,136,30000,0
10.225000381469727,-3.740000009536743,-7.574999809265137,163,150,139,30000,0
-9.774999618530273,-3.390000104904175,-7.574999809265137,155,148,136,30000,0
10.225000381469727,-3.390000104904175,-7.574999809265137,163,150,139,30000,0
-9.774999618530273,-3.0399999618530273,-7.574999809265137,155,148,136,30000,0
10.225000381469727,-3.0399999618530273,-7.574999809265137,163,150,139,30000,0
-9.774999618530273,-2.690000057220459,-7.574999809265137,155,148,136,30000,0
10.225000381469727,-2.690000057220459,-7.574999809265137,163,150,139,30000,0
-9.774999618530273,-2.3399999141693115,-7.574999809265137,155,148,136,30000,0
10.225000381469727,-2.3399999141693115,-7.574999809265137,163,150,139,30000,0
-9.774999618530273,-1.9900000095367432,-7.574999809265137,155,148,136,30000,0
10.225000381469727,-1.9900000095367432,-7.574999809265137,163,150,139,30000,0
-9.774999618530273,-1.6399999856948853,-7.574999809265137,155,148,136,30000,0
10.225000381469727,-1.6399999856948853,-7.574999809265137,163,150,139,30000,0
-9.774999618530273,-1.2899999618530273,-7.574999809265137,155,148,136,30000,0
10.225000381469727,-1.2899999618530273,-7.574999809265137,163,150,139,30000,0
-9.774999618530273,-0.9399999976158142,-7.574999809265137,155,148,136,30000,0
10.225000381469727,-0.9399999976158142,-7.574999809265137,163,150,139,30000,0
-9.774999618530273,-0.5899999737739563,-7.574999809265137,155,148,136,30000,0
10.225000381469727,-0.5899999737739563,-7.574999809265137,163,150,139,30000,0
-9.774999618530273,-0.23999999463558197,-7.574999809265137,155,148,136,30000,0
10.225000381469727,-0.23999999463558197,-7.574999809265137,163,150,139,30000,0
-9.774999618530273,0.10999999940395355,-7.574999809265137,155,148,136,30000,0
10.225000381469727,0.10999999940395355,-7.574999809265137,163,150,139,30000,0
-9.774999618530273,0.46000000834465027,-7.574999809265137,155,148,136,30000,0
10.225000381469727,0.46000000834465027,-7.574999809265137,163,150,139,30000,0
-9.774999618530273,0.8100000023841858,-7.574999809265137,155,148,136,30000,0
10.225000381469727,0.8100000023841858,-7.574999809265137,163,150,139,30000,0
-9.774999618530273,1.159999966621399,-7.574999809265137,155,148,136,30000,0
10.225000381469727,1.159999966621399,-7.574999809265137,163,150,139,30000,0
-9.774999618530273,1.5099999904632568,-7.574999809265137,155,148,136,30000,0
10.225000381469727,1.5099999904632568,-7.574999809265137,163,150,139,30000,0
-9.774999618530273,1.8600000143051147,-7.574999809265137,155,148,136,30000,0
10.225000381469727,1.8600000143051147,-7.574999809265137,163,150,139,30000,0
-9.774999618530273,2.2100000381469727,-7.574999809265137,155,148,136,30000,0
10.225000381469727,2.2100000381469727,-7.574999809265137,163,150,139,30000,0
-9.774999618530273,-5.489999771118164,-7.925000190734863,155,148,136,30000,0
10.225000381469727,-5.489999771118164,-7.925000190734863,163,150,139,30000,0
-9.774999618530273,-5.139999866485596,-7.925000190734863,155,148,136,30000,0
10.225000381469727,-5.139999866485596,-7.925000190734863,163,150,139,30000,0
-9.774999618530273,-4.789999961853027,-7.925000190734863,155,148,136,30000,0
10.225000381469727,-4.789999961853027,-7.925000190734863,163,150,139,30000,0
-9.774999618530273,-4.440000057220459,-7.925000190734863,155,148,136,30000,0
10.225000381469727,-4.440000057220459,-7.925000190734863,163,150,139,30000,0
-9.774999618530273,-4.090000152587891,-7.925000190734863,155,148,136,30000,0
10.225000381469727,-4.090000152587891,-7.925000190734863,163,150,139,30000,0
-9.774999618530273,-3.740000009536743,-7.925000190734863,155,148,136,30000,0
10.225000381469727,-3.740000009536743,-7.925000190734863,163,150,139,30000,0
-9.774999618530273,-3.390000104904175,-7.925000190734863,155,148,136,30000,0
10.225000381469727,-3.390000104904175,-7.925000190734863,163,150,139,30000,0
-9.774999618530273,-3.0399999618530273,-7.925000190734863,155,148,136,30000,0
10.225000381469727,-3.0399999618530273,-7.925000190734863,163,150,139,30000,0
-9.774999618530273,-2.690000057220459,-7.925000190734863,155,148,136,30000,0
10.225000381469727,-2.690000057220459,-7.925000190734863,163,150,139,30000,0
-9.774999618530273,-2.3399999141693115,-7.925000190734863,155,148,136,30000,0
10.225000381469727,-2.3399999141693115,-7.925000190734863,163,150,139,30000,0
-9.774999618530273,-1.9900000095367432,-7.925000190734863,155,148,136,30000,0
10.225000381469727,-1.9900000095367432,-7.925000190734863,163,150,139,30000,0
-9.774999618530273,-1.6399999856948853,-7.925000190734863,155,148,136,30000,0
10.225000381469727,-1.6399999856948853,-7.925000190734863,163,150,139,30000,0
-9.774999618530273,-1.2899999618530273,-7.925000190734863,155,148,136,30000,0
10.225000381469727,-1.2899999618530273,-7.925000190734863,163,150,139,30000,0
-9.774999618530273,-0.9399999976158142,-7.925000190734863,155,148,136,30000,0
10.225000381469727,-0.9399999976158142,-7.925000190734863,163,150,139,30000,0
-9.774999618530273,-0.5899999737739563,-7.925000190734863,155,148,136,30000,0
10.225000381469727,-0.5899999737739563,-7.925000190734863,163,150,139,30000,0
-9.774999618530273,-0.23999999463558197,-7.925000190734863,155,148,136,30000,0
10.225000381469727,-0.23999999463558197,-7.925000190734863,163,150,139,30000,0
-9.774999618530273,0.10999999940395355,-7.925000190734863,155,148,136,30000,0
10.225000381469727,0.10999999940395355,-7.925000190734863,163,150,139,30000,0
-9.774999618530273,0.46000000834465027,-7.925000190734863,155,148,136,30000,0
10.225000381469727,0.46000000834465027,-7.925000190734863,163,150,139,30000,0
-9.774999618530273,0.8100000023841858,-7.925000190734863,155,148,136,30000,0
10.225000381469727,0.8100000023841858,-7.925000190734863,163,150,139,30000,0
-9.774999618530273,1.159999966621399,-7.925000190734863,155,148,136,30000,0
10.225000381469727,1.159999966621399,-7.925000190734863,163,150,139,30000,0
-9.774999618530273,1.5099999904632568,-7.925000190734863,155,148,136,30000,0
10.225000381469727,1.5099999904632568,-7.925000190734863,163,150,139,30000,0
-9.774999618530273,1.8600000143051147,-7.925000190734863,155,148,136,30000,0
10.225000381469727,1.8600000143051147,-7.925000190734863,163,150,139,30000,0
-9.774999618530273,2.2100000381469727,-7.925000190734863,155,148,136,30000,0
10.225000381469727,2.2100000381469727,-7.925000190734863,163,150,139,30000,0
-9.774999618530273,2.509999990463257,7.824999809265137,160,90,63,30000,0
-9.774999618530273,2.640000104904175,7.474999904632568,160,90,63,30000,0
-9.774999618530273,2.7699999809265137,7.125,160,90,63,30000,0
-9.774999618530273,2.9000000953674316,6.775000095367432,160,90,63,30000,0
-9.774999618530273,3.0299999713897705,6.425000190734863,160,90,63,30000,0
-9.774999618530273,3.1700000762939453,6.074999809265137,160,90,63,30000,0
-9.774999618530273,3.299999952316284,5.724999904632568,160,90,63,30000,0
-9.774999618530273,3.430000066757202,5.375,160,90,63,30000,0
-9.774999618530273,3.559999942779541,5.025000095367432,160,90,63,30000,0
-9.774999618530273,3.690000057220459,4.675000190734863,160,90,63,30000,0
-9.774999618530273,3.819999933242798,4.324999809265137,160,90,63,30000,0
-9.774999618530273,3.950000047683716,3.9749999046325684,160,90,63,30000,0
-9.774999618530273,4.079999923706055,3.625,160,90,63,30000,0
-9.774999618530273,4.21999979019165,3.2750000953674316,160,90,63,30000,0
-9.774999618530273,4.349999904632568,2.924999952316284,160,90,63,30000,0
-9.774999618530273,4.480000019073486,2.575000047683716,160,90,63,30000,0
-9.774999618530273,4.610000133514404,2.2249999046325684,160,90,63,30000,0
-9.774999618530273,4.739999771118164,1.875,160,90,63,30000,0
-9.774999618530273,4.869999885559082,1.524999976158142,160,90,63,30000,0
-9.774999618530273,5,1.1749999523162842,160,90,63,30000,0
-9.774999618530273,5.130000114440918,0.824999988079071,160,90,63,30000,0
-9.774999618530273,5.269999980926514,0.4749999940395355,160,90,63,30000,0
-9.774999618530273,5.400000095367432,0.125,160,90,63,30000,0
-9.774999618530273,5.489999771118164,-0.22499999403953552,160,90,63,30000,0
-9.774999618530273,5.360000133514404,-0.574999988079071,160,90,63,30000,0
-9.774999618530273,5.230000019073486,-0.925000011920929,160,90,63,30000,0
-9.774999618530273,5.099999904632568,-1.274999976158142,160,90,63,30000,0
-9.774999618530273,4.96999979019165,-1.625,160,90,63,30000,0
-9.774999618530273,4.840000152587891,-1.975000023841858,160,90,63,30000,0
-9.774999618530273,4.699999809265137,-2.325000047683716,160,90,63,30000,0
-9.774999618530273,4.570000171661377,-2.674999952316284,160,90,63,30000,0
-9.774999618530273,4.440000057220459,-3.0250000953674316,160,90,63,30000,0
-9.774999618530273,4.309999942779541,-3.375,160,90,63,30000,0
-9.774999618530273,4.179999828338623,-3.7249999046325684,160,90,63,30000,0
-9.774999618530273,4.050000190734863,-4.074999809265137,160,90,63,30000,0
-9.774999618530273,3.9200000762939453,-4.425000190734863,160,90,63,30000,0
-9.774999618530273,3.7899999618530273,-4.775000095367432,160,90,63,30000,0
-9.774999618530273,3.6500000953674316,-5.125,160,90,63,30000,0
-9.774999618530273,3.5199999809265137,-5.474999904632568,160,90,63,30000,0
-9.774999618530273,3.390000104904175,-5.824999809265137,160,90,63,30000,0
-9.774999618530273,3.259999990463257,-6.175000190734863,160,90,63,30000,0
-9.774999618530273,3.130000114440918,-6.525000095367432,160,90,63,30000,0
-9.774999618530273,3,-6.875,160,90,63,30000,0
-9.774999618530273,2.869999885559082,-7.224999904632568,160,90,63,30000,0
-9.774999618530273,2.740000009536743,-7.574999809265137,160,90,63,30000,0
-9.774999618530273,2.5999999046325684,-7.925000190734863,160,90,63,30000,0
-9.425000190734863,2.509999990463257,7.824999809265137,160,90,63,30000,0
-9.425000190734863,2.640000104904175,7.474999904632568,160,90,63,30000,0
-9.425000190734863,2.7699999809265137,7.125,160,90,63,30000,0
-9.425000190734863,2.9000000953674316,6.775000095367432,160,90,63,30000,0
-9.425000190734863,3.0299999713897705,6.425000190734863,160,90,63,30000,0
-9.425000190734863,3.1700000762939453,6.074999809265137,160,90,63,30000,0
-9.425000190734863,3.299999952316284,5.724999904632568,160,90,63,30000,0
-9.425000190734863,3.430000066757202,5.375,160,90,63,30000,0
-9.425000190734863,3.559999942779541,5.025000095367432,160,90,63,30000,0
-9.425000190734863,3.690000057220459,4.675000190734863,160,90,63,30000,0
-9.425000190734863,3.819999933242798,4.324999809265137,160,90,63,30000,0
-9.425000190734863,3.950000047683716,3.9749999046325684,160,90,63,30000,0
-9.425000190734863,4.079999923706055,3.625,160,90,63,30000,0
-9.425000190734863,4.21999979019165,3.2750000953674316,160,90,63,30000,0
-9.425000190734863,4.349999904632568,2.924999952316284,160,90,63,30000,0
-9.425000190734863,4.480000019073486,2.575000047683716,160,90,63,30000,0
-9.425000190734863,4.610000133514404,2.2249999046325684,160,90,63,30000,0
-9.425000190734863,4.739999771118164,1.875,160,90,63,30000,0
-9.425000190734863,4.869999885559082,1.524999976158142,160,90,63,30000,0
-9.425000190734863,5,1.1749999523162842,160,90,63,30000,0
-9.425000190734863,5.130000114440918,0.824999988079071,160,90,63,30000,0
-9.425000190734863,5.269999980926514,0.4749999940395355,160,90,63,30000,0
-9.425000190734863,5.400000095367432,0.125,160,90,63,30000,0
-9.425000190734863,5.489999771118164,-0.22499999403953552,160,90,63,30000,0
-9.425000190734863,5.360000133514404,-0.574999988079071,160,90,63,30000,0
-9.425000190734863,5.230000019073486,-0.925000011920929,160,90,63,30000,0
-9.425000190734863,5.099999904632568,-1.274999976158142,160,90,63,30000,0
-9.425000190734863,4.96999979019165,-1.625,160,90,63,30000,0
-9.425000190734863,4.840000152587891,-1.975000023841858,160,90,63,30000,0
-9.425000190734863,4.699999809265137,-2.325000047683716,160,90,63,30000,0
-9.425000190734863,4.570000171661377,-2.674999952316284,160,90,63,30000,0
-9.425000190734863,4.440000057220459,-3.0250000953674316,160,90,63,30000,0
-9.425000190734863,4.309999942779541,-3.375,160,90,63,30000,0
-9.425000190734863,4.179999828338623,-3.7249999046325684,160,90,63,30000,0
-9.425000190734863,4.050000190734863,-4.074999809265137,160,90,63,30000,0
-9.425000190734863,3.9200000762939453,-4.425000190734863,160,90,63,30000,0
-9.425000190734863,3.7899999618530273,-4.775000095367432,160,90,63,30000,0
-9.425000190734863,3.6500000953674316,-5.125,160,90,63,30000,0
-9.425000190734863,3.5199999809265137,-5.474999904632568,160,90,63,30000,0
-9.425000190734863,3.390000104904175,-5.824999809265137,160,90,63,30000,0
-9.425000190734863,3.259999990463257,-6.175000190734863,160,90,63,30000,0
-9.425000190734863,3.130000114440918,-6.525000095367432,160,90,63,30000,0
-9.425000190734863,3,-6.875,160,90,63,30000,0
-9.425000190734863,2.869999885559082,-7.224999904632568,160,90,63,30000,0
-9.425000190734863,2.740000009536743,-7.574999809265137,160,90,63,30000,0
-9.425000190734863,2.5999999046325684,-7.925000190734863,160,90,63,30000,0
-9.074999809265137,2.509999990463257,7.824999809265137,160,90,63,30000,0
-9.074999809265137,2.640000104904175,7.474999904632568,160,90,63,30000,0
-9.074999809265137,2.7699999809265137,7.125,160,90,63,30000,0
-9.074999809265137,2.9000000953674316,6.775000095367432,160,90,63,30000,0
-9.074999809265137,3.0299999713897705,6.425000190734863,160,90,63,30000,0
-9.074999809265137,3.1700000762939453,6.074999809265137,160,90,63,30000,0
-9.074999809265137,3.299999952316284,5.724999904632568,160,90,63,30000,0
-9.074999809265137,3.430000066757202,5.375,160,90,63,30000,0
-9.074999809265137,3.559999942779541,5.025000095367432,160,90,63,30000,0
-9.074999809265137,3.690000057220459,4.675000190734863,160,90,63,30000,0
-9.074999809265137,3.819999933242798,4.324999809265137,160,90,63,30000,0
-9.074999809265137,3.950000047683716,3.9749999046325684,160,90,63,30000,0
-9.074999809265137,4.079999923706055,3.625,160,90,63,30000,0
-9.074999809265137,4.21999979019165,3.2750000953674316,160,90,63,30000,0
-9.074999809265137,4.349999904632568,2.924999952316284,160,90,63,30000,0
-9.074999809265137,4.480000019073486,2.575000047683716,160,90,63,30000,0
-9.074999809265137,4.610000133514404,2.2249999046325684,160,90,63,30000,0
-9.074999809265137,4.739999771118164,1.875,160,90,63,30000,0
-9.074999809265137,4.869999885559082,1.524999976158142,160,90,63,30000,0
-9.074999809265137,5,1.1749999523162842,160,90,63,30000,0
-9.074999809265137,5.130000114440918,0.824999988079071,160,90,63,30000,0
-9.074999809265137,5.269999980926514,0.4749999940395355,160,90,63,30000,0
-9.074999809265137,5.400000095367432,0.125,160,90,63,30000,0
-9.074999809265137,5.489999771118164,-0.22499999403953552,160,90,63,30000,0
-9.074999809265137,5.360000133514404,-0.574999988079071,160,90,63,30000,0
-9.074999809265137,5.230000019073486,-0.925000011920929,160,90,63,30000,0
-9.074999809265137,5.099999904632568,-1.274999976158142,160,90,63,30000,0
-9.074999809265137,4.96999979019165,-1.625,160,90,63,30000,0
-9.074999809265137,4.840000152587891,-1.975000023841858,160,90,63,30000,0
-9.074999809265137,4.699999809265137,-2.325000047683716,160,90,63,30000,0
-9.074999809265137,4.570000171661377,-2.674999952316284,160,90,63,30000,0
-9.074999809265137,4.440000057220459,-3.0250000953674316,160,90,63,30000,0
-9.074999809265137,4.309999942779541,-3.375,160,90,63,30000,0
-9.074999809265137,4.179999828338623,-3.7249999046325684,160,90,63,30000,0
-9.074999809265137,4.050000190734863,-4.074999809265137,160,90,63,30000,0
-9.074999809265137,3.9200000762939453,-4.425000190734863,160,90,63,30000,0
-9.074999809265137,3.7899999618530273,-4.775000095367432,160,90,63,30000,0
-9.074999809265137,3.6500000953674316,-5.125,160,90,63,30000,0
-9.074999809265137,3.5199999809265137,-5.474999904632568,160,90,63,30000,0
-9.074999809265137,3.390000104904175,-5.824999809265137,160,90,63,30000,0
-9.074999809265137,3.259999990463257,-6.175000190734863,160,90,63,30000,0
-9.074999809265137,3.130000114440918,-6.525000095367432,160,90,63,30000,0
-9.074999809265137,3,-6.875,160,90,63,30000,0
-9.074999809265137,2.869999885559082,-7.224999904632568,160,90,63,30000,0
-9.074999809265137,2.740000009536743,-7.574999809265137,160,90,63,30000,0
-9.074999809265137,2.5999999046325684,-7.925000190734863,160,90,63,30000,0
-8.725000381469727,2.509999990463257,7.824999809265137,160,90,63,30000,0
-8.725000381469727,2.640000104904175,7.474999904632568,160,90,63,30000,0
-8.725000381469727,2.7699999809265137,7.125,160,90,63,30000,0
-8.725000381469727,2.9000000953674316,6.775000095367432,160,90,63,30000,0
-8.725000381469727,3.0299999713897705,6.425000190734863,160,90,63,30000,0
-8.725000381469727,3.1700000762939453,6.074999809265137,160,90,63,30000,0
-8.725000381469727,3.299999952316284,5.724999904632568,160,90,63,30000,0
-8.725000381469727,3.430000066757202,5.375,160,90,63,30000,0
-8.725000381469727,3.559999942779541,5.025000095367432,160,90,63,30000,0
-8.725000381469727,3.690000057220459,4.675000190734863,160,90,63,30000,0
-8.725000381469727,3.819999933242798,4.324999809265137,160,90,63,30000,0
-8.725000381469727,3.950000047683716,3.9749999046325684,160,90,63,30000,0
-8.725000381469727,4.079999923706055,3.625,160,90,63,30000,0
-8.725000381469727,4.21999979019165,3.2750000953674316,160,90,63,30000,0
-8.725000381469727,4.349999904632568,2.924999952316284,160,90,63,30000,0
-8.725000381469727,4.480000019073486,2.575000047683716,160,90,63,30000,0
-8.725000381469727,4.610000133514404,2.2249999046325684,160,90,63,30000,0
-8.725000381469727,4.739999771118164,1.875,160,90,63,30000,0
-8.725000381469727,4.869999885559082,1.524999976158142,160,90,63,30000,0
-8.725000381469727,5,1.1749999523162842,160,90,63,30000,0
-8.725000381469727,5.130000114440918,0.824999988079071,160,90,63,30000,0
-8.725000381469727,5.269999980926514,0.4749999940395355,160,90,63,30000,0
-8.725000381469727,5.400000095367432,0.125,160,90,63,30000,0
-8.725000381469727,5.489999771118164,-0.22499999403953552,160,90,63,30000,0
-8.725000381469727,5.360000133514404,-0.574999988079071,160,90,63,30000,0
-8.725000381469727,5.230000019073486,-0.925000011920929,160,90,63,30000,0
-8.725000381469727,5.099999904632568,-1.274999976158142,160,90,63,30000,0
-8.725000381469727,4.96999979019165,-1.625,160,90,63,30000,0
-8.725000381469727,4.840000152587891,-1.975000023841858,160,90,63,30000,0
-8.725000381469727,4.699999809265137,-2.325000047683716,160,90,63,30000,0
-8.725000381469727,4.570000171661377,-2.674999952316284,160,90,63,30000,0
-8.725000381469727,4.440000057220459,-3.0250000953674316,160,90,63,30000,0
-8.725000381469727,4.309999942779541,-3.375,160,90,63,30000,0
-8.725000381469727,4.179999828338623,-3.7249999046325684,160,90,63,30000,0
-8.725000381469727,4.050000190734863,-4.074999809265137,160,90,63,30000,0
-8.725000381469727,3.9200000762939453,-4.425000190734863,160,90,63,30000,0
-8.725000381469727,3.7899999618530273,-4.775000095367432,160,90,63,30000,0
-8.725000381469727,3.6500000953674316,-5.125,160,90,63,30000,0
-8.725000381469727,3.5199999809265137,-5.474999904632568,160,90,63,30000,0
-8.725000381469727,3.390000104904175,-5.824999809265137,160,90,63,30000,0
-8.725000381469727,3.259999990463257,-6.175000190734863,160,90,63,30000,0
-8.725000381469727,3.130000114440918,-6.525000095367432,160,90,63,30000,0
-8.725000381469727,3,-6.875,160,90,63,30000,0
-8.725000381469727,2.869999885559082,-7.224999904632568,160,90,63,30000,0
-8.725000381469727,2.740000009536743,-7.574999809265137,160,90,63,30000,0
-8.725000381469727,2.5999999046325684,-7.925000190734863,160,90,63,30000,0
-8.375,2.509999990463257,7.824999809265137,160,90,63,30000,0
-8.375,2.640000104904175,7.474999904632568,160,90,63,30000,0
-8.375,2.7699999809265137,7.125,160,90,63,30000,0
-8.375,2.9000000953674316,6.775000095367432,160,90,63,30000,0
-8.375,3.0299999713897705,6.425000190734863,160,90,63,30000,0
-8.375,3.1700000762939453,6.074999809265137,160,90,63,30000,0
-8.375,3.299999952316284,5.724999904632568,160,90,63,30000,0
-8.375,3.430000066757202,5.375,160,90,63,30000,0
-8.375,3.559999942779541,5.025000095367432,160,90,63,30000,0
-8.375,3.690000057220459,4.675000190734863,160,90,63,30000,0
-8.375,3.819999933242798,4.324999809265137,160,90,63,30000,0
-8.375,3.950000047683716,3.9749999046325684,160,90,63,30000,0
-8.375,4.079999923706055,3.625,160,90,63,30000,0
-8.375,4.21999979019165,3.2750000953674316,160,90,63,30000,0
-8.375,4.349999904632568,2.924999952316284,160,90,63,30000,0
-8.375,4.480000019073486,2.575000047683716,160,90,63,30000,0
-8.375,4.610000133514404,2.2249999046325684,160,90,63,30000,0
-8.375,4.739999771118164,1.875,160,90,63,30000,0
-8.375,4.869999885559082,1.524999976158142,160,90,63,30000,0
-8.375,5,1.1749999523162842,160,90,63,30000,0
-8.375,5.130000114440918,0.824999988079071,160,90,63,30000,0
-8.375,5.269999980926514,0.4749999940395355,160,90,63,30000,0
-8.375,5.400000095367432,0.125,160,90,63,30000,0
-8.375,5.489999771118164,-0.22499999403953552,160,90,63,30000,0
-8.375,5.360000133514404,-0.574999988079071,160,90,63,30000,0
-8.375,5.230000019073486,-0.925000011920929,160,90,63,30000,0
-8.375,5.099999904632568,-1.274999976158142,160,90,63,30000,0
-8.375,4.96999979019165,-1.625,160,90,63,30000,0
-8.375,4.840000152587891,-1.975000023841858,160,90,63,30000,0
-8.375,4.699999809265137,-2.325000047683716,160,90,63,30000,0
-8.375,4.570000171661377,-2.674999952316284,160,90,63,30000,0
-8.375,4.440000057220459,-3.0250000953674316,160,90,63,30000,0
-8.375,4.309999942779541,-3.375,160,90,63,30000,0
-8.375,4.179999828338623,-3.7249999046325684,160,90,63,30000,0
-8.375,4.050000190734863,-4.074999809265137,160,90,63,30000,0
-8.375,3.9200000762939453,-4.425000190734863,160,90,63,30000,0
-8.375,3.7899999618530273,-4.775000095367432,160,90,63,30000,0
-8.375,3.6500000953674316,-5.125,160,90,63,30000,0
-8.375,3.5199999809265137,-5.474999904632568,160,90,63,30000,0
-8.375,3.390000104904175,-5.824999809265137,160,90,63,30000,0
-8.375,3.259999990463257,-6.175000190734863,160,90,63,30000,0
-8.375,3.130000114440918,-6.525000095367432,160,90,63,30000,0
-8.375,3,-6.875,160,90,63,30000,0
-8.375,2.869999885559082,-7.224999904632568,160,90,63,30000,0
-8.375,2.740000009536743,-7.574999809265137,160,90,63,30000,0
-8.375,2.5999999046325684,-7.925000190734863,160,90,63,30000,0
-8.024999618530273,2.509999990463257,7.824999809265137,160,90,63,30000,0
-8.024999618530273,2.640000104904175,7.474999904632568,160,90,63,30000,0
-8.024999618530273,2.7699999809265137,7.125,160,90,63,30000,0
-8.024999618530273,2.9000000953674316,6.775000095367432,160,90,63,30000,0
-8.024999618530273,3.0299999713897705,6.425000190734863,160,90,63,30000,0
-8.024999618530273,3.1700000762939453,6.074999809265137,160,90,63,30000,0
-8.024999618530273,3.299999952316284,5.724999904632568,160,90,63,30000,0
-8.024999618530273,3.430000066757202,5.375,160,90,63,30000,0
-8.024999618530273,3.559999942779541,5.025000095367432,160,90,63,30000,0
-8.024999618530273,3.690000057220459,4.675000190734863,160,90,63,30000,0
-8.024999618530273,3.819999933242798,4.324999809265137,160,90,63,30000,0
-8.024999618530273,3.950000047683716,3.9749999046325684,160,90,63,30000,0
-8.024999618530273,4.079999923706055,3.625,160,90,63,30000,0
-8.024999618530273,4.21999979019165,3.2750000953674316,160,90,63,30000,0
-8.024999618530273,4.349999904632568,2.924999952316284,160,90,63,30000,0
-8.024999618530273,4.480000019073486,2.575000047683716,160,90,63,30000,0
-8.024999618530273,4.610000133514404,2.2249999046325684,160,90,63,30000,0
-8.024999618530273,4.739999771118164,1.875,160,90,63,30000,0
-8.024999618530273,4.869999885559082,1.524999976158142,160,90,63,30000,0
-8.024999618530273,5,1.1749999523162842,160,90,63,30000,0
-8.024999618530273,5.130000114440918,0.824999988079071,160,90,63,30000,0
-8.024999618530273,5.269999980926514,0.4749999940395355,160,90,63,30000,0
-8.024999618530273,5.400000095367432,0.125,160,90,63,30000,0
-8.024999618530273,5.489999771118164,-0.22499999403953552,160,90,63,30000,0
-8.024999618530273,5.360000133514404,-0.574999988079071,160,90,63,30000,0
-8.024999618530273,5.230000019073486,-0.925000011920929,160,90,63,30000,0
-8.024999618530273,5.099999904632568,-1.274999976158142,160,90,63,30000,0
-8.024999618530273,4.96999979019165,-1.625,160,90,63,30000,0
-8.024999618530273,4.840000152587891,-1.975000023841858,160,90,63,30000,0
-8.024999618530273,4.699999809265137,-2.325000047683716,160,90,63,30000,0
-8.024999618530273,4.570000171661377,-2.674999952316284,160,90,63,30000,0
-8.024999618530273,4.440000057220459,-3.0250000953674316,160,90,63,30000,0
-8.024999618530273,4.309999942779541,-3.375,160,90,63,30000,0
-8.024999618530273,4.179999828338623,-3.7249999046325684,160,90,63,30000,0
-8.024999618530273,4.050000190734863,-4.074999809265137,160,90,63,30000,0
-8.024999618530273,3.9200000762939453,-4.425000190734863,160,90,63,30000,0
-8.024999618530273,3.7899999618530273,-4.775000095367432,160,90,63,30000,0
-8.024999618530273,3.6500000953674316,-5.125,160,90,63,30000,0
-8.024999618530273,3.5199999809265137,-5.474999904632568,160,90,63,30000,0
-8.024999618530273,3.390000104904175,-5.824999809265137,160,90,63,30000,0
-8.024999618530273,3.259999990463257,-6.175000190734863,160,90,63,30000,0
-8.024999618530273,3.130000114440918,-6.525000095367432,160,90,63,30000,0
-8.024999618530273,3,-6.875,160,90,63,30000,0
-8.024999618530273,2.869999885559082,-7.224999904632568,160,90,63,30000,0
-8.024999618530273,2.740000009536743,-7.574999809265137,160,90,63,30000,0
-8.024999618530273,2.5999999046325684,-7.925000190734863,160,90,63,30000,0
-7.675000190734863,2.509999990463257,7.824999809265137,160,90,63,30000,0
-7.675000190734863,2.640000104904175,7.474999904632568,160,90,63,30000,0
-7.675000190734863,2.7699999809265137,7.125,160,90,63,30000,0
-7.675000190734863,2.9000000953674316,6.775000095367432,160,90,63,30000,0
-7.675000190734863,3.0299999713897705,6.425000190734863,160,90,63,30000,0
-7.675000190734863,3.1700000762939453,6.074999809265137,160,90,63,30000,0
-7.675000190734863,3.299999952316284,5.724999904632568,160,90,63,30000,0
-7.675000190734863,3.430000066757202,5.375,160,90,63,30000,0
-7.675000190734863,3.559999942779541,5.025000095367432,160,90,63,30000,0
-7.675000190734863,3.690000057220459,4.675000190734863,160,90,63,30000,0
-7.675000190734863,3.819999933242798,4.324999809265137,160,90,63,30000,0
-7.675000190734863,3.950000047683716,3.9749999046325684,160,90,63,30000,0
-7.675000190734863,4.079999923706055,3.625,160,90,63,30000,0
-7.675000190734863,4.21999979019165,3.2750000953674316,160,90,63,30000,0
-7.675000190734863,4.349999904632568,2.924999952316284,160,90,63,30000,0
-7.675000190734863,4.480000019073486,2.575000047683716,160,90,63,30000,0
-7.675000190734863,4.610000133514404,2.2249999046325684,160,90,63,30000,0
-7.675000190734863,4.739999771118164,1.875,160,90,63,30000,0
-7.675000190734863,4.869999885559082,1.524999976158142,160,90,63,30000,0
-7.675000190734863,5,1.1749999523162842,160,90,63,30000,0
-7.675000190734863,5.130000114440918,0.824999988079071,160,90,63,30000,0
-7.675000190734863,5.269999980926514,0.4749999940395355,160,90,63,30000,0
-7.675000190734863,5.400000095367432,0.125,160,90,63,30000,0
-7.675000190734863,5.489999771118164,-0.22499999403953552,160,90,63,30000,0
-7.675000190734863,5.360000133514404,-0.574999988079071,160,90,63,30000,0
-7.675000190734863,5.230000019073486,-0.925000011920929,160,90,63,30000,0
-7.675000190734863,5.099999904632568,-1.274999976158142,160,90,63,30000,0
-7.675000190734863,4.96999979019165,-1.625,160,90,63,30000,0
-7.675000190734863,4.840000152587891,-1.975000023841858,160,90,63,30000,0
-7.675000190734863,4.699999809265137,-2.325000047683716,160,90,63,30000,0
-7.675000190734863,4.570000171661377,-2.674999952316284,160,90,63,30000,0
-7.675000190734863,4.440000057220459,-3.0250000953674316,160,90,63,30000,0
-7.675000190734863,4.309999942779541,-3.375,160,90,63,30000,0
-7.675000190734863,4.179999828338623,-3.7249999046325684,160,90,63,30000,0
-7.675000190734863,4.050000190734863,-4.074999809265137,160,90,63,30000,0
-7.675000190734863,3.9200000762939453,-4.425000190734863,160,90,63,30000,0
-7.675000190734863,3.7899999618530273,-4.775000095367432,160,90,63,30000,0
-7.675000190734863,3.6500000953674316,-5.125,160,90,63,30000,0
-7.675000190734863,3.5199999809265137,-5.474999904632568,160,90,63,30000,0
-7.675000190734863,3.390000104904175,-5.824999809265137,160,90,63,30000,0
-7.675000190734863,3.259999990463257,-6.175000190734863,160,90,63,30000,0
-7.675000190734863,3.130000114440918,-6.525000095367432,160,90,63,30000,0
-7.675000190734863,3,-6.875,160,90,63,30000,0
-7.675000190734863,2.869999885559082,-7.224999904632568,160,90,63,30000,0
-7.675000190734863,2.740000009536743,-7.574999809265137,160,90,63,30000,0
-7.675000190734863,2.5999999046325684,-7.925000190734863,160,90,63,30000,0
-7.324999809265137,2.509999990463257,7.824999809265137,160,90,63,30000,0
-7.324999809265137,2.640000104904175,7.474999904632568,160,90,63,30000,0
-7.324999809265137,2.7699999809265137,7.125,160,90,63,30000,0
-7.324999809265137,2.9000000953674316,6.775000095367432,160,90,63,30000,0
-7.324999809265137,3.0299999713897705,6.425000190734863,160,90,63,30000,0
-7.324999809265137,3.1700000762939453,6.074999809265137,160,90,63,30000,0
-7.324999809265137,3.299999952316284,5.724999904632568,160,90,63,30000,0
-7.324999809265137,3.430000066757202,5.375,160,90,63,30000,0
-7.324999809265137,3.559999942779541,5.025000095367432,160,90,63,30000,0
-7.324999809265137,3.690000057220459,4.675000190734863,160,90,63,30000,0
-7.324999809265137,3.819999933242798,4.324999809265137,160,90,63,30000,0
-7.324999809265137,3.950000047683716,3.9749999046325684,160,90,63,30000,0
-7.324999809265137,4.079999923706055,3.625,160,90,63,30000,0
-7.324999809265137,4.21999979019165,3.2750000953674316,160,90,63,30000,0
-7.324999809265137,4.349999904632568,2.924999952316284,160,90,63,30000,0
-7.324999809265137,4.480000019073486,2.575000047683716,160,90,63,30000,0
-7.324999809265137,4.610000133514404,2.2249999046325684,160,90,63,30000,0
-7.324999809265137,4.739999771118164,1.875,160,90,63,30000,0
-7.324999809265137,4.869999885559082,1.524999976158142,160,90,63,30000,0
-7.324999809265137,5,1.1749999523162842,160,90,63,30000,0
-7.324999809265137,5.130000114440918,0.824999988079071,160,90,63,30000,0
-7.324999809265137,5.269999980926514,0.4749999940395355,160,90,63,30000,0
-7.324999809265137,5.400000095367432,0.125,160,90,63,30000,0
-7.324999809265137,5.489999771118164,-0.22499999403953552,160,90,63,30000,0
-7.324999809265137,5.360000133514404,-0.574999988079071,160,90,63,30000,0
-7.324999809265137,5.230000019073486,-0.925000011920929,160,90,63,30000,0
-7.324999809265137,5.099999904632568,-1.274999976158142,160,90,63,30000,0
-7.324999809265137,4.96999979019165,-1.625,160,90,63,30000,0
-7.324999809265137,4.840000152587891,-1.975000023841858,160,90,63,30000,0
-7.324999809265137,4.699999809265137,-2.325000047683716,160,90,63,30000,0
-7.324999809265137,4.570000171661377,-2.674999952316284,160,90,63,30000,0
-7.324999809265137,4.440000057220459,-3.0250000953674316,160,90,63,30000,0
-7.324999809265137,4.309999942779541,-3.375,160,90,63,30000,0
-7.324999809265137,4.179999828338623,-3.7249999046325684,160,90,63,30000,0
-7.324999809265137,4.050000190734863,-4.074999809265137,160,90,63,30000,0
-7.324999809265137,3.9200000762939453,-4.425000190734863,160,90,63,30000,0
-7.324999809265137,3.7899999618530273,-4.775000095367432,160,90,63,30000,0
-7.324999809265137,3.6500000953674316,-5.125,160,90,63,30000,0
-7.324999809265137,3.5199999809265137,-5.474999904632568,160,90,63,30000,0
-7.324999809265137,3.390000104904175,-5.824999809265137,160,90,63,30000,0
-7.324999809265137,3.259999990463257,-6.175000190734863,160,90,63,30000,0
-7.324999809265137,3.130000114440918,-6.525000095367432,160,90,63,30000,0
-7.324999809265137,3,-6.875,160,90,63,30000,0
-7.324999809265137,2.869999885559082,-7.224999904632568,160,90,63,30000,0
-7.324999809265137,2.740000009536743,-7.574999809265137,160,90,63,30000,0
-7.324999809265137,2.5999999046325684,-7.925000190734863,160,90,63,30000,0
-6.974999904632568,2.509999990463257,7.824999809265137,160,90,63,30000,0
-6.974999904632568,2.640000104904175,7.474999904632568,160,90,63,30000,0
-6.974999904632568,2.7699999809265137,7.125,160,90,63,30000,0
-6.974999904632568,2.9000000953674316,6.775000095367432,160,90,63,30000,0
-6.974999904632568,3.0299999713897705,6.425000190734863,160,90,63,30000,0
-6.974999904632568,3.1700000762939453,6.074999809265137,160,90,63,30000,0
-6.974999904632568,3.299999952316284,5.724999904632568,160,90,63,30000,0
-6.974999904632568,3.430000066757202,5.375,160,90,63,30000,0
-6.974999904632568,3.559999942779541,5.025000095367432,160,90,63,30000,0
-6.974999904632568,3.690000057220459,4.675000190734863,160,90,63,30000,0
-6.974999904632568,3.819999933242798,4.324999809265137,160,90,63,30000,0
-6.974999904632568,3.950000047683716,3.9749999046325684,160,90,63,30000,0
-6.974999904632568,4.079999923706055,3.625,160,90,63,30000,0
-6.974999904632568,4.21999979019165,3.2750000953674316,160,90,63,30000,0
-6.974999904632568,4.349999904632568,2.924999952316284,160,90,63,30000,0
-6.974999904632568,4.480000019073486,2.575000047683716,160,90,63,30000,0
-6.974999904632568,4.610000133514404,2.2249999046325684,160,90,63,30000,0
-6.974999904632568,4.739999771118164,1.875,160,90,63,30000,0
-6.974999904632568,4.869999885559082,1.524999976158142,160,90,63,30000,0
-6.974999904632568,5,1.1749999523162842,160,90,63,30000,0
-6.974999904632568,5.130000114440918,0.824999988079071,160,90,63,30000,0
-6.974999904632568,5.269999980926514,0.4749999940395355,160,90,63,30000,0
-6.974999904632568,5.400000095367432,0.125,160,90,63,30000,0
-6.974999904632568,5.489999771118164,-0.22499999403953552,160,90,63,30000,0
-6.974999904632568,5.360000133514404,-0.574999988079071,160,90,63,30000,0
-6.974999904632568,5.230000019073486,-0.925000011920929,160,90,63,30000,0
-6.974999904632568,5.099999904632568,-1.274999976158142,160,90,63,30000,0
-6.974999904632568,4.96999979019165,-1.625,160,90,63,30000,0
-6.974999904632568,4.840000152587891,-1.975000023841858,160,90,63,30000,0
-6.974999904632568,4.699999809265137,-2.325000047683716,160,90,63,30000,0
-6.974999904632568,4.570000171661377,-2.674999952316284,160,90,63,30000,0
-6.974999904632568,4.440000057220459,-3.0250000953674316,160,90,63,30000,0
-6.974999904632568,4.309999942779541,-3.375,160,90,63,30000,0
-6.974999904632568,4.179999828338623,-3.7249999046325684,160,90,63,30000,0
-6.974999904632568,4.050000190734863,-4.074999809265137,160,90,63,30000,0
-6.974999904632568,3.9200000762939453,-4.425000190734863,160,90,63,30000,0
-6.974999904632568,3.7899999618530273,-4.775000095367432,160,90,63,30000,0
-6.974999904632568,3.6500000953674316,-5.125,160,90,63,30000,0
-6.974999904632568,3.5199999809265137,-5.474999904632568,160,90,63,30000,0
-6.974999904632568,3.390000104904175,-5.824999809265137,160,90,63,30000,0
-6.974999904632568,3.259999990463257,-6.175000190734863,160,90,63,30000,0
-6.974999904632568,3.130000114440918,-6.525000095367432,160,90,63,30000,0
-6.974999904632568,3,-6.875,160,90,63,30000,0
-6.974999904632568,2.869999885559082,-7.224999904632568,160,90,63,30000,0
-6.974999904632568,2.740000009536743,-7.574999809265137,160,90,63,30000,0
-6.974999904632568,2.5999999046325684,-7.925000190734863,160,90,63,30000,0
-6.625,2.509999990463257,7.824999809265137,160,90,63,30000,0
-6.625,2.640000104904175,7.474999904632568,160,90,63,30000,0
-6.625,2.7699999809265137,7.125,160,90,63,30000,0
-6.625,2.9000000953674316,6.775000095367432,160,90,63,30000,0
-6.625,3.0299999713897705,6.425000190734863,160,90,63,30000,0
-6.625,3.1700000762939453,6.074999809265137,160,90,63,30000,0
-6.625,3.299999952316284,5.724999904632568,160,90,63,30000,0
-6.625,3.430000066757202,5.375,160,90,63,30000,0
-6.625,3.559999942779541,5.025000095367432,160,90,63,30000,0
-6.625,3.690000057220459,4.675000190734863,160,90,63,30000,0
-6.625,3.819999933242798,4.324999809265137,160,90,63,30000,0
-6.625,3.950000047683716,3.9749999046325684,160,90,63,30000,0
-6.625,4.079999923706055,3.625,160,90,63,30000,0
-6.625,4.21999979019165,3.2750000953674316,160,90,63,30000,0
-6.625,4.349999904632568,2.924999952316284,160,90,63,30000,0
-6.625,4.480000019073486,2.575000047683716,160,90,63,30000,0
-6.625,4.610000133514404,2.2249999046325684,160,90,63,30000,0
-6.625,4.739999771118164,1.875,160,90,63,30000,0
-6.625,4.869999885559082,1.524999976158142,160,90,63,30000,0
-6.625,5,1.1749999523162842,160,90,63,30000,0
-6.625,5.130000114440918,0.824999988079071,160,90,63,30000,0
-6.625,5.269999980926514,0.4749999940395355,160,90,63,30000,0
-6.625,5.400000095367432,0.125,160,90,63,30000,0
-6.625,5.489999771118164,-0.22499999403953552,160,90,63,30000,0
-6.625,5.360000133514404,-0.574999988079071,160,90,63,30000,0
-6.625,5.230000019073486,-0.925000011920929,160,90,63,30000,0
-6.625,5.099999904632568,-1.274999976158142,160,90,63,30000,0
-6.625,4.96999979019165,-1.625,160,90,63,30000,0
-6.625,4.840000152587891,-1.975000023841858,160,90,63,30000,0
-6.625,4.699999809265137,-2.325000047683716,160,90,63,30000,0
-6.625,4.570000171661377,-2.674999952316284,160,90,63,30000,0
-6.625,4.440000057220459,-3.0250000953674316,160,90,63,30000,0
-6.625,4.309999942779541,-3.375,160,90,63,30000,0
-6.625,4.179999828338623,-3.7249999046325684,160,90,63,30000,0
-6.625,4.050000190734863,-4.074999809265137,160,90,63,30000,0
-6.625,3.9200000762939453,-4.425000190734863,160,90,63,30000,0
-6.625,3.7899999618530273,-4.775000095367432,160,90,63,30000,0
-6.625,3.6500000953674316,-5.125,160,90,63,30000,0
-6.625,3.5199999809265137,-5.474999904632568,160,90,63,30000,0
-6.625,3.390000104904175,-5.824999809265137,160,90,63,30000,0
-6.625,3.259999990463257,-6.175000190734863,160,90,63,30000,0
-6.625,3.130000114440918,-6.525000095367432,160,90,63,30000,0
-6.625,3,-6.875,160,90,63,30000,0
-6.625,2.869999885559082,-7.224999904632568,160,90,63,30000,0
-6.625,2.740000009536743,-7.574999809265137,160,90,63,30000,0
-6.625,2.5999999046325684,-7.925000190734863,160,90,63,30000,0
-6.275000095367432,2.509999990463257,7.824999809265137,160,90,63,30000,0
-6.275000095367432,2.640000104904175,7.474999904632568,160,90,63,30000,0
-6.275000095367432,2.7699999809265137,7.125,160,90,63,30000,0
-6.275000095367432,2.9000000953674316,6.775000095367432,160,90,63,30000,0
-6.275000095367432,3.0299999713897705,6.425000190734863,160,90,63,30000,0
-6.275000095367432,3.1700000762939453,6.074999809265137,160,90,63,30000,0
-6.275000095367432,3.299999952316284,5.724999904632568,160,90,63,30000,0
-6.275000095367432,3.430000066757202,5.375,160,90,63,30000,0
-6.275000095367432,3.559999942779541,5.025000095367432,160,90,63,30000,0
-6.275000095367432,3.690000057220459,4.675000190734863,160,90,63,30000,0
-6.275000095367432,3.819999933242798,4.324999809265137,160,90,63,30000,0
-6.275000095367432,3.950000047683716,3.9749999046325684,160,90,63,30000,0
-6.275000095367432,4.079999923706055,3.625,160,90,63,30000,0
-6.275000095367432,4.21999979019165,3.2750000953674316,160,90,63,30000,0
-6.275000095367432,4.349999904632568,2.924999952316284,160,90,63,30000,0
-6.275000095367432,4.480000019073486,2.575000047683716,160,90,63,30000,0
-6.275000095367432,4.610000133514404,2.2249999046325684,160,90,63,30000,0
-6.275000095367432,4.739999771118164,1.875,160,90,63,30000,0
-6.275000095367432,4.869999885559082,1.524999976158142,160,90,63,30000,0
-6.275000095367432,5,1.1749999523162842,160,90,63,30000,0
-6.275000095367432,5.130000114440918,0.824999988079071,160,90,63,30000,0
-6.275000095367432,5.269999980926514,0.4749999940395355,160,90,63,30000,0
-6.275000095367432,5.400000095367432,0.125,160,90,63,30000,0
-6.275000095367432,5.489999771118164,-0.22499999403953552,160,90,63,30000,0
-6.275000095367432,5.360000133514404,-0.574999988079071,160,90,63,30000,0
-6.275000095367432,5.230000019073486,-0.925000011920929,160,90,63,30000,0
-6.275000095367432,5.099999904632568,-1.274999976158142,160,90,63,30000,0
-6.275000095367432,4.96999979019165,-1.625,160,90,63,30000,0
-6.275000095367432,4.840000152587891,-1.975000023841858,160,90,63,30000,0
-6.275000095367432,4.699999809265137,-2.325000047683716,160,90,63,30000,0
-6.275000095367432,4.570000171661377,-2.674999952316284,160,90,63,30000,0
-6.275000095367432,4.440000057220459,-3.0250000953674316,160,90,63,30000,0
-6.275000095367432,4.309999942779541,-3.375,160,90,63,30000,0
-6.275000095367432,4.179999828338623,-3.7249999046325684,160,90,63,30000,0
-6.275000095367432,4.050000190734863,-4.074999809265137,160,90,63,30000,0
-6.275000095367432,3.9200000762939453,-4.425000190734863,160,90,63,30000,0
-6.275000095367432,3.7899999618530273,-4.775000095367432,160,90,63,30000,0
-6.275000095367432,3.6500000953674316,-5.125,160,90,63,30000,0
-6.275000095367432,3.5199999809265137,-5.474999904632568,160,90,63,30000,0
-6.275000095367432,3.390000104904175,-5.824999809265137,160,90,63,30000,0
-6.275000095367432,3.259999990463257,-6.175000190734863,160,90,63,30000,0
-6.275000095367432,3.130000114440918,-6.525000095367432,160,90,63,30000,0
-6.275000095367432,3,-6.875,160,90,63,30000,0
-6.275000095367432,2.869999885559082,-7.224999904632568,160,90,63,30000,0
-6.275000095367432,2.740000009536743,-7.574999809265137,160,90,63,30000,0
-6.275000095367432,2.5999999046325684,-7.925000190734863,160,90,63,30000,0
-5.925000190734863,2.509999990463257,7.824999809265137,160,90,63,30000,0
-5.925000190734863,2.640000104904175,7.474999904632568,160,90,63,30000,0
-5.925000190734863,2.7699999809265137,7.125,160,90,63,30000,0
-5.925000190734863,2.9000000953674316,6.775000095367432,160,90,63,30000,0
-5.925000190734863,3.0299999713897705,6.425000190734863,160,90,63,30000,0
-5.925000190734863,3.1700000762939453,6.074999809265137,160,90,63,30000,0
-5.925000190734863,3.299999952316284,5.724999904632568,160,90,63,30000,0
-5.925000190734863,3.430000066757202,5.375,160,90,63,30000,0
-5.925000190734863,3.559999942779541,5.025000095367432,160,90,63,30000,0
-5.925000190734863,3.690000057220459,4.675000190734863,160,90,63,30000,0
-5.925000190734863,3.819999933242798,4.324999809265137,160,90,63,30000,0
-5.925000190734863,3.950000047683716,3.9749999046325684,160,90,63,30000,0
-5.925000190734863,4.079999923706055,3.625,160,90,63,30000,0
-5.925000190734863,4.21999979019165,3.2750000953674316,160,90,63,30000,0
-5.925000190734863,4.349999904632568,2.924999952316284,160,90,63,30000,0
-5.925000190734863,4.480000019073486,2.575000047683716,160,90,63,30000,0
-5.925000190734863,4.610000133514404,2.2249999046325684,160,90,63,30000,0
-5.925000190734863,4.739999771118164,1.875,160,90,63,30000,0
-5.925000190734863,4.869999885559082,1.524999976158142,160,90,63,30000,0
-5.925000190734863,5,1.1749999523162842,160,90,63,30000,0
-5.925000190734863,5.130000114440918,0.824999988079071,160,90,63,30000,0
-5.925000190734863,5.269999980926514,0.4749999940395355,160,90,63,30000,0
-5.925000190734863,5.400000095367432,0.125,160,90,63,30000,0
-5.925000190734863,5.489999771118164,-0.22499999403953552,160,90,63,30000,0
-5.925000190734863,5.360000133514404,-0.574999988079071,160,90,63,30000,0
-5.925000190734863,5.230000019073486,-0.925000011920929,160,90,63,30000,0
-5.925000190734863,5.099999904632568,-1.274999976158142,160,90,63,30000,0
-5.925000190734863,4.96999979019165,-1.625,160,90,63,30000,0
-5.925000190734863,4.840000152587891,-1.975000023841858,160,90,63,30000,0
-5.925000190734863,4.699999809265137,-2.325000047683716,160,90,63,30000,0
-5.925000190734863,4.570000171661377,-2.674999952316284,160,90,63,30000,0
-5.925000190734863,4.440000057220459,-3.0250000953674316,160,90,63,30000,0
-5.925000190734863,4.309999942779541,-3.375,160,90,63,30000,0
-5.925000190734863,4.179999828338623,-3.7249999046325684,160,90,63,30000,0
-5.925000190734863,4.050000190734863,-4.074999809265137,160,90,63,30000,0
-5.925000190734863,3.9200000762939453,-4.425000190734863,160,90,63,30000,0
-5.925000190734863,3.7899999618530273,-4.775000095367432,160,90,63,30000,0
-5.925000190734863,3.6500000953674316,-5.125,160,90,63,30000,0
-5.925000190734863,3.5199999809265137,-5.474999904632568,160,90,63,30000,0
-5.925000190734863,3.390000104904175,-5.824999809265137,160,90,63,30000,0
-5.925000190734863,3.259999990463257,-6.175000190734863,160,90,63,30000,0
-5.925000190734863,3.130000114440918,-6.525000095367432,160,90,63,30000,0
-5.925000190734863,3,-6.875,160,90,63,30000,0
-5.925000190734863,2.869999885559082,-7.224999904632568,160,90,63,30000,0
-5.925000190734863,2.740000009536743,-7.574999809265137,160,90,63,30000,0
-5.925000190734863,2.5999999046325684,-7.925000190734863,160,90,63,30000,0
-5.574999809265137,2.509999990463257,7.824999809265137,160,90,63,30000,0
-5.574999809265137,2.640000104904175,7.474999904632568,160,90,63,30000,0
-5.574999809265137,2.7699999809265137,7.125,160,90,63,30000,0
-5.574999809265137,2.9000000953674316,6.775000095367432,160,90,63,30000,0
-5.574999809265137,3.0299999713897705,6.425000190734863,160,90,63,30000,0
-5.574999809265137,3.1700000762939453,6.074999809265137,160,90,63,30000,0
-5.574999809265137,3.299999952316284,5.724999904632568,160,90,63,30000,0
-5.574999809265137,3.430000066757202,5.375,160,90,63,30000,0
-5.574999809265137,3.559999942779541,5.025000095367432,160,90,63,30000,0
-5.574999809265137,3.690000057220459,4.675000190734863,160,90,63,30000,0
-5.574999809265137,3.819999933242798,4.324999809265137,160,90,63,30000,0
-5.574999809265137,3.950000047683716,3.9749999046325684,160,90,63,30000,0
-5.574999809265137,4.079999923706055,3.625,160,90,63,30000,0
-5.574999809265137,4.21999979019165,3.2750000953674316,160,90,63,30000,0
-5.574999809265137,4.349999904632568,2.924999952316284,160,90,63,30000,0
-5.574999809265137,4.480000019073486,2.575000047683716,160,90,63,30000,0
-5.574999809265137,4.610000133514404,2.2249999046325684,160,90,63,30000,0
-5.574999809265137,4.739999771118164,1.875,160,90,63,30000,0
-5.574999809265137,4.869999885559082,1.524999976158142,160,90,63,30000,0
-5.574999809265137,5,1.1749999523162842,160,90,63,30000,0
-5.574999809265137,5.130000114440918,0.824999988079071,160,90,63,30000,0
-5.574999809265137,5.269999980926514,0.4749999940395355,160,90,63,30000,0
-5.574999809265137,5.400000095367432,0.125,160,90,63,30000,0
-5.574999809265137,5.489999771118164,-0.22499999403953552,160,90,63,30000,0
-5.574999809265137,5.360000133514404,-0.574999988079071,160,90,63,30000,0
-5.574999809265137,5.230000019073486,-0.925000011920929,160,90,63,30000,0
-5.574999809265137,5.099999904632568,-1.274999976158142,160,90,63,30000,0
-5.574999809265137,4.96999979019165,-1.625,160,90,63,30000,0
-5.574999809265137,4.840000152587891,-1.975000023841858,160,90,63,30000,0
-5.574999809265137,4.699999809265137,-2.325000047683716,160,90,63,30000,0
-5.574999809265137,4.570000171661377,-2.674999952316284,160,90,63,30000,0
-5.574999809265137,4.440000057220459,-3.0250000953674316,160,90,63,30000,0
-5.574999809265137,4.309999942779541,-3.375,160,90,63,30000,0
-5.574999809265137,4.179999828338623,-3.7249999046325684,160,90,63,30000,0
-5.574999809265137,4.050000190734863,-4.074999809265137,160,90,63,30000,0
-5.574999809265137,3.9200000762939453,-4.425000190734863,160,90,63,30000,0
-5.574999809265137,3.7899999618530273,-4.775000095367432,160,90,63,30000,0
-5.574999809265137,3.6500000953674316,-5.125,160,90,63,30000,0
-5.574999809265137,3.5199999809265137,-5.474999904632568,160,90,63,30000,0
-5.574999809265137,3.390000104904175,-5.824999809265137,160,90,63,30000,0
-5.574999809265137,3.259999990463257,-6.175000190734863,160,90,63,30000,0
-5.574999809265137,3.130000114440918,-6.525000095367432,160,90,63,30000,0
-5.574999809265137,3,-6.875,160,90,63,30000,0
-5.574999809265137,2.869999885559082,-7.224999904632568,160,90,63,30000,0
-5.574999809265137,2.740000009536743,-7.574999809265137,160,90,63,30000,0
-5.574999809265137,2.5999999046325684,-7.925000190734863,160,90,63,30000,0
-5.224999904632568,2.509999990463257,7.824999809265137,160,90,63,30000,0
-5.224999904632568,2.640000104904175,7.474999904632568,160,90,63,30000,0
-5.224999904632568,2.7699999809265137,7.125,160,90,63,30000,0
-5.224999904632568,2.9000000953674316,6.775000095367432,160,90,63,30000,0
-5.224999904632568,3.0299999713897705,6.425000190734863,160,90,63,30000,0
-5.224999904632568,3.1700000762939453,6.074999809265137,160,90,63,30000,0
-5.224999904632568,3.299999952316284,5.724999904632568,160,90,63,30000,0
-5.224999904632568,3.430000066757202,5.375,160,90,63,30000,0
-5.224999904632568,3.559999942779541,5.025000095367432,160,90,63,30000,0
-5.224999904632568,3.690000057220459,4.675000190734863,160,90,63,30000,0
-5.224999904632568,3.819999933242798,4.324999809265137,160,90,63,30000,0
-5.224999904632568,3.950000047683716,3.9749999046325684,160,90,63,30000,0
-5.224999904632568,4.079999923706055,3.625,160,90,63,30000,0
-5.224999904632568,4.21999979019165,3.2750000953674316,160,90,63,30000,0
-5.224999904632568,4.349999904632568,2.924999952316284,160,90,63,30000,0
-5.224999904632568,4.480000019073486,2.575000047683716,160,90,63,30000,0
-5.224999904632568,4.610000133514404,2.2249999046325684,160,90,63,30000,0
-5.224999904632568,4.739999771118164,1.875,160,90,63,30000,0
-5.224999904632568,4.869999885559082,1.524999976158142,160,90,63,30000,0
-5.224999904632568,5,1.1749999523162842,160,90,63,30000,0
-5.224999904632568,5.130000114440918,0.824999988079071,160,90,63,30000,0
-5.224999904632568,5.269999980926514,0.4749999940395355,160,90,63,30000,0
-5.224999904632568,5.400000095367432,0.125,160,90,63,30000,0
-5.224999904632568,5.489999771118164,-0.22499999403953552,160,90,63,30000,0
-5.224999904632568,5.360000133514404,-0.574999988079071,160,90,63,30000,0
-5.224999904632568,5.230000019073486,-0.925000011920929,160,90,63,30000,0
-5.224999904632568,5.099999904632568,-1.274999976158142,160,90,63,30000,0
-5.224999904632568,4.96999979019165,-1.625,160,90,63,30000,0
-5.224999904632568,4.840000152587891,-1.975000023841858,160,90,63,30000,0
-5.224999904632568,4.699999809265137,-2.325000047683716,160,90,63,30000,0
-5.224999904632568,4.570000171661377,-2.674999952316284,160,90,63,30000,0
-5.224999904632568,4.440000057220459,-3.0250000953674316,160,90,63,30000,0
-5.224999904632568,4.309999942779541,-3.375,160,90,63,30000,0
-5.224999904632568,4.179999828338623,-3.7249999046325684,160,90,63,30000,0
-5.224999904632568,4.050000190734863,-4.074999809265137,160,90,63,30000,0
-5.224999904632568,3.9200000762939453,-4.425000190734863,160,90,63,30000,0
-5.224999904632568,3.7899999618530273,-4.775000095367432,160,90,63,30000,0
-5.224999904632568,3.6500000953674316,-5.125,160,90,63,30000,0
-5.224999904632568,3.5199999809265137,-5.474999904632568,160,90,63,30000,0
-5.224999904632568,3.390000104904175,-5.824999809265137,160,90,63,30000,0
-5.224999904632568,3.259999990463257,-6.175000190734863,160,90,63,30000,0
-5.224999904632568,3.130000114440918,-6.525000095367432,160,90,63,30000,0
-5.224999904632568,3,-6.875,160,90,63,30000,0
-5.224999904632568,2.869999885559082,-7.224999904632568,160,90,63,30000,0
-5.224999904632568,2.740000009536743,-7.574999809265137,160,90,63,30000,0
-5.224999904632568,2.5999999046325684,-7.925000190734863,160,90,63,30000,0
-4.875,2.509999990463257,7.824999809265137,160,90,63,30000,0
-4.875,2.640000104904175,7.474999904632568,160,90,63,30000,0
-4.875,2.7699999809265137,7.125,160,90,63,30000,0
-4.875,2.9000000953674316,6.775000095367432,160,90,63,30000,0
-4.875,3.0299999713897705,6.425000190734863,160,90,63,30000,0
-4.875,3.1700000762939453,6.074999809265137,160,90,63,30000,0
-4.875,3.299999952316284,5.724999904632568,160,90,63,30000,0
-4.875,3.430000066757202,5.375,160,90,63,30000,0
-4.875,3.559999942779541,5.025000095367432,160,90,63,30000,0
-4.875,3.690000057220459,4.675000190734863,160,90,63,30000,0
-4.875,3.819999933242798,4.324999809265137,160,90,63,30000,0
-4.875,3.950000047683716,3.9749999046325684,160,90,63,30000,0
-4.875,4.079999923706055,3.625,160,90,63,30000,0
-4.875,4.21999979019165,3.2750000953674316,160,90,63,30000,0
-4.875,4.349999904632568,2.924999952316284,160,90,63,30000,0
-4.875,4.480000019073486,2.575000047683716,160,90,63,30000,0
-4.875,4.610000133514404,2.2249999046325684,160,90,63,30000,0
-4.875,4.739999771118164,1.875,160,90,63,30000,0
-4.875,4.869999885559082,1.524999976158142,160,90,63,30000,0
-4.875,5,1.1749999523162842,160,90,63,30000,0
-4.875,5.130000114440918,0.824999988079071,160,90,63,30000,0
-4.875,5.269999980926514,0.4749999940395355,160,90,63,30000,0
-4.875,5.400000095367432,0.125,160,90,63,30000,0
-4.875,5.489999771118164,-0.22499999403953552,160,90,63,30000,0
-4.875,5.360000133514404,-0.574999988079071,160,90,63,30000,0
-4.875,5.230000019073486,-0.925000011920929,160,90,63,30000,0
-4.875,5.099999904632568,-1.274999976158142,160,90,63,30000,0
-4.875,4.96999979019165,-1.625,160,90,63,30000,0
-4.875,4.840000152587891,-1.975000023841858,160,90,63,30000,0
-4.875,4.699999809265137,-2.325000047683716,160,90,63,30000,0
-4.875,4.570000171661377,-2.674999952316284,160,90,63,30000,0
-4.875,4.440000057220459,-3.0250000953674316,160,90,63,30000,0
-4.875,4.309999942779541,-3.375,160,90,63,30000,0
-4.875,4.179999828338623,-3.7249999046325684,160,90,63,30000,0
-4.875,4.050000190734863,-4.074999809265137,160,90,63,30000,0
-4.875,3.9200000762939453,-4.425000190734863,160,90,63,30000,0
-4.875,3.7899999618530273,-4.775000095367432,160,90,63,30000,0
-4.875,3.6500000953674316,-5.125,160,90,63,30000,0
-4.875,3.5199999809265137,-5.474999904632568,160,90,63,30000,0
-4.875,3.390000104904175,-5.824999809265137,160,90,63,30000,0
-4.875,3.259999990463257,-6.175000190734863,160,90,63,30000,0
-4.875,3.130000114440918,-6.525000095367432,160,90,63,30000,0
-4.875,3,-6.875,160,90,63,30000,0
-4.875,2.869999885559082,-7.224999904632568,160,90,63,30000,0
-4.875,2.740000009536743,-7.574999809265137,160,90,63,30000,0
-4.875,2.5999999046325684,-7.925000190734863,160,90,63,30000,0
-4.525000095367432,2.509999990463257,7.824999809265137,160,90,63,30000,0
-4.525000095367432,2.640000104904175,7.474999904632568,160,90,63,30000,0
-4.525000095367432,2.7699999809265137,7.125,160,90,63,30000,0
-4.525000095367432,2.9000000953674316,6.775000095367432,160,90,63,30000,0
-4.525000095367432,3.0299999713897705,6.425000190734863,160,90,63,30000,0
-4.525000095367432,3.1700000762939453,6.074999809265137,160,90,63,30000,0
-4.525000095367432,3.299999952316284,5.724999904632568,160,90,63,30000,0
-4.525000095367432,3.430000066757202,5.375,160,90,63,30000,0
-4.525000095367432,3.559999942779541,5.025000095367432,160,90,63,30000,0
-4.525000095367432,3.690000057220459,4.675000190734863,160,90,63,30000,0
-4.525000095367432,3.819999933242798,4.324999809265137,160,90,63,30000,0
-4.525000095367432,3.950000047683716,3.9749999046325684,160,90,63,30000,0
-4.525000095367432,4.079999923706055,3.625,160,90,63,30000,0
-4.525000095367432,4.21999979019165,3.2750000953674316,160,90,63,30000,0
-4.525000095367432,4.349999904632568,2.924999952316284,160,90,63,30000,0
-4.525000095367432,4.480000019073486,2.575000047683716,160,90,63,30000,0
-4.525000095367432,4.610000133514404,2.2249999046325684,160,90,63,30000,0
-4.525000095367432,4.739999771118164,1.875,160,90,63,30000,0
-4.525000095367432,4.869999885559082,1.524999976158142,160,90,63,30000,0
-4.525000095367432,5,1.1749999523162842,160,90,63,30000,0
-4.525000095367432,5.130000114440918,0.824999988079071,160,90,63,30000,0
-4.525000095367432,5.269999980926514,0.4749999940395355,160,90,63,30000,0
-4.525000095367432,5.400000095367432,0.125,160,90,63,30000,0
-4.525000095367432,5.489999771118164,-0.22499999403953552,160,90,63,30000,0
-4.525000095367432,5.360000133514404,-0.574999988079071,160,90,63,30000,0
-4.525000095367432,5.230000019073486,-0.925000011920929,160,90,63,30000,0
-4.525000095367432,5.099999904632568,-1.274999976158142,160,90,63,30000,0
-4.525000095367432,4.96999979019165,-1.625,160,90,63,30000,0
-4.525000095367432,4.840000152587891,-1.975000023841858,160,90,63,30000,0
-4.525000095367432,4.699999809265137,-2.325000047683716,160,90,63,30000,0
-4.525000095367432,4.570000171661377,-2.674999952316284,160,90,63,30000,0
-4.525000095367432,4.440000057220459,-3.0250000953674316,160,90,63,30000,0
-4.525000095367432,4.309999942779541,-3.375,160,90,63,30000,0
-4.525000095367432,4.179999828338623,-3.7249999046325684,160,90,63,30000,0
-4.525000095367432,4.050000190734863,-4.074999809265137,160,90,63,30000,0
-4.525000095367432,3.9200000762939453,-4.425000190734863,160,90,63,30000,0
-4.525000095367432,3.7899999618530273,-4.775000095367432,160,90,63,30000,0
-4.525000095367432,3.6500000953674316,-5.125,160,90,63,30000,0
-4.525000095367432,3.5199999809265137,-5.474999904632568,160,90,63,30000,0
-4.525000095367432,3.390000104904175,-5.824999809265137,160,90,63,30000,0
-4.525000095367432,3.259999990463257,-6.175000190734863,160,90,63,30000,0
-4.525000095367432,3.130000114440918,-6.525000095367432,160,90,63,30000,0
-4.525000095367432,3,-6.875,160,90,63,30000,0
-4.525000095367432,2.869999885559082,-7.224999904632568,160,90,63,30000,0
-4.525000095367432,2.740000009536743,-7.574999809265137,160,90,63,30000,0
-4.525000095367432,2.5999999046325684,-7.925000190734863,160,90,63,30000,0
-4.175000190734863,2.509999990463257,7.824999809265137,160,90,63,30000,0
-4.175000190734863,2.640000104904175,7.474999904632568,160,90,63,30000,0
-4.175000190734863,2.7699999809265137,7.125,160,90,63,30000,0
-4.175000190734863,2.9000000953674316,6.775000095367432,160,90,63,30000,0
-4.175000190734863,3.0299999713897705,6.425000190734863,160,90,63,30000,0
-4.175000190734863,3.1700000762939453,6.074999809265137,160,90,63,30000,0
-4.175000190734863,3.299999952316284,5.724999904632568,160,90,63,30000,0
-4.175000190734863,3.430000066757202,5.375,160,90,63,30000,0
-4.175000190734863,3.559999942779541,5.025000095367432,160,90,63,30000,0
-4.175000190734863,3.690000057220459,4.675000190734863,160,90,63,30000,0
-4.175000190734863,3.819999933242798,4.324999809265137,160,90,63,30000,0
-4.175000190734863,3.950000047683716,3.9749999046325684,160,90,63,30000,0
-4.175000190734863,4.079999923706055,3.625,160,90,63,30000,0
-4.175000190734863,4.21999979019165,3.2750000953674316,160,90,63,30000,0
-4.175000190734863,4.349999904632568,2.924999952316284,160,90,63,30000,0
-4.175000190734863,4.480000019073486,2.575000047683716,160,90,63,30000,0
-4.175000190734863,4.610000133514404,2.2249999046325684,160,90,63,30000,0
-4.175000190734863,4.739999771118164,1.875,160,90,63,30000,0
-4.175000190734863,4.869999885559082,1.524999976158142,160,90,63,30000,0
-4.175000190734863,5,1.1749999523162842,160,90,63,30000,0
-4.175000190734863,5.130000114440918,0.824999988079071,160,90,63,30000,0
-4.175000190734863,5.269999980926514,0.4749999940395355,160,90,63,30000,0
-4.175000190734863,5.400000095367432,0.125,160,90,63,30000,0
-4.175000190734863,5.489999771118164,-0.22499999403953552,160,90,63,30000,0
-4.175000190734863,5.360000133514404,-0.574999988079071,160,90,63,30000,0
-4.175000190734863,5.230000019073486,-0.925000011920929,160,90,63,30000,0
-4.175000190734863,5.099999904632568,-1.274999976158142,160,90,63,30000,0
-4.175000190734863,4.96999979019165,-1.625,160,90,63,30000,0
-4.175000190734863,4.840000152587891,-1.975000023841858,160,90,63,30000,0
-4.175000190734863,4.699999809265137,-2.325000047683716,160,90,63,30000,0
-4.175000190734863,4.570000171661377,-2.674999952316284,160,90,63,30000,0
-4.175000190734863,4.440000057220459,-3.0250000953674316,160,90,63,30000,0
-4.175000190734863,4.309999942779541,-3.375,160,90,63,30000,0
-4.175000190734863,4.179999828338623,-3.7249999046325684,160,90,63,30000,0
-4.175000190734863,4.050000190734863,-4.074999809265137,160,90,63,30000,0
-4.175000190734863,3.9200000762939453,-4.425000190734863,160,90,63,30000,0
-4.175000190734863,3.7899999618530273,-4.775000095367432,160,90,63,30000,0
-4.175000190734863,3.6500000953674316,-5.125,160,90,63,30000,0
-4.175000190734863,3.5199999809265137,-5.474999904632568,160,90,63,30000,0
-4.175000190734863,3.390000104904175,-5.824999809265137,160,90,63,30000,0
-4.175000190734863,3.259999990463257,-6.175000190734863,160,90,63,30000,0
-4.175000190734863,3.130000114440918,-6.525000095367432,160,90,63,30000,0
-4.175000190734863,3,-6.875,160,90,63,30000,0
-4.175000190734863,2.869999885559082,-7.224999904632568,160,90,63,30000,0
-4.175000190734863,2.740000009536743,-7.574999809265137,160,90,63,30000,0
-4.175000190734863,2.5999999046325684,-7.925000190734863,160,90,63,30000,0
-3.825000047683716,2.509999990463257,7.824999809265137,160,90,63,30000,0
-3.825000047683716,2.640000104904175,7.474999904632568,160,90,63,30000,0
-3.825000047683716,2.7699999809265137,7.125,160,90,63,30000,0
-3.825000047683716,2.9000000953674316,6.775000095367432,160,90,63,30000,0
-3.825000047683716,3.0299999713897705,6.425000190734863,160,90,63,30000,0
-3.825000047683716,3.1700000762939453,6.074999809265137,160,90,63,30000,0
-3.825000047683716,3.299999952316284,5.724999904632568,160,90,63,30000,0
-3.825000047683716,3.430000066757202,5.375,160,90,63,30000,0
-3.825000047683716,3.559999942779541,5.025000095367432,160,90,63,30000,0
-3.825000047683716,3.690000057220459,4.675000190734863,160,90,63,30000,0
-3.825000047683716,3.819999933242798,4.324999809265137,160,90,63,30000,0
-3.825000047683716,3.950000047683716,3.9749999046325684,160,90,63,30000,0
-3.825000047683716,4.079999923706055,3.625,160,90,63,30000,0
-3.825000047683716,4.21999979019165,3.2750000953674316,160,90,63,30000,0
-3.825000047683716,4.349999904632568,2.924999952316284,160,90,63,30000,0
-3.825000047683716,4.480000019073486,2.575000047683716,160,90,63,30000,0
-3.825000047683716,4.610000133514404,2.2249999046325684,160,90,63,30000,0
-3.825000047683716,4.739999771118164,1.875,160,90,63,30000,0
-3.825000047683716,4.869999885559082,1.524999976158142,160,90,63,30000,0
-3.825000047683716,5,1.1749999523162842,160,90,63,30000,0
-3.825000047683716,5.130000114440918,0.824999988079071,160,90,63,30000,0
-3.825000047683716,5.269999980926514,0.4749999940395355,160,90,63,30000,0
-3.825000047683716,5.400000095367432,0.125,160,90,63,30000,0
-3.825000047683716,5.489999771118164,-0.22499999403953552,160,90,63,30000,0
-3.825000047683716,5.360000133514404,-0.574999988079071,160,90,63,30000,0
-3.825000047683716,5.230000019073486,-0.925000011920929,160,90,63,30000,0
-3.825000047683716,5.099999904632568,-1.274999976158142,160,90,63,30000,0
-3.825000047683716,4.96999979019165,-1.625,160,90,63,30000,0
-3.825000047683716,4.840000152587891,-1.975000023841858,160,90,63,30000,0
-3.825000047683716,4.699999809265137,-2.325000047683716,160,90,63,30000,0
-3.825000047683716,4.570000171661377,-2.674999952316284,160,90,63,30000,0
-3.825000047683716,4.440000057220459,-3.0250000953674316,160,90,63,30000,0
-3.825000047683716,4.309999942779541,-3.375,160,90,63,30000,0
-3.825000047683716,4.179999828338623,-3.7249999046325684,160,90,63,30000,0
-3.825000047683716,4.050000190734863,-4.074999809265137,160,90,63,30000,0
-3.825000047683716,3.9200000762939453,-4.425000190734863,160,90,63,30000,0
-3.825000047683716,3.7899999618530273,-4.775000095367432,160,90,63,30000,0
-3.825000047683716,3.6500000953674316,-5.125,160,90,63,30000,0
-3.825000047683716,3.5199999809265137,-5.474999904632568,160,90,63,30000,0
-3.825000047683716,3.390000104904175,-5.824999809265137,160,90,63,30000,0
-3.825000047683716,3.259999990463257,-6.175000190734863,160,90,63,30000,0
-3.825000047683716,3.130000114440918,-6.525000095367432,160,90,63,30000,0
-3.825000047683716,3,-6.875,160,90,63,30000,0
-3.825000047683716,2.869999885559082,-7.224999904632568,160,90,63,30000,0
-3.825000047683716,2.740000009536743,-7.574999809265137,160,90,63,30000,0
-3.825000047683716,2.5999999046325684,-7.925000190734863,160,90,63,30000,0
-3.4749999046325684,2.509999990463257,7.824999809265137,160,90,63,30000,0
-3.4749999046325684,2.640000104904175,7.474999904632568,160,90,63,30000,0
-3.4749999046325684,2.7699999809265137,7.125,160,90,63,30000,0
-3.4749999046325684,2.9000000953674316,6.775000095367432,160,90,63,30000,0
-3.4749999046325684,3.0299999713897705,6.425000190734863,160,90,63,30000,0
-3.4749999046325684,3.1700000762939453,6.074999809265137,160,90,63,30000,0
-3.4749999046325684,3.299999952316284,5.724999904632568,160,90,63,30000,0
-3.4749999046325684,3.430000066757202,5.375,160,90,63,30000,0
-3.4749999046325684,3.559999942779541,5.025000095367432,160,90,63,30000,0
-3.4749999046325684,3.690000057220459,4.675000190734863,160,90,63,30000,0
-3.4749999046325684,3.819999933242798,4.324999809265137,160,90,63,30000,0
-3.4749999046325684,3.950000047683716,3.9749999046325684,160,90,63,30000,0
-3.4749999046325684,4.079999923706055,3.625,160,90,63,30000,0
-3.4749999046325684,4.21999979019165,3.2750000953674316,160,90,63,30000,0
-3.4749999046325684,4.349999904632568,2.924999952316284,160,90,63,30000,0
-3.4749999046325684,4.480000019073486,2.575000047683716,160,90,63,30000,0
-3.4749999046325684,4.610000133514404,2.2249999046325684,160,90,63,30000,0
-3.4749999046325684,4.739999771118164,1.875,160,90,63,30000,0
-3.4749999046325684,4.869999885559082,1.524999976158142,160,90,63,30000,0
-3.4749999046325684,5,1.1749999523162842,160,90,63,30000,0
-3.4749999046325684,5.130000114440918,0.824999988079071,160,90,63,30000,0
-3.4749999046325684,5.269999980926514,0.4749999940395355,160,90,63,30000,0
-3.4749999046325684,5.400000095367432,0.125,160,90,63,30000,0
-3.4749999046325684,5.489999771118164,-0.22499999403953552,160,90,63,30000,0
-3.4749999046325684,5.360000133514404,-0.574999988079071,160,90,63,30000,0
-3.4749999046325684,5.230000019073486,-0.925000011920929,160,90,63,30000,0
-3.4749999046325684,5.099999904632568,-1.274999976158142,160,90,63,30000,0
-3.4749999046325684,4.96999979019165,-1.625,160,90,63,30000,0
-3.4749999046325684,4.840000152587891,-1.975000023841858,160,90,63,30000,0
-3.4749999046325684,4.699999809265137,-2.325000047683716,160,90,63,30000,0
-3.4749999046325684,4.570000171661377,-2.674999952316284,160,90,63,30000,0
-3.4749999046325684,4.440000057220459,-3.0250000953674316,160,90,63,30000,0
-3.4749999046325684,4.309999942779541,-3.375,160,90,63,30000,0
-3.4749999046325684,4.179999828338623,-3.7249999046325684,160,90,63,30000,0
-3.4749999046325684,4.050000190734863,-4.074999809265137,160,90,63,30000,0
-3.4749999046325684,3.9200000762939453,-4.425000190734863,160,90,63,30000,0
-3.4749999046325684,3.7899999618530273,-4.775000095367432,160,90,63,30000,0
-3.4749999046325684,3.6500000953674316,-5.125,160,90,63,30000,0
-3.4749999046325684,3.5199999809265137,-5.474999904632568,160,90,63,30000,0
-3.4749999046325684,3.390000104904175,-5.824999809265137,160,90,63,30000,0
-3.4749999046325684,3.259999990463257,-6.175000190734863,160,90,63,30000,0
-3.4749999046325684,3.130000114440918,-6.525000095367432,160,90,63,30000,0
-3.4749999046325684,3,-6.875,160,90,63,30000,0
-3.4749999046325684,2.869999885559082,-7.224999904632568,160,90,63,30000,0
-3.4749999046325684,2.740000009536743,-7.574999809265137,160,90,63,30000,0
-3.4749999046325684,2.5999999046325684,-7.925000190734863,160,90,63,30000,0
-3.125,2.509999990463257,7.824999809265137,160,90,63,30000,0
-3.125,2.640000104904175,7.474999904632568,160,90,63,30000,0
-3.125,2.7699999809265137,7.125,160,90,63,30000,0
-3.125,2.9000000953674316,6.775000095367432,160,90,63,30000,0
-3.125,3.0299999713897705,6.425000190734863,160,90,63,30000,0
-3.125,3.1700000762939453,6.074999809265137,160,90,63,30000,0
-3.125,3.299999952316284,5.724999904632568,160,90,63,30000,0
-3.125,3.430000066757202,5.375,160,90,63,30000,0
-3.125,3.559999942779541,5.025000095367432,160,90,63,30000,0
-3.125,3.690000057220459,4.675000190734863,160,90,63,30000,0
-3.125,3.819999933242798,4.324999809265137,160,90,63,30000,0
-3.125,3.950000047683716,3.9749999046325684,160,90,63,30000,0
-3.125,4.079999923706055,3.625,160,90,63,30000,0
-3.125,4.21999979019165,3.2750000953674316,160,90,63,30000,0
-3.125,4.349999904632568,2.924999952316284,160,90,63,30000,0
-3.125,4.480000019073486,2.575000047683716,160,90,63,30000,0
-3.125,4.610000133514404,2.2249999046325684,160,90,63,30000,0
-3.125,4.739999771118164,1.875,160,90,63,30000,0
-3.125,4.869999885559082,1.524999976158142,160,90,63,30000,0
-3.125,5,1.1749999523162842,160,90,63,30000,0
-3.125,5.130000114440918,0.824999988079071,160,90,63,30000,0
-3.125,5.269999980926514,0.4749999940395355,160,90,63,30000,0
-3.125,5.400000095367432,0.125,160,90,63,30000,0
-3.125,5.489999771118164,-0.22499999403953552,160,90,63,30000,0
-3.125,5.360000133514404,-0.574999988079071,160,90,63,30000,0
-3.125,5.230000019073486,-0.925000011920929,160,90,63,30000,0
-3.125,5.099999904632568,-1.274999976158142,160,90,63,30000,0
-3.125,4.96999979019165,-1.625,160,90,63,30000,0
-3.125,4.840000152587891,-1.975000023841858,160,90,63,30000,0
-3.125,4.699999809265137,-2.325000047683716,160,90,63,30000,0
-3.125,4.570000171661377,-2.674999952316284,160,90,63,30000,0
-3.125,4.440000057220459,-3.0250000953674316,160,90,63,30000,0
-3.125,4.309999942779541,-3.375,160,90,63,30000,0
-3.125,4.179999828338623,-3.7249999046325684,160,90,63,30000,0
-3.125,4.050000190734863,-4.074999809265137,160,90,63,30000,0
-3.125,3.9200000762939453,-4.425000190734863,160,90,63,30000,0
-3.125,3.7899999618530273,-4.775000095367432,160,90,63,30000,0
-3.125,3.6500000953674316,-5.125,160,90,63,30000,0
-3.125,3.5199999809265137,-5.474999904632568,160,90,63,30000,0
-3.125,3.390000104904175,-5.824999809265137,160,90,63,30000,0
-3.125,3.259999990463257,-6.175000190734863,160,90,63,30000,0
-3.125,3.130000114440918,-6.525000095367432,160,90,63,30000,0
-3.125,3,-6.875,160,90,63,30000,0
-3.125,2.869999885559082,-7.224999904632568,160,90,63,30000,0
-3.125,2.740000009536743,-7.574999809265137,160,90,63,30000,0
-3.125,2.5999999046325684,-7.925000190734863,160,90,63,30000,0
-2.7750000953674316,2.509999990463257,7.824999809265137,160,90,63,30000,0
-2.7750000953674316,2.640000104904175,7.474999904632568,160,90,63,30000,0
-2.7750000953674316,2.7699999809265137,7.125,160,90,63,30000,0
-2.7750000953674316,2.9000000953674316,6.775000095367432,160,90,63,30000,0
-2.7750000953674316,3.0299999713897705,6.425000190734863,160,90,63,30000,0
-2.7750000953674316,3.1700000762939453,6.074999809265137,160,90,63,30000,0
-2.7750000953674316,3.299999952316284,5.724999904632568,160,90,63,30000,0
-2.7750000953674316,3.430000066757202,5.375,160,90,63,30000,0
-2.7750000953674316,3.559999942779541,5.025000095367432,160,90,63,30000,0
-2.7750000953674316,3.690000057220459,4.675000190734863,160,90,63,30000,0
-2.7750000953674316,3.819999933242798,4.324999809265137,160,90,63,30000,0
-2.7750000953674316,3.950000047683716,3.9749999046325684,160,90,63,30000,0
-2.7750000953674316,4.079999923706055,3.625,160,90,63,30000,0
-2.7750000953674316,4.21999979019165,3.2750000953674316,160,90,63,30000,0
-2.7750000953674316,4.349999904632568,2.924999952316284,160,90,63,30000,0
-2.7750000953674316,4.480000019073486,2.575000047683716,160,90,63,30000,0
-2.7750000953674316,4.610000133514404,2.2249999046325684,160,90,63,30000,0
-2.7750000953674316,4.739999771118164,1.875,160,90,63,30000,0
-2.7750000953674316,4.869999885559082,1.524999976158142,160,90,63,30000,0
-2.7750000953674316,5,1.1749999523162842,160,90,63,30000,0
-2.7750000953674316,5.130000114440918,0.824999988079071,160,90,63,30000,0
-2.7750000953674316,5.269999980926514,0.4749999940395355,160,90,63,30000,0
-2.7750000953674316,5.400000095367432,0.125,160,90,63,30000,0
-2.7750000953674316,5.489999771118164,-0.22499999403953552,160,90,63,30000,0
-2.7750000953674316,5.360000133514404,-0.574999988079071,160,90,63,30000,0
-2.7750000953674316,5.230000019073486,-0.925000011920929,160,90,63,30000,0
-2.7750000953674316,5.099999904632568,-1.274999976158142,160,90,63,30000,0
-2.7750000953674316,4.96999979019165,-1.625,160,90,63,30000,0
-2.7750000953674316,4.840000152587891,-1.975000023841858,160,90,63,30000,0
-2.7750000953674316,4.699999809265137,-2.325000047683716,160,90,63,30000,0
-2.7750000953674316,4.570000171661377,-2.674999952316284,160,90,63,30000,0
-2.7750000953674316,4.440000057220459,-3.0250000953674316,160,90,63,30000,0
-2.7750000953674316,4.309999942779541,-3.375,160,90,63,30000,0
-2.7750000953674316,4.179999828338623,-3.7249999046325684,160,90,63,30000,0
-2.7750000953674316,4.050000190734863,-4.074999809265137,160,90,63,30000,0
-2.7750000953674316,3.9200000762939453,-4.425000190734863,160,90,63,30000,0
-2.7750000953674316,3.7899999618530273,-4.775000095367432,160,90,63,30000,0
-2.7750000953674316,3.6500000953674316,-5.125,160,90,63,30000,0
-2.7750000953674316,3.5199999809265137,-5.474999904632568,160,90,63,30000,0
-2.7750000953674316,3.390000104904175,-5.824999809265137,160,90,63,30000,0
-2.7750000953674316,3.259999990463257,-6.175000190734863,160,90,63,30000,0
-2.7750000953674316,3.130000114440918,-6.525000095367432,160,90,63,30000,0
-2.7750000953674316,3,-6.875,160,90,63,30000,0
-2.7750000953674316,2.869999885559082,-7.224999904632568,160,90,63,30000,0
-2.7750000953674316,2.740000009536743,-7.574999809265137,160,90,63,30000,0
-2.7750000953674316,2.5999999046325684,-7.925000190734863,160,90,63,30000,0
-2.424999952316284,2.509999990463257,7.824999809265137,160,90,63,30000,0
-2.424999952316284,2.640000104904175,7.474999904632568,160,90,63,30000,0
-2.424999952316284,2.7699999809265137,7.125,160,90,63,30000,0
-2.424999952316284,2.9000000953674316,6.775000095367432,160,90,63,30000,0
-2.424999952316284,3.0299999713897705,6.425000190734863,160,90,63,30000,0
-2.424999952316284,3.1700000762939453,6.074999809265137,160,90,63,30000,0
-2.424999952316284,3.299999952316284,5.724999904632568,160,90,63,30000,0
-2.424999952316284,3.430000066757202,5.375,160,90,63,30000,0
-2.424999952316284,3.559999942779541,5.025000095367432,160,90,63,30000,0
-2.424999952316284,3.690000057220459,4.675000190734863,160,90,63,30000,0
-2.424999952316284,3.819999933242798,4.324999809265137,160,90,63,30000,0
-2.424999952316284,3.950000047683716,3.9749999046325684,160,90,63,30000,0
-2.424999952316284,4.079999923706055,3.625,160,90,63,30000,0
-2.424999952316284,4.21999979019165,3.2750000953674316,160,90,63,30000,0
-2.424999952316284,4.349999904632568,2.924999952316284,160,90,63,30000,0
-2.424999952316284,4.480000019073486,2.575000047683716,160,90,63,30000,0
-2.424999952316284,4.610000133514404,2.2249999046325684,160,90,63,30000,0
-2.424999952316284,4.739999771118164,1.875,160,90,63,30000,0
-2.424999952316284,4.869999885559082,1.524999976158142,160,90,63,30000,0
-2.424999952316284,5,1.1749999523162842,160,90,63,30000,0
-2.424999952316284,5.130000114440918,0.824999988079071,160,90,63,30000,0
-2.424999952316284,5.269999980926514,0.4749999940395355,160,90,63,30000,0
-2.424999952316284,5.400000095367432,0.125,160,90,63,30000,0
-2.424999952316284,5.489999771118164,-0.22499999403953552,160,90,63,30000,0
-2.424999952316284,5.360000133514404,-0.574999988079071,160,90,63,30000,0
-2.424999952316284,5.230000019073486,-0.925000011920929,160,90,63,30000,0
-2.424999952316284,5.099999904632568,-1.274999976158142,160,90,63,30000,0
-2.424999952316284,4.96999979019165,-1.625,160,90,63,30000,0
-2.424999952316284,4.840000152587891,-1.975000023841858,160,90,63,30000,0
-2.424999952316284,4.699999809265137,-2.325000047683716,160,90,63,30000,0
-2.424999952316284,4.570000171661377,-2.674999952316284,160,90,63,30000,0
-2.424999952316284,4.440000057220459,-3.0250000953674316,160,90,63,30000,0
-2.424999952316284,4.309999942779541,-3.375,160,90,63,30000,0
-2.424999952316284,4.179999828338623,-3.7249999046325684,160,90,63,30000,0
-2.424999952316284,4.050000190734863,-4.074999809265137,160,90,63,30000,0
-2.424999952316284,3.9200000762939453,-4.425000190734863,160,90,63,30000,0
-2.424999952316284,3.7899999618530273,-4.775000095367432,160,90,63,30000,0
-2.424999952316284,3.6500000953674316,-5.125,160,90,63,30000,0
-2.424999952316284,3.5199999809265137,-5.474999904632568,160,90,63,30000,0
-2.424999952316284,3.390000104904175,-5.824999809265137,160,90,63,30000,0
-2.424999952316284,3.259999990463257,-6.175000190734863,160,90,63,30000,0
-2.424999952316284,3.130000114440918,-6.525000095367432,160,90,63,30000,0
-2.424999952316284,3,-6.875,160,90,63,30000,0
-2.424999952316284,2.869999885559082,-7.224999904632568,160,90,63,30000,0
-2.424999952316284,2.740000009536743,-7.574999809265137,160,90,63,30000,0
-2.424999952316284,2.5999999046325684,-7.925000190734863,160,90,63,30000,0
-2.075000047683716,2.509999990463257,7.824999809265137,160,90,63,30000,0
-2.075000047683716,2.640000104904175,7.474999904632568,160,90,63,30000,0
-2.075000047683716,2.7699999809265137,7.125,160,90,63,30000,0
-2.075000047683716,2.9000000953674316,6.775000095367432,160,90,63,30000,0
-2.075000047683716,3.0299999713897705,6.425000190734863,160,90,63,30000,0
-2.075000047683716,3.1700000762939453,6.074999809265137,160,90,63,30000,0
-2.075000047683716,3.299999952316284,5.724999904632568,160,90,63,30000,0
-2.075000047683716,3.430000066757202,5.375,160,90,63,30000,0
-2.075000047683716,3.559999942779541,5.025000095367432,160,90,63,30000,0
-2.075000047683716,3.690000057220459,4.675000190734863,160,90,63,30000,0
-2.075000047683716,3.819999933242798,4.324999809265137,160,90,63,30000,0
-2.075000047683716,3.950000047683716,3.9749999046325684,160,90,63,30000,0
-2.075000047683716,4.079999923706055,3.625,160,90,63,30000,0
-2.075000047683716,4.21999979019165,3.2750000953674316,160,90,63,30000,0
-2.075000047683716,4.349999904632568,2.924999952316284,160,90,63,30000,0
-2.075000047683716,4.480000019073486,2.575000047683716,160,90,63,30000,0
-2.075000047683716,4.610000133514404,2.2249999046325684,160,90,63,30000,0
-2.075000047683716,4.739999771118164,1.875,160,90,63,30000,0
-2.075000047683716,4.869999885559082,1.524999976158142,160,90,63,30000,0
-2.075000047683716,5,1.1749999523162842,160,90,63,30000,0
-2.075000047683716,5.130000114440918,0.824999988079071,160,90,63,30000,0
-2.075000047683716,5.269999980926514,0.4749999940395355,160,90,63,30000,0
-2.075000047683716,5.400000095367432,0.125,160,90,63,30000,0
-2.075000047683716,5.489999771118164,-0.22499999403953552,160,90,63,30000,0
-2.075000047683716,5.360000133514404,-0.574999988079071,160,90,63,30000,0
-2.075000047683716,5.230000019073486,-0.925000011920929,160,90,63,30000,0
-2.075000047683716,5.099999904632568,-1.274999976158142,160,90,63,30000,0
-2.075000047683716,4.96999979019165,-1.625,160,90,63,30000,0
-2.075000047683716,4.840000152587891,-1.975000023841858,160,90,63,30000,0
-2.075000047683716,4.699999809265137,-2.325000047683716,160,90,63,30000,0
-2.075000047683716,4.570000171661377,-2.674999952316284,160,90,63,30000,0
-2.075000047683716,4.440000057220459,-3.0250000953674316,160,90,63,30000,0
-2.075000047683716,4.309999942779541,-3.375,160,90,63,30000,0
-2.075000047683716,4.179999828338623,-3.7249999046325684,160,90,63,30000,0
-2.075000047683716,4.050000190734863,-4.074999809265137,160,90,63,30000,0
-2.075000047683716,3.9200000762939453,-4.425000190734863,160,90,63,30000,0
-2.075000047683716,3.7899999618530273,-4.775000095367432,160,90,63,30000,0
-2.075000047683716,3.6500000953674316,-5.125,160,90,63,30000,0
-2.075000047683716,3.5199999809265137,-5.474999904632568,160,90,63,30000,0
-2.075000047683716,3.390000104904175,-5.824999809265137,160,90,63,30000,0
-2.075000047683716,3.259999990463257,-6.175000190734863,160,90,63,30000,0
-2.075000047683716,3.130000114440918,-6.525000095367432,160,90,63,30000,0
-2.075000047683716,3,-6.875,160,90,63,30000,0
-2.075000047683716,2.869999885559082,-7.224999904632568,160,90,63,30000,0
-2.075000047683716,2.740000009536743,-7.574999809265137,160,90,63,30000,0
-2.075000047683716,2.5999999046325684,-7.925000190734863,160,90,63,30000,0
-1.725000023841858,2.509999990463257,7.824999809265137,160,90,63,30000,0
-1.725000023841858,2.640000104904175,7.474999904632568,160,90,63,30000,0
-1.725000023841858,2.7699999809265137,7.125,160,90,63,30000,0
-1.725000023841858,2.9000000953674316,6.775000095367432,160,90,63,30000,0
-1.725000023841858,3.0299999713897705,6.425000190734863,160,90,63,30000,0
-1.725000023841858,3.1700000762939453,6.074999809265137,160,90,63,30000,0
-1.725000023841858,3.299999952316284,5.724999904632568,160,90,63,30000,0
-1.725000023841858,3.430000066757202,5.375,160,90,63,30000,0
-1.725000023841858,3.559999942779541,5.025000095367432,160,90,63,30000,0
-1.725000023841858,3.690000057220459,4.675000190734863,160,90,63,30000,0
-1.725000023841858,3.819999933242798,4.324999809265137,160,90,63,30000,0
-1.725000023841858,3.950000047683716,3.9749999046325684,160,90,63,30000,0
-1.725000023841858,4.079999923706055,3.625,160,90,63,30000,0
-1.725000023841858,4.21999979019165,3.2750000953674316,160,90,63,30000,0
-1.725000023841858,4.349999904632568,2.924999952316284,160,90,63,30000,0
-1.725000023841858,4.480000019073486,2.575000047683716,160,90,63,30000,0
-1.725000023841858,4.610000133514404,2.2249999046325684,160,90,63,30000,0
-1.725000023841858,4.739999771118164,1.875,160,90,63,30000,0
-1.725000023841858,4.869999885559082,1.524999976158142,160,90,63,30000,0
-1.725000023841858,5,1.1749999523162842,160,90,63,30000,0
-1.725000023841858,5.130000114440918,0.824999988079071,160,90,63,30000,0
-1.725000023841858,5.269999980926514,0.4749999940395355,160,90,63,30000,0
-1.725000023841858,5.400000095367432,0.125,160,90,63,30000,0
-1.725000023841858,5.489999771118164,-0.22499999403953552,160,90,63,30000,0
-1.725000023841858,5.360000133514404,-0.574999988079071,160,90,63,30000,0
-1.725000023841858,5.230000019073486,-0.925000011920929,160,90,63,30000,0
-1.725000023841858,5.099999904632568,-1.274999976158142,160,90,63,30000,0
-1.725000023841858,4.96999979019165,-1.625,160,90,63,30000,0
-1.725000023841858,4.840000152587891,-1.975000023841858,160,90,63,30000,0
-1.725000023841858,4.699999809265137,-2.325000047683716,160,90,63,30000,0
-1.725000023841858,4.570000171661377,-2.674999952316284,160,90,63,30000,0
-1.725000023841858,4.440000057220459,-3.0250000953674316,160,90,63,30000,0
-1.725000023841858,4.309999942779541,-3.375,160,90,63,30000,0
-1.725000023841858,4.179999828338623,-3.7249999046325684,160,90,63,30000,0
-1.725000023841858,4.050000190734863,-4.074999809265137,160,90,63,30000,0
-1.725000023841858,3.9200000762939453,-4.425000190734863,160,90,63,30000,0
-1.725000023841858,3.7899999618530273,-4.775000095367432,160,90,63,30000,0
-1.725000023841858,3.6500000953674316,-5.125,160,90,63,30000,0
-1.725000023841858,3.5199999809265137,-5.474999904632568,160,90,63,30000,0
-1.725000023841858,3.390000104904175,-5.824999809265137,160,90,63,30000,0
-1.725000023841858,3.259999990463257,-6.175000190734863,160,90,63,30000,0
-1.725000023841858,3.130000114440918,-6.525000095367432,160,90,63,30000,0
-1.725000023841858,3,-6.875,160,90,63,30000,0
-1.725000023841858,2.869999885559082,-7.224999904632568,160,90,63,30000,0
-1.725000023841858,2.740000009536743,-7.574999809265137,160,90,63,30000,0
-1.725000023841858,2.5999999046325684,-7.925000190734863,160,90,63,30000,0
-1.375,2.509999990463257,7.824999809265137,160,90,63,30000,0
-1.375,2.640000104904175,7.474999904632568,160,90,63,30000,0
-1.375,2.7699999809265137,7.125,160,90,63,30000,0
-1.375,2.9000000953674316,6.775000095367432,160,90,63,30000,0
-1.375,3.0299999713897705,6.425000190734863,160,90,63,30000,0
-1.375,3.1700000762939453,6.074999809265137,160,90,63,30000,0
-1.375,3.299999952316284,5.724999904632568,160,90,63,30000,0
-1.375,3.430000066757202,5.375,160,90,63,30000,0
-1.375,3.559999942779541,5.025000095367432,160,90,63,30000,0
-1.375,3.690000057220459,4.675000190734863,160,90,63,30000,0
-1.375,3.819999933242798,4.324999809265137,160,90,63,30000,0
-1.375,3.950000047683716,3.9749999046325684,160,90,63,30000,0
-1.375,4.079999923706055,3.625,160,90,63,30000,0
-1.375,4.21999979019165,3.2750000953674316,160,90,63,30000,0
-1.375,4.349999904632568,2.924999952316284,160,90,63,30000,0
-1.375,4.480000019073486,2.575000047683716,160,90,63,30000,0
-1.375,4.610000133514404,2.2249999046325684,160,90,63,30000,0
-1.375,4.739999771118164,1.875,160,90,63,30000,0
-1.375,4.869999885559082,1.524999976158142,160,90,63,30000,0
-1.375,5,1.1749999523162842,160,90,63,30000,0
-1.375,5.130000114440918,0.824999988079071,160,90,63,30000,0
-1.375,5.269999980926514,0.4749999940395355,160,90,63,30000,0
-1.375,5.400000095367432,0.125,160,90,63,30000,0
-1.375,5.489999771118164,-0.22499999403953552,160,90,63,30000,0
-1.375,5.360000133514404,-0.574999988079071,160,90,63,30000,0
-1.375,5.230000019073486,-0.925000011920929,160,90,63,30000,0
-1.375,5.099999904632568,-1.274999976158142,160,90,63,30000,0
-1.375,4.96999979019165,-1.625,160,90,63,30000,0
-1.375,4.840000152587891,-1.975000023841858,160,90,63,30000,0
-1.375,4.699999809265137,-2.325000047683716,160,90,63,30000,0
-1.375,4.570000171661377,-2.674999952316284,160,90,63,30000,0
-1.375,4.440000057220459,-3.0250000953674316,160,90,63,30000,0
-1.375,4.309999942779541,-3.375,160,90,63,30000,0
-1.375,4.179999828338623,-3.7249999046325684,160,90,63,30000,0
-1.375,4.050000190734863,-4.074999809265137,160,90,63,30000,0
-1.375,3.9200000762939453,-4.425000190734863,160,90,63,30000,0
-1.375,3.7899999618530273,-4.775000095367432,160,90,63,30000,0
-1.375,3.6500000953674316,-5.125,160,90,63,30000,0
-1.375,3.5199999809265137,-5.474999904632568,160,90,63,30000,0
-1.375,3.390000104904175,-5.824999809265137,160,90,63,30000,0
-1.375,3.259999990463257,-6.175000190734863,160,90,63,30000,0
-1.375,3.130000114440918,-6.525000095367432,160,90,63,30000,0
-1.375,3,-6.875,160,90,63,30000,0
-1.375,2.869999885559082,-7.224999904632568,160,90,63,30000,0
-1.375,2.740000009536743,-7.574999809265137,160,90,63,30000,0
-1.375,2.5999999046325684,-7.925000190734863,160,90,63,30000,0
-1.024999976158142,2.509999990463257,7.824999809265137,160,90,63,30000,0
-1.024999976158142,2.640000104904175,7.474999904632568,160,90,63,30000,0
-1.024999976158142,2.7699999809265137,7.125,160,90,63,30000,0
-1.024999976158142,2.9000000953674316,6.775000095367432,160,90,63,30000,0
-1.024999976158142,3.0299999713897705,6.425000190734863,160,90,63,30000,0
-1.024999976158142,3.1700000762939453,6.074999809265137,160,90,63,30000,0
-1.024999976158142,3.299999952316284,5.724999904632568,160,90,63,30000,0
-1.024999976158142,3.430000066757202,5.375,160,90,63,30000,0
-1.024999976158142,3.559999942779541,5.025000095367432,160,90,63,30000,0
-1.024999976158142,3.690000057220459,4.675000190734863,160,90,63,30000,0
-1.024999976158142,3.819999933242798,4.324999809265137,160,90,63,30000,0
-1.024999976158142,3.950000047683716,3.9749999046325684,160,90,63,30000,0
-1.024999976158142,4.079999923706055,3.625,160,90,63,30000,0
-1.024999976158142,4.21999979019165,3.2750000953674316,160,90,63,30000,0
-1.024999976158142,4.349999904632568,2.924999952316284,160,90,63,30000,0
-1.024999976158142,4.480000019073486,2.575000047683716,160,90,63,30000,0
-1.024999976158142,4.610000133514404,2.2249999046325684,160,90,63,30000,0
-1.024999976158142,4.739999771118164,1.875,160,90,63,30000,0
-1.024999976158142,4.869999885559082,1.524999976158142,160,90,63,30000,0
-1.024999976158142,5,1.1749999523162842,160,90,63,30000,0
-1.024999976158142,5.130000114440918,0.824999988079071,160,90,63,30000,0
-1.024999976158142,5.269999980926514,0.4749999940395355,160,90,63,30000,0
-1.024999976158142,5.400000095367432,0.125,160,90,63,30000,0
-1.024999976158142,5.489999771118164,-0.22499999403953552,160,90,63,30000,0
-1.024999976158142,5.360000133514404,-0.574999988079071,160,90,63,30000,0
-1.024999976158142,5.230000019073486,-0.925000011920929,160,90,63,30000,0
-1.024999976158142,5.099999904632568,-1.274999976158142,160,90,63,30000,0
-1.024999976158142,4.96999979019165,-1.625,160,90,63,30000,0
-1.024999976158142,4.840000152587891,-1.975000023841858,160,90,63,30000,0
-1.024999976158142,4.699999809265137,-2.325000047683716,160,90,63,30000,0
-1.024999976158142,4.570000171661377,-2.674999952316284,160,90,63,30000,0
-1.024999976158142,4.440000057220459,-3.0250000953674316,160,90,63,30000,0
-1.024999976158142,4.309999942779541,-3.375,160,90,63,30000,0
-1.024999976158142,4.179999828338623,-3.7249999046325684,160,90,63,30000,0
-1.024999976158142,4.050000190734863,-4.074999809265137,160,90,63,30000,0
-1.024999976158142,3.9200000762939453,-4.425000190734863,160,90,63,30000,0
-1.024999976158142,3.7899999618530273,-4.775000095367432,160,90,63,30000,0
-1.024999976158142,3.6500000953674316,-5.125,160,90,63,30000,0
-1.024999976158142,3.5199999809265137,-5.474999904632568,160,90,63,30000,0
-1.024999976158142,3.390000104904175,-5.824999809265137,160,90,63,30000,0
-1.024999976158142,3.259999990463257,-6.175000190734863,160,90,63,30000,0
-1.024999976158142,3.130000114440918,-6.525000095367432,160,90,63,30000,0
-1.024999976158142,3,-6.875,160,90,63,30000,0
-1.024999976158142,2.869999885559082,-7.224999904632568,160,90,63,30000,0
-1.024999976158142,2.740000009536743,-7.574999809265137,160,90,63,30000,0
-1.024999976158142,2.5999999046325684,-7.925000190734863,160,90,63,30000,0
-0.675000011920929,2.509999990463257,7.824999809265137,160,90,63,30000,0
-0.675000011920929,2.640000104904175,7.474999904632568,160,90,63,30000,0
-0.675000011920929,2.7699999809265137,7.125,160,90,63,30000,0
-0.675000011920929,2.9000000953674316,6.775000095367432,160,90,63,30000,0
-0.675000011920929,3.0299999713897705,6.425000190734863,160,90,63,30000,0
-0.675000011920929,3.1700000762939453,6.074999809265137,160,90,63,30000,0
-0.675000011920929,3.299999952316284,5.724999904632568,160,90,63,30000,0
-0.675000011920929,3.430000066757202,5.375,160,90,63,30000,0
-0.675000011920929,3.559999942779541,5.025000095367432,160,90,63,30000,0
-0.675000011920929,3.690000057220459,4.675000190734863,160,90,63,30000,0
-0.675000011920929,3.819999933242798,4.324999809265137,160,90,63,30000,0
-0.675000011920929,3.950000047683716,3.9749999046325684,160,90,63,30000,0
-0.675000011920929,4.079999923706055,3.625,160,90,63,30000,0
-0.675000011920929,4.21999979019165,3.2750000953674316,160,90,63,30000,0
-0.675000011920929,4.349999904632568,2.924999952316284,160,90,63,30000,0
-0.675000011920929,4.480000019073486,2.575000047683716,160,90,63,30000,0
-0.675000011920929,4.610000133514404,2.2249999046325684,160,90,63,30000,0
-0.675000011920929,4.739999771118164,1.875,160,90,63,30000,0
-0.675000011920929,4.869999885559082,1.524999976158142,160,90,63,30000,0
-0.675000011920929,5,1.1749999523162842,160,90,63,30000,0
-0.675000011920929,5.130000114440918,0.824999988079071,160,90,63,30000,0
-0.675000011920929,5.269999980926514,0.4749999940395355,160,90,63,30000,0
-0.675000011920929,5.400000095367432,0.125,160,90,63,30000,0
-0.675000011920929,5.489999771118164,-0.22499999403953552,160,90,63,30000,0
-0.675000011920929,5.360000133514404,-0.574999988079071,160,90,63,30000,0
-0.675000011920929,5.230000019073486,-0.925000011920929,160,90,63,30000,0
-0.675000011920929,5.099999904632568,-1.274999976158142,160,90,63,30000,0
-0.675000011920929,4.96999979019165,-1.625,160,90,63,30000,0
-0.675000011920929,4.840000152587891,-1.975000023841858,160,90,63,30000,0
-0.675000011920929,4.699999809265137,-2.325000047683716,160,90,63,30000,0
-0.675000011920929,4.570000171661377,-2.674999952316284,160,90,63,30000,0
-0.675000011920929,4.440000057220459,-3.0250000953674316,160,90,63,30000,0
-0.675000011920929,4.309999942779541,-3.375,160,90,63,30000,0
-0.675000011920929,4.179999828338623,-3.7249999046325684,160,90,63,30000,0
-0.675000011920929,4.050000190734863,-4.074999809265137,160,90,63,30000,0
-0.675000011920929,3.9200000762939453,-4.425000190734863,160,90,63,30000,0
-0.675000011920929,3.7899999618530273,-4.775000095367432,160,90,63,30000,0
-0.675000011920929,3.6500000953674316,-5.125,160,90,63,30000,0
-0.675000011920929,3.5199999809265137,-5.474999904632568,160,90,63,30000,0
-0.675000011920929,3.390000104904175,-5.824999809265137,160,90,63,30000,0
-0.675000011920929,3.259999990463257,-6.175000190734863,160,90,63,30000,0
-0.675000011920929,3.130000114440918,-6.525000095367432,160,90,63,30000,0
-0.675000011920929,3,-6.875,160,90,63,30000,0
-0.675000011920929,2.869999885559082,-7.224999904632568,160,90,63,30000,0
-0.675000011920929,2.740000009536743,-7.574999809265137,160,90,63,30000,0
-0.675000011920929,2.5999999046325684,-7.925000190734863,160,90,63,30000,0
-0.32499998807907104,2.509999990463257,7.824999809265137,160,90,63,30000,0
-0.32499998807907104,2.640000104904175,7.474999904632568,160,90,63,30000,0
-0.32499998807907104,2.7699999809265137,7.125,160,90,63,30000,0
-0.32499998807907104,2.9000000953674316,6.775000095367432,160,90,63,30000,0
-0.32499998807907104,3.0299999713897705,6.425000190734863,160,90,63,30000,0
-0.32499998807907104,3.1700000762939453,6.074999809265137,160,90,63,30000,0
-0.32499998807907104,3.299999952316284,5.724999904632568,160,90,63,30000,0
-0.32499998807907104,3.430000066757202,5.375,160,90,63,30000,0
-0.32499998807907104,3.559999942779541,5.025000095367432,160,90,63,30000,0
-0.32499998807907104,3.690000057220459,4.675000190734863,160,90,63,30000,0
-0.32499998807907104,3.819999933242798,4.324999809265137,160,90,63,30000,0
-0.32499998807907104,3.950000047683716,3.9749999046325684,160,90,63,30000,0
-0.32499998807907104,4.079999923706055,3.625,160,90,63,30000,0
-0.32499998807907104,4.21999979019165,3.2750000953674316,160,90,63,30000,0
-0.32499998807907104,4.349999904632568,2.924999952316284,160,90,63,30000,0
-0.32499998807907104,4.480000019073486,2.575000047683716,160,90,63,30000,0
-0.32499998807907104,4.610000133514404,2.2249999046325684,160,90,63,30000,0
-0.32499998807907104,4.739999771118164,1.875,160,90,63,30000,0
-0.32499998807907104,4.869999885559082,1.524999976158142,160,90,63,30000,0
-0.32499998807907104,5,1.1749999523162842,160,90,63,30000,0
-0.32499998807907104,5.130000114440918,0.824999988079071,160,90,63,30000,0
-0.32499998807907104,5.269999980926514,0.4749999940395355,160,90,63,30000,0
-0.32499998807907104,5.400000095367432,0.125,160,90,63,30000,0
-0.32499998807907104,5.489999771118164,-0.22499999403953552,160,90,63,30000,0
-0.32499998807907104,5.360000133514404,-0.574999988079071,160,90,63,30000,0
-0.32499998807907104,5.230000019073486,-0.925000011920929,160,90,63,30000,0
-0.32499998807907104,5.099999904632568,-1.274999976158142,160,90,63,30000,0
-0.32499998807907104,4.96999979019165,-1.625,160,90,63,30000,0
-0.32499998807907104,4.840000152587891,-1.975000023841858,160,90,63,30000,0
-0.32499998807907104,4.699999809265137,-2.325000047683716,160,90,63,30000,0
-0.32499998807907104,4.570000171661377,-2.674999952316284,160,90,63,30000,0
-0.32499998807907104,4.440000057220459,-3.0250000953674316,160,90,63,30000,0
-0.32499998807907104,4.309999942779541,-3.375,160,90,63,30000,0
-0.32499998807907104,4.179999828338623,-3.7249999046325684,160,90,63,30000,0
-0.32499998807907104,4.050000190734863,-4.074999809265137,160,90,63,30000,0
-0.32499998807907104,3.9200000762939453,-4.425000190734863,160,90,63,30000,0
-0.32499998807907104,3.7899999618530273,-4.775000095367432,160,90,63,30000,0
-0.32499998807907104,3.6500000953674316,-5.125,160,90,63,30000,0
-0.32499998807907104,3.5199999809265137,-5.474999904632568,160,90,63,30000,0
-0.32499998807907104,3.390000104904175,-5.824999809265137,160,90,63,30000,0
-0.32499998807907104,3.259999990463257,-6.175000190734863,160,90,63,30000,0
-0.32499998807907104,3.130000114440918,-6.525000095367432,160,90,63,30000,0
-0.32499998807907104,3,-6.875,160,90,63,30000,0
-0.32499998807907104,2.869999885559082,-7.224999904632568,160,90,63,30000,0
-0.32499998807907104,2.740000009536743,-7.574999809265137,160,90,63,30000,0
-0.32499998807907104,2.5999999046325684,-7.925000190734863,160,90,63,30000,0
0.02500000037252903,2.509999990463257,7.824999809265137,160,90,63,30000,0
0.02500000037252903,2.640000104904175,7.474999904632568,160,90,63,30000,0
0.02500000037252903,2.7699999809265137,7.125,160,90,63,30000,0
0.02500000037252903,2.9000000953674316,6.775000095367432,160,90,63,30000,0
0.02500000037252903,3.0299999713897705,6.425000190734863,160,90,63,30000,0
0.02500000037252903,3.1700000762939453,6.074999809265137,160,90,63,30000,0
0.02500000037252903,3.299999952316284,5.724999904632568,160,90,63,30000,0
0.02500000037252903,3.430000066757202,5.375,160,90,63,30000,0
0.02500000037252903,3.559999942779541,5.025000095367432,160,90,63,30000,0
0.02500000037252903,3.690000057220459,4.675000190734863,160,90,63,30000,0
0.02500000037252903,3.819999933242798,4.324999809265137,160,90,63,30000,0
0.02500000037252903,3.950000047683716,3.9749999046325684,160,90,63,30000,0
0.02500000037252903,4.079999923706055,3.625,160,90,63,30000,0
0.02500000037252903,4.21999979019165,3.2750000953674316,160,90,63,30000,0
0.02500000037252903,4.349999904632568,2.924999952316284,160,90,63,30000,0
0.02500000037252903,4.480000019073486,2.575000047683716,160,90,63,30000,0
0.02500000037252903,4.610000133514404,2.2249999046325684,160,90,63,30000,0
0.02500000037252903,4.739999771118164,1.875,160,90,63,30000,0
0.02500000037252903,4.869999885559082,1.524999976158142,160,90,63,30000,0
0.02500000037252903,5,1.1749999523162842,160,90,63,30000,0
0.02500000037252903,5.130000114440918,0.824999988079071,160,90,63,30000,0
0.02500000037252903,5.269999980926514,0.4749999940395355,160,90,63,30000,0
0.02500000037252903,5.400000095367432,0.125,160,90,63,30000,0
0.02500000037252903,5.489999771118164,-0.22499999403953552,160,90,63,30000,0
0.02500000037252903,5.360000133514404,-0.574999988079071,160,90,63,30000,0
0.02500000037252903,5.230000019073486,-0.925000011920929,160,90,63,30000,0
0.02500000037252903,5.099999904632568,-1.274999976158142,160,90,63,30000,0
0.02500000037252903,4.96999979019165,-1.625,160,90,63,30000,0
0.02500000037252903,4.840000152587891,-1.975000023841858,160,90,63,30000,0
0.02500000037252903,4.699999809265137,-2.325000047683716,160,90,63,30000,0
0.02500000037252903,4.570000171661377,-2.674999952316284,160,90,63,30000,0
0.02500000037252903,4.440000057220459,-3.0250000953674316,160,90,63,30000,0
0.02500000037252903,4.309999942779541,-3.375,160,90,63,30000,0
0.02500000037252903,4.179999828338623,-3.7249999046325684,160,90,63,30000,0
0.02500000037252903,4.050000190734863,-4.074999809265137,160,90,63,30000,0
0.02500000037252903,3.9200000762939453,-4.425000190734863,160,90,63,30000,0
0.02500000037252903,3.7899999618530273,-4.775000095367432,160,90,63,30000,0
0.02500000037252903,3.6500000953674316,-5.125,160,90,63,30000,0
0.02500000037252903,3.5199999809265137,-5.474999904632568,160,90,63,30000,0
0.02500000037252903,3.390000104904175,-5.824999809265137,160,90,63,30000,0
0.02500000037252903,3.259999990463257,-6.175000190734863,160,90,63,30000,0
0.02500000037252903,3.130000114440918,-6.525000095367432,160,90,63,30000,0
0.02500000037252903,3,-6.875,160,90,63,30000,0
0.02500000037252903,2.869999885559082,-7.224999904632568,160,90,63,30000,0
0.02500000037252903,2.740000009536743,-7.574999809265137,160,90,63,30000,0
0.02500000037252903,2.5999999046325684,-7.925000190734863,160,90,63,30000,0
0.375,2.509999990463257,7.824999809265137,160,90,63,30000,0
0.375,2.640000104904175,7.474999904632568,160,90,63,30000,0
0.375,2.7699999809265137,7.125,160,90,63,30000,0
0.375,2.9000000953674316,6.775000095367432,160,90,63,30000,0
0.375,3.0299999713897705,6.425000190734863,160,90,63,30000,0
0.375,3.1700000762939453,6.074999809265137,160,90,63,30000,0
0.375,3.299999952316284,5.724999904632568,160,90,63,30000,0
0.375,3.430000066757202,5.375,160,90,63,30000,0
0.375,3.559999942779541,5.025000095367432,160,90,63,30000,0
0.375,3.690000057220459,4.675000190734863,160,90,63,30000,0
0.375,3.819999933242798,4.324999809265137,160,90,63,30000,0
0.375,3.950000047683716,3.9749999046325684,160,90,63,30000,0
0.375,4.079999923706055,3.625,160,90,63,30000,0
0.375,4.21999979019165,3.2750000953674316,160,90,63,30000,0
0.375,4.349999904632568,2.924999952316284,160,90,63,30000,0
0.375,4.480000019073486,2.575000047683716,160,90,63,30000,0
0.375,4.610000133514404,2.2249999046325684,160,90,63,30000,0
0.375,4.739999771118164,1.875,160,90,63,30000,0
0.375,4.869999885559082,1.524999976158142,160,90,63,30000,0
0.375,5,1.1749999523162842,160,90,63,30000,0
0.375,5.130000114440918,0.824999988079071,160,90,63,30000,0
0.375,5.269999980926514,0.4749999940395355,160,90,63,30000,0
0.375,5.400000095367432,0.125,160,90,63,30000,0
0.375,5.489999771118164,-0.22499999403953552,160,90,63,30000,0
0.375,5.360000133514404,-0.574999988079071,160,90,63,30000,0
0.375,5.230000019073486,-0.925000011920929,160,90,63,30000,0
0.375,5.099999904632568,-1.274999976158142,160,90,63,30000,0
0.375,4.96999979019165,-1.625,160,90,63,30000,0
0.375,4.840000152587891,-1.975000023841858,160,90,63,30000,0
0.375,4.699999809265137,-2.325000047683716,160,90,63,30000,0
0.375,4.570000171661377,-2.674999952316284,160,90,63,30000,0
0.375,4.440000057220459,-3.0250000953674316,160,90,63,30000,0
0.375,4.309999942779541,-3.375,160,90,63,30000,0
0.375,4.179999828338623,-3.7249999046325684,160,90,63,30000,0
0.375,4.050000190734863,-4.074999809265137,160,90,63,30000,0
0.375,3.9200000762939453,-4.425000190734863,160,90,63,30000,0
0.375,3.7899999618530273,-4.775000095367432,160,90,63,30000,0
0.375,3.6500000953674316,-5.125,160,90,63,30000,0
0.375,3.5199999809265137,-5.474999904632568,160,90,63,30000,0
0.375,3.390000104904175,-5.824999809265137,160,90,63,30000,0
0.375,3.259999990463257,-6.175000190734863,160,90,63,30000,0
0.375,3.130000114440918,-6.525000095367432,160,90,63,30000,0
0.375,3,-6.875,160,90,63,30000,0
0.375,2.869999885559082,-7.224999904632568,160,90,63,30000,0
0.375,2.740000009536743,-7.574999809265137,160,90,63,30000,0
0.375,2.5999999046325684,-7.925000190734863,160,90,63,30000,0
0.7250000238418579,2.509999990463257,7.824999809265137,160,90,63,30000,0
0.7250000238418579,2.640000104904175,7.474999904632568,160,90,63,30000,0
0.7250000238418579,2.7699999809265137,7.125,160,90,63,30000,0
0.7250000238418579,2.9000000953674316,6.775000095367432,160,90,63,30000,0
0.7250000238418579,3.0299999713897705,6.425000190734863,160,90,63,30000,0
0.7250000238418579,3.1700000762939453,6.074999809265137,160,90,63,30000,0
0.7250000238418579,3.299999952316284,5.724999904632568,160,90,63,30000,0
0.7250000238418579,3.430000066757202,5.375,160,90,63,30000,0
0.7250000238418579,3.559999942779541,5.025000095367432,160,90,63,30000,0
0.7250000238418579,3.690000057220459,4.675000190734863,160,90,63,30000,0
0.7250000238418579,3.819999933242798,4.324999809265137,160,90,63,30000,0
0.7250000238418579,3.950000047683716,3.9749999046325684,160,90,63,30000,0
0.7250000238418579,4.079999923706055,3.625,160,90,63,30000,0
0.7250000238418579,4.21999979019165,3.2750000953674316,160,90,63,30000,0
0.7250000238418579,4.349999904632568,2.924999952316284,160,90,63,30000,0
0.7250000238418579,4.480000019073486,2.575000047683716,160,90,63,30000,0
0.7250000238418579,4.610000133514404,2.2249999046325684,160,90,63,30000,0
0.7250000238418579,4.739999771118164,1.875,160,90,63,30000,0
0.7250000238418579,4.869999885559082,1.524999976158142,160,90,63,30000,0
0.7250000238418579,5,1.1749999523162842,160,90,63,30000,0
0.7250000238418579,5.130000114440918,0.824999988079071,160,90,63,30000,0
0.7250000238418579,5.269999980926514,0.4749999940395355,160,90,63,30000,0
0.7250000238418579,5.400000095367432,0.125,160,90,63,30000,0
0.7250000238418579,5.489999771118164,-0.22499999403953552,160,90,63,30000,0
0.7250000238418579,5.360000133514404,-0.574999988079071,160,90,63,30000,0
0.7250000238418579,5.230000019073486,-0.925000011920929,160,90,63,30000,0
0.7250000238418579,5.099999904632568,-1.274999976158142,160,90,63,30000,0
0.7250000238418579,4.96999979019165,-1.625,160,90,63,30000,0
0.7250000238418579,4.840000152587891,-1.975000023841858,160,90,63,30000,0
0.7250000238418579,4.699999809265137,-2.325000047683716,160,90,63,30000,0
0.7250000238418579,4.570000171661377,-2.674999952316284,160,90,63,30000,0
0.7250000238418579,4.440000057220459,-3.0250000953674316,160,90,63,30000,0
0.7250000238418579,4.309999942779541,-3.375,160,90,63,30000,0
0.7250000238418579,4.179999828338623,-3.7249999046325684,160,90,63,30000,0
0.7250000238418579,4.050000190734863,-4.074999809265137,160,90,63,30000,0
0.7250000238418579,3.9200000762939453,-4.425000190734863,160,90,63,30000,0
0.7250000238418579,3.7899999618530273,-4.775000095367432,160,90,63,30000,0
0.7250000238418579,3.6500000953674316,-5.125,160,90,63,30000,0
0.7250000238418579,3.5199999809265137,-5.474999904632568,160,90,63,30000,0
0.7250000238418579,3.390000104904175,-5.824999809265137,160,90,63,30000,0
0.7250000238418579,3.259999990463257,-6.175000190734863,160,90,63,30000,0
0.7250000238418579,3.130000114440918,-6.525000095367432,160,90,63,30000,0
0.7250000238418579,3,-6.875,160,90,63,30000,0
0.7250000238418579,2.869999885559082,-7.224999904632568,160,90,63,30000,0
0.7250000238418579,2.740000009536743,-7.574999809265137,160,90,63,30000,0
0.7250000238418579,2.5999999046325684,-7.925000190734863,160,90,63,30000,0
1.0750000476837158,2.509999990463257,7.824999809265137,160,90,63,30000,0
1.0750000476837158,2.640000104904175,7.474999904632568,160,90,63,30000,0
1.0750000476837158,2.7699999809265137,7.125,160,90,63,30000,0
1.0750000476837158,2.9000000953674316,6.775000095367432,160,90,63,30000,0
1.0750000476837158,3.0299999713897705,6.425000190734863,160,90,63,30000,0
1.0750000476837158,3.1700000762939453,6.074999809265137,160,90,63,30000,0
1.0750000476837158,3.299999952316284,5.724999904632568,160,90,63,30000,0
1.0750000476837158,3.430000066757202,5.375,160,90,63,30000,0
1.0750000476837158,3.559999942779541,5.025000095367432,160,90,63,30000,0
1.0750000476837158,3.690000057220459,4.675000190734863,160,90,63,30000,0
1.0750000476837158,3.819999933242798,4.324999809265137,160,90,63,30000,0
1.0750000476837158,3.950000047683716,3.9749999046325684,160,90,63,30000,0
1.0750000476837158,4.079999923706055,3.625,160,90,63,30000,0
1.0750000476837158,4.21999979019165,3.2750000953674316,160,90,63,30000,0
1.0750000476837158,4.349999904632568,2.924999952316284,160,90,63,30000,0
1.0750000476837158,4.480000019073486,2.575000047683716,160,90,63,30000,0
1.0750000476837158,4.610000133514404,2.2249999046325684,160,90,63,30000,0
1.0750000476837158,4.739999771118164,1.875,160,90,63,30000,0
1.0750000476837158,4.869999885559082,1.524999976158142,160,90,63,30000,0
1.0750000476837158,5,1.1749999523162842,160,90,63,30000,0
1.0750000476837158,5.130000114440918,0.824999988079071,160,90,63,30000,0
1.0750000476837158,5.269999980926514,0.4749999940395355,160,90,63,30000,0
1.0750000476837158,5.400000095367432,0.125,160,90,63,30000,0
1.0750000476837158,5.489999771118164,-0.22499999403953552,160,90,63,30000,0
1.0750000476837158,5.360000133514404,-0.574999988079071,160,90,63,30000,0
1.0750000476837158,5.230000019073486,-0.925000011920929,160,90,63,30000,0
1.0750000476837158,5.099999904632568,-1.274999976158142,160,90,63,30000,0
1.0750000476837158,4.96999979019165,-1.625,160,90,63,30000,0
1.0750000476837158,4.840000152587891,-1.975000023841858,160,90,63,30000,0
1.0750000476837158,4.699999809265137,-2.325000047683716,160,90,63,30000,0
1.0750000476837158,4.570000171661377,-2.674999952316284,160,90,63,30000,0
1.0750000476837158,4.440000057220459,-3.0250000953674316,160,90,63,30000,0
1.0750000476837158,4.309999942779541,-3.375,160,90,63,30000,0
1.0750000476837158,4.179999828338623,-3.7249999046325684,160,90,63,30000,0
1.0750000476837158,4.050000190734863,-4.074999809265137,160,90,63,30000,0
1.0750000476837158,3.9200000762939453,-4.425000190734863,160,90,63,30000,0
1.0750000476837158,3.7899999618530273,-4.775000095367432,160,90,63,30000,0
1.0750000476837158,3.6500000953674316,-5.125,160,90,63,30000,0
1.0750000476837158,3.5199999809265137,-5.474999904632568,160,90,63,30000,0
1.0750000476837158,3.390000104904175,-5.824999809265137,160,90,63,30000,0
1.0750000476837158,3.259999990463257,-6.175000190734863,160,90,63,30000,0
1.0750000476837158,3.130000114440918,-6.525000095367432,160,90,63,30000,0
1.0750000476837158,3,-6.875,160,90,63,30000,0
1.0750000476837158,2.869999885559082,-7.224999904632568,160,90,63,30000,0
1.0750000476837158,2.740000009536743,-7.574999809265137,160,90,63,30000,0
1.0750000476837158,2.5999999046325684,-7.925000190734863,160,90,63,30000,0
1.4249999523162842,2.509999990463257,7.824999809265137,160,90,63,30000,0
1.4249999523162842,2.640000104904175,7.474999904632568,160,90,63,30000,0
1.4249999523162842,2.7699999809265137,7.125,160,90,63,30000,0
1.4249999523162842,2.9000000953674316,6.775000095367432,160,90,63,30000,0
1.4249999523162842,3.0299999713897705,6.425000190734863,160,90,63,30000,0
1.4249999523162842,3.1700000762939453,6.074999809265137,160,90,63,30000,0
1.4249999523162842,3.299999952316284,5.724999904632568,160,90,63,30000,0
1.4249999523162842,3.430000066757202,5.375,160,90,63,30000,0
1.4249999523162842,3.559999942779541,5.025000095367432,160,90,63,30000,0
1.4249999523162842,3.690000057220459,4.675000190734863,160,90,63,30000,0
1.4249999523162842,3.819999933242798,4.324999809265137,160,90,63,30000,0
1.4249999523162842,3.950000047683716,3.9749999046325684,160,90,63,30000,0
1.4249999523162842,4.079999923706055,3.625,160,90,63,30000,0
1.4249999523162842,4.21999979019165,3.2750000953674316,160,90,63,30000,0
1.4249999523162842,4.349999904632568,2.924999952316284,160,90,63,30000,0
1.4249999523162842,4.480000019073486,2.575000047683716,160,90,63,30000,0
1.4249999523162842,4.610000133514404,2.2249999046325684,160,90,63,30000,0
1.4249999523162842,4.739999771118164,1.875,160,90,63,30000,0
1.4249999523162842,4.869999885559082,1.524999976158142,160,90,63,30000,0
1.4249999523162842,5,1.1749999523162842,160,90,63,30000,0
1.4249999523162842,5.130000114440918,0.824999988079071,160,90,63,30000,0
1.4249999523162842,5.269999980926514,0.4749999940395355,160,90,63,30000,0
1.4249999523162842,5.400000095367432,0.125,160,90,63,30000,0
1.4249999523162842,5.489999771118164,-0.22499999403953552,160,90,63,30000,0
1.4249999523162842,5.360000133514404,-0.574999988079071,160,90,63,30000,0
1.4249999523162842,5.230000019073486,-0.925000011920929,160,90,63,30000,0
1.4249999523162842,5.099999904632568,-1.274999976158142,160,90,63,30000,0
1.4249999523162842,4.96999979019165,-1.625,160,90,63,30000,0
1.4249999523162842,4.840000152587891,-1.975000023841858,160,90,63,30000,0
1.4249999523162842,4.699999809265137,-2.325000047683716,160,90,63,30000,0
1.4249999523162842,4.570000171661377,-2.674999952316284,160,90,63,30000,0
1.4249999523162842,4.440000057220459,-3.0250000953674316,160,90,63,30000,0
1.4249999523162842,4.309999942779541,-3.375,160,90,63,30000,0
1.4249999523162842,4.179999828338623,-3.7249999046325684,160,90,63,30000,0
1.4249999523162842,4.050000190734863,-4.074999809265137,160,90,63,30000,0
1.4249999523162842,3.9200000762939453,-4.425000190734863,160,90,63,30000,0
1.4249999523162842,3.7899999618530273,-4.775000095367432,160,90,63,30000,0
1.4249999523162842,3.6500000953674316,-5.125,160,90,63,30000,0
1.4249999523162842,3.5199999809265137,-5.474999904632568,160,90,63,30000,0
1.4249999523162842,3.390000104904175,-5.824999809265137,160,90,63,30000,0
1.4249999523162842,3.259999990463257,-6.175000190734863,160,90,63,30000,0
1.4249999523162842,3.130000114440918,-6.525000095367432,160,90,63,30000,0
1.4249999523162842,3,-6.875,160,90,63,30000,0
1.4249999523162842,2.869999885559082,-7.224999904632568,160,90,63,30000,0
1.4249999523162842,2.740000009536743,-7.574999809265137,160,90,63,30000,0
1.4249999523162842,2.5999999046325684,-7.925000190734863,160,90,63,30000,0
1.774999976158142,2.509999990463257,7.824999809265137,160,90,63,30000,0
1.774999976158142,2.640000104904175,7.474999904632568,160,90,63,30000,0
1.774999976158142,2.7699999809265137,7.125,160,90,63,30000,0
1.774999976158142,2.9000000953674316,6.775000095367432,160,90,63,30000,0
1.774999976158142,3.0299999713897705,6.425000190734863,160,90,63,30000,0
1.774999976158142,3.1700000762939453,6.074999809265137,160,90,63,30000,0
1.774999976158142,3.299999952316284,5.724999904632568,160,90,63,30000,0
1.774999976158142,3.430000066757202,5.375,160,90,63,30000,0
1.774999976158142,3.559999942779541,5.025000095367432,160,90,63,30000,0
1.774999976158142,3.690000057220459,4.675000190734863,160,90,63,30000,0
1.774999976158142,3.819999933242798,4.324999809265137,160,90,63,30000,0
1.774999976158142,3.950000047683716,3.9749999046325684,160,90,63,30000,0
1.774999976158142,4.079999923706055,3.625,160,90,63,30000,0
1.774999976158142,4.21999979019165,3.2750000953674316,160,90,63,30000,0
1.774999976158142,4.349999904632568,2.924999952316284,160,90,63,30000,0
1.774999976158142,4.480000019073486,2.575000047683716,160,90,63,30000,0
1.774999976158142,4.610000133514404,2.2249999046325684,160,90,63,30000,0
1.774999976158142,4.739999771118164,1.875,160,90,63,30000,0
1.774999976158142,4.869999885559082,1.524999976158142,160,90,63,30000,0
1.774999976158142,5,1.1749999523162842,160,90,63,30000,0
1.774999976158142,5.130000114440918,0.824999988079071,160,90,63,30000,0
1.774999976158142,5.269999980926514,0.4749999940395355,160,90,63,30000,0
1.774999976158142,5.400000095367432,0.125,160,90,63,30000,0
1.774999976158142,5.489999771118164,-0.22499999403953552,160,90,63,30000,0
1.774999976158142,5.360000133514404,-0.574999988079071,160,90,63,30000,0
1.774999976158142,5.230000019073486,-0.925000011920929,160,90,63,30000,0
1.774999976158142,5.099999904632568,-1.274999976158142,160,90,63,30000,0
1.774999976158142,4.96999979019165,-1.625,160,90,63,30000,0
1.774999976158142,4.840000152587891,-1.975000023841858,160,90,63,30000,0
1.774999976158142,4.699999809265137,-2.325000047683716,160,90,63,30000,0
1.774999976158142,4.570000171661377,-2.674999952316284,160,90,63,30000,0
1.774999976158142,4.440000057220459,-3.0250000953674316,160,90,63,30000,0
1.774999976158142,4.309999942779541,-3.375,160,90,63,30000,0
1.774999976158142,4.179999828338623,-3.7249999046325684,160,90,63,30000,0
1.774999976158142,4.050000190734863,-4.074999809265137,160,90,63,30000,0
1.774999976158142,3.9200000762939453,-4.425000190734863,160,90,63,30000,0
1.774999976158142,3.7899999618530273,-4.775000095367432,160,90,63,30000,0
1.774999976158142,3.6500000953674316,-5.125,160,90,63,30000,0
1.774999976158142,3.5199999809265137,-5.474999904632568,160,90,63,30000,0
1.774999976158142,3.390000104904175,-5.824999809265137,160,90,63,30000,0
1.774999976158142,3.259999990463257,-6.175000190734863,160,90,63,30000,0
1.774999976158142,3.130000114440918,-6.525000095367432,160,90,63,30000,0
1.774999976158142,3,-6.875,160,90,63,30000,0
1.774999976158142,2.869999885559082,-7.224999904632568,160,90,63,30000,0
1.774999976158142,2.740000009536743,-7.574999809265137,160,90,63,30000,0
1.774999976158142,2.5999999046325684,-7.925000190734863,160,90,63,30000,0
2.125,2.509999990463257,7.824999809265137,160,90,63,30000,0
2.125,2.640000104904175,7.474999904632568,160,90,63,30000,0
2.125,2.7699999809265137,7.125,160,90,63,30000,0
2.125,2.9000000953674316,6.775000095367432,160,90,63,30000,0
2.125,3.0299999713897705,6.425000190734863,160,90,63,30000,0
2.125,3.1700000762939453,6.074999809265137,160,90,63,30000,0
2.125,3.299999952316284,5.724999904632568,160,90,63,30000,0
2.125,3.430000066757202,5.375,160,90,63,30000,0
2.125,3.559999942779541,5.025000095367432,160,90,63,30000,0
2.125,3.690000057220459,4.675000190734863,160,90,63,30000,0
2.125,3.819999933242798,4.324999809265137,160,90,63,30000,0
2.125,3.950000047683716,3.9749999046325684,160,90,63,30000,0
2.125,4.079999923706055,3.625,160,90,63,30000,0
2.125,4.21999979019165,3.2750000953674316,160,90,63,30000,0
2.125,4.349999904632568,2.924999952316284,160,90,63,30000,0
2.125,4.480000019073486,2.575000047683716,160,90,63,30000,0
2.125,4.610000133514404,2.2249999046325684,160,90,63,30000,0
2.125,4.739999771118164,1.875,160,90,63,30000,0
2.125,4.869999885559082,1.524999976158142,160,90,63,30000,0
2.125,5,1.1749999523162842,160,90,63,30000,0
2.125,5.130000114440918,0.824999988079071,160,90,63,30000,0
2.125,5.269999980926514,0.4749999940395355,160,90,63,30000,0
2.125,5.400000095367432,0.125,160,90,63,30000,0
2.125,5.489999771118164,-0.22499999403953552,160,90,63,30000,0
2.125,5.360000133514404,-0.574999988079071,160,90,63,30000,0
2.125,5.230000019073486,-0.925000011920929,160,90,63,30000,0
2.125,5.099999904632568,-1.274999976158142,160,90,63,30000,0
2.125,4.96999979019165,-1.625,160,90,63,30000,0
2.125,4.840000152587891,-1.975000023841858,160,90,63,30000,0
2.125,4.699999809265137,-2.325000047683716,160,90,63,30000,0
2.125,4.570000171661377,-2.674999952316284,160,90,63,30000,0
2.125,4.440000057220459,-3.0250000953674316,160,90,63,30000,0
2.125,4.309999942779541,-3.375,160,90,63,30000,0
2.125,4.179999828338623,-3.7249999046325684,160,90,63,30000,0
2.125,4.050000190734863,-4.074999809265137,160,90,63,30000,0
2.125,3.9200000762939453,-4.425000190734863,160,90,63,30000,0
2.125,3.7899999618530273,-4.775000095367432,160,90,63,30000,0
2.125,3.6500000953674316,-5.125,160,90,63,30000,0
2.125,3.5199999809265137,-5.474999904632568,160,90,63,30000,0
2.125,3.390000104904175,-5.824999809265137,160,90,63,30000,0
2.125,3.259999990463257,-6.175000190734863,160,90,63,30000,0
2.125,3.130000114440918,-6.525000095367432,160,90,63,30000,0
2.125,3,-6.875,160,90,63,30000,0
2.125,2.869999885559082,-7.224999904632568,160,90,63,30000,0
2.125,2.740000009536743,-7.574999809265137,160,90,63,30000,0
2.125,2.5999999046325684,-7.925000190734863,160,90,63,30000,0
2.4749999046325684,2.509999990463257,7.824999809265137,160,90,63,30000,0
2.4749999046325684,2.640000104904175,7.474999904632568,160,90,63,30000,0
2.4749999046325684,2.7699999809265137,7.125,160,90,63,30000,0
2.4749999046325684,2.9000000953674316,6.775000095367432,160,90,63,30000,0
2.4749999046325684,3.0299999713897705,6.425000190734863,160,90,63,30000,0
2.4749999046325684,3.1700000762939453,6.074999809265137,160,90,63,30000,0
2.4749999046325684,3.299999952316284,5.724999904632568,160,90,63,30000,0
2.4749999046325684,3.430000066757202,5.375,160,90,63,30000,0
2.4749999046325684,3.559999942779541,5.025000095367432,160,90,63,30000,0
2.4749999046325684,3.690000057220459,4.675000190734863,160,90,63,30000,0
2.4749999046325684,3.819999933242798,4.324999809265137,160,90,63,30000,0
2.4749999046325684,3.950000047683716,3.9749999046325684,160,90,63,30000,0
2.4749999046325684,4.079999923706055,3.625,160,90,63,30000,0
2.4749999046325684,4.21999979019165,3.2750000953674316,160,90,63,30000,0
2.4749999046325684,4.349999904632568,2.924999952316284,160,90,63,30000,0
2.4749999046325684,4.480000019073486,2.575000047683716,160,90,63,30000,0
2.4749999046325684,4.610000133514404,2.2249999046325684,160,90,63,30000,0
2.4749999046325684,4.739999771118164,1.875,160,90,63,30000,0
2.4749999046325684,4.869999885559082,1.524999976158142,160,90,63,30000,0
2.4749999046325684,5,1.1749999523162842,160,90,63,30000,0
2.4749999046325684,5.130000114440918,0.824999988079071,160,90,63,30000,0
2.4749999046325684,5.269999980926514,0.4749999940395355,160,90,63,30000,0
2.4749999046325684,5.400000095367432,0.125,160,90,63,30000,0
2.4749999046325684,5.489999771118164,-0.22499999403953552,160,90,63,30000,0
2.4749999046325684,5.360000133514404,-0.574999988079071,160,90,63,30000,0
2.4749999046325684,5.230000019073486,-0.925000011920929,160,90,63,30000,0
2.4749999046325684,5.099999904632568,-1.274999976158142,160,90,63,30000,0
2.4749999046325684,4.96999979019165,-1.625,160,90,63,30000,0
2.4749999046325684,4.840000152587891,-1.975000023841858,160,90,63,30000,0
2.4749999046325684,4.699999809265137,-2.325000047683716,160,90,63,30000,0
2.4749999046325684,4.570000171661377,-2.674999952316284,160,90,63,30000,0
2.4749999046325684,4.440000057220459,-3.0250000953674316,160,90,63,30000,0
2.4749999046325684,4.309999942779541,-3.375,160,90,63,30000,0
2.4749999046325684,4.179999828338623,-3.7249999046325684,160,90,63,30000,0
2.4749999046325684,4.050000190734863,-4.074999809265137,160,90,63,30000,0
2.4749999046325684,3.9200000762939453,-4.425000190734863,160,90,63,30000,0
2.4749999046325684,3.7899999618530273,-4.775000095367432,160,90,63,30000,0
2.4749999046325684,3.6500000953674316,-5.125,160,90,63,30000,0
2.4749999046325684,3.5199999809265137,-5.474999904632568,160,90,63,30000,0
2.4749999046325684,3.390000104904175,-5.824999809265137,160,90,63,30000,0
2.4749999046325684,3.259999990463257,-6.175000190734863,160,90,63,30000,0
2.4749999046325684,3.130000114440918,-6.525000095367432,160,90,63,30000,0
2.4749999046325684,3,-6.875,160,90,63,30000,0
2.4749999046325684,2.869999885559082,-7.224999904632568,160,90,63,30000,0
2.4749999046325684,2.740000009536743,-7.574999809265137,160,90,63,30000,0
2.4749999046325684,2.5999999046325684,-7.925000190734863,160,90,63,30000,0
2.825000047683716,2.509999990463257,7.824999809265137,160,90,63,30000,0
2.825000047683716,2.640000104904175,7.474999904632568,160,90,63,30000,0
2.825000047683716,2.7699999809265137,7.125,160,90,63,30000,0
2.825000047683716,2.9000000953674316,6.775000095367432,160,90,63,30000,0
2.825000047683716,3.0299999713897705,6.425000190734863,160,90,63,30000,0
2.825000047683716,3.1700000762939453,6.074999809265137,160,90,63,30000,0
2.825000047683716,3.299999952316284,5.724999904632568,160,90,63,30000,0
2.825000047683716,3.430000066757202,5.375,160,90,63,30000,0
2.825000047683716,3.559999942779541,5.025000095367432,160,90,63,30000,0
2.825000047683716,3.690000057220459,4.675000190734863,160,90,63,30000,0
2.825000047683716,3.819999933242798,4.324999809265137,160,90,63,30000,0
2.825000047683716,3.950000047683716,3.9749999046325684,160,90,63,30000,0
2.825000047683716,4.079999923706055,3.625,160,90,63,30000,0
2.825000047683716,4.21999979019165,3.2750000953674316,160,90,63,30000,0
2.825000047683716,4.349999904632568,2.924999952316284,160,90,63,30000,0
2.825000047683716,4.480000019073486,2.575000047683716,160,90,63,30000,0
2.825000047683716,4.610000133514404,2.2249999046325684,160,90,63,30000,0
2.825000047683716,4.739999771118164,1.875,160,90,63,30000,0
2.825000047683716,4.869999885559082,1.524999976158142,160,90,63,30000,0
2.825000047683716,5,1.1749999523162842,160,90,63,30000,0
2.825000047683716,5.130000114440918,0.824999988079071,160,90,63,30000,0
2.825000047683716,5.269999980926514,0.4749999940395355,160,90,63,30000,0
2.825000047683716,5.400000095367432,0.125,160,90,63,30000,0
2.825000047683716,5.489999771118164,-0.22499999403953552,160,90,63,30000,0
2.825000047683716,5.360000133514404,-0.574999988079071,160,90,63,30000,0
2.825000047683716,5.230000019073486,-0.925000011920929,160,90,63,30000,0
2.825000047683716,5.099999904632568,-1.274999976158142,160,90,63,30000,0
2.825000047683716,4.96999979019165,-1.625,160,90,63,30000,0
2.825000047683716,4.840000152587891,-1.975000023841858,160,90,63,30000,0
2.825000047683716,4.699999809265137,-2.325000047683716,160,90,63,30000,0
2.825000047683716,4.570000171661377,-2.674999952316284,160,90,63,30000,0
2.825000047683716,4.440000057220459,-3.0250000953674316,160,90,63,30000,0
2.825000047683716,4.309999942779541,-3.375,160,90,63,30000,0
2.825000047683716,4.179999828338623,-3.7249999046325684,160,90,63,30000,0
2.825000047683716,4.050000190734863,-4.074999809265137,160,90,63,30000,0
2.825000047683716,3.9200000762939453,-4.425000190734863,160,90,63,30000,0
2.825000047683716,3.7899999618530273,-4.775000095367432,160,90,63,30000,0
2.825000047683716,3.6500000953674316,-5.125,160,90,63,30000,0
2.825000047683716,3.5199999809265137,-5.474999904632568,160,90,63,30000,0
2.825000047683716,3.390000104904175,-5.824999809265137,160,90,63,30000,0
2.825000047683716,3.259999990463257,-6.175000190734863,160,90,63,30000,0
2.825000047683716,3.130000114440918,-6.525000095367432,160,90,63,30000,0
2.825000047683716,3,-6.875,160,90,63,30000,0
2.825000047683716,2.869999885559082,-7.224999904632568,160,90,63,30000,0
2.825000047683716,2.740000009536743,-7.574999809265137,160,90,63,30000,0
2.825000047683716,2.5999999046325684,-7.925000190734863,160,90,63,30000,0
3.174999952316284,2.509999990463257,7.824999809265137,160,90,63,30000,0
3.174999952316284,2.640000104904175,7.474999904632568,160,90,63,30000,0
3.174999952316284,2.7699999809265137,7.125,160,90,63,30000,0
3.174999952316284,2.9000000953674316,6.775000095367432,160,90,63,30000,0
3.174999952316284,3.0299999713897705,6.425000190734863,160,90,63,30000,0
3.174999952316284,3.1700000762939453,6.074999809265137,160,90,63,30000,0
3.174999952316284,3.299999952316284,5.724999904632568,160,90,63,30000,0
3.174999952316284,3.430000066757202,5.375,160,90,63,30000,0
3.174999952316284,3.559999942779541,5.025000095367432,160,90,63,30000,0
3.174999952316284,3.690000057220459,4.675000190734863,160,90,63,30000,0
3.174999952316284,3.819999933242798,4.324999809265137,160,90,63,30000,0
3.174999952316284,3.950000047683716,3.9749999046325684,160,90,63,30000,0
3.174999952316284,4.079999923706055,3.625,160,90,63,30000,0
3.174999952316284,4.21999979019165,3.2750000953674316,160,90,63,30000,0
3.174999952316284,4.349999904632568,2.924999952316284,160,90,63,30000,0
3.174999952316284,4.480000019073486,2.575000047683716,160,90,63,30000,0
3.174999952316284,4.610000133514404,2.2249999046325684,160,90,63,30000,0
3.174999952316284,4.739999771118164,1.875,160,90,63,30000,0
3.174999952316284,4.869999885559082,1.524999976158142,160,90,63,30000,0
3.174999952316284,5,1.1749999523162842,160,90,63,30000,0
3.174999952316284,5.130000114440918,0.824999988079071,160,90,63,30000,0
3.174999952316284,5.269999980926514,0.4749999940395355,160,90,63,30000,0
3.174999952316284,5.400000095367432,0.125,160,90,63,30000,0
3.174999952316284,5.489999771118164,-0.22499999403953552,160,90,63,30000,0
3.174999952316284,5.360000133514404,-0.574999988079071,160,90,63,30000,0
3.174999952316284,5.230000019073486,-0.925000011920929,160,90,63,30000,0
3.174999952316284,5.099999904632568,-1.274999976158142,160,90,63,30000,0
3.174999952316284,4.96999979019165,-1.625,160,90,63,30000,0
3.174999952316284,4.840000152587891,-1.975000023841858,160,90,63,30000,0
3.174999952316284,4.699999809265137,-2.325000047683716,160,90,63,30000,0
3.174999952316284,4.570000171661377,-2.674999952316284,160,90,63,30000,0
3.174999952316284,4.440000057220459,-3.0250000953674316,160,90,63,30000,0
3.174999952316284,4.309999942779541,-3.375,160,90,63,30000,0
3.174999952316284,4.179999828338623,-3.7249999046325684,160,90,63,30000,0
3.174999952316284,4.050000190734863,-4.074999809265137,160,90,63,30000,0
3.174999952316284,3.9200000762939453,-4.425000190734863,160,90,63,30000,0
3.174999952316284,3.7899999618530273,-4.775000095367432,160,90,63,30000,0
3.174999952316284,3.6500000953674316,-5.125,160,90,63,30000,0
3.174999952316284,3.5199999809265137,-5.474999904632568,160,90,63,30000,0
3.174999952316284,3.390000104904175,-5.824999809265137,160,90,63,30000,0
3.174999952316284,3.259999990463257,-6.175000190734863,160,90,63,30000,0
3.174999952316284,3.130000114440918,-6.525000095367432,160,90,63,30000,0
3.174999952316284,3,-6.875,160,90,63,30000,0
3.174999952316284,2.869999885559082,-7.224999904632568,160,90,63,30000,0
3.174999952316284,2.740000009536743,-7.574999809265137,160,90,63,30000,0
3.174999952316284,2.5999999046325684,-7.925000190734863,160,90,63,30000,0
3.5250000953674316,2.509999990463257,7.824999809265137,160,90,63,30000,0
3.5250000953674316,2.640000104904175,7.474999904632568,160,90,63,30000,0
3.5250000953674316,2.7699999809265137,7.125,160,90,63,30000,0
3.5250000953674316,2.9000000953674316,6.775000095367432,160,90,63,30000,0
3.5250000953674316,3.0299999713897705,6.425000190734863,160,90,63,30000,0
3.5250000953674316,3.1700000762939453,6.074999809265137,160,90,63,30000,0
3.5250000953674316,3.299999952316284,5.724999904632568,160,90,63,30000,0
3.5250000953674316,3.430000066757202,5.375,160,90,63,30000,0
3.5250000953674316,3.559999942779541,5.025000095367432,160,90,63,30000,0
3.5250000953674316,3.690000057220459,4.675000190734863,160,90,63,30000,0
3.5250000953674316,3.819999933242798,4.324999809265137,160,90,63,30000,0
3.5250000953674316,3.950000047683716,3.9749999046325684,160,90,63,30000,0
3.5250000953674316,4.079999923706055,3.625,160,90,63,30000,0
3.5250000953674316,4.21999979019165,3.2750000953674316,160,90,63,30000,0
3.5250000953674316,4.349999904632568,2.924999952316284,160,90,63,30000,0
3.5250000953674316,4.480000019073486,2.575000047683716,160,90,63,30000,0
3.5250000953674316,4.610000133514404,2.2249999046325684,160,90,63,30000,0
3.5250000953674316,4.739999771118164,1.875,160,90,63,30000,0
3.5250000953674316,4.869999885559082,1.524999976158142,160,90,63,30000,0
3.5250000953674316,5,1.1749999523162842,160,90,63,30000,0
3.5250000953674316,5.130000114440918,0.824999988079071,160,90,63,30000,0
3.5250000953674316,5.269999980926514,0.4749999940395355,160,90,63,30000,0
3.5250000953674316,5.400000095367432,0.125,160,90,63,30000,0
3.5250000953674316,5.489999771118164,-0.22499999403953552,160,90,63,30000,0
3.5250000953674316,5.360000133514404,-0.574999988079071,160,90,63,30000,0
3.5250000953674316,5.230000019073486,-0.925000011920929,160,90,63,30000,0
3.5250000953674316,5.099999904632568,-1.274999976158142,160,90,63,30000,0
3.5250000953674316,4.96999979019165,-1.625,160,90,63,30000,0
3.5250000953674316,4.840000152587891,-1.975000023841858,160,90,63,30000,0
3.5250000953674316,4.699999809265137,-2.325000047683716,160,90,63,30000,0
3.5250000953674316,4.570000171661377,-2.674999952316284,160,90,63,30000,0
3.5250000953674316,4.440000057220459,-3.0250000953674316,160,90,63,30000,0
3.5250000953674316,4.309999942779541,-3.375,160,90,63,30000,0
3.5250000953674316,4.179999828338623,-3.7249999046325684,160,90,63,30000,0
3.5250000953674316,4.050000190734863,-4.074999809265137,160,90,63,30000,0
3.5250000953674316,3.9200000762939453,-4.425000190734863,160,90,63,30000,0
3.5250000953674316,3.7899999618530273,-4.775000095367432,160,90,63,30000,0
3.5250000953674316,3.6500000953674316,-5.125,160,90,63,30000,0
3.5250000953674316,3.5199999809265137,-5.474999904632568,160,90,63,30000,0
3.5250000953674316,3.390000104904175,-5.824999809265137,160,90,63,30000,0
3.5250000953674316,3.259999990463257,-6.175000190734863,160,90,63,30000,0
3.5250000953674316,3.130000114440918,-6.525000095367432,160,90,63,30000,0
3.5250000953674316,3,-6.875,160,90,63,30000,0
3.5250000953674316,2.869999885559082,-7.224999904632568,160,90,63,30000,0
3.5250000953674316,2.740000009536743,-7.574999809265137,160,90,63,30000,0
3.5250000953674316,2.5999999046325684,-7.925000190734863,160,90,63,30000,0
3.875,2.509999990463257,7.824999809265137,160,90,63,30000,0
3.875,2.640000104904175,7.474999904632568,160,90,63,30000,0
3.875,2.7699999809265137,7.125,160,90,63,30000,0
3.875,2.9000000953674316,6.775000095367432,160,90,63,30000,0
3.875,3.0299999713897705,6.425000190734863,160,90,63,30000,0
3.875,3.1700000762939453,6.074999809265137,160,90,63,30000,0
3.875,3.299999952316284,5.724999904632568,160,90,63,30000,0
3.875,3.430000066757202,5.375,160,90,63,30000,0
3.875,3.559999942779541,5.025000095367432,160,90,63,30000,0
3.875,3.690000057220459,4.675000190734863,160,90,63,30000,0
3.875,3.819999933242798,4.324999809265137,160,90,63,30000,0
3.875,3.950000047683716,3.9749999046325684,160,90,63,30000,0
3.875,4.079999923706055,3.625,160,90,63,30000,0
3.875,4.21999979019165,3.2750000953674316,160,90,63,30000,0
3.875,4.349999904632568,2.924999952316284,160,90,63,30000,0
3.875,4.480000019073486,2.575000047683716,160,90,63,30000,0
3.875,4.610000133514404,2.2249999046325684,160,90,63,30000,0
3.875,4.739999771118164,1.875,160,90,63,30000,0
3.875,4.869999885559082,1.524999976158142,160,90,63,30000,0
3.875,5,1.1749999523162842,160,90,63,30000,0
3.875,5.130000114440918,0.824999988079071,160,90,63,30000,0
3.875,5.269999980926514,0.4749999940395355,160,90,63,30000,0
3.875,5.400000095367432,0.125,160,90,63,30000,0
3.875,5.489999771118164,-0.22499999403953552,160,90,63,30000,0
3.875,5.360000133514404,-0.574999988079071,160,90,63,30000,0
3.875,5.230000019073486,-0.925000011920929,160,90,63,30000,0
3.875,5.099999904632568,-1.274999976158142,160,90,63,30000,0
3.875,4.96999979019165,-1.625,160,90,63,30000,0
3.875,4.840000152587891,-1.975000023841858,160,90,63,30000,0
3.875,4.699999809265137,-2.325000047683716,160,90,63,30000,0
3.875,4.570000171661377,-2.674999952316284,160,90,63,30000,0
3.875,4.440000057220459,-3.0250000953674316,160,90,63,30000,0
3.875,4.309999942779541,-3.375,160,90,63,30000,0
3.875,4.179999828338623,-3.7249999046325684,160,90,63,30000,0
3.875,4.050000190734863,-4.074999809265137,160,90,63,30000,0
3.875,3.9200000762939453,-4.425000190734863,160,90,63,30000,0
3.875,3.7899999618530273,-4.775000095367432,160,90,63,30000,0
3.875,3.6500000953674316,-5.125,160,90,63,30000,0
3.875,3.5199999809265137,-5.474999904632568,160,90,63,30000,0
3.875,3.390000104904175,-5.824999809265137,160,90,63,30000,0
3.875,3.259999990463257,-6.175000190734863,160,90,63,30000,0
3.875,3.130000114440918,-6.525000095367432,160,90,63,30000,0
3.875,3,-6.875,160,90,63,30000,0
3.875,2.869999885559082,-7.224999904632568,160,90,63,30000,0
3.875,2.740000009536743,-7.574999809265137,160,90,63,30000,0
3.875,2.5999999046325684,-7.925000190734863,160,90,63,30000,0
4.224999904632568,2.509999990463257,7.824999809265137,160,90,63,30000,0
4.224999904632568,2.640000104904175,7.474999904632568,160,90,63,30000,0
4.224999904632568,2.7699999809265137,7.125,160,90,63,30000,0
4.224999904632568,2.9000000953674316,6.775000095367432,160,90,63,30000,0
4.224999904632568,3.0299999713897705,6.425000190734863,160,90,63,30000,0
4.224999904632568,3.1700000762939453,6.074999809265137,160,90,63,30000,0
4.224999904632568,3.299999952316284,5.724999904632568,160,90,63,30000,0
4.224999904632568,3.430000066757202,5.375,160,90,63,30000,0
4.224999904632568,3.559999942779541,5.025000095367432,160,90,63,30000,0
4.224999904632568,3.690000057220459,4.675000190734863,160,90,63,30000,0
4.224999904632568,3.819999933242798,4.324999809265137,160,90,63,30000,0
4.224999904632568,3.950000047683716,3.9749999046325684,160,90,63,30000,0
4.224999904632568,4.079999923706055,3.625,160,90,63,30000,0
4.224999904632568,4.21999979019165,3.2750000953674316,160,90,63,30000,0
4.224999904632568,4.349999904632568,2.924999952316284,160,90,63,30000,0
4.224999904632568,4.480000019073486,2.575000047683716,160,90,63,30000,0
4.224999904632568,4.610000133514404,2.2249999046325684,160,90,63,30000,0
4.224999904632568,4.739999771118164,1.875,160,90,63,30000,0
4.224999904632568,4.869999885559082,1.524999976158142,160,90,63,30000,0
4.224999904632568,5,1.1749999523162842,160,90,63,30000,0
4.224999904632568,5.130000114440918,0.824999988079071,160,90,63,30000,0
4.224999904632568,5.269999980926514,0.4749999940395355,160,90,63,30000,0
4.224999904632568,5.400000095367432,0.125,160,90,63,30000,0
4.224999904632568,5.489999771118164,-0.22499999403953552,160,90,63,30000,0
4.224999904632568,5.360000133514404,-0.574999988079071,160,90,63,30000,0
4.224999904632568,5.230000019073486,-0.925000011920929,160,90,63,30000,0
4.224999904632568,5.099999904632568,-1.274999976158142,160,90,63,30000,0
4.224999904632568,4.96999979019165,-1.625,160,90,63,30000,0
4.224999904632568,4.840000152587891,-1.975000023841858,160,90,63,30000,0
4.224999904632568,4.699999809265137,-2.325000047683716,160,90,63,30000,0
4.224999904632568,4.570000171661377,-2.674999952316284,160,90,63,30000,0
4.224999904632568,4.440000057220459,-3.0250000953674316,160,90,63,30000,0
4.224999904632568,4.309999942779541,-3.375,160,90,63,30000,0
4.224999904632568,4.179999828338623,-3.7249999046325684,160,90,63,30000,0
4.224999904632568,4.050000190734863,-4.074999809265137,160,90,63,30000,0
4.224999904632568,3.9200000762939453,-4.425000190734863,160,90,63,30000,0
4.224999904632568,3.7899999618530273,-4.775000095367432,160,90,63,30000,0
4.224999904632568,3.6500000953674316,-5.125,160,90,63,30000,0
4.224999904632568,3.5199999809265137,-5.474999904632568,160,90,63,30000,0
4.224999904632568,3.390000104904175,-5.824999809265137,160,90,63,30000,0
4.224999904632568,3.259999990463257,-6.175000190734863,160,90,63,30000,0
4.224999904632568,3.130000114440918,-6.525000095367432,160,90,63,30000,0
4.224999904632568,3,-6.875,160,90,63,30000,0
4.224999904632568,2.869999885559082,-7.224999904632568,160,90,63,30000,0
4.224999904632568,2.740000009536743,-7.574999809265137,160,90,63,30000,0
4.224999904632568,2.5999999046325684,-7.925000190734863,160,90,63,30000,0
4.574999809265137,2.509999990463257,7.824999809265137,160,90,63,30000,0
4.574999809265137,2.640000104904175,7.474999904632568,160,90,63,30000,0
4.574999809265137,2.7699999809265137,7.125,160,90,63,30000,0
4.574999809265137,2.9000000953674316,6.775000095367432,160,90,63,30000,0
4.574999809265137,3.0299999713897705,6.425000190734863,160,90,63,30000,0
4.574999809265137,3.1700000762939453,6.074999809265137,160,90,63,30000,0
4.574999809265137,3.299999952316284,5.724999904632568,160,90,63,30000,0
4.574999809265137,3.430000066757202,5.375,160,90,63,30000,0
4.574999809265137,3.559999942779541,5.025000095367432,160,90,63,30000,0
4.574999809265137,3.690000057220459,4.675000190734863,160,90,63,30000,0
4.574999809265137,3.819999933242798,4.324999809265137,160,90,63,30000,0
4.574999809265137,3.950000047683716,3.9749999046325684,160,90,63,30000,0
4.574999809265137,4.079999923706055,3.625,160,90,63,30000,0
4.574999809265137,4.21999979019165,3.2750000953674316,160,90,63,30000,0
4.574999809265137,4.349999904632568,2.924999952316284,160,90,63,30000,0
4.574999809265137,4.480000019073486,2.575000047683716,160,90,63,30000,0
4.574999809265137,4.610000133514404,2.2249999046325684,160,90,63,30000,0
4.574999809265137,4.739999771118164,1.875,160,90,63,30000,0
4.574999809265137,4.869999885559082,1.524999976158142,160,90,63,30000,0
4.574999809265137,5,1.1749999523162842,160,90,63,30000,0
4.574999809265137,5.130000114440918,0.824999988079071,160,90,63,30000,0
4.574999809265137,5.269999980926514,0.4749999940395355,160,90,63,30000,0
4.574999809265137,5.400000095367432,0.125,160,90,63,30000,0
4.574999809265137,5.489999771118164,-0.22499999403953552,160,90,63,30000,0
4.574999809265137,5.360000133514404,-0.574999988079071,160,90,63,30000,0
4.574999809265137,5.230000019073486,-0.925000011920929,160,90,63,30000,0
4.574999809265137,5.099999904632568,-1.274999976158142,160,90,63,30000,0
4.574999809265137,4.96999979019165,-1.625,160,90,63,30000,0
4.574999809265137,4.840000152587891,-1.975000023841858,160,90,63,30000,0
4.574999809265137,4.699999809265137,-2.325000047683716,160,90,63,30000,0
4.574999809265137,4.570000171661377,-2.674999952316284,160,90,63,30000,0
4.574999809265137,4.440000057220459,-3.0250000953674316,160,90,63,30000,0
4.574999809265137,4.309999942779541,-3.375,160,90,63,30000,0
4.574999809265137,4.179999828338623,-3.7249999046325684,160,90,63,30000,0
4.574999809265137,4.050000190734863,-4.074999809265137,160,90,63,30000,0
4.574999809265137,3.9200000762939453,-4.425000190734863,160,90,63,30000,0
4.574999809265137,3.7899999618530273,-4.775000095367432,160,90,63,30000,0
4.574999809265137,3.6500000953674316,-5.125,160,90,63,30000,0
4.574999809265137,3.5199999809265137,-5.474999904632568,160,90,63,30000,0
4.574999809265137,3.390000104904175,-5.824999809265137,160,90,63,30000,0
4.574999809265137,3.259999990463257,-6.175000190734863,160,90,63,30000,0
4.574999809265137,3.130000114440918,-6.525000095367432,160,90,63,30000,0
4.574999809265137,3,-6.875,160,90,63,30000,0
4.574999809265137,2.869999885559082,-7.224999904632568,160,90,63,30000,0
4.574999809265137,2.740000009536743,-7.574999809265137,160,90,63,30000,0
4.574999809265137,2.5999999046325684,-7.925000190734863,160,90,63,30000,0
4.925000190734863,2.509999990463257,7.824999809265137,160,90,63,30000,0
4.925000190734863,2.640000104904175,7.474999904632568,160,90,63,30000,0
4.925000190734863,2.7699999809265137,7.125,160,90,63,30000,0
4.925000190734863,2.9000000953674316,6.775000095367432,160,90,63,30000,0
4.925000190734863,3.0299999713897705,6.425000190734863,160,90,63,30000,0
4.925000190734863,3.1700000762939453,6.074999809265137,160,90,63,30000,0
4.925000190734863,3.299999952316284,5.724999904632568,160,90,63,30000,0
4.925000190734863,3.430000066757202,5.375,160,90,63,30000,0
4.925000190734863,3.559999942779541,5.025000095367432,160,90,63,30000,0
4.925000190734863,3.690000057220459,4.675000190734863,160,90,63,30000,0
4.925000190734863,3.819999933242798,4.324999809265137,160,90,63,30000,0
4.925000190734863,3.950000047683716,3.9749999046325684,160,90,63,30000,0
4.925000190734863,4.079999923706055,3.625,160,90,63,30000,0
4.925000190734863,4.21999979019165,3.2750000953674316,160,90,63,30000,0
4.925000190734863,4.349999904632568,2.924999952316284,160,90,63,30000,0
4.925000190734863,4.480000019073486,2.575000047683716,160,90,63,30000,0
4.925000190734863,4.610000133514404,2.2249999046325684,160,90,63,30000,0
4.925000190734863,4.739999771118164,1.875,160,90,63,30000,0
4.925000190734863,4.869999885559082,1.524999976158142,160,90,63,30000,0
4.925000190734863,5,1.1749999523162842,160,90,63,30000,0
4.925000190734863,5.130000114440918,0.824999988079071,160,90,63,30000,0
4.925000190734863,5.269999980926514,0.4749999940395355,160,90,63,30000,0
4.925000190734863,5.400000095367432,0.125,160,90,63,30000,0
4.925000190734863,5.489999771118164,-0.22499999403953552,160,90,63,30000,0
4.925000190734863,5.360000133514404,-0.574999988079071,160,90,63,30000,0
4.925000190734863,5.230000019073486,-0.925000011920929,160,90,63,30000,0
4.925000190734863,5.099999904632568,-1.274999976158142,160,90,63,30000,0
4.925000190734863,4.96999979019165,-1.625,160,90,63,30000,0
4.925000190734863,4.840000152587891,-1.975000023841858,160,90,63,30000,0
4.925000190734863,4.699999809265137,-2.325000047683716,160,90,63,30000,0
4.925000190734863,4.570000171661377,-2.674999952316284,160,90,63,30000,0
4.925000190734863,4.440000057220459,-3.0250000953674316,160,90,63,30000,0
4.925000190734863,4.309999942779541,-3.375,160,90,63,30000,0
4.925000190734863,4.179999828338623,-3.7249999046325684,160,90,63,30000,0
4.925000190734863,4.050000190734863,-4.074999809265137,160,90,63,30000,0
4.925000190734863,3.9200000762939453,-4.425000190734863,160,90,63,30000,0
4.925000190734863,3.7899999618530273,-4.775000095367432,160,90,63,30000,0
4.925000190734863,3.6500000953674316,-5.125,160,90,63,30000,0
4.925000190734863,3.5199999809265137,-5.474999904632568,160,90,63,30000,0
4.925000190734863,3.390000104904175,-5.824999809265137,160,90,63,30000,0
4.925000190734863,3.259999990463257,-6.175000190734863,160,90,63,30000,0
4.925000190734863,3.130000114440918,-6.525000095367432,160,90,63,30000,0
4.925000190734863,3,-6.875,160,90,63,30000,0
4.925000190734863,2.869999885559082,-7.224999904632568,160,90,63,30000,0
4.925000190734863,2.740000009536743,-7.574999809265137,160,90,63,30000,0
4.925000190734863,2.5999999046325684,-7.925000190734863,160,90,63,30000,0
5.275000095367432,2.509999990463257,7.824999809265137,160,90,63,30000,0
5.275000095367432,2.640000104904175,7.474999904632568,160,90,63,30000,0
5.275000095367432,2.7699999809265137,7.125,160,90,63,30000,0
5.275000095367432,2.9000000953674316,6.775000095367432,160,90,63,30000,0
5.275000095367432,3.0299999713897705,6.425000190734863,160,90,63,30000,0
5.275000095367432,3.1700000762939453,6.074999809265137,160,90,63,30000,0
5.275000095367432,3.299999952316284,5.724999904632568,160,90,63,30000,0
5.275000095367432,3.430000066757202,5.375,160,90,63,30000,0
5.275000095367432,3.559999942779541,5.025000095367432,160,90,63,30000,0
5.275000095367432,3.690000057220459,4.675000190734863,160,90,63,30000,0
5.275000095367432,3.819999933242798,4.324999809265137,160,90,63,30000,0
5.275000095367432,3.950000047683716,3.9749999046325684,160,90,63,30000,0
5.275000095367432,4.079999923706055,3.625,160,90,63,30000,0
5.275000095367432,4.21999979019165,3.2750000953674316,160,90,63,30000,0
5.275000095367432,4.349999904632568,2.924999952316284,160,90,63,30000,0
5.275000095367432,4.480000019073486,2.575000047683716,160,90,63,30000,0
5.275000095367432,4.610000133514404,2.2249999046325684,160,90,63,30000,0
5.275000095367432,4.739999771118164,1.875,160,90,63,30000,0
5.275000095367432,4.869999885559082,1.524999976158142,160,90,63,30000,0
5.275000095367432,5,1.1749999523162842,160,90,63,30000,0
5.275000095367432,5.130000114440918,0.824999988079071,160,90,63,30000,0
5.275000095367432,5.269999980926514,0.4749999940395355,160,90,63,30000,0
5.275000095367432,5.400000095367432,0.125,160,90,63,30000,0
5.275000095367432,5.489999771118164,-0.22499999403953552,160,90,63,30000,0
5.275000095367432,5.360000133514404,-0.574999988079071,160,90,63,30000,0
5.275000095367432,5.230000019073486,-0.925000011920929,160,90,63,30000,0
5.275000095367432,5.099999904632568,-1.274999976158142,160,90,63,30000,0
5.275000095367432,4.96999979019165,-1.625,160,90,63,30000,0
5.275000095367432,4.840000152587891,-1.975000023841858,160,90,63,30000,0
5.275000095367432,4.699999809265137,-2.325000047683716,160,90,63,30000,0
5.275000095367432,4.570000171661377,-2.674999952316284,160,90,63,30000,0
5.275000095367432,4.440000057220459,-3.0250000953674316,160,90,63,30000,0
5.275000095367432,4.309999942779541,-3.375,160,90,63,30000,0
5.275000095367432,4.179999828338623,-3.7249999046325684,160,90,63,30000,0
5.275000095367432,4.050000190734863,-4.074999809265137,160,90,63,30000,0
5.275000095367432,3.9200000762939453,-4.425000190734863,160,90,63,30000,0
5.275000095367432,3.7899999618530273,-4.775000095367432,160,90,63,30000,0
5.275000095367432,3.6500000953674316,-5.125,160,90,63,30000,0
5.275000095367432,3.5199999809265137,-5.474999904632568,160,90,63,30000,0
5.275000095367432,3.390000104904175,-5.824999809265137,160,90,63,30000,0
5.275000095367432,3.259999990463257,-6.175000190734863,160,90,63,30000,0
5.275000095367432,3.130000114440918,-6.525000095367432,160,90,63,30000,0
5.275000095367432,3,-6.875,160,90,63,30000,0
5.275000095367432,2.869999885559082,-7.224999904632568,160,90,63,30000,0
5.275000095367432,2.740000009536743,-7.574999809265137,160,90,63,30000,0
5.275000095367432,2.5999999046325684,-7.925000190734863,160,90,63,30000,0
5.625,2.509999990463257,7.824999809265137,160,90,63,30000,0
5.625,2.640000104904175,7.474999904632568,160,90,63,30000,0
5.625,2.7699999809265137,7.125,160,90,63,30000,0
5.625,2.9000000953674316,6.775000095367432,160,90,63,30000,0
5.625,3.0299999713897705,6.425000190734863,160,90,63,30000,0
5.625,3.1700000762939453,6.074999809265137,160,90,63,30000,0
5.625,3.299999952316284,5.724999904632568,160,90,63,30000,0
5.625,3.430000066757202,5.375,160,90,63,30000,0
5.625,3.559999942779541,5.025000095367432,160,90,63,30000,0
5.625,3.690000057220459,4.675000190734863,160,90,63,30000,0
5.625,3.819999933242798,4.324999809265137,160,90,63,30000,0
5.625,3.950000047683716,3.9749999046325684,160,90,63,30000,0
5.625,4.079999923706055,3.625,160,90,63,30000,0
5.625,4.21999979019165,3.2750000953674316,160,90,63,30000,0
5.625,4.349999904632568,2.924999952316284,160,90,63,30000,0
5.625,4.480000019073486,2.575000047683716,160,90,63,30000,0
5.625,4.610000133514404,2.2249999046325684,160,90,63,30000,0
5.625,4.739999771118164,1.875,160,90,63,30000,0
5.625,4.869999885559082,1.524999976158142,160,90,63,30000,0
5.625,5,1.1749999523162842,160,90,63,30000,0
5.625,5.130000114440918,0.824999988079071,160,90,63,30000,0
5.625,5.269999980926514,0.4749999940395355,160,90,63,30000,0
5.625,5.400000095367432,0.125,160,90,63,30000,0
5.625,5.489999771118164,-0.22499999403953552,160,90,63,30000,0
5.625,5.360000133514404,-0.574999988079071,160,90,63,30000,0
5.625,5.230000019073486,-0.925000011920929,160,90,63,30000,0
5.625,5.099999904632568,-1.274999976158142,160,90,63,30000,0
5.625,4.96999979019165,-1.625,160,90,63,30000,0
5.625,4.840000152587891,-1.975000023841858,160,90,63,30000,0
5.625,4.699999809265137,-2.325000047683716,160,90,63,30000,0
5.625,4.570000171661377,-2.674999952316284,160,90,63,30000,0
5.625,4.440000057220459,-3.0250000953674316,160,90,63,30000,0
5.625,4.309999942779541,-3.375,160,90,63,30000,0
5.625,4.179999828338623,-3.7249999046325684,160,90,63,30000,0
5.625,4.050000190734863,-4.074999809265137,160,90,63,30000,0
5.625,3.9200000762939453,-4.425000190734863,160,90,63,30000,0
5.625,3.7899999618530273,-4.775000095367432,160,90,63,30000,0
5.625,3.6500000953674316,-5.125,160,90,63,30000,0
5.625,3.5199999809265137,-5.474999904632568,160,90,63,30000,0
5.625,3.390000104904175,-5.824999809265137,160,90,63,30000,0
5.625,3.259999990463257,-6.175000190734863,160,90,63,30000,0
5.625,3.130000114440918,-6.525000095367432,160,90,63,30000,0
5.625,3,-6.875,160,90,63,30000,0
5.625,2.869999885559082,-7.224999904632568,160,90,63,30000,0
5.625,2.740000009536743,-7.574999809265137,160,90,63,30000,0
5.625,2.5999999046325684,-7.925000190734863,160,90,63,30000,0
5.974999904632568,2.509999990463257,7.824999809265137,160,90,63,30000,0
5.974999904632568,2.640000104904175,7.474999904632568,160,90,63,30000,0
5.974999904632568,2.7699999809265137,7.125,160,90,63,30000,0
5.974999904632568,2.9000000953674316,6.775000095367432,160,90,63,30000,0
5.974999904632568,3.0299999713897705,6.425000190734863,160,90,63,30000,0
5.974999904632568,3.1700000762939453,6.074999809265137,160,90,63,30000,0
5.974999904632568,3.299999952316284,5.724999904632568,160,90,63,30000,0
5.974999904632568,3.430000066757202,5.375,160,90,63,30000,0
5.974999904632568,3.559999942779541,5.025000095367432,160,90,63,30000,0
5.974999904632568,3.690000057220459,4.675000190734863,160,90,63,30000,0
5.974999904632568,3.819999933242798,4.324999809265137,160,90,63,30000,0
5.974999904632568,3.950000047683716,3.9749999046325684,160,90,63,30000,0
5.974999904632568,4.079999923706055,3.625,160,90,63,30000,0
5.974999904632568,4.21999979019165,3.2750000953674316,160,90,63,30000,0
5.974999904632568,4.349999904632568,2.924999952316284,160,90,63,30000,0
5.974999904632568,4.480000019073486,2.575000047683716,160,90,63,30000,0
5.974999904632568,4.610000133514404,2.2249999046325684,160,90,63,30000,0
5.974999904632568,4.739999771118164,1.875,160,90,63,30000,0
5.974999904632568,4.869999885559082,1.524999976158142,160,90,63,30000,0
5.974999904632568,5,1.1749999523162842,160,90,63,30000,0
5.974999904632568,5.130000114440918,0.824999988079071,160,90,63,30000,0
5.974999904632568,5.269999980926514,0.4749999940395355,160,90,63,30000,0
5.974999904632568,5.400000095367432,0.125,160,90,63,30000,0
5.974999904632568,5.489999771118164,-0.22499999403953552,160,90,63,30000,0
5.974999904632568,5.360000133514404,-0.574999988079071,160,90,63,30000,0
5.974999904632568,5.230000019073486,-0.925000011920929,160,90,63,30000,0
5.974999904632568,5.099999904632568,-1.274999976158142,160,90,63,30000,0
5.974999904632568,4.96999979019165,-1.625,160,90,63,30000,0
5.974999904632568,4.840000152587891,-1.975000023841858,160,90,63,30000,0
5.974999904632568,4.699999809265137,-2.325000047683716,160,90,63,30000,0
5.974999904632568,4.570000171661377,-2.674999952316284,160,90,63,30000,0
5.974999904632568,4.440000057220459,-3.0250000953674316,160,90,63,30000,0
5.974999904632568,4.309999942779541,-3.375,160,90,63,30000,0
5.974999904632568,4.179999828338623,-3.7249999046325684,160,90,63,30000,0
5.974999904632568,4.050000190734863,-4.074999809265137,160,90,63,30000,0
5.974999904632568,3.9200000762939453,-4.425000190734863,160,90,63,30000,0
5.974999904632568,3.7899999618530273,-4.775000095367432,160,90,63,30000,0
5.974999904632568,3.6500000953674316,-5.125,160,90,63,30000,0
5.974999904632568,3.5199999809265137,-5.474999904632568,160,90,63,30000,0
5.974999904632568,3.390000104904175,-5.824999809265137,160,90,63,30000,0
5.974999904632568,3.259999990463257,-6.175000190734863,160,90,63,30000,0
5.974999904632568,3.130000114440918,-6.525000095367432,160,90,63,30000,0
5.974999904632568,3,-6.875,160,90,63,30000,0
5.974999904632568,2.869999885559082,-7.224999904632568,160,90,63,30000,0
5.974999904632568,2.740000009536743,-7.574999809265137,160,90,63,30000,0
5.974999904632568,2.5999999046325684,-7.925000190734863,160,90,63,30000,0
6.324999809265137,2.509999990463257,7.824999809265137,160,90,63,30000,0
6.324999809265137,2.640000104904175,7.474999904632568,160,90,63,30000,0
6.324999809265137,2.7699999809265137,7.125,160,90,63,30000,0
6.324999809265137,2.9000000953674316,6.775000095367432,160,90,63,30000,0
6.324999809265137,3.0299999713897705,6.425000190734863,160,90,63,30000,0
6.324999809265137,3.1700000762939453,6.074999809265137,160,90,63,30000,0
6.324999809265137,3.299999952316284,5.724999904632568,160,90,63,30000,0
6.324999809265137,3.430000066757202,5.375,160,90,63,30000,0
6.324999809265137,3.559999942779541,5.025000095367432,160,90,63,30000,0
6.324999809265137,3.690000057220459,4.675000190734863,160,90,63,30000,0
6.324999809265137,3.819999933242798,4.324999809265137,160,90,63,30000,0
6.324999809265137,3.950000047683716,3.9749999046325684,160,90,63,30000,0
6.324999809265137,4.079999923706055,3.625,160,90,63,30000,0
6.324999809265137,4.21999979019165,3.2750000953674316,160,90,63,30000,0
6.324999809265137,4.349999904632568,2.924999952316284,160,90,63,30000,0
6.324999809265137,4.480000019073486,2.575000047683716,160,90,63,30000,0
6.324999809265137,4.610000133514404,2.2249999046325684,160,90,63,30000,0
6.324999809265137,4.739999771118164,1.875,160,90,63,30000,0
6.324999809265137,4.869999885559082,1.524999976158142,160,90,63,30000,0
6.324999809265137,5,1.1749999523162842,160,90,63,30000,0
6.324999809265137,5.130000114440918,0.824999988079071,160,90,63,30000,0
6.324999809265137,5.269999980926514,0.4749999940395355,160,90,63,30000,0
6.324999809265137,5.400000095367432,0.125,160,90,63,30000,0
6.324999809265137,5.489999771118164,-0.22499999403953552,160,90,63,30000,0
6.324999809265137,5.360000133514404,-0.574999988079071,160,90,63,30000,0
6.324999809265137,5.230000019073486,-0.925000011920929,160,90,63,30000,0
6.324999809265137,5.099999904632568,-1.274999976158142,160,90,63,30000,0
6.324999809265137,4.96999979019165,-1.625,160,90,63,30000,0
6.324999809265137,4.840000152587891,-1.975000023841858,160,90,63,30000,0
6.324999809265137,4.699999809265137,-2.325000047683716,160,90,63,30000,0
6.324999809265137,4.570000171661377,-2.674999952316284,160,90,63,30000,0
6.324999809265137,4.440000057220459,-3.0250000953674316,160,90,63,30000,0
6.324999809265137,4.309999942779541,-3.375,160,90,63,30000,0
6.324999809265137,4.179999828338623,-3.7249999046325684,160,90,63,30000,0
6.324999809265137,4.050000190734863,-4.074999809265137,160,90,63,30000,0
6.324999809265137,3.9200000762939453,-4.425000190734863,160,90,63,30000,0
6.324999809265137,3.7899999618530273,-4.775000095367432,160,90,63,30000,0
6.324999809265137,3.6500000953674316,-5.125,160,90,63,30000,0
6.324999809265137,3.5199999809265137,-5.474999904632568,160,90,63,30000,0
6.324999809265137,3.390000104904175,-5.824999809265137,160,90,63,30000,0
6.324999809265137,3.259999990463257,-6.175000190734863,160,90,63,30000,0
6.324999809265137,3.130000114440918,-6.525000095367432,160,90,63,30000,0
6.324999809265137,3,-6.875,160,90,63,30000,0
6.324999809265137,2.869999885559082,-7.224999904632568,160,90,63,30000,0
6.324999809265137,2.740000009536743,-7.574999809265137,160,90,63,30000,0
6.324999809265137,2.5999999046325684,-7.925000190734863,160,90,63,30000,0
6.675000190734863,2.509999990463257,7.824999809265137,160,90,63,30000,0
6.675000190734863,2.640000104904175,7.474999904632568,160,90,63,30000,0
6.675000190734863,2.7699999809265137,7.125,160,90,63,30000,0
6.675000190734863,2.9000000953674316,6.775000095367432,160,90,63,30000,0
6.675000190734863,3.0299999713897705,6.425000190734863,160,90,63,30000,0
6.675000190734863,3.1700000762939453,6.074999809265137,160,90,63,30000,0
6.675000190734863,3.299999952316284,5.724999904632568,160,90,63,30000,0
6.675000190734863,3.430000066757202,5.375,160,90,63,30000,0
6.675000190734863,3.559999942779541,5.025000095367432,160,90,63,30000,0
6.675000190734863,3.690000057220459,4.675000190734863,160,90,63,30000,0
6.675000190734863,3.819999933242798,4.324999809265137,160,90,63,30000,0
6.675000190734863,3.950000047683716,3.9749999046325684,160,90,63,30000,0
6.675000190734863,4.079999923706055,3.625,160,90,63,30000,0
6.675000190734863,4.21999979019165,3.2750000953674316,160,90,63,30000,0
6.675000190734863,4.349999904632568,2.924999952316284,160,90,63,30000,0
6.675000190734863,4.480000019073486,2.575000047683716,160,90,63,30000,0
6.675000190734863,4.610000133514404,2.2249999046325684,160,90,63,30000,0
6.675000190734863,4.739999771118164,1.875,160,90,63,30000,0
6.675000190734863,4.869999885559082,1.524999976158142,160,90,63,30000,0
6.675000190734863,5,1.1749999523162842,160,90,63,30000,0
6.675000190734863,5.130000114440918,0.824999988079071,160,90,63,30000,0
6.675000190734863,5.269999980926514,0.4749999940395355,160,90,63,30000,0
6.675000190734863,5.400000095367432,0.125,160,90,63,30000,0
6.675000190734863,5.489999771118164,-0.22499999403953552,160,90,63,30000,0
6.675000190734863,5.360000133514404,-0.574999988079071,160,90,63,30000,0
6.675000190734863,5.230000019073486,-0.925000011920929,160,90,63,30000,0
6.675000190734863,5.099999904632568,-1.274999976158142,160,90,63,30000,0
6.675000190734863,4.96999979019165,-1.625,160,90,63,30000,0
6.675000190734863,4.840000152587891,-1.975000023841858,160,90,63,30000,0
6.675000190734863,4.699999809265137,-2.325000047683716,160,90,63,30000,0
6.675000190734863,4.570000171661377,-2.674999952316284,160,90,63,30000,0
6.675000190734863,4.440000057220459,-3.0250000953674316,160,90,63,30000,0
6.675000190734863,4.309999942779541,-3.375,160,90,63,30000,0
6.675000190734863,4.179999828338623,-3.7249999046325684,160,90,63,30000,0
6.675000190734863,4.050000190734863,-4.074999809265137,160,90,63,30000,0
6.675000190734863,3.9200000762939453,-4.425000190734863,160,90,63,30000,0
6.675000190734863,3.7899999618530273,-4.775000095367432,160,90,63,30000,0
6.675000190734863,3.6500000953674316,-5.125,160,90,63,30000,0
6.675000190734863,3.5199999809265137,-5.474999904632568,160,90,63,30000,0
6.675000190734863,3.390000104904175,-5.824999809265137,160,90,63,30000,0
6.675000190734863,3.259999990463257,-6.175000190734863,160,90,63,30000,0
6.675000190734863,3.130000114440918,-6.525000095367432,160,90,63,30000,0
6.675000190734863,3,-6.875,160,90,63,30000,0
6.675000190734863,2.869999885559082,-7.224999904632568,160,90,63,30000,0
6.675000190734863,2.740000009536743,-7.574999809265137,160,90,63,30000,0
6.675000190734863,2.5999999046325684,-7.925000190734863,160,90,63,30000,0
7.025000095367432,2.509999990463257,7.824999809265137,160,90,63,30000,0
7.025000095367432,2.640000104904175,7.474999904632568,160,90,63,30000,0
7.025000095367432,2.7699999809265137,7.125,160,90,63,30000,0
7.025000095367432,2.9000000953674316,6.775000095367432,160,90,63,30000,0
7.025000095367432,3.0299999713897705,6.425000190734863,160,90,63,30000,0
7.025000095367432,3.1700000762939453,6.074999809265137,160,90,63,30000,0
7.025000095367432,3.299999952316284,5.724999904632568,160,90,63,30000,0
7.025000095367432,3.430000066757202,5.375,160,90,63,30000,0
7.025000095367432,3.559999942779541,5.025000095367432,160,90,63,30000,0
7.025000095367432,3.690000057220459,4.675000190734863,160,90,63,30000,0
7.025000095367432,3.819999933242798,4.324999809265137,160,90,63,30000,0
7.025000095367432,3.950000047683716,3.9749999046325684,160,90,63,30000,0
7.025000095367432,4.079999923706055,3.625,160,90,63,30000,0
7.025000095367432,4.21999979019165,3.2750000953674316,160,90,63,30000,0
7.025000095367432,4.349999904632568,2.924999952316284,160,90,63,30000,0
7.025000095367432,4.480000019073486,2.575000047683716,160,90,63,30000,0
7.025000095367432,4.610000133514404,2.2249999046325684,160,90,63,30000,0
7.025000095367432,4.739999771118164,1.875,160,90,63,30000,0
7.025000095367432,4.869999885559082,1.524999976158142,160,90,63,30000,0
7.025000095367432,5,1.1749999523162842,160,90,63,30000,0
7.025000095367432,5.130000114440918,0.824999988079071,160,90,63,30000,0
7.025000095367432,5.269999980926514,0.4749999940395355,160,90,63,30000,0
7.025000095367432,5.400000095367432,0.125,160,90,63,30000,0
7.025000095367432,5.489999771118164,-0.22499999403953552,160,90,63,30000,0
7.025000095367432,5.360000133514404,-0.574999988079071,160,90,63,30000,0
7.025000095367432,5.230000019073486,-0.925000011920929,160,90,63,30000,0
7.025000095367432,5.099999904632568,-1.274999976158142,160,90,63,30000,0
7.025000095367432,4.96999979019165,-1.625,160,90,63,30000,0
7.025000095367432,4.840000152587891,-1.975000023841858,160,90,63,30000,0
7.025000095367432,4.699999809265137,-2.325000047683716,160,90,63,30000,0
7.025000095367432,4.570000171661377,-2.674999952316284,160,90,63,30000,0
7.025000095367432,4.440000057220459,-3.0250000953674316,160,90,63,30000,0
7.025000095367432,4.309999942779541,-3.375,160,90,63,30000,0
7.025000095367432,4.179999828338623,-3.7249999046325684,160,90,63,30000,0
7.025000095367432,4.050000190734863,-4.074999809265137,160,90,63,30000,0
7.025000095367432,3.9200000762939453,-4.425000190734863,160,90,63,30000,0
7.025000095367432,3.7899999618530273,-4.775000095367432,160,90,63,30000,0
7.025000095367432,3.6500000953674316,-5.125,160,90,63,30000,0
7.025000095367432,3.5199999809265137,-5.474999904632568,160,90,63,30000,0
7.025000095367432,3.390000104904175,-5.824999809265137,160,90,63,30000,0
7.025000095367432,3.259999990463257,-6.175000190734863,160,90,63,30000,0
7.025000095367432,3.130000114440918,-6.525000095367432,160,90,63,30000,0
7.025000095367432,3,-6.875,160,90,63,30000,0
7.025000095367432,2.869999885559082,-7.224999904632568,160,90,63,30000,0
7.025000095367432,2.740000009536743,-7.574999809265137,160,90,63,30000,0
7.025000095367432,2.5999999046325684,-7.925000190734863,160,90,63,30000,0
7.375,2.509999990463257,7.824999809265137,160,90,63,30000,0
7.375,2.640000104904175,7.474999904632568,160,90,63,30000,0
7.375,2.7699999809265137,7.125,160,90,63,30000,0
7.375,2.9000000953674316,6.775000095367432,160,90,63,30000,0
7.375,3.0299999713897705,6.425000190734863,160,90,63,30000,0
7.375,3.1700000762939453,6.074999809265137,160,90,63,30000,0
7.375,3.299999952316284,5.724999904632568,160,90,63,30000,0
7.375,3.430000066757202,5.375,160,90,63,30000,0
7.375,3.559999942779541,5.025000095367432,160,90,63,30000,0
7.375,3.690000057220459,4.675000190734863,160,90,63,30000,0
7.375,3.819999933242798,4.324999809265137,160,90,63,30000,0
7.375,3.950000047683716,3.9749999046325684,160,90,63,30000,0
7.375,4.079999923706055,3.625,160,90,63,30000,0
7.375,4.21999979019165,3.2750000953674316,160,90,63,30000,0
7.375,4.349999904632568,2.924999952316284,160,90,63,30000,0
7.375,4.480000019073486,2.575000047683716,160,90,63,30000,0
7.375,4.610000133514404,2.2249999046325684,160,90,63,30000,0
7.375,4.739999771118164,1.875,160,90,63,30000,0
7.375,4.869999885559082,1.524999976158142,160,90,63,30000,0
7.375,5,1.1749999523162842,160,90,63,30000,0
7.375,5.130000114440918,0.824999988079071,160,90,63,30000,0
7.375,5.269999980926514,0.4749999940395355,160,90,63,30000,0
7.375,5.400000095367432,0.125,160,90,63,30000,0
7.375,5.489999771118164,-0.22499999403953552,160,90,63,30000,0
7.375,5.360000133514404,-0.574999988079071,160,90,63,30000,0
7.375,5.230000019073486,-0.925000011920929,160,90,63,30000,0
7.375,5.099999904632568,-1.274999976158142,160,90,63,30000,0
7.375,4.96999979019165,-1.625,160,90,63,30000,0
7.375,4.840000152587891,-1.975000023841858,160,90,63,30000,0
7.375,4.699999809265137,-2.325000047683716,160,90,63,30000,0
7.375,4.570000171661377,-2.674999952316284,160,90,63,30000,0
7.375,4.440000057220459,-3.0250000953674316,160,90,63,30000,0
7.375,4.309999942779541,-3.375,160,90,63,30000,0
7.375,4.179999828338623,-3.7249999046325684,160,90,63,30000,0
7.375,4.050000190734863,-4.074999809265137,160,90,63,30000,0
7.375,3.9200000762939453,-4.425000190734863,160,90,63,30000,0
7.375,3.7899999618530273,-4.775000095367432,160,90,63,30000,0
7.375,3.6500000953674316,-5.125,160,90,63,30000,0
7.375,3.5199999809265137,-5.474999904632568,160,90,63,30000,0
7.375,3.390000104904175,-5.824999809265137,160,90,63,30000,0
7.375,3.259999990463257,-6.175000190734863,160,90,63,30000,0
7.375,3.130000114440918,-6.525000095367432,160,90,63,30000,0
7.375,3,-6.875,160,90,63,30000,0
7.375,2.869999885559082,-7.224999904632568,160,90,63,30000,0
7.375,2.740000009536743,-7.574999809265137,160,90,63,30000,0
7.375,2.5999999046325684,-7.925000190734863,160,90,63,30000,0
7.724999904632568,2.509999990463257,7.824999809265137,160,90,63,30000,0
7.724999904632568,2.640000104904175,7.474999904632568,160,90,63,30000,0
7.724999904632568,2.7699999809265137,7.125,160,90,63,30000,0
7.724999904632568,2.9000000953674316,6.775000095367432,160,90,63,30000,0
7.724999904632568,3.0299999713897705,6.425000190734863,160,90,63,30000,0
7.724999904632568,3.1700000762939453,6.074999809265137,160,90,63,30000,0
7.724999904632568,3.299999952316284,5.724999904632568,160,90,63,30000,0
7.724999904632568,3.430000066757202,5.375,160,90,63,30000,0
7.724999904632568,3.559999942779541,5.025000095367432,160,90,63,30000,0
7.724999904632568,3.690000057220459,4.675000190734863,160,90,63,30000,0
7.724999904632568,3.819999933242798,4.324999809265137,160,90,63,30000,0
7.724999904632568,3.950000047683716,3.9749999046325684,160,90,63,30000,0
7.724999904632568,4.079999923706055,3.625,160,90,63,30000,0
7.724999904632568,4.21999979019165,3.2750000953674316,160,90,63,30000,0
7.724999904632568,4.349999904632568,2.924999952316284,160,90,63,30000,0
7.724999904632568,4.480000019073486,2.575000047683716,160,90,63,30000,0
7.724999904632568,4.610000133514404,2.2249999046325684,160,90,63,30000,0
7.724999904632568,4.739999771118164,1.875,160,90,63,30000,0
7.724999904632568,4.869999885559082,1.524999976158142,160,90,63,30000,0
7.724999904632568,5,1.1749999523162842,160,90,63,30000,0
7.724999904632568,5.130000114440918,0.824999988079071,160,90,63,30000,0
7.724999904632568,5.269999980926514,0.4749999940395355,160,90,63,30000,0
7.724999904632568,5.400000095367432,0.125,160,90,63,30000,0
7.724999904632568,5.489999771118164,-0.22499999403953552,160,90,63,30000,0
7.724999904632568,5.360000133514404,-0.574999988079071,160,90,63,30000,0
7.724999904632568,5.230000019073486,-0.925000011920929,160,90,63,30000,0
7.724999904632568,5.099999904632568,-1.274999976158142,160,90,63,30000,0
7.724999904632568,4.96999979019165,-1.625,160,90,63,30000,0
7.724999904632568,4.840000152587891,-1.975000023841858,160,90,63,30000,0
7.724999904632568,4.699999809265137,-2.325000047683716,160,90,63,30000,0
7.724999904632568,4.570000171661377,-2.674999952316284,160,90,63,30000,0
7.724999904632568,4.440000057220459,-3.0250000953674316,160,90,63,30000,0
7.724999904632568,4.309999942779541,-3.375,160,90,63,30000,0
7.724999904632568,4.179999828338623,-3.7249999046325684,160,90,63,30000,0
7.724999904632568,4.050000190734863,-4.074999809265137,160,90,63,30000,0
7.724999904632568,3.9200000762939453,-4.425000190734863,160,90,63,30000,0
7.724999904632568,3.7899999618530273,-4.775000095367432,160,90,63,30000,0
7.724999904632568,3.6500000953674316,-5.125,160,90,63,30000,0
7.724999904632568,3.5199999809265137,-5.474999904632568,160,90,63,30000,0
7.724999904632568,3.390000104904175,-5.824999809265137,160,90,63,30000,0
7.724999904632568,3.259999990463257,-6.175000190734863,160,90,63,30000,0
7.724999904632568,3.130000114440918,-6.525000095367432,160,90,63,30000,0
7.724999904632568,3,-6.875,160,90,63,30000,0
7.724999904632568,2.869999885559082,-7.224999904632568,160,90,63,30000,0
7.724999904632568,2.740000009536743,-7.574999809265137,160,90,63,30000,0
7.724999904632568,2.5999999046325684,-7.925000190734863,160,90,63,30000,0
8.074999809265137,2.509999990463257,7.824999809265137,160,90,63,30000,0
8.074999809265137,2.640000104904175,7.474999904632568,160,90,63,30000,0
8.074999809265137,2.7699999809265137,7.125,160,90,63,30000,0
8.074999809265137,2.9000000953674316,6.775000095367432,160,90,63,30000,0
8.074999809265137,3.0299999713897705,6.425000190734863,160,90,63,30000,0
8.074999809265137,3.1700000762939453,6.074999809265137,160,90,63,30000,0
8.074999809265137,3.299999952316284,5.724999904632568,160,90,63,30000,0
8.074999809265137,3.430000066757202,5.375,160,90,63,30000,0
8.074999809265137,3.559999942779541,5.025000095367432,160,90,63,30000,0
8.074999809265137,3.690000057220459,4.675000190734863,160,90,63,30000,0
8.074999809265137,3.819999933242798,4.324999809265137,160,90,63,30000,0
8.074999809265137,3.950000047683716,3.9749999046325684,160,90,63,30000,0
8.074999809265137,4.079999923706055,3.625,160,90,63,30000,0
8.074999809265137,4.21999979019165,3.2750000953674316,160,90,63,30000,0
8.074999809265137,4.349999904632568,2.924999952316284,160,90,63,30000,0
8.074999809265137,4.480000019073486,2.575000047683716,160,90,63,30000,0
8.074999809265137,4.610000133514404,2.2249999046325684,160,90,63,30000,0
8.074999809265137,4.739999771118164,1.875,160,90,63,30000,0
8.074999809265137,4.869999885559082,1.524999976158142,160,90,63,30000,0
8.074999809265137,5,1.1749999523162842,160,90,63,30000,0
8.074999809265137,5.130000114440918,0.824999988079071,160,90,63,30000,0
8.074999809265137,5.269999980926514,0.4749999940395355,160,90,63,30000,0
8.074999809265137,5.400000095367432,0.125,160,90,63,30000,0
8.074999809265137,5.489999771118164,-0.22499999403953552,160,90,63,30000,0
8.074999809265137,5.360000133514404,-0.574999988079071,160,90,63,30000,0
8.074999809265137,5.230000019073486,-0.925000011920929,160,90,63,30000,0
8.074999809265137,5.099999904632568,-1.274999976158142,160,90,63,30000,0
8.074999809265137,4.96999979019165,-1.625,160,90,63,30000,0
8.074999809265137,4.840000152587891,-1.975000023841858,160,90,63,30000,0
8.074999809265137,4.699999809265137,-2.325000047683716,160,90,63,30000,0
8.074999809265137,4.570000171661377,-2.674999952316284,160,90,63,30000,0
8.074999809265137,4.440000057220459,-3.0250000953674316,160,90,63,30000,0
8.074999809265137,4.309999942779541,-3.375,160,90,63,30000,0
8.074999809265137,4.179999828338623,-3.7249999046325684,160,90,63,30000,0
8.074999809265137,4.050000190734863,-4.074999809265137,160,90,63,30000,0
8.074999809265137,3.9200000762939453,-4.425000190734863,160,90,63,30000,0
8.074999809265137,3.7899999618530273,-4.775000095367432,160,90,63,30000,0
8.074999809265137,3.6500000953674316,-5.125,160,90,63,30000,0
8.074999809265137,3.5199999809265137,-5.474999904632568,160,90,63,30000,0
8.074999809265137,3.390000104904175,-5.824999809265137,160,90,63,30000,0
8.074999809265137,3.259999990463257,-6.175000190734863,160,90,63,30000,0
8.074999809265137,3.130000114440918,-6.525000095367432,160,90,63,30000,0
8.074999809265137,3,-6.875,160,90,63,30000,0
8.074999809265137,2.869999885559082,-7.224999904632568,160,90,63,30000,0
8.074999809265137,2.740000009536743,-7.574999809265137,160,90,63,30000,0
8.074999809265137,2.5999999046325684,-7.925000190734863,160,90,63,30000,0
8.425000190734863,2.509999990463257,7.824999809265137,160,90,63,30000,0
8.425000190734863,2.640000104904175,7.474999904632568,160,90,63,30000,0
8.425000190734863,2.7699999809265137,7.125,160,90,63,30000,0
8.425000190734863,2.9000000953674316,6.775000095367432,160,90,63,30000,0
8.425000190734863,3.0299999713897705,6.425000190734863,160,90,63,30000,0
8.425000190734863,3.1700000762939453,6.074999809265137,160,90,63,30000,0
8.425000190734863,3.299999952316284,5.724999904632568,160,90,63,30000,0
8.425000190734863,3.430000066757202,5.375,160,90,63,30000,0
8.425000190734863,3.559999942779541,5.025000095367432,160,90,63,30000,0
8.425000190734863,3.690000057220459,4.675000190734863,160,90,63,30000,0
8.425000190734863,3.819999933242798,4.324999809265137,160,90,63,30000,0
8.425000190734863,3.950000047683716,3.9749999046325684,160,90,63,30000,0
8.425000190734863,4.079999923706055,3.625,160,90,63,30000,0
8.425000190734863,4.21999979019165,3.2750000953674316,160,90,63,30000,0
8.425000190734863,4.349999904632568,2.924999952316284,160,90,63,30000,0
8.425000190734863,4.480000019073486,2.575000047683716,160,90,63,30000,0
8.425000190734863,4.610000133514404,2.2249999046325684,160,90,63,30000,0
8.425000190734863,4.739999771118164,1.875,160,90,63,30000,0
8.425000190734863,4.869999885559082,1.524999976158142,160,90,63,30000,0
8.425000190734863,5,1.1749999523162842,160,90,63,30000,0
8.425000190734863,5.130000114440918,0.824999988079071,160,90,63,30000,0
8.425000190734863,5.269999980926514,0.4749999940395355,160,90,63,30000,0
8.425000190734863,5.400000095367432,0.125,160,90,63,30000,0
8.425000190734863,5.489999771118164,-0.22499999403953552,160,90,63,30000,0
8.425000190734863,5.360000133514404,-0.574999988079071,160,90,63,30000,0
8.425000190734863,5.230000019073486,-0.925000011920929,160,90,63,30000,0
8.425000190734863,5.099999904632568,-1.274999976158142,160,90,63,30000,0
8.425000190734863,4.96999979019165,-1.625,160,90,63,30000,0
8.425000190734863,4.840000152587891,-1.975000023841858,160,90,63,30000,0
8.425000190734863,4.699999809265137,-2.325000047683716,160,90,63,30000,0
8.425000190734863,4.570000171661377,-2.674999952316284,160,90,63,30000,0
8.425000190734863,4.440000057220459,-3.0250000953674316,160,90,63,30000,0
8.425000190734863,4.309999942779541,-3.375,160,90,63,30000,0
8.425000190734863,4.179999828338623,-3.7249999046325684,160,90,63,30000,0
8.425000190734863,4.050000190734863,-4.074999809265137,160,90,63,30000,0
8.425000190734863,3.9200000762939453,-4.425000190734863,160,90,63,30000,0
8.425000190734863,3.7899999618530273,-4.775000095367432,160,90,63,30000,0
8.425000190734863,3.6500000953674316,-5.125,160,90,63,30000,0
8.425000190734863,3.5199999809265137,-5.474999904632568,160,90,63,30000,0
8.425000190734863,3.390000104904175,-5.824999809265137,160,90,63,30000,0
8.425000190734863,3.259999990463257,-6.175000190734863,160,90,63,30000,0
8.425000190734863,3.130000114440918,-6.525000095367432,160,90,63,30000,0
8.425000190734863,3,-6.875,160,90,63,30000,0
8.425000190734863,2.869999885559082,-7.224999904632568,160,90,63,30000,0
8.425000190734863,2.740000009536743,-7.574999809265137,160,90,63,30000,0
8.425000190734863,2.5999999046325684,-7.925000190734863,160,90,63,30000,0
8.774999618530273,2.509999990463257,7.824999809265137,160,90,63,30000,0
8.774999618530273,2.640000104904175,7.474999904632568,160,90,63,30000,0
8.774999618530273,2.7699999809265137,7.125,160,90,63,30000,0
8.774999618530273,2.9000000953674316,6.775000095367432,160,90,63,30000,0
8.774999618530273,3.0299999713897705,6.425000190734863,160,90,63,30000,0
8.774999618530273,3.1700000762939453,6.074999809265137,160,90,63,30000,0
8.774999618530273,3.299999952316284,5.724999904632568,160,90,63,30000,0
8.774999618530273,3.430000066757202,5.375,160,90,63,30000,0
8.774999618530273,3.559999942779541,5.025000095367432,160,90,63,30000,0
8.774999618530273,3.690000057220459,4.675000190734863,160,90,63,30000,0
8.774999618530273,3.819999933242798,4.324999809265137,160,90,63,30000,0
8.774999618530273,3.950000047683716,3.9749999046325684,160,90,63,30000,0
8.774999618530273,4.079999923706055,3.625,160,90,63,30000,0
8.774999618530273,4.21999979019165,3.2750000953674316,160,90,63,30000,0
8.774999618530273,4.349999904632568,2.924999952316284,160,90,63,30000,0
8.774999618530273,4.480000019073486,2.575000047683716,160,90,63,30000,0
8.774999618530273,4.610000133514404,2.2249999046325684,160,90,63,30000,0
8.774999618530273,4.739999771118164,1.875,160,90,63,30000,0
8.774999618530273,4.869999885559082,1.524999976158142,160,90,63,30000,0
8.774999618530273,5,1.1749999523162842,160,90,63,30000,0
8.774999618530273,5.130000114440918,0.824999988079071,160,90,63,30000,0
8.774999618530273,5.269999980926514,0.4749999940395355,160,90,63,30000,0
8.774999618530273,5.400000095367432,0.125,160,90,63,30000,0
8.774999618530273,5.489999771118164,-0.22499999403953552,160,90,63,30000,0
8.774999618530273,5.360000133514404,-0.574999988079071,160,90,63,30000,0
8.774999618530273,5.230000019073486,-0.925000011920929,160,90,63,30000,0
8.774999618530273,5.099999904632568,-1.274999976158142,160,90,63,30000,0
8.774999618530273,4.96999979019165,-1.625,160,90,63,30000,0
8.774999618530273,4.840000152587891,-1.975000023841858,160,90,63,30000,0
8.774999618530273,4.699999809265137,-2.325000047683716,160,90,63,30000,0
8.774999618530273,4.570000171661377,-2.674999952316284,160,90,63,30000,0
8.774999618530273,4.440000057220459,-3.0250000953674316,160,90,63,30000,0
8.774999618530273,4.309999942779541,-3.375,160,90,63,30000,0
8.774999618530273,4.179999828338623,-3.7249999046325684,160,90,63,30000,0
8.774999618530273,4.050000190734863,-4.074999809265137,160,90,63,30000,0
8.774999618530273,3.9200000762939453,-4.425000190734863,160,90,63,30000,0
8.774999618530273,3.7899999618530273,-4.775000095367432,160,90,63,30000,0
8.774999618530273,3.6500000953674316,-5.125,160,90,63,30000,0
8.774999618530273,3.5199999809265137,-5.474999904632568,160,90,63,30000,0
8.774999618530273,3.390000104904175,-5.824999809265137,160,90,63,30000,0
8.774999618530273,3.259999990463257,-6.175000190734863,160,90,63,30000,0
8.774999618530273,3.130000114440918,-6.525000095367432,160,90,63,30000,0
8.774999618530273,3,-6.875,160,90,63,30000,0
8.774999618530273,2.869999885559082,-7.224999904632568,160,90,63,30000,0
8.774999618530273,2.740000009536743,-7.574999809265137,160,90,63,30000,0
8.774999618530273,2.5999999046325684,-7.925000190734863,160,90,63,30000,0
9.125,2.509999990463257,7.824999809265137,160,90,63,30000,0
9.125,2.640000104904175,7.474999904632568,160,90,63,30000,0
9.125,2.7699999809265137,7.125,160,90,63,30000,0
9.125,2.9000000953674316,6.775000095367432,160,90,63,30000,0
9.125,3.0299999713897705,6.425000190734863,160,90,63,30000,0
9.125,3.1700000762939453,6.074999809265137,160,90,63,30000,0
9.125,3.299999952316284,5.724999904632568,160,90,63,30000,0
9.125,3.430000066757202,5.375,160,90,63,30000,0
9.125,3.559999942779541,5.025000095367432,160,90,63,30000,0
9.125,3.690000057220459,4.675000190734863,160,90,63,30000,0
9.125,3.819999933242798,4.324999809265137,160,90,63,30000,0
9.125,3.950000047683716,3.9749999046325684,160,90,63,30000,0
9.125,4.079999923706055,3.625,160,90,63,30000,0
9.125,4.21999979019165,3.2750000953674316,160,90,63,30000,0
9.125,4.349999904632568,2.924999952316284,160,90,63,30000,0
9.125,4.480000019073486,2.575000047683716,160,90,63,30000,0
9.125,4.610000133514404,2.2249999046325684,160,90,63,30000,0
9.125,4.739999771118164,1.875,160,90,63,30000,0
9.125,4.869999885559082,1.524999976158142,160,90,63,30000,0
9.125,5,1.1749999523162842,160,90,63,30000,0
9.125,5.130000114440918,0.824999988079071,160,90,63,30000,0
9.125,5.269999980926514,0.4749999940395355,160,90,63,30000,0
9.125,5.400000095367432,0.125,160,90,63,30000,0
9.125,5.489999771118164,-0.22499999403953552,160,90,63,30000,0
9.125,5.360000133514404,-0.574999988079071,160,90,63,30000,0
9.125,5.230000019073486,-0.925000011920929,160,90,63,30000,0
9.125,5.099999904632568,-1.274999976158142,160,90,63,30000,0
9.125,4.96999979019165,-1.625,160,90,63,30000,0
9.125,4.840000152587891,-1.975000023841858,160,90,63,30000,0
9.125,4.699999809265137,-2.325000047683716,160,90,63,30000,0
9.125,4.570000171661377,-2.674999952316284,160,90,63,30000,0
9.125,4.440000057220459,-3.0250000953674316,160,90,63,30000,0
9.125,4.309999942779541,-3.375,160,90,63,30000,0
9.125,4.179999828338623,-3.7249999046325684,160,90,63,30000,0
9.125,4.050000190734863,-4.074999809265137,160,90,63,30000,0
9.125,3.9200000762939453,-4.425000190734863,160,90,63,30000,0
9.125,3.7899999618530273,-4.775000095367432,160,90,63,30000,0
9.125,3.6500000953674316,-5.125,160,90,63,30000,0
9.125,3.5199999809265137,-5.474999904632568,160,90,63,30000,0
9.125,3.390000104904175,-5.824999809265137,160,90,63,30000,0
9.125,3.259999990463257,-6.175000190734863,160,90,63,30000,0
9.125,3.130000114440918,-6.525000095367432,160,90,63,30000,0
9.125,3,-6.875,160,90,63,30000,0
9.125,2.869999885559082,-7.224999904632568,160,90,63,30000,0
9.125,2.740000009536743,-7.574999809265137,160,90,63,30000,0
9.125,2.5999999046325684,-7.925000190734863,160,90,63,30000,0
9.475000381469727,2.509999990463257,7.824999809265137,160,90,63,30000,0
9.475000381469727,2.640000104904175,7.474999904632568,160,90,63,30000,0
9.475000381469727,2.7699999809265137,7.125,160,90,63,30000,0
9.475000381469727,2.9000000953674316,6.775000095367432,160,90,63,30000,0
9.475000381469727,3.0299999713897705,6.425000190734863,160,90,63,30000,0
9.475000381469727,3.1700000762939453,6.074999809265137,160,90,63,30000,0
9.475000381469727,3.299999952316284,5.724999904632568,160,90,63,30000,0
9.475000381469727,3.430000066757202,5.375,160,90,63,30000,0
9.475000381469727,3.559999942779541,5.025000095367432,160,90,63,30000,0
9.475000381469727,3.690000057220459,4.675000190734863,160,90,63,30000,0
9.475000381469727,3.819999933242798,4.324999809265137,160,90,63,30000,0
9.475000381469727,3.950000047683716,3.9749999046325684,160,90,63,30000,0
9.475000381469727,4.079999923706055,3.625,160,90,63,30000,0
9.475000381469727,4.21999979019165,3.2750000953674316,160,90,63,30000,0
9.475000381469727,4.349999904632568,2.924999952316284,160,90,63,30000,0
9.475000381469727,4.480000019073486,2.575000047683716,160,90,63,30000,0
9.475000381469727,4.610000133514404,2.2249999046325684,160,90,63,30000,0
9.475000381469727,4.739999771118164,1.875,160,90,63,30000,0
9.475000381469727,4.869999885559082,1.524999976158142,160,90,63,30000,0
9.475000381469727,5,1.1749999523162842,160,90,63,30000,0
9.475000381469727,5.130000114440918,0.824999988079071,160,90,63,30000,0
9.475000381469727,5.269999980926514,0.4749999940395355,160,90,63,30000,0
9.475000381469727,5.400000095367432,0.125,160,90,63,30000,0
9.475000381469727,5.489999771118164,-0.22499999403953552,160,90,63,30000,0
9.475000381469727,5.360000133514404,-0.574999988079071,160,90,63,30000,0
9.475000381469727,5.230000019073486,-0.925000011920929,160,90,63,30000,0
9.475000381469727,5.099999904632568,-1.274999976158142,160,90,63,30000,0
9.475000381469727,4.96999979019165,-1.625,160,90,63,30000,0
9.475000381469727,4.840000152587891,-1.975000023841858,160,90,63,30000,0
9.475000381469727,4.699999809265137,-2.325000047683716,160,90,63,30000,0
9.475000381469727,4.570000171661377,-2.674999952316284,160,90,63,30000,0
9.475000381469727,4.440000057220459,-3.0250000953674316,160,90,63,30000,0
9.475000381469727,4.309999942779541,-3.375,160,90,63,30000,0
9.475000381469727,4.179999828338623,-3.7249999046325684,160,90,63,30000,0
9.475000381469727,4.050000190734863,-4.074999809265137,160,90,63,30000,0
9.475000381469727,3.9200000762939453,-4.425000190734863,160,90,63,30000,0
9.475000381469727,3.7899999618530273,-4.775000095367432,160,90,63,30000,0
9.475000381469727,3.6500000953674316,-5.125,160,90,63,30000,0
9.475000381469727,3.5199999809265137,-5.474999904632568,160,90,63,30000,0
9.475000381469727,3.390000104904175,-5.824999809265137,160,90,63,30000,0
9.475000381469727,3.259999990463257,-6.175000190734863,160,90,63,30000,0
9.475000381469727,3.130000114440918,-6.525000095367432,160,90,63,30000,0
9.475000381469727,3,-6.875,160,90,63,30000,0
9.475000381469727,2.869999885559082,-7.224999904632568,160,90,63,30000,0
9.475000381469727,2.740000009536743,-7.574999809265137,160,90,63,30000,0
9.475000381469727,2.5999999046325684,-7.925000190734863,160,90,63,30000,0
9.824999809265137,2.509999990463257,7.824999809265137,160,90,63,30000,0
9.824999809265137,2.640000104904175,7.474999904632568,160,90,63,30000,0
9.824999809265137,2.7699999809265137,7.125,160,90,63,30000,0
9.824999809265137,2.9000000953674316,6.775000095367432,160,90,63,30000,0
9.824999809265137,3.0299999713897705,6.425000190734863,160,90,63,30000,0
9.824999809265137,3.1700000762939453,6.074999809265137,160,90,63,30000,0
9.824999809265137,3.299999952316284,5.724999904632568,160,90,63,30000,0
9.824999809265137,3.430000066757202,5.375,160,90,63,30000,0
9.824999809265137,3.559999942779541,5.025000095367432,160,90,63,30000,0
9.824999809265137,3.690000057220459,4.675000190734863,160,90,63,30000,0
9.824999809265137,3.819999933242798,4.324999809265137,160,90,63,30000,0
9.824999809265137,3.950000047683716,3.9749999046325684,160,90,63,30000,0
9.824999809265137,4.079999923706055,3.625,160,90,63,30000,0
9.824999809265137,4.21999979019165,3.2750000953674316,160,90,63,30000,0
9.824999809265137,4.349999904632568,2.924999952316284,160,90,63,30000,0
9.824999809265137,4.480000019073486,2.575000047683716,160,90,63,30000,0
9.824999809265137,4.610000133514404,2.2249999046325684,160,90,63,30000,0
9.824999809265137,4.739999771118164,1.875,160,90,63,30000,0
9.824999809265137,4.869999885559082,1.524999976158142,160,90,63,30000,0
9.824999809265137,5,1.1749999523162842,160,90,63,30000,0
9.824999809265137,5.130000114440918,0.824999988079071,160,90,63,30000,0
9.824999809265137,5.269999980926514,0.4749999940395355,160,90,63,30000,0
9.824999809265137,5.400000095367432,0.125,160,90,63,30000,0
9.824999809265137,5.489999771118164,-0.22499999403953552,160,90,63,30000,0
9.824999809265137,5.360000133514404,-0.574999988079071,160,90,63,30000,0
9.824999809265137,5.230000019073486,-0.925000011920929,160,90,63,30000,0
9.824999809265137,5.099999904632568,-1.274999976158142,160,90,63,30000,0
9.824999809265137,4.96999979019165,-1.625,160,90,63,30000,0
9.824999809265137,4.840000152587891,-1.975000023841858,160,90,63,30000,0
9.824999809265137,4.699999809265137,-2.325000047683716,160,90,63,30000,0
9.824999809265137,4.570000171661377,-2.674999952316284,160,90,63,30000,0
9.824999809265137,4.440000057220459,-3.0250000953674316,160,90,63,30000,0
9.824999809265137,4.309999942779541,-3.375,160,90,63,30000,0
9.824999809265137,4.179999828338623,-3.7249999046325684,160,90,63,30000,0
9.824999809265137,4.050000190734863,-4.074999809265137,160,90,63,30000,0
9.824999809265137,3.9200000762939453,-4.425000190734863,160,90,63,30000,0
9.824999809265137,3.7899999618530273,-4.775000095367432,160,90,63,30000,0
9.824999809265137,3.6500000953674316,-5.125,160,90,63,30000,0
9.824999809265137,3.5199999809265137,-5.474999904632568,160,90,63,30000,0
9.824999809265137,3.390000104904175,-5.824999809265137,160,90,63,30000,0
9.824999809265137,3.259999990463257,-6.175000190734863,160,90,63,30000,0
9.824999809265137,3.130000114440918,-6.525000095367432,160,90,63,30000,0
9.824999809265137,3,-6.875,160,90,63,30000,0
9.824999809265137,2.869999885559082,-7.224999904632568,160,90,63,30000,0
9.824999809265137,2.740000009536743,-7.574999809265137,160,90,63,30000,0
9.824999809265137,2.5999999046325684,-7.925000190734863,160,90,63,30000,0
10.175000190734863,2.509999990463257,7.824999809265137,160,90,63,30000,0
10.175000190734863,2.640000104904175,7.474999904632568,160,90,63,30000,0
10.175000190734863,2.7699999809265137,7.125,160,90,63,30000,0
10.175000190734863,2.9000000953674316,6.775000095367432,160,90,63,30000,0
10.175000190734863,3.0299999713897705,6.425000190734863,160,90,63,30000,0
10.175000190734863,3.1700000762939453,6.074999809265137,160,90,63,30000,0
10.175000190734863,3.299999952316284,5.724999904632568,160,90,63,30000,0
10.175000190734863,3.430000066757202,5.375,160,90,63,30000,0
10.175000190734863,3.559999942779541,5.025000095367432,160,90,63,30000,0
10.175000190734863,3.690000057220459,4.675000190734863,160,90,63,30000,0
10.175000190734863,3.819999933242798,4.324999809265137,160,90,63,30000,0
10.175000190734863,3.950000047683716,3.9749999046325684,160,90,63,30000,0
10.175000190734863,4.079999923706055,3.625,160,90,63,30000,0
10.175000190734863,4.21999979019165,3.2750000953674316,160,90,63,30000,0
10.175000190734863,4.349999904632568,2.924999952316284,160,90,63,30000,0
10.175000190734863,4.480000019073486,2.575000047683716,160,90,63,30000,0
10.175000190734863,4.610000133514404,2.2249999046325684,160,90,63,30000,0
10.175000190734863,4.739999771118164,1.875,160,90,63,30000,0
10.175000190734863,4.869999885559082,1.524999976158142,160,90,63,30000,0
10.175000190734863,5,1.1749999523162842,160,90,63,30000,0
10.175000190734863,5.130000114440918,0.824999988079071,160,90,63,30000,0
10.175000190734863,5.269999980926514,0.4749999940395355,160,90,63,30000,0
10.175000190734863,5.400000095367432,0.125,160,90,63,30000,0
10.175000190734863,5.489999771118164,-0.22499999403953552,160,90,63,30000,0
10.175000190734863,5.360000133514404,-0.574999988079071,160,90,63,30000,0
10.175000190734863,5.230000019073486,-0.925000011920929,160,90,63,30000,0
10.175000190734863,5.099999904632568,-1.274999976158142,160,90,63,30000,0
10.175000190734863,4.96999979019165,-1.625,160,90,63,30000,0
10.175000190734863,4.840000152587891,-1.975000023841858,160,90,63,30000,0
10.175000190734863,4.699999809265137,-2.325000047683716,160,90,63,30000,0
10.175000190734863,4.570000171661377,-2.674999952316284,160,90,63,30000,0
10.175000190734863,4.440000057220459,-3.0250000953674316,160,90,63,30000,0
10.175000190734863,4.309999942779541,-3.375,160,90,63,30000,0
10.175000190734863,4.179999828338623,-3.7249999046325684,160,90,63,30000,0
10.175000190734863,4.050000190734863,-4.074999809265137,160,90,63,30000,0
10.175000190734863,3.9200000762939453,-4.425000190734863,160,90,63,30000,0
10.175000190734863,3.7899999618530273,-4.775000095367432,160,90,63,30000,0
10.175000190734863,3.6500000953674316,-5.125,160,90,63,30000,0
10.175000190734863,3.5199999809265137,-5.474999904632568,160,90,63,30000,0
10.175000190734863,3.390000104904175,-5.824999809265137,160,90,63,30000,0
10.175000190734863,3.259999990463257,-6.175000190734863,160,90,63,30000,0
10.175000190734863,3.130000114440918,-6.525000095367432,160,90,63,30000,0
10.175000190734863,3,-6.875,160,90,63,30000,0
10.175000190734863,2.869999885559082,-7.224999904632568,160,90,63,30000,0
10.175000190734863,2.740000009536743,-7.574999809265137,160,90,63,30000,0
10.175000190734863,2.5999999046325684,-7.925000190734863,160,90,63,30000,0
