# Exported from Pointcloud Workspace
# Vertices: 1225
# Faces: 13774

v -3.400000 -0.049989 3.400000 0.5490 0.6275 0.7255
v -3.400000 -0.049989 3.200000 0.5490 0.6275 0.7255
v -3.400000 -0.049989 3.000000 0.5490 0.6275 0.7255
v -3.400000 -0.049989 2.800000 0.5490 0.6275 0.7255
v -3.400000 -0.049989 2.600000 0.5490 0.6275 0.7255
v -3.400000 -0.049989 2.400000 0.5490 0.6275 0.7255
v -3.400000 -0.049989 2.200000 0.5490 0.6275 0.7255
v -3.400000 -0.049989 2.000000 0.5490 0.6275 0.7255
v -3.400000 -0.049989 1.800000 0.5490 0.6275 0.7255
v -3.400000 -0.049989 1.600000 0.5490 0.6275 0.7255
v -3.400000 -0.049989 1.400000 0.5490 0.6275 0.7255
v -3.400000 -0.049989 1.200000 0.5490 0.6275 0.7255
v -3.400000 -0.049989 1.000000 0.5490 0.6275 0.7255
v -3.400000 -0.049989 0.800000 0.5490 0.6275 0.7255
v -3.400000 -0.049989 0.600000 0.5490 0.6275 0.7255
v -3.400000 -0.049989 0.400000 0.5490 0.6275 0.7255
v -3.400000 -0.049989 0.200000 0.5490 0.6275 0.7255
v -3.400000 -0.049989 0.000000 0.5490 0.6275 0.7255
v -3.400000 -0.049989 -0.200000 0.5490 0.6275 0.7255
v -3.400000 -0.049989 -0.400000 0.5490 0.6275 0.7255
v -3.400000 -0.049989 -0.600000 0.5490 0.6275 0.7255
v -3.400000 -0.049989 -0.800000 0.5490 0.6275 0.7255
v -3.400000 -0.049989 -1.000000 0.5490 0.6275 0.7255
v -3.400000 -0.049989 -1.200000 0.5490 0.6275 0.7255
v -3.400000 -0.049989 -1.400000 0.5490 0.6275 0.7255
v -3.400000 -0.049989 -1.600000 0.5490 0.6275 0.7255
v -3.400000 -0.049989 -1.800000 0.5490 0.6275 0.7255
v -3.400000 -0.049989 -2.000000 0.5490 0.6275 0.7255
v -3.400000 -0.049989 -2.200000 0.5490 0.6275 0.7255
v -3.400000 -0.049989 -2.400000 0.5490 0.6275 0.7255
v -3.400000 -0.049989 -2.600000 0.5490 0.6275 0.7255
v -3.400000 -0.049989 -2.800000 0.5490 0.6275 0.7255
v -3.400000 -0.049989 -3.000000 0.5490 0.6275 0.7255
v -3.400000 -0.049989 -3.200000 0.5490 0.6275 0.7255
v -3.400000 -0.049989 -3.400000 0.5490 0.6275 0.7255
v -3.200000 -0.044991 3.400000 0.5490 0.6275 0.7255
v -3.200000 -0.044991 3.200000 0.5490 0.6275 0.7255
v -3.200000 -0.044991 3.000000 0.5490 0.6275 0.7255
v -3.200000 -0.044991 2.800000 0.5490 0.6275 0.7255
v -3.200000 -0.044991 2.600000 0.5490 0.6275 0.7255
v -3.200000 -0.044991 2.400000 0.5490 0.6275 0.7255
v -3.200000 -0.044991 2.200000 0.5490 0.6275 0.7255
v -3.200000 -0.044991 2.000000 0.5490 0.6275 0.7255
v -3.200000 -0.044991 1.800000 0.5490 0.6275 0.7255
v -3.200000 -0.044991 1.600000 0.5490 0.6275 0.7255
v -3.200000 -0.044991 1.400000 0.5490 0.6275 0.7255
v -3.200000 -0.044991 1.200000 0.5490 0.6275 0.7255
v -3.200000 -0.044991 1.000000 0.5490 0.6275 0.7255
v -3.200000 -0.044991 0.800000 0.5490 0.6275 0.7255
v -3.200000 -0.044991 0.600000 0.5490 0.6275 0.7255
v -3.200000 -0.044991 0.400000 0.5490 0.6275 0.7255
v -3.200000 -0.044991 0.200000 0.5490 0.6275 0.7255
v -3.200000 -0.044991 0.000000 0.5490 0.6275 0.7255
v -3.200000 -0.044991 -0.200000 0.5490 0.6275 0.7255
v -3.200000 -0.044991 -0.400000 0.5490 0.6275 0.7255
v -3.200000 -0.044991 -0.600000 0.5490 0.6275 0.7255
v -3.200000 -0.044991 -0.800000 0.5490 0.6275 0.7255
v -3.200000 -0.044991 -1.000000 0.5490 0.6275 0.7255
v -3.200000 -0.044991 -1.200000 0.5490 0.6275 0.7255
v -3.200000 -0.044991 -1.400000 0.5490 0.6275 0.7255
v -3.200000 -0.044991 -1.600000 0.5490 0.6275 0.7255
v -3.200000 -0.044991 -1.800000 0.5490 0.6275 0.7255
v -3.200000 -0.044991 -2.000000 0.5490 0.6275 0.7255
v -3.200000 -0.044991 -2.200000 0.5490 0.6275 0.7255
v -3.200000 -0.044991 -2.400000 0.5490 0.6275 0.7255
v -3.200000 -0.044991 -2.600000 0.5490 0.6275 0.7255
v -3.200000 -0.044991 -2.800000 0.5490 0.6275 0.7255
v -3.200000 -0.044991 -3.000000 0.5490 0.6275 0.7255
v -3.200000 -0.044991 -3.200000 0.5490 0.6275 0.7255
v -3.200000 -0.044991 -3.400000 0.5490 0.6275 0.7255
v -3.000000 -0.040006 3.400000 0.5490 0.6275 0.7255
v -3.000000 -0.040006 3.200000 0.5490 0.6275 0.7255
v -3.000000 -0.040006 3.000000 0.5490 0.6275 0.7255
v -3.000000 -0.040006 2.800000 0.5490 0.6275 0.7255
v -3.000000 -0.040006 2.600000 0.5490 0.6275 0.7255
v -3.000000 -0.040006 2.400000 0.5490 0.6275 0.7255
v -3.000000 -0.040006 2.200000 0.5490 0.6275 0.7255
v -3.000000 -0.040006 2.000000 0.5490 0.6275 0.7255
v -3.000000 -0.040006 1.800000 0.5490 0.6275 0.7255
v -3.000000 -0.040006 1.600000 0.5490 0.6275 0.7255
v -3.000000 -0.040006 1.400000 0.5490 0.6275 0.7255
v -3.000000 -0.040006 1.200000 0.5490 0.6275 0.7255
v -3.000000 -0.040006 1.000000 0.5490 0.6275 0.7255
v -3.000000 -0.040006 0.800000 0.5490 0.6275 0.7255
v -3.000000 -0.040006 0.600000 0.5490 0.6275 0.7255
v -3.000000 -0.040006 0.400000 0.5490 0.6275 0.7255
v -3.000000 -0.040006 0.200000 0.5490 0.6275 0.7255
v -3.000000 -0.040006 0.000000 0.5490 0.6275 0.7255
v -3.000000 -0.040006 -0.200000 0.5490 0.6275 0.7255
v -3.000000 -0.040006 -0.400000 0.5490 0.6275 0.7255
v -3.000000 -0.040006 -0.600000 0.5490 0.6275 0.7255
v -3.000000 -0.040006 -0.800000 0.5490 0.6275 0.7255
v -3.000000 -0.040006 -1.000000 0.5490 0.6275 0.7255
v -3.000000 -0.040006 -1.200000 0.5490 0.6275 0.7255
v -3.000000 -0.040006 -1.400000 0.5490 0.6275 0.7255
v -3.000000 -0.040006 -1.600000 0.5490 0.6275 0.7255
v -3.000000 -0.040006 -1.800000 0.5490 0.6275 0.7255
v -3.000000 -0.040006 -2.000000 0.5490 0.6275 0.7255
v -3.000000 -0.040006 -2.200000 0.5490 0.6275 0.7255
v -3.000000 -0.040006 -2.400000 0.5490 0.6275 0.7255
v -3.000000 -0.040006 -2.600000 0.5490 0.6275 0.7255
v -3.000000 -0.040006 -2.800000 0.5490 0.6275 0.7255
v -3.000000 -0.040006 -3.000000 0.5490 0.6275 0.7255
v -3.000000 -0.040006 -3.200000 0.5490 0.6275 0.7255
v -3.000000 -0.040006 -3.400000 0.5490 0.6275 0.7255
v -2.800000 -0.035045 3.400000 0.5490 0.6275 0.7255
v -2.800000 -0.035045 3.200000 0.5490 0.6275 0.7255
v -2.800000 -0.035045 3.000000 0.5490 0.6275 0.7255
v -2.800000 -0.035045 2.800000 0.5490 0.6275 0.7255
v -2.800000 -0.035045 2.600000 0.5490 0.6275 0.7255
v -2.800000 -0.035045 2.400000 0.5490 0.6275 0.7255
v -2.800000 -0.035045 2.200000 0.5490 0.6275 0.7255
v -2.800000 -0.035045 2.000000 0.5490 0.6275 0.7255
v -2.800000 -0.035045 1.800000 0.5490 0.6275 0.7255
v -2.800000 -0.035045 1.600000 0.5490 0.6275 0.7255
v -2.800000 -0.035045 1.400000 0.5490 0.6275 0.7255
v -2.800000 -0.035045 1.200000 0.5490 0.6275 0.7255
v -2.800000 -0.035045 1.000000 0.5490 0.6275 0.7255
v -2.800000 -0.035045 0.800000 0.5490 0.6275 0.7255
v -2.800000 -0.035045 0.600000 0.5490 0.6275 0.7255
v -2.800000 -0.035045 0.400000 0.5490 0.6275 0.7255
v -2.800000 -0.035045 0.200000 0.5490 0.6275 0.7255
v -2.800000 -0.035045 0.000000 0.5490 0.6275 0.7255
v -2.800000 -0.035045 -0.200000 0.5490 0.6275 0.7255
v -2.800000 -0.035045 -0.400000 0.5490 0.6275 0.7255
v -2.800000 -0.035045 -0.600000 0.5490 0.6275 0.7255
v -2.800000 -0.035045 -0.800000 0.5490 0.6275 0.7255
v -2.800000 -0.035045 -1.000000 0.5490 0.6275 0.7255
v -2.800000 -0.035045 -1.200000 0.5490 0.6275 0.7255
v -2.800000 -0.035045 -1.400000 0.5490 0.6275 0.7255
v -2.800000 -0.035045 -1.600000 0.5490 0.6275 0.7255
v -2.800000 -0.035045 -1.800000 0.5490 0.6275 0.7255
v -2.800000 -0.035045 -2.000000 0.5490 0.6275 0.7255
v -2.800000 -0.035045 -2.200000 0.5490 0.6275 0.7255
v -2.800000 -0.035045 -2.400000 0.5490 0.6275 0.7255
v -2.800000 -0.035045 -2.600000 0.5490 0.6275 0.7255
v -2.800000 -0.035045 -2.800000 0.5490 0.6275 0.7255
v -2.800000 -0.035045 -3.000000 0.5490 0.6275 0.7255
v -2.800000 -0.035045 -3.200000 0.5490 0.6275 0.7255
v -2.800000 -0.035045 -3.400000 0.5490 0.6275 0.7255
v -2.600000 -0.030122 3.400000 0.5490 0.6275 0.7255
v -2.600000 -0.030122 3.200000 0.5490 0.6275 0.7255
v -2.600000 -0.030122 3.000000 0.5490 0.6275 0.7255
v -2.600000 -0.030122 2.800000 0.5490 0.6275 0.7255
v -2.600000 -0.030122 2.600000 0.5490 0.6275 0.7255
v -2.600000 -0.030122 2.400000 0.5490 0.6275 0.7255
v -2.600000 -0.030122 2.200000 0.5490 0.6275 0.7255
v -2.600000 -0.030122 2.000000 0.5490 0.6275 0.7255
v -2.600000 -0.030122 1.800000 0.5490 0.6275 0.7255
v -2.600000 -0.030122 1.600000 0.5490 0.6275 0.7255
v -2.600000 -0.030122 1.400000 0.5490 0.6275 0.7255
v -2.600000 -0.030122 1.200000 0.5490 0.6275 0.7255
v -2.600000 -0.030122 1.000000 0.5490 0.6275 0.7255
v -2.600000 -0.030122 0.800000 0.5490 0.6275 0.7255
v -2.600000 -0.030122 0.600000 0.5490 0.6275 0.7255
v -2.600000 -0.030122 0.400000 0.5490 0.6275 0.7255
v -2.600000 -0.030122 0.200000 0.5490 0.6275 0.7255
v -2.600000 -0.030122 0.000000 0.5490 0.6275 0.7255
v -2.600000 -0.030122 -0.200000 0.5490 0.6275 0.7255
v -2.600000 -0.030122 -0.400000 0.5490 0.6275 0.7255
v -2.600000 -0.030122 -0.600000 0.5490 0.6275 0.7255
v -2.600000 -0.030122 -0.800000 0.5490 0.6275 0.7255
v -2.600000 -0.030122 -1.000000 0.5490 0.6275 0.7255
v -2.600000 -0.030122 -1.200000 0.5490 0.6275 0.7255
v -2.600000 -0.030122 -1.400000 0.5490 0.6275 0.7255
v -2.600000 -0.030122 -1.600000 0.5490 0.6275 0.7255
v -2.600000 -0.030122 -1.800000 0.5490 0.6275 0.7255
v -2.600000 -0.030122 -2.000000 0.5490 0.6275 0.7255
v -2.600000 -0.030122 -2.200000 0.5490 0.6275 0.7255
v -2.600000 -0.030122 -2.400000 0.5490 0.6275 0.7255
v -2.600000 -0.030122 -2.600000 0.5490 0.6275 0.7255
v -2.600000 -0.030122 -2.800000 0.5490 0.6275 0.7255
v -2.600000 -0.030122 -3.000000 0.5490 0.6275 0.7255
v -2.600000 -0.030122 -3.200000 0.5490 0.6275 0.7255
v -2.600000 -0.030122 -3.400000 0.5490 0.6275 0.7255
v -2.400000 -0.025249 3.400000 0.5490 0.6275 0.7255
v -2.400000 -0.025249 3.200000 0.5490 0.6275 0.7255
v -2.400000 -0.025249 3.000000 0.5490 0.6275 0.7255
v -2.400000 -0.025249 2.800000 0.5490 0.6275 0.7255
v -2.400000 -0.025249 2.600000 0.5490 0.6275 0.7255
v -2.400000 -0.025249 2.400000 0.5490 0.6275 0.7255
v -2.400000 -0.025249 2.200000 0.5490 0.6275 0.7255
v -2.400000 -0.025249 2.000000 0.5490 0.6275 0.7255
v -2.400000 -0.025249 1.800000 0.5490 0.6275 0.7255
v -2.400000 -0.025249 1.600000 0.5490 0.6275 0.7255
v -2.400000 -0.025249 1.400000 0.5490 0.6275 0.7255
v -2.400000 -0.025249 1.200000 0.5490 0.6275 0.7255
v -2.400000 -0.025249 1.000000 0.5490 0.6275 0.7255
v -2.400000 -0.025249 0.800000 0.5490 0.6275 0.7255
v -2.400000 -0.025249 0.600000 0.5490 0.6275 0.7255
v -2.400000 -0.025249 0.400000 0.5490 0.6275 0.7255
v -2.400000 -0.025249 0.200000 0.5490 0.6275 0.7255
v -2.400000 -0.025249 0.000000 0.5490 0.6275 0.7255
v -2.400000 -0.025249 -0.200000 0.5490 0.6275 0.7255
v -2.400000 -0.025249 -0.400000 0.5490 0.6275 0.7255
v -2.400000 -0.025249 -0.600000 0.5490 0.6275 0.7255
v -2.400000 -0.025249 -0.800000 0.5490 0.6275 0.7255
v -2.400000 -0.025249 -1.000000 0.5490 0.6275 0.7255
v -2.400000 -0.025249 -1.200000 0.5490 0.6275 0.7255
v -2.400000 -0.025249 -1.400000 0.5490 0.6275 0.7255
v -2.400000 -0.025249 -1.600000 0.5490 0.6275 0.7255
v -2.400000 -0.025249 -1.800000 0.5490 0.6275 0.7255
v -2.400000 -0.025249 -2.000000 0.5490 0.6275 0.7255
v -2.400000 -0.025249 -2.200000 0.5490 0.6275 0.7255
v -2.400000 -0.025249 -2.400000 0.5490 0.6275 0.7255
v -2.400000 -0.025249 -2.600000 0.5490 0.6275 0.7255
v -2.400000 -0.025249 -2.800000 0.5490 0.6275 0.7255
v -2.400000 -0.025249 -3.000000 0.5490 0.6275 0.7255
v -2.400000 -0.025249 -3.200000 0.5490 0.6275 0.7255
v -2.400000 -0.025249 -3.400000 0.5490 0.6275 0.7255
v -2.200000 -0.020437 3.400000 0.5490 0.6275 0.7255
v -2.200000 -0.020437 3.200000 0.5490 0.6275 0.7255
v -2.200000 -0.020437 3.000000 0.5490 0.6275 0.7255
v -2.200000 -0.020437 2.800000 0.5490 0.6275 0.7255
v -2.200000 -0.020437 2.600000 0.5490 0.6275 0.7255
v -2.200000 -0.020437 2.400000 0.5490 0.6275 0.7255
v -2.200000 -0.020437 2.200000 0.5490 0.6275 0.7255
v -2.200000 -0.020437 2.000000 0.5490 0.6275 0.7255
v -2.200000 -0.020437 1.800000 0.5490 0.6275 0.7255
v -2.200000 -0.020437 1.600000 0.5490 0.6275 0.7255
v -2.200000 -0.020437 1.400000 0.5490 0.6275 0.7255
v -2.200000 -0.020437 1.200000 0.5490 0.6275 0.7255
v -2.200000 -0.020437 1.000000 0.5490 0.6275 0.7255
v -2.200000 -0.020437 0.800000 0.5490 0.6275 0.7255
v -2.200000 -0.020437 0.600000 0.5490 0.6275 0.7255
v -2.200000 -0.020437 0.400000 0.5490 0.6275 0.7255
v -2.200000 -0.020437 0.200000 0.5490 0.6275 0.7255
v -2.200000 -0.020437 0.000000 0.5490 0.6275 0.7255
v -2.200000 -0.020437 -0.200000 0.5490 0.6275 0.7255
v -2.200000 -0.020437 -0.400000 0.5490 0.6275 0.7255
v -2.200000 -0.020437 -0.600000 0.5490 0.6275 0.7255
v -2.200000 -0.020437 -0.800000 0.5490 0.6275 0.7255
v -2.200000 -0.020437 -1.000000 0.5490 0.6275 0.7255
v -2.200000 -0.020437 -1.200000 0.5490 0.6275 0.7255
v -2.200000 -0.020437 -1.400000 0.5490 0.6275 0.7255
v -2.200000 -0.020437 -1.600000 0.5490 0.6275 0.7255
v -2.200000 -0.020437 -1.800000 0.5490 0.6275 0.7255
v -2.200000 -0.020437 -2.000000 0.5490 0.6275 0.7255
v -2.200000 -0.020437 -2.200000 0.5490 0.6275 0.7255
v -2.200000 -0.020437 -2.400000 0.5490 0.6275 0.7255
v -2.200000 -0.020437 -2.600000 0.5490 0.6275 0.7255
v -2.200000 -0.020437 -2.800000 0.5490 0.6275 0.7255
v -2.200000 -0.020437 -3.000000 0.5490 0.6275 0.7255
v -2.200000 -0.020437 -3.200000 0.5490 0.6275 0.7255
v -2.200000 -0.020437 -3.400000 0.5490 0.6275 0.7255
v -2.000000 -0.015699 3.400000 0.5490 0.6275 0.7255
v -2.000000 -0.015699 3.200000 0.5490 0.6275 0.7255
v -2.000000 -0.015699 3.000000 0.5490 0.6275 0.7255
v -2.000000 -0.015699 2.800000 0.5490 0.6275 0.7255
v -2.000000 -0.015699 2.600000 0.5490 0.6275 0.7255
v -2.000000 -0.015699 2.400000 0.5490 0.6275 0.7255
v -2.000000 -0.015699 2.200000 0.5490 0.6275 0.7255
v -2.000000 -0.015699 2.000000 0.5490 0.6275 0.7255
v -2.000000 -0.015699 1.800000 0.5490 0.6275 0.7255
v -2.000000 -0.015699 1.600000 0.5490 0.6275 0.7255
v -2.000000 -0.015699 1.400000 0.5490 0.6275 0.7255
v -2.000000 -0.015699 1.200000 0.5490 0.6275 0.7255
v -2.000000 -0.015699 1.000000 0.5490 0.6275 0.7255
v -2.000000 -0.015699 0.800000 0.5490 0.6275 0.7255
v -2.000000 -0.015699 0.600000 0.5490 0.6275 0.7255
v -2.000000 -0.015699 0.400000 0.5490 0.6275 0.7255
v -2.000000 -0.015699 0.200000 0.5490 0.6275 0.7255
v -2.000000 -0.015699 0.000000 0.5490 0.6275 0.7255
v -2.000000 -0.015699 -0.200000 0.5490 0.6275 0.7255
v -2.000000 -0.015699 -0.400000 0.5490 0.6275 0.7255
v -2.000000 -0.015699 -0.600000 0.5490 0.6275 0.7255
v -2.000000 -0.015699 -0.800000 0.5490 0.6275 0.7255
v -2.000000 -0.015699 -1.000000 0.5490 0.6275 0.7255
v -2.000000 -0.015699 -1.200000 0.5490 0.6275 0.7255
v -2.000000 -0.015699 -1.400000 0.5490 0.6275 0.7255
v -2.000000 -0.015699 -1.600000 0.5490 0.6275 0.7255
v -2.000000 -0.015699 -1.800000 0.5490 0.6275 0.7255
v -2.000000 -0.015699 -2.000000 0.5490 0.6275 0.7255
v -2.000000 -0.015699 -2.200000 0.5490 0.6275 0.7255
v -2.000000 -0.015699 -2.400000 0.5490 0.6275 0.7255
v -2.000000 -0.015699 -2.600000 0.5490 0.6275 0.7255
v -2.000000 -0.015699 -2.800000 0.5490 0.6275 0.7255
v -2.000000 -0.015699 -3.000000 0.5490 0.6275 0.7255
v -2.000000 -0.015699 -3.200000 0.5490 0.6275 0.7255
v -2.000000 -0.015699 -3.400000 0.5490 0.6275 0.7255
v -1.800000 -0.011047 3.400000 0.5490 0.6275 0.7255
v -1.800000 -0.011047 3.200000 0.5490 0.6275 0.7255
v -1.800000 -0.011047 3.000000 0.5490 0.6275 0.7255
v -1.800000 -0.011047 2.800000 0.5490 0.6275 0.7255
v -1.800000 -0.011047 2.600000 0.5490 0.6275 0.7255
v -1.800000 -0.011047 2.400000 0.5490 0.6275 0.7255
v -1.800000 -0.011047 2.200000 0.5490 0.6275 0.7255
v -1.800000 -0.011047 2.000000 0.5490 0.6275 0.7255
v -1.800000 -0.011047 1.800000 0.5490 0.6275 0.7255
v -1.800000 -0.011047 1.600000 0.5490 0.6275 0.7255
v -1.800000 -0.011047 1.400000 0.5490 0.6275 0.7255
v -1.800000 -0.011047 1.200000 0.5490 0.6275 0.7255
v -1.800000 -0.011047 1.000000 0.5490 0.6275 0.7255
v -1.800000 -0.011047 0.800000 0.5490 0.6275 0.7255
v -1.800000 -0.011047 0.600000 0.5490 0.6275 0.7255
v -1.800000 -0.011047 0.400000 0.5490 0.6275 0.7255
v -1.800000 -0.011047 0.200000 0.5490 0.6275 0.7255
v -1.800000 -0.011047 0.000000 0.5490 0.6275 0.7255
v -1.800000 -0.011047 -0.200000 0.5490 0.6275 0.7255
v -1.800000 -0.011047 -0.400000 0.5490 0.6275 0.7255
v -1.800000 -0.011047 -0.600000 0.5490 0.6275 0.7255
v -1.800000 -0.011047 -0.800000 0.5490 0.6275 0.7255
v -1.800000 -0.011047 -1.000000 0.5490 0.6275 0.7255
v -1.800000 -0.011047 -1.200000 0.5490 0.6275 0.7255
v -1.800000 -0.011047 -1.400000 0.5490 0.6275 0.7255
v -1.800000 -0.011047 -1.600000 0.5490 0.6275 0.7255
v -1.800000 -0.011047 -1.800000 0.5490 0.6275 0.7255
v -1.800000 -0.011047 -2.000000 0.5490 0.6275 0.7255
v -1.800000 -0.011047 -2.200000 0.5490 0.6275 0.7255
v -1.800000 -0.011047 -2.400000 0.5490 0.6275 0.7255
v -1.800000 -0.011047 -2.600000 0.5490 0.6275 0.7255
v -1.800000 -0.011047 -2.800000 0.5490 0.6275 0.7255
v -1.800000 -0.011047 -3.000000 0.5490 0.6275 0.7255
v -1.800000 -0.011047 -3.200000 0.5490 0.6275 0.7255
v -1.800000 -0.011047 -3.400000 0.5490 0.6275 0.7255
v -1.600000 -0.006493 3.400000 0.5490 0.6275 0.7255
v -1.600000 -0.006493 3.200000 0.5490 0.6275 0.7255
v -1.600000 -0.006493 3.000000 0.5490 0.6275 0.7255
v -1.600000 -0.006493 2.800000 0.5490 0.6275 0.7255
v -1.600000 -0.006493 2.600000 0.5490 0.6275 0.7255
v -1.600000 -0.006493 2.400000 0.5490 0.6275 0.7255
v -1.600000 -0.006493 2.200000 0.5490 0.6275 0.7255
v -1.600000 -0.006493 2.000000 0.5490 0.6275 0.7255
v -1.600000 -0.006493 1.800000 0.5490 0.6275 0.7255
v -1.600000 -0.006493 1.600000 0.5490 0.6275 0.7255
v -1.600000 -0.006493 1.400000 0.5490 0.6275 0.7255
v -1.600000 -0.006493 1.200000 0.5490 0.6275 0.7255
v -1.600000 -0.006493 1.000000 0.5490 0.6275 0.7255
v -1.600000 -0.006493 0.800000 0.5490 0.6275 0.7255
v -1.600000 -0.006493 0.600000 0.5490 0.6275 0.7255
v -1.600000 -0.006493 0.400000 0.5490 0.6275 0.7255
v -1.600000 -0.006493 0.200000 0.5490 0.6275 0.7255
v -1.600000 -0.006493 0.000000 0.5490 0.6275 0.7255
v -1.600000 -0.006493 -0.200000 0.5490 0.6275 0.7255
v -1.600000 -0.006493 -0.400000 0.5490 0.6275 0.7255
v -1.600000 -0.006493 -0.600000 0.5490 0.6275 0.7255
v -1.600000 -0.006493 -0.800000 0.5490 0.6275 0.7255
v -1.600000 -0.006493 -1.000000 0.5490 0.6275 0.7255
v -1.600000 -0.006493 -1.200000 0.5490 0.6275 0.7255
v -1.600000 -0.006493 -1.400000 0.5490 0.6275 0.7255
v -1.600000 -0.006493 -1.600000 0.5490 0.6275 0.7255
v -1.600000 -0.006493 -1.800000 0.5490 0.6275 0.7255
v -1.600000 -0.006493 -2.000000 0.5490 0.6275 0.7255
v -1.600000 -0.006493 -2.200000 0.5490 0.6275 0.7255
v -1.600000 -0.006493 -2.400000 0.5490 0.6275 0.7255
v -1.600000 -0.006493 -2.600000 0.5490 0.6275 0.7255
v -1.600000 -0.006493 -2.800000 0.5490 0.6275 0.7255
v -1.600000 -0.006493 -3.000000 0.5490 0.6275 0.7255
v -1.600000 -0.006493 -3.200000 0.5490 0.6275 0.7255
v -1.600000 -0.006493 -3.400000 0.5490 0.6275 0.7255
v -1.400000 -0.002047 3.400000 0.5490 0.6275 0.7255
v -1.400000 -0.002047 3.200000 0.5490 0.6275 0.7255
v -1.400000 -0.002047 3.000000 0.5490 0.6275 0.7255
v -1.400000 -0.002047 2.800000 0.5490 0.6275 0.7255
v -1.400000 -0.002047 2.600000 0.5490 0.6275 0.7255
v -1.400000 -0.002047 2.400000 0.5490 0.6275 0.7255
v -1.400000 -0.002047 2.200000 0.5490 0.6275 0.7255
v -1.400000 -0.002047 2.000000 0.5490 0.6275 0.7255
v -1.400000 -0.002047 1.800000 0.5490 0.6275 0.7255
v -1.400000 -0.002047 1.600000 0.5490 0.6275 0.7255
v -1.400000 -0.002047 1.400000 0.5490 0.6275 0.7255
v -1.400000 -0.002047 1.200000 0.5490 0.6275 0.7255
v -1.400000 -0.002047 1.000000 0.5490 0.6275 0.7255
v -1.400000 -0.002047 0.800000 0.5490 0.6275 0.7255
v -1.400000 -0.002047 0.600000 0.5490 0.6275 0.7255
v -1.400000 -0.002047 0.400000 0.5490 0.6275 0.7255
v -1.400000 -0.002047 0.200000 0.5490 0.6275 0.7255
v -1.400000 -0.002047 0.000000 0.5490 0.6275 0.7255
v -1.400000 -0.002047 -0.200000 0.5490 0.6275 0.7255
v -1.400000 -0.002047 -0.400000 0.5490 0.6275 0.7255
v -1.400000 -0.002047 -0.600000 0.5490 0.6275 0.7255
v -1.400000 -0.002047 -0.800000 0.5490 0.6275 0.7255
v -1.400000 -0.002047 -1.000000 0.5490 0.6275 0.7255
v -1.400000 -0.002047 -1.200000 0.5490 0.6275 0.7255
v -1.400000 -0.002047 -1.400000 0.5490 0.6275 0.7255
v -1.400000 -0.002047 -1.600000 0.5490 0.6275 0.7255
v -1.400000 -0.002047 -1.800000 0.5490 0.6275 0.7255
v -1.400000 -0.002047 -2.000000 0.5490 0.6275 0.7255
v -1.400000 -0.002047 -2.200000 0.5490 0.6275 0.7255
v -1.400000 -0.002047 -2.400000 0.5490 0.6275 0.7255
v -1.400000 -0.002047 -2.600000 0.5490 0.6275 0.7255
v -1.400000 -0.002047 -2.800000 0.5490 0.6275 0.7255
v -1.400000 -0.002047 -3.000000 0.5490 0.6275 0.7255
v -1.400000 -0.002047 -3.200000 0.5490 0.6275 0.7255
v -1.400000 -0.002047 -3.400000 0.5490 0.6275 0.7255
v -1.200000 0.002280 3.400000 0.5490 0.6275 0.7255
v -1.200000 0.002280 3.200000 0.5490 0.6275 0.7255
v -1.200000 0.002280 3.000000 0.5490 0.6275 0.7255
v -1.200000 0.002280 2.800000 0.5490 0.6275 0.7255
v -1.200000 0.002280 2.600000 0.5490 0.6275 0.7255
v -1.200000 0.002280 2.400000 0.5490 0.6275 0.7255
v -1.200000 0.002280 2.200000 0.5490 0.6275 0.7255
v -1.200000 0.002280 2.000000 0.5490 0.6275 0.7255
v -1.200000 0.002280 1.800000 0.5490 0.6275 0.7255
v -1.200000 0.002280 1.600000 0.5490 0.6275 0.7255
v -1.200000 0.002280 1.400000 0.5490 0.6275 0.7255
v -1.200000 0.002280 1.200000 0.5490 0.6275 0.7255
v -1.200000 0.002280 1.000000 0.5490 0.6275 0.7255
v -1.200000 0.002280 0.800000 0.5490 0.6275 0.7255
v -1.200000 0.002280 0.600000 0.5490 0.6275 0.7255
v -1.200000 0.002280 0.400000 0.5490 0.6275 0.7255
v -1.200000 0.002280 0.200000 0.5490 0.6275 0.7255
v -1.200000 0.002280 0.000000 0.5490 0.6275 0.7255
v -1.200000 0.002280 -0.200000 0.5490 0.6275 0.7255
v -1.200000 0.002280 -0.400000 0.5490 0.6275 0.7255
v -1.200000 0.002280 -0.600000 0.5490 0.6275 0.7255
v -1.200000 0.002280 -0.800000 0.5490 0.6275 0.7255
v -1.200000 0.002280 -1.000000 0.5490 0.6275 0.7255
v -1.200000 0.002280 -1.200000 0.5490 0.6275 0.7255
v -1.200000 0.002280 -1.400000 0.5490 0.6275 0.7255
v -1.200000 0.002280 -1.600000 0.5490 0.6275 0.7255
v -1.200000 0.002280 -1.800000 0.5490 0.6275 0.7255
v -1.200000 0.002280 -2.000000 0.5490 0.6275 0.7255
v -1.200000 0.002280 -2.200000 0.5490 0.6275 0.7255
v -1.200000 0.002280 -2.400000 0.5490 0.6275 0.7255
v -1.200000 0.002280 -2.600000 0.5490 0.6275 0.7255
v -1.200000 0.002280 -2.800000 0.5490 0.6275 0.7255
v -1.200000 0.002280 -3.000000 0.5490 0.6275 0.7255
v -1.200000 0.002280 -3.200000 0.5490 0.6275 0.7255
v -1.200000 0.002280 -3.400000 0.5490 0.6275 0.7255
v -1.000000 0.006475 3.400000 0.5490 0.6275 0.7255
v -1.000000 0.006475 3.200000 0.5490 0.6275 0.7255
v -1.000000 0.006475 3.000000 0.5490 0.6275 0.7255
v -1.000000 0.006475 2.800000 0.5490 0.6275 0.7255
v -1.000000 0.006475 2.600000 0.5490 0.6275 0.7255
v -1.000000 0.006475 2.400000 0.5490 0.6275 0.7255
v -1.000000 0.006475 2.200000 0.5490 0.6275 0.7255
v -1.000000 0.006475 2.000000 0.5490 0.6275 0.7255
v -1.000000 0.006475 1.800000 0.5490 0.6275 0.7255
v -1.000000 0.006475 1.600000 0.5490 0.6275 0.7255
v -1.000000 0.006475 1.400000 0.5490 0.6275 0.7255
v -1.000000 0.006475 1.200000 0.5490 0.6275 0.7255
v -1.000000 0.006475 1.000000 0.5490 0.6275 0.7255
v -1.000000 0.006475 0.800000 0.5490 0.6275 0.7255
v -1.000000 0.006475 0.600000 0.5490 0.6275 0.7255
v -1.000000 0.006475 0.400000 0.5490 0.6275 0.7255
v -1.000000 0.006475 0.200000 0.5490 0.6275 0.7255
v -1.000000 0.006475 0.000000 0.5490 0.6275 0.7255
v -1.000000 0.006475 -0.200000 0.5490 0.6275 0.7255
v -1.000000 0.006475 -0.400000 0.5490 0.6275 0.7255
v -1.000000 0.006475 -0.600000 0.5490 0.6275 0.7255
v -1.000000 0.006475 -0.800000 0.5490 0.6275 0.7255
v -1.000000 0.006475 -1.000000 0.5490 0.6275 0.7255
v -1.000000 0.006475 -1.200000 0.5490 0.6275 0.7255
v -1.000000 0.006475 -1.400000 0.5490 0.6275 0.7255
v -1.000000 0.006475 -1.600000 0.5490 0.6275 0.7255
v -1.000000 0.006475 -1.800000 0.5490 0.6275 0.7255
v -1.000000 0.006475 -2.000000 0.5490 0.6275 0.7255
v -1.000000 0.006475 -2.200000 0.5490 0.6275 0.7255
v -1.000000 0.006475 -2.400000 0.5490 0.6275 0.7255
v -1.000000 0.006475 -2.600000 0.5490 0.6275 0.7255
v -1.000000 0.006475 -2.800000 0.5490 0.6275 0.7255
v -1.000000 0.006475 -3.000000 0.5490 0.6275 0.7255
v -1.000000 0.006475 -3.200000 0.5490 0.6275 0.7255
v -1.000000 0.006475 -3.400000 0.5490 0.6275 0.7255
v -0.800000 0.010529 3.400000 0.5490 0.6275 0.7255
v -0.800000 0.010529 3.200000 0.5490 0.6275 0.7255
v -0.800000 0.010529 3.000000 0.5490 0.6275 0.7255
v -0.800000 0.010529 2.800000 0.5490 0.6275 0.7255
v -0.800000 0.010529 2.600000 0.5490 0.6275 0.7255
v -0.800000 0.010529 2.400000 0.5490 0.6275 0.7255
v -0.800000 0.010529 2.200000 0.5490 0.6275 0.7255
v -0.800000 0.010529 2.000000 0.5490 0.6275 0.7255
v -0.800000 0.010529 1.800000 0.5490 0.6275 0.7255
v -0.800000 0.010529 1.600000 0.5490 0.6275 0.7255
v -0.800000 0.010529 1.400000 0.5490 0.6275 0.7255
v -0.800000 0.010529 1.200000 0.5490 0.6275 0.7255
v -0.800000 0.010529 1.000000 0.5490 0.6275 0.7255
v -0.800000 0.010529 0.800000 0.5490 0.6275 0.7255
v -0.800000 0.010529 0.600000 0.5490 0.6275 0.7255
v -0.800000 0.010529 0.400000 0.5490 0.6275 0.7255
v -0.800000 0.010529 0.200000 0.5490 0.6275 0.7255
v -0.800000 0.010529 0.000000 0.5490 0.6275 0.7255
v -0.800000 0.010529 -0.200000 0.5490 0.6275 0.7255
v -0.800000 0.010529 -0.400000 0.5490 0.6275 0.7255
v -0.800000 0.010529 -0.600000 0.5490 0.6275 0.7255
v -0.800000 0.010529 -0.800000 0.5490 0.6275 0.7255
v -0.800000 0.010529 -1.000000 0.5490 0.6275 0.7255
v -0.800000 0.010529 -1.200000 0.5490 0.6275 0.7255
v -0.800000 0.010529 -1.400000 0.5490 0.6275 0.7255
v -0.800000 0.010529 -1.600000 0.5490 0.6275 0.7255
v -0.800000 0.010529 -1.800000 0.5490 0.6275 0.7255
v -0.800000 0.010529 -2.000000 0.5490 0.6275 0.7255
v -0.800000 0.010529 -2.200000 0.5490 0.6275 0.7255
v -0.800000 0.010529 -2.400000 0.5490 0.6275 0.7255
v -0.800000 0.010529 -2.600000 0.5490 0.6275 0.7255
v -0.800000 0.010529 -2.800000 0.5490 0.6275 0.7255
v -0.800000 0.010529 -3.000000 0.5490 0.6275 0.7255
v -0.800000 0.010529 -3.200000 0.5490 0.6275 0.7255
v -0.800000 0.010529 -3.400000 0.5490 0.6275 0.7255
v -0.600000 0.014433 3.400000 0.5490 0.6275 0.7255
v -0.600000 0.014433 3.200000 0.5490 0.6275 0.7255
v -0.600000 0.014433 3.000000 0.5490 0.6275 0.7255
v -0.600000 0.014433 2.800000 0.5490 0.6275 0.7255
v -0.600000 0.014433 2.600000 0.5490 0.6275 0.7255
v -0.600000 0.014433 2.400000 0.5490 0.6275 0.7255
v -0.600000 0.014433 2.200000 0.5490 0.6275 0.7255
v -0.600000 0.014433 2.000000 0.5490 0.6275 0.7255
v -0.600000 0.014433 1.800000 0.5490 0.6275 0.7255
v -0.600000 0.014433 1.600000 0.5490 0.6275 0.7255
v -0.600000 0.014433 1.400000 0.5490 0.6275 0.7255
v -0.600000 0.014433 1.200000 0.5490 0.6275 0.7255
v -0.600000 0.014433 1.000000 0.5490 0.6275 0.7255
v -0.600000 0.014433 0.800000 0.5490 0.6275 0.7255
v -0.600000 0.014433 0.600000 0.5490 0.6275 0.7255
v -0.600000 0.014433 0.400000 0.5490 0.6275 0.7255
v -0.600000 0.014433 0.200000 0.5490 0.6275 0.7255
v -0.600000 0.014433 0.000000 0.5490 0.6275 0.7255
v -0.600000 0.014433 -0.200000 0.5490 0.6275 0.7255
v -0.600000 0.014433 -0.400000 0.5490 0.6275 0.7255
v -0.600000 0.014433 -0.600000 0.5490 0.6275 0.7255
v -0.600000 0.014433 -0.800000 0.5490 0.6275 0.7255
v -0.600000 0.014433 -1.000000 0.5490 0.6275 0.7255
v -0.600000 0.014433 -1.200000 0.5490 0.6275 0.7255
v -0.600000 0.014433 -1.400000 0.5490 0.6275 0.7255
v -0.600000 0.014433 -1.600000 0.5490 0.6275 0.7255
v -0.600000 0.014433 -1.800000 0.5490 0.6275 0.7255
v -0.600000 0.014433 -2.000000 0.5490 0.6275 0.7255
v -0.600000 0.014433 -2.200000 0.5490 0.6275 0.7255
v -0.600000 0.014433 -2.400000 0.5490 0.6275 0.7255
v -0.600000 0.014433 -2.600000 0.5490 0.6275 0.7255
v -0.600000 0.014433 -2.800000 0.5490 0.6275 0.7255
v -0.600000 0.014433 -3.000000 0.5490 0.6275 0.7255
v -0.600000 0.014433 -3.200000 0.5490 0.6275 0.7255
v -0.600000 0.014433 -3.400000 0.5490 0.6275 0.7255
v -0.400000 0.018175 3.400000 0.5490 0.6275 0.7255
v -0.400000 0.018175 3.200000 0.5490 0.6275 0.7255
v -0.400000 0.018175 3.000000 0.5490 0.6275 0.7255
v -0.400000 0.018175 2.800000 0.5490 0.6275 0.7255
v -0.400000 0.018175 2.600000 0.5490 0.6275 0.7255
v -0.400000 0.018175 2.400000 0.5490 0.6275 0.7255
v -0.400000 0.018175 2.200000 0.5490 0.6275 0.7255
v -0.400000 0.018175 2.000000 0.5490 0.6275 0.7255
v -0.400000 0.018175 1.800000 0.5490 0.6275 0.7255
v -0.400000 0.018175 1.600000 0.5490 0.6275 0.7255
v -0.400000 0.018175 1.400000 0.5490 0.6275 0.7255
v -0.400000 0.018175 1.200000 0.5490 0.6275 0.7255
v -0.400000 0.018175 1.000000 0.5490 0.6275 0.7255
v -0.400000 0.018175 0.800000 0.5490 0.6275 0.7255
v -0.400000 0.018175 0.600000 0.5490 0.6275 0.7255
v -0.400000 0.018175 0.400000 0.5490 0.6275 0.7255
v -0.400000 0.018175 0.200000 0.5490 0.6275 0.7255
v -0.400000 0.018175 0.000000 0.5490 0.6275 0.7255
v -0.400000 0.018175 -0.200000 0.5490 0.6275 0.7255
v -0.400000 0.018175 -0.400000 0.5490 0.6275 0.7255
v -0.400000 0.018175 -0.600000 0.5490 0.6275 0.7255
v -0.400000 0.018175 -0.800000 0.5490 0.6275 0.7255
v -0.400000 0.018175 -1.000000 0.5490 0.6275 0.7255
v -0.400000 0.018175 -1.200000 0.5490 0.6275 0.7255
v -0.400000 0.018175 -1.400000 0.5490 0.6275 0.7255
v -0.400000 0.018175 -1.600000 0.5490 0.6275 0.7255
v -0.400000 0.018175 -1.800000 0.5490 0.6275 0.7255
v -0.400000 0.018175 -2.000000 0.5490 0.6275 0.7255
v -0.400000 0.018175 -2.200000 0.5490 0.6275 0.7255
v -0.400000 0.018175 -2.400000 0.5490 0.6275 0.7255
v -0.400000 0.018175 -2.600000 0.5490 0.6275 0.7255
v -0.400000 0.018175 -2.800000 0.5490 0.6275 0.7255
v -0.400000 0.018175 -3.000000 0.5490 0.6275 0.7255
v -0.400000 0.018175 -3.200000 0.5490 0.6275 0.7255
v -0.400000 0.018175 -3.400000 0.5490 0.6275 0.7255
v -0.200000 0.021746 3.400000 0.5490 0.6275 0.7255
v -0.200000 0.021746 3.200000 0.5490 0.6275 0.7255
v -0.200000 0.021746 3.000000 0.5490 0.6275 0.7255
v -0.200000 0.021746 2.800000 0.5490 0.6275 0.7255
v -0.200000 0.021746 2.600000 0.5490 0.6275 0.7255
v -0.200000 0.021746 2.400000 0.5490 0.6275 0.7255
v -0.200000 0.021746 2.200000 0.5490 0.6275 0.7255
v -0.200000 0.021746 2.000000 0.5490 0.6275 0.7255
v -0.200000 0.021746 1.800000 0.5490 0.6275 0.7255
v -0.200000 0.021746 1.600000 0.5490 0.6275 0.7255
v -0.200000 0.021746 1.400000 0.5490 0.6275 0.7255
v -0.200000 0.021746 1.200000 0.5490 0.6275 0.7255
v -0.200000 0.021746 1.000000 0.5490 0.6275 0.7255
v -0.200000 0.021746 0.800000 0.5490 0.6275 0.7255
v -0.200000 0.021746 0.600000 0.5490 0.6275 0.7255
v -0.200000 0.021746 0.400000 0.5490 0.6275 0.7255
v -0.200000 0.021746 0.200000 0.5490 0.6275 0.7255
v -0.200000 0.021746 0.000000 0.5490 0.6275 0.7255
v -0.200000 0.021746 -0.200000 0.5490 0.6275 0.7255
v -0.200000 0.021746 -0.400000 0.5490 0.6275 0.7255
v -0.200000 0.021746 -0.600000 0.5490 0.6275 0.7255
v -0.200000 0.021746 -0.800000 0.5490 0.6275 0.7255
v -0.200000 0.021746 -1.000000 0.5490 0.6275 0.7255
v -0.200000 0.021746 -1.200000 0.5490 0.6275 0.7255
v -0.200000 0.021746 -1.400000 0.5490 0.6275 0.7255
v -0.200000 0.021746 -1.600000 0.5490 0.6275 0.7255
v -0.200000 0.021746 -1.800000 0.5490 0.6275 0.7255
v -0.200000 0.021746 -2.000000 0.5490 0.6275 0.7255
v -0.200000 0.021746 -2.200000 0.5490 0.6275 0.7255
v -0.200000 0.021746 -2.400000 0.5490 0.6275 0.7255
v -0.200000 0.021746 -2.600000 0.5490 0.6275 0.7255
v -0.200000 0.021746 -2.800000 0.5490 0.6275 0.7255
v -0.200000 0.021746 -3.000000 0.5490 0.6275 0.7255
v -0.200000 0.021746 -3.200000 0.5490 0.6275 0.7255
v -0.200000 0.021746 -3.400000 0.5490 0.6275 0.7255
v 0.000000 0.025139 3.400000 0.5490 0.6275 0.7255
v 0.000000 0.025139 3.200000 0.5490 0.6275 0.7255
v 0.000000 0.025139 3.000000 0.5490 0.6275 0.7255
v 0.000000 0.025139 2.800000 0.5490 0.6275 0.7255
v 0.000000 0.025139 2.600000 0.5490 0.6275 0.7255
v 0.000000 0.025139 2.400000 0.5490 0.6275 0.7255
v 0.000000 0.025139 2.200000 0.5490 0.6275 0.7255
v 0.000000 0.025139 2.000000 0.5490 0.6275 0.7255
v 0.000000 0.025139 1.800000 0.5490 0.6275 0.7255
v 0.000000 0.025139 1.600000 0.5490 0.6275 0.7255
v 0.000000 0.025139 1.400000 0.5490 0.6275 0.7255
v 0.000000 0.025139 1.200000 0.5490 0.6275 0.7255
v 0.000000 0.025139 1.000000 0.5490 0.6275 0.7255
v 0.000000 0.025139 0.800000 0.5490 0.6275 0.7255
v 0.000000 0.025139 0.600000 0.5490 0.6275 0.7255
v 0.000000 0.025139 0.400000 0.5490 0.6275 0.7255
v 0.000000 0.025139 0.200000 0.5490 0.6275 0.7255
v 0.000000 0.025139 0.000000 0.5490 0.6275 0.7255
v 0.000000 0.025139 -0.200000 0.5490 0.6275 0.7255
v 0.000000 0.025139 -0.400000 0.5490 0.6275 0.7255
v 0.000000 0.025139 -0.600000 0.5490 0.6275 0.7255
v 0.000000 0.025139 -0.800000 0.5490 0.6275 0.7255
v 0.000000 0.025139 -1.000000 0.5490 0.6275 0.7255
v 0.000000 0.025139 -1.200000 0.5490 0.6275 0.7255
v 0.000000 0.025139 -1.400000 0.5490 0.6275 0.7255
v 0.000000 0.025139 -1.600000 0.5490 0.6275 0.7255
v 0.000000 0.025139 -1.800000 0.5490 0.6275 0.7255
v 0.000000 0.025139 -2.000000 0.5490 0.6275 0.7255
v 0.000000 0.025139 -2.200000 0.5490 0.6275 0.7255
v 0.000000 0.025139 -2.400000 0.5490 0.6275 0.7255
v 0.000000 0.025139 -2.600000 0.5490 0.6275 0.7255
v 0.000000 0.025139 -2.800000 0.5490 0.6275 0.7255
v 0.000000 0.025139 -3.000000 0.5490 0.6275 0.7255
v 0.000000 0.025139 -3.200000 0.5490 0.6275 0.7255
v 0.000000 0.025139 -3.400000 0.5490 0.6275 0.7255
v 0.200000 0.028344 3.400000 0.5490 0.6275 0.7255
v 0.200000 0.028344 3.200000 0.5490 0.6275 0.7255
v 0.200000 0.028344 3.000000 0.5490 0.6275 0.7255
v 0.200000 0.028344 2.800000 0.5490 0.6275 0.7255
v 0.200000 0.028344 2.600000 0.5490 0.6275 0.7255
v 0.200000 0.028344 2.400000 0.5490 0.6275 0.7255
v 0.200000 0.028344 2.200000 0.5490 0.6275 0.7255
v 0.200000 0.028344 2.000000 0.5490 0.6275 0.7255
v 0.200000 0.028344 1.800000 0.5490 0.6275 0.7255
v 0.200000 0.028344 1.600000 0.5490 0.6275 0.7255
v 0.200000 0.028344 1.400000 0.5490 0.6275 0.7255
v 0.200000 0.028344 1.200000 0.5490 0.6275 0.7255
v 0.200000 0.028344 1.000000 0.5490 0.6275 0.7255
v 0.200000 0.028344 0.800000 0.5490 0.6275 0.7255
v 0.200000 0.028344 0.600000 0.5490 0.6275 0.7255
v 0.200000 0.028344 0.400000 0.5490 0.6275 0.7255
v 0.200000 0.028344 0.200000 0.5490 0.6275 0.7255
v 0.200000 0.028344 0.000000 0.5490 0.6275 0.7255
v 0.200000 0.028344 -0.200000 0.5490 0.6275 0.7255
v 0.200000 0.028344 -0.400000 0.5490 0.6275 0.7255
v 0.200000 0.028344 -0.600000 0.5490 0.6275 0.7255
v 0.200000 0.028344 -0.800000 0.5490 0.6275 0.7255
v 0.200000 0.028344 -1.000000 0.5490 0.6275 0.7255
v 0.200000 0.028344 -1.200000 0.5490 0.6275 0.7255
v 0.200000 0.028344 -1.400000 0.5490 0.6275 0.7255
v 0.200000 0.028344 -1.600000 0.5490 0.6275 0.7255
v 0.200000 0.028344 -1.800000 0.5490 0.6275 0.7255
v 0.200000 0.028344 -2.000000 0.5490 0.6275 0.7255
v 0.200000 0.028344 -2.200000 0.5490 0.6275 0.7255
v 0.200000 0.028344 -2.400000 0.5490 0.6275 0.7255
v 0.200000 0.028344 -2.600000 0.5490 0.6275 0.7255
v 0.200000 0.028344 -2.800000 0.5490 0.6275 0.7255
v 0.200000 0.028344 -3.000000 0.5490 0.6275 0.7255
v 0.200000 0.028344 -3.200000 0.5490 0.6275 0.7255
v 0.200000 0.028344 -3.400000 0.5490 0.6275 0.7255
v 0.400000 0.031352 3.400000 0.5490 0.6275 0.7255
v 0.400000 0.031352 3.200000 0.5490 0.6275 0.7255
v 0.400000 0.031352 3.000000 0.5490 0.6275 0.7255
v 0.400000 0.031352 2.800000 0.5490 0.6275 0.7255
v 0.400000 0.031352 2.600000 0.5490 0.6275 0.7255
v 0.400000 0.031352 2.400000 0.5490 0.6275 0.7255
v 0.400000 0.031352 2.200000 0.5490 0.6275 0.7255
v 0.400000 0.031352 2.000000 0.5490 0.6275 0.7255
v 0.400000 0.031352 1.800000 0.5490 0.6275 0.7255
v 0.400000 0.031352 1.600000 0.5490 0.6275 0.7255
v 0.400000 0.031352 1.400000 0.5490 0.6275 0.7255
v 0.400000 0.031352 1.200000 0.5490 0.6275 0.7255
v 0.400000 0.031352 1.000000 0.5490 0.6275 0.7255
v 0.400000 0.031352 0.800000 0.5490 0.6275 0.7255
v 0.400000 0.031352 0.600000 0.5490 0.6275 0.7255
v 0.400000 0.031352 0.400000 0.5490 0.6275 0.7255
v 0.400000 0.031352 0.200000 0.5490 0.6275 0.7255
v 0.400000 0.031352 0.000000 0.5490 0.6275 0.7255
v 0.400000 0.031352 -0.200000 0.5490 0.6275 0.7255
v 0.400000 0.031352 -0.400000 0.5490 0.6275 0.7255
v 0.400000 0.031352 -0.600000 0.5490 0.6275 0.7255
v 0.400000 0.031352 -0.800000 0.5490 0.6275 0.7255
v 0.400000 0.031352 -1.000000 0.5490 0.6275 0.7255
v 0.400000 0.031352 -1.200000 0.5490 0.6275 0.7255
v 0.400000 0.031352 -1.400000 0.5490 0.6275 0.7255
v 0.400000 0.031352 -1.600000 0.5490 0.6275 0.7255
v 0.400000 0.031352 -1.800000 0.5490 0.6275 0.7255
v 0.400000 0.031352 -2.000000 0.5490 0.6275 0.7255
v 0.400000 0.031352 -2.200000 0.5490 0.6275 0.7255
v 0.400000 0.031352 -2.400000 0.5490 0.6275 0.7255
v 0.400000 0.031352 -2.600000 0.5490 0.6275 0.7255
v 0.400000 0.031352 -2.800000 0.5490 0.6275 0.7255
v 0.400000 0.031352 -3.000000 0.5490 0.6275 0.7255
v 0.400000 0.031352 -3.200000 0.5490 0.6275 0.7255
v 0.400000 0.031352 -3.400000 0.5490 0.6275 0.7255
v 0.600000 0.034158 3.400000 0.5490 0.6275 0.7255
v 0.600000 0.034158 3.200000 0.5490 0.6275 0.7255
v 0.600000 0.034158 3.000000 0.5490 0.6275 0.7255
v 0.600000 0.034158 2.800000 0.5490 0.6275 0.7255
v 0.600000 0.034158 2.600000 0.5490 0.6275 0.7255
v 0.600000 0.034158 2.400000 0.5490 0.6275 0.7255
v 0.600000 0.034158 2.200000 0.5490 0.6275 0.7255
v 0.600000 0.034158 2.000000 0.5490 0.6275 0.7255
v 0.600000 0.034158 1.800000 0.5490 0.6275 0.7255
v 0.600000 0.034158 1.600000 0.5490 0.6275 0.7255
v 0.600000 0.034158 1.400000 0.5490 0.6275 0.7255
v 0.600000 0.034158 1.200000 0.5490 0.6275 0.7255
v 0.600000 0.034158 1.000000 0.5490 0.6275 0.7255
v 0.600000 0.034158 0.800000 0.5490 0.6275 0.7255
v 0.600000 0.034158 0.600000 0.5490 0.6275 0.7255
v 0.600000 0.034158 0.400000 0.5490 0.6275 0.7255
v 0.600000 0.034158 0.200000 0.5490 0.6275 0.7255
v 0.600000 0.034158 0.000000 0.5490 0.6275 0.7255
v 0.600000 0.034158 -0.200000 0.5490 0.6275 0.7255
v 0.600000 0.034158 -0.400000 0.5490 0.6275 0.7255
v 0.600000 0.034158 -0.600000 0.5490 0.6275 0.7255
v 0.600000 0.034158 -0.800000 0.5490 0.6275 0.7255
v 0.600000 0.034158 -1.000000 0.5490 0.6275 0.7255
v 0.600000 0.034158 -1.200000 0.5490 0.6275 0.7255
v 0.600000 0.034158 -1.400000 0.5490 0.6275 0.7255
v 0.600000 0.034158 -1.600000 0.5490 0.6275 0.7255
v 0.600000 0.034158 -1.800000 0.5490 0.6275 0.7255
v 0.600000 0.034158 -2.000000 0.5490 0.6275 0.7255
v 0.600000 0.034158 -2.200000 0.5490 0.6275 0.7255
v 0.600000 0.034158 -2.400000 0.5490 0.6275 0.7255
v 0.600000 0.034158 -2.600000 0.5490 0.6275 0.7255
v 0.600000 0.034158 -2.800000 0.5490 0.6275 0.7255
v 0.600000 0.034158 -3.000000 0.5490 0.6275 0.7255
v 0.600000 0.034158 -3.200000 0.5490 0.6275 0.7255
v 0.600000 0.034158 -3.400000 0.5490 0.6275 0.7255
v 0.800000 0.036753 3.400000 0.5490 0.6275 0.7255
v 0.800000 0.036753 3.200000 0.5490 0.6275 0.7255
v 0.800000 0.036753 3.000000 0.5490 0.6275 0.7255
v 0.800000 0.036753 2.800000 0.5490 0.6275 0.7255
v 0.800000 0.036753 2.600000 0.5490 0.6275 0.7255
v 0.800000 0.036753 2.400000 0.5490 0.6275 0.7255
v 0.800000 0.036753 2.200000 0.5490 0.6275 0.7255
v 0.800000 0.036753 2.000000 0.5490 0.6275 0.7255
v 0.800000 0.036753 1.800000 0.5490 0.6275 0.7255
v 0.800000 0.036753 1.600000 0.5490 0.6275 0.7255
v 0.800000 0.036753 1.400000 0.5490 0.6275 0.7255
v 0.800000 0.036753 1.200000 0.5490 0.6275 0.7255
v 0.800000 0.036753 1.000000 0.5490 0.6275 0.7255
v 0.800000 0.036753 0.800000 0.5490 0.6275 0.7255
v 0.800000 0.036753 0.600000 0.5490 0.6275 0.7255
v 0.800000 0.036753 0.400000 0.5490 0.6275 0.7255
v 0.800000 0.036753 0.200000 0.5490 0.6275 0.7255
v 0.800000 0.036753 0.000000 0.5490 0.6275 0.7255
v 0.800000 0.036753 -0.200000 0.5490 0.6275 0.7255
v 0.800000 0.036753 -0.400000 0.5490 0.6275 0.7255
v 0.800000 0.036753 -0.600000 0.5490 0.6275 0.7255
v 0.800000 0.036753 -0.800000 0.5490 0.6275 0.7255
v 0.800000 0.036753 -1.000000 0.5490 0.6275 0.7255
v 0.800000 0.036753 -1.200000 0.5490 0.6275 0.7255
v 0.800000 0.036753 -1.400000 0.5490 0.6275 0.7255
v 0.800000 0.036753 -1.600000 0.5490 0.6275 0.7255
v 0.800000 0.036753 -1.800000 0.5490 0.6275 0.7255
v 0.800000 0.036753 -2.000000 0.5490 0.6275 0.7255
v 0.800000 0.036753 -2.200000 0.5490 0.6275 0.7255
v 0.800000 0.036753 -2.400000 0.5490 0.6275 0.7255
v 0.800000 0.036753 -2.600000 0.5490 0.6275 0.7255
v 0.800000 0.036753 -2.800000 0.5490 0.6275 0.7255
v 0.800000 0.036753 -3.000000 0.5490 0.6275 0.7255
v 0.800000 0.036753 -3.200000 0.5490 0.6275 0.7255
v 0.800000 0.036753 -3.400000 0.5490 0.6275 0.7255
v 1.000000 0.039132 3.400000 0.5490 0.6275 0.7255
v 1.000000 0.039132 3.200000 0.5490 0.6275 0.7255
v 1.000000 0.039132 3.000000 0.5490 0.6275 0.7255
v 1.000000 0.039132 2.800000 0.5490 0.6275 0.7255
v 1.000000 0.039132 2.600000 0.5490 0.6275 0.7255
v 1.000000 0.039132 2.400000 0.5490 0.6275 0.7255
v 1.000000 0.039132 2.200000 0.5490 0.6275 0.7255
v 1.000000 0.039132 2.000000 0.5490 0.6275 0.7255
v 1.000000 0.039132 1.800000 0.5490 0.6275 0.7255
v 1.000000 0.039132 1.600000 0.5490 0.6275 0.7255
v 1.000000 0.039132 1.400000 0.5490 0.6275 0.7255
v 1.000000 0.039132 1.200000 0.5490 0.6275 0.7255
v 1.000000 0.039132 1.000000 0.5490 0.6275 0.7255
v 1.000000 0.039132 0.800000 0.5490 0.6275 0.7255
v 1.000000 0.039132 0.600000 0.5490 0.6275 0.7255
v 1.000000 0.039132 0.400000 0.5490 0.6275 0.7255
v 1.000000 0.039132 0.200000 0.5490 0.6275 0.7255
v 1.000000 0.039132 0.000000 0.5490 0.6275 0.7255
v 1.000000 0.039132 -0.200000 0.5490 0.6275 0.7255
v 1.000000 0.039132 -0.400000 0.5490 0.6275 0.7255
v 1.000000 0.039132 -0.600000 0.5490 0.6275 0.7255
v 1.000000 0.039132 -0.800000 0.5490 0.6275 0.7255
v 1.000000 0.039132 -1.000000 0.5490 0.6275 0.7255
v 1.000000 0.039132 -1.200000 0.5490 0.6275 0.7255
v 1.000000 0.039132 -1.400000 0.5490 0.6275 0.7255
v 1.000000 0.039132 -1.600000 0.5490 0.6275 0.7255
v 1.000000 0.039132 -1.800000 0.5490 0.6275 0.7255
v 1.000000 0.039132 -2.000000 0.5490 0.6275 0.7255
v 1.000000 0.039132 -2.200000 0.5490 0.6275 0.7255
v 1.000000 0.039132 -2.400000 0.5490 0.6275 0.7255
v 1.000000 0.039132 -2.600000 0.5490 0.6275 0.7255
v 1.000000 0.039132 -2.800000 0.5490 0.6275 0.7255
v 1.000000 0.039132 -3.000000 0.5490 0.6275 0.7255
v 1.000000 0.039132 -3.200000 0.5490 0.6275 0.7255
v 1.000000 0.039132 -3.400000 0.5490 0.6275 0.7255
v 1.200000 0.041287 3.400000 0.5490 0.6275 0.7255
v 1.200000 0.041287 3.200000 0.5490 0.6275 0.7255
v 1.200000 0.041287 3.000000 0.5490 0.6275 0.7255
v 1.200000 0.041287 2.800000 0.5490 0.6275 0.7255
v 1.200000 0.041287 2.600000 0.5490 0.6275 0.7255
v 1.200000 0.041287 2.400000 0.5490 0.6275 0.7255
v 1.200000 0.041287 2.200000 0.5490 0.6275 0.7255
v 1.200000 0.041287 2.000000 0.5490 0.6275 0.7255
v 1.200000 0.041287 1.800000 0.5490 0.6275 0.7255
v 1.200000 0.041287 1.600000 0.5490 0.6275 0.7255
v 1.200000 0.041287 1.400000 0.5490 0.6275 0.7255
v 1.200000 0.041287 1.200000 0.5490 0.6275 0.7255
v 1.200000 0.041287 1.000000 0.5490 0.6275 0.7255
v 1.200000 0.041287 0.800000 0.5490 0.6275 0.7255
v 1.200000 0.041287 0.600000 0.5490 0.6275 0.7255
v 1.200000 0.041287 0.400000 0.5490 0.6275 0.7255
v 1.200000 0.041287 0.200000 0.5490 0.6275 0.7255
v 1.200000 0.041287 0.000000 0.5490 0.6275 0.7255
v 1.200000 0.041287 -0.200000 0.5490 0.6275 0.7255
v 1.200000 0.041287 -0.400000 0.5490 0.6275 0.7255
v 1.200000 0.041287 -0.600000 0.5490 0.6275 0.7255
v 1.200000 0.041287 -0.800000 0.5490 0.6275 0.7255
v 1.200000 0.041287 -1.000000 0.5490 0.6275 0.7255
v 1.200000 0.041287 -1.200000 0.5490 0.6275 0.7255
v 1.200000 0.041287 -1.400000 0.5490 0.6275 0.7255
v 1.200000 0.041287 -1.600000 0.5490 0.6275 0.7255
v 1.200000 0.041287 -1.800000 0.5490 0.6275 0.7255
v 1.200000 0.041287 -2.000000 0.5490 0.6275 0.7255
v 1.200000 0.041287 -2.200000 0.5490 0.6275 0.7255
v 1.200000 0.041287 -2.400000 0.5490 0.6275 0.7255
v 1.200000 0.041287 -2.600000 0.5490 0.6275 0.7255
v 1.200000 0.041287 -2.800000 0.5490 0.6275 0.7255
v 1.200000 0.041287 -3.000000 0.5490 0.6275 0.7255
v 1.200000 0.041287 -3.200000 0.5490 0.6275 0.7255
v 1.200000 0.041287 -3.400000 0.5490 0.6275 0.7255
v 1.400000 0.043215 3.400000 0.5490 0.6275 0.7255
v 1.400000 0.043215 3.200000 0.5490 0.6275 0.7255
v 1.400000 0.043215 3.000000 0.5490 0.6275 0.7255
v 1.400000 0.043215 2.800000 0.5490 0.6275 0.7255
v 1.400000 0.043215 2.600000 0.5490 0.6275 0.7255
v 1.400000 0.043215 2.400000 0.5490 0.6275 0.7255
v 1.400000 0.043215 2.200000 0.5490 0.6275 0.7255
v 1.400000 0.043215 2.000000 0.5490 0.6275 0.7255
v 1.400000 0.043215 1.800000 0.5490 0.6275 0.7255
v 1.400000 0.043215 1.600000 0.5490 0.6275 0.7255
v 1.400000 0.043215 1.400000 0.5490 0.6275 0.7255
v 1.400000 0.043215 1.200000 0.5490 0.6275 0.7255
v 1.400000 0.043215 1.000000 0.5490 0.6275 0.7255
v 1.400000 0.043215 0.800000 0.5490 0.6275 0.7255
v 1.400000 0.043215 0.600000 0.5490 0.6275 0.7255
v 1.400000 0.043215 0.400000 0.5490 0.6275 0.7255
v 1.400000 0.043215 0.200000 0.5490 0.6275 0.7255
v 1.400000 0.043215 0.000000 0.5490 0.6275 0.7255
v 1.400000 0.043215 -0.200000 0.5490 0.6275 0.7255
v 1.400000 0.043215 -0.400000 0.5490 0.6275 0.7255
v 1.400000 0.043215 -0.600000 0.5490 0.6275 0.7255
v 1.400000 0.043215 -0.800000 0.5490 0.6275 0.7255
v 1.400000 0.043215 -1.000000 0.5490 0.6275 0.7255
v 1.400000 0.043215 -1.200000 0.5490 0.6275 0.7255
v 1.400000 0.043215 -1.400000 0.5490 0.6275 0.7255
v 1.400000 0.043215 -1.600000 0.5490 0.6275 0.7255
v 1.400000 0.043215 -1.800000 0.5490 0.6275 0.7255
v 1.400000 0.043215 -2.000000 0.5490 0.6275 0.7255
v 1.400000 0.043215 -2.200000 0.5490 0.6275 0.7255
v 1.400000 0.043215 -2.400000 0.5490 0.6275 0.7255
v 1.400000 0.043215 -2.600000 0.5490 0.6275 0.7255
v 1.400000 0.043215 -2.800000 0.5490 0.6275 0.7255
v 1.400000 0.043215 -3.000000 0.5490 0.6275 0.7255
v 1.400000 0.043215 -3.200000 0.5490 0.6275 0.7255
v 1.400000 0.043215 -3.400000 0.5490 0.6275 0.7255
v 1.600000 0.044909 3.400000 0.5490 0.6275 0.7255
v 1.600000 0.044909 3.200000 0.5490 0.6275 0.7255
v 1.600000 0.044909 3.000000 0.5490 0.6275 0.7255
v 1.600000 0.044909 2.800000 0.5490 0.6275 0.7255
v 1.600000 0.044909 2.600000 0.5490 0.6275 0.7255
v 1.600000 0.044909 2.400000 0.5490 0.6275 0.7255
v 1.600000 0.044909 2.200000 0.5490 0.6275 0.7255
v 1.600000 0.044909 2.000000 0.5490 0.6275 0.7255
v 1.600000 0.044909 1.800000 0.5490 0.6275 0.7255
v 1.600000 0.044909 1.600000 0.5490 0.6275 0.7255
v 1.600000 0.044909 1.400000 0.5490 0.6275 0.7255
v 1.600000 0.044909 1.200000 0.5490 0.6275 0.7255
v 1.600000 0.044909 1.000000 0.5490 0.6275 0.7255
v 1.600000 0.044909 0.800000 0.5490 0.6275 0.7255
v 1.600000 0.044909 0.600000 0.5490 0.6275 0.7255
v 1.600000 0.044909 0.400000 0.5490 0.6275 0.7255
v 1.600000 0.044909 0.200000 0.5490 0.6275 0.7255
v 1.600000 0.044909 0.000000 0.5490 0.6275 0.7255
v 1.600000 0.044909 -0.200000 0.5490 0.6275 0.7255
v 1.600000 0.044909 -0.400000 0.5490 0.6275 0.7255
v 1.600000 0.044909 -0.600000 0.5490 0.6275 0.7255
v 1.600000 0.044909 -0.800000 0.5490 0.6275 0.7255
v 1.600000 0.044909 -1.000000 0.5490 0.6275 0.7255
v 1.600000 0.044909 -1.200000 0.5490 0.6275 0.7255
v 1.600000 0.044909 -1.400000 0.5490 0.6275 0.7255
v 1.600000 0.044909 -1.600000 0.5490 0.6275 0.7255
v 1.600000 0.044909 -1.800000 0.5490 0.6275 0.7255
v 1.600000 0.044909 -2.000000 0.5490 0.6275 0.7255
v 1.600000 0.044909 -2.200000 0.5490 0.6275 0.7255
v 1.600000 0.044909 -2.400000 0.5490 0.6275 0.7255
v 1.600000 0.044909 -2.600000 0.5490 0.6275 0.7255
v 1.600000 0.044909 -2.800000 0.5490 0.6275 0.7255
v 1.600000 0.044909 -3.000000 0.5490 0.6275 0.7255
v 1.600000 0.044909 -3.200000 0.5490 0.6275 0.7255
v 1.600000 0.044909 -3.400000 0.5490 0.6275 0.7255
v 1.800000 0.046367 3.400000 0.5490 0.6275 0.7255
v 1.800000 0.046367 3.200000 0.5490 0.6275 0.7255
v 1.800000 0.046367 3.000000 0.5490 0.6275 0.7255
v 1.800000 0.046367 2.800000 0.5490 0.6275 0.7255
v 1.800000 0.046367 2.600000 0.5490 0.6275 0.7255
v 1.800000 0.046367 2.400000 0.5490 0.6275 0.7255
v 1.800000 0.046367 2.200000 0.5490 0.6275 0.7255
v 1.800000 0.046367 2.000000 0.5490 0.6275 0.7255
v 1.800000 0.046367 1.800000 0.5490 0.6275 0.7255
v 1.800000 0.046367 1.600000 0.5490 0.6275 0.7255
v 1.800000 0.046367 1.400000 0.5490 0.6275 0.7255
v 1.800000 0.046367 1.200000 0.5490 0.6275 0.7255
v 1.800000 0.046367 1.000000 0.5490 0.6275 0.7255
v 1.800000 0.046367 0.800000 0.5490 0.6275 0.7255
v 1.800000 0.046367 0.600000 0.5490 0.6275 0.7255
v 1.800000 0.046367 0.400000 0.5490 0.6275 0.7255
v 1.800000 0.046367 0.200000 0.5490 0.6275 0.7255
v 1.800000 0.046367 0.000000 0.5490 0.6275 0.7255
v 1.800000 0.046367 -0.200000 0.5490 0.6275 0.7255
v 1.800000 0.046367 -0.400000 0.5490 0.6275 0.7255
v 1.800000 0.046367 -0.600000 0.5490 0.6275 0.7255
v 1.800000 0.046367 -0.800000 0.5490 0.6275 0.7255
v 1.800000 0.046367 -1.000000 0.5490 0.6275 0.7255
v 1.800000 0.046367 -1.200000 0.5490 0.6275 0.7255
v 1.800000 0.046367 -1.400000 0.5490 0.6275 0.7255
v 1.800000 0.046367 -1.600000 0.5490 0.6275 0.7255
v 1.800000 0.046367 -1.800000 0.5490 0.6275 0.7255
v 1.800000 0.046367 -2.000000 0.5490 0.6275 0.7255
v 1.800000 0.046367 -2.200000 0.5490 0.6275 0.7255
v 1.800000 0.046367 -2.400000 0.5490 0.6275 0.7255
v 1.800000 0.046367 -2.600000 0.5490 0.6275 0.7255
v 1.800000 0.046367 -2.800000 0.5490 0.6275 0.7255
v 1.800000 0.046367 -3.000000 0.5490 0.6275 0.7255
v 1.800000 0.046367 -3.200000 0.5490 0.6275 0.7255
v 1.800000 0.046367 -3.400000 0.5490 0.6275 0.7255
v 2.000000 0.047583 3.400000 0.5490 0.6275 0.7255
v 2.000000 0.047583 3.200000 0.5490 0.6275 0.7255
v 2.000000 0.047583 3.000000 0.5490 0.6275 0.7255
v 2.000000 0.047583 2.800000 0.5490 0.6275 0.7255
v 2.000000 0.047583 2.600000 0.5490 0.6275 0.7255
v 2.000000 0.047583 2.400000 0.5490 0.6275 0.7255
v 2.000000 0.047583 2.200000 0.5490 0.6275 0.7255
v 2.000000 0.047583 2.000000 0.5490 0.6275 0.7255
v 2.000000 0.047583 1.800000 0.5490 0.6275 0.7255
v 2.000000 0.047583 1.600000 0.5490 0.6275 0.7255
v 2.000000 0.047583 1.400000 0.5490 0.6275 0.7255
v 2.000000 0.047583 1.200000 0.5490 0.6275 0.7255
v 2.000000 0.047583 1.000000 0.5490 0.6275 0.7255
v 2.000000 0.047583 0.800000 0.5490 0.6275 0.7255
v 2.000000 0.047583 0.600000 0.5490 0.6275 0.7255
v 2.000000 0.047583 0.400000 0.5490 0.6275 0.7255
v 2.000000 0.047583 0.200000 0.5490 0.6275 0.7255
v 2.000000 0.047583 0.000000 0.5490 0.6275 0.7255
v 2.000000 0.047583 -0.200000 0.5490 0.6275 0.7255
v 2.000000 0.047583 -0.400000 0.5490 0.6275 0.7255
v 2.000000 0.047583 -0.600000 0.5490 0.6275 0.7255
v 2.000000 0.047583 -0.800000 0.5490 0.6275 0.7255
v 2.000000 0.047583 -1.000000 0.5490 0.6275 0.7255
v 2.000000 0.047583 -1.200000 0.5490 0.6275 0.7255
v 2.000000 0.047583 -1.400000 0.5490 0.6275 0.7255
v 2.000000 0.047583 -1.600000 0.5490 0.6275 0.7255
v 2.000000 0.047583 -1.800000 0.5490 0.6275 0.7255
v 2.000000 0.047583 -2.000000 0.5490 0.6275 0.7255
v 2.000000 0.047583 -2.200000 0.5490 0.6275 0.7255
v 2.000000 0.047583 -2.400000 0.5490 0.6275 0.7255
v 2.000000 0.047583 -2.600000 0.5490 0.6275 0.7255
v 2.000000 0.047583 -2.800000 0.5490 0.6275 0.7255
v 2.000000 0.047583 -3.000000 0.5490 0.6275 0.7255
v 2.000000 0.047583 -3.200000 0.5490 0.6275 0.7255
v 2.000000 0.047583 -3.400000 0.5490 0.6275 0.7255
v 2.200000 0.048556 3.400000 0.5490 0.6275 0.7255
v 2.200000 0.048556 3.200000 0.5490 0.6275 0.7255
v 2.200000 0.048556 3.000000 0.5490 0.6275 0.7255
v 2.200000 0.048556 2.800000 0.5490 0.6275 0.7255
v 2.200000 0.048556 2.600000 0.5490 0.6275 0.7255
v 2.200000 0.048556 2.400000 0.5490 0.6275 0.7255
v 2.200000 0.048556 2.200000 0.5490 0.6275 0.7255
v 2.200000 0.048556 2.000000 0.5490 0.6275 0.7255
v 2.200000 0.048556 1.800000 0.5490 0.6275 0.7255
v 2.200000 0.048556 1.600000 0.5490 0.6275 0.7255
v 2.200000 0.048556 1.400000 0.5490 0.6275 0.7255
v 2.200000 0.048556 1.200000 0.5490 0.6275 0.7255
v 2.200000 0.048556 1.000000 0.5490 0.6275 0.7255
v 2.200000 0.048556 0.800000 0.5490 0.6275 0.7255
v 2.200000 0.048556 0.600000 0.5490 0.6275 0.7255
v 2.200000 0.048556 0.400000 0.5490 0.6275 0.7255
v 2.200000 0.048556 0.200000 0.5490 0.6275 0.7255
v 2.200000 0.048556 0.000000 0.5490 0.6275 0.7255
v 2.200000 0.048556 -0.200000 0.5490 0.6275 0.7255
v 2.200000 0.048556 -0.400000 0.5490 0.6275 0.7255
v 2.200000 0.048556 -0.600000 0.5490 0.6275 0.7255
v 2.200000 0.048556 -0.800000 0.5490 0.6275 0.7255
v 2.200000 0.048556 -1.000000 0.5490 0.6275 0.7255
v 2.200000 0.048556 -1.200000 0.5490 0.6275 0.7255
v 2.200000 0.048556 -1.400000 0.5490 0.6275 0.7255
v 2.200000 0.048556 -1.600000 0.5490 0.6275 0.7255
v 2.200000 0.048556 -1.800000 0.5490 0.6275 0.7255
v 2.200000 0.048556 -2.000000 0.5490 0.6275 0.7255
v 2.200000 0.048556 -2.200000 0.5490 0.6275 0.7255
v 2.200000 0.048556 -2.400000 0.5490 0.6275 0.7255
v 2.200000 0.048556 -2.600000 0.5490 0.6275 0.7255
v 2.200000 0.048556 -2.800000 0.5490 0.6275 0.7255
v 2.200000 0.048556 -3.000000 0.5490 0.6275 0.7255
v 2.200000 0.048556 -3.200000 0.5490 0.6275 0.7255
v 2.200000 0.048556 -3.400000 0.5490 0.6275 0.7255
v 2.400000 0.049282 3.400000 0.5490 0.6275 0.7255
v 2.400000 0.049282 3.200000 0.5490 0.6275 0.7255
v 2.400000 0.049282 3.000000 0.5490 0.6275 0.7255
v 2.400000 0.049282 2.800000 0.5490 0.6275 0.7255
v 2.400000 0.049282 2.600000 0.5490 0.6275 0.7255
v 2.400000 0.049282 2.400000 0.5490 0.6275 0.7255
v 2.400000 0.049282 2.200000 0.5490 0.6275 0.7255
v 2.400000 0.049282 2.000000 0.5490 0.6275 0.7255
v 2.400000 0.049282 1.800000 0.5490 0.6275 0.7255
v 2.400000 0.049282 1.600000 0.5490 0.6275 0.7255
v 2.400000 0.049282 1.400000 0.5490 0.6275 0.7255
v 2.400000 0.049282 1.200000 0.5490 0.6275 0.7255
v 2.400000 0.049282 1.000000 0.5490 0.6275 0.7255
v 2.400000 0.049282 0.800000 0.5490 0.6275 0.7255
v 2.400000 0.049282 0.600000 0.5490 0.6275 0.7255
v 2.400000 0.049282 0.400000 0.5490 0.6275 0.7255
v 2.400000 0.049282 0.200000 0.5490 0.6275 0.7255
v 2.400000 0.049282 0.000000 0.5490 0.6275 0.7255
v 2.400000 0.049282 -0.200000 0.5490 0.6275 0.7255
v 2.400000 0.049282 -0.400000 0.5490 0.6275 0.7255
v 2.400000 0.049282 -0.600000 0.5490 0.6275 0.7255
v 2.400000 0.049282 -0.800000 0.5490 0.6275 0.7255
v 2.400000 0.049282 -1.000000 0.5490 0.6275 0.7255
v 2.400000 0.049282 -1.200000 0.5490 0.6275 0.7255
v 2.400000 0.049282 -1.400000 0.5490 0.6275 0.7255
v 2.400000 0.049282 -1.600000 0.5490 0.6275 0.7255
v 2.400000 0.049282 -1.800000 0.5490 0.6275 0.7255
v 2.400000 0.049282 -2.000000 0.5490 0.6275 0.7255
v 2.400000 0.049282 -2.200000 0.5490 0.6275 0.7255
v 2.400000 0.049282 -2.400000 0.5490 0.6275 0.7255
v 2.400000 0.049282 -2.600000 0.5490 0.6275 0.7255
v 2.400000 0.049282 -2.800000 0.5490 0.6275 0.7255
v 2.400000 0.049282 -3.000000 0.5490 0.6275 0.7255
v 2.400000 0.049282 -3.200000 0.5490 0.6275 0.7255
v 2.400000 0.049282 -3.400000 0.5490 0.6275 0.7255
v 2.600000 0.049760 3.400000 0.5490 0.6275 0.7255
v 2.600000 0.049760 3.200000 0.5490 0.6275 0.7255
v 2.600000 0.049760 3.000000 0.5490 0.6275 0.7255
v 2.600000 0.049760 2.800000 0.5490 0.6275 0.7255
v 2.600000 0.049760 2.600000 0.5490 0.6275 0.7255
v 2.600000 0.049760 2.400000 0.5490 0.6275 0.7255
v 2.600000 0.049760 2.200000 0.5490 0.6275 0.7255
v 2.600000 0.049760 2.000000 0.5490 0.6275 0.7255
v 2.600000 0.049760 1.800000 0.5490 0.6275 0.7255
v 2.600000 0.049760 1.600000 0.5490 0.6275 0.7255
v 2.600000 0.049760 1.400000 0.5490 0.6275 0.7255
v 2.600000 0.049760 1.200000 0.5490 0.6275 0.7255
v 2.600000 0.049760 1.000000 0.5490 0.6275 0.7255
v 2.600000 0.049760 0.800000 0.5490 0.6275 0.7255
v 2.600000 0.049760 0.600000 0.5490 0.6275 0.7255
v 2.600000 0.049760 0.400000 0.5490 0.6275 0.7255
v 2.600000 0.049760 0.200000 0.5490 0.6275 0.7255
v 2.600000 0.049760 0.000000 0.5490 0.6275 0.7255
v 2.600000 0.049760 -0.200000 0.5490 0.6275 0.7255
v 2.600000 0.049760 -0.400000 0.5490 0.6275 0.7255
v 2.600000 0.049760 -0.600000 0.5490 0.6275 0.7255
v 2.600000 0.049760 -0.800000 0.5490 0.6275 0.7255
v 2.600000 0.049760 -1.000000 0.5490 0.6275 0.7255
v 2.600000 0.049760 -1.200000 0.5490 0.6275 0.7255
v 2.600000 0.049760 -1.400000 0.5490 0.6275 0.7255
v 2.600000 0.049760 -1.600000 0.5490 0.6275 0.7255
v 2.600000 0.049760 -1.800000 0.5490 0.6275 0.7255
v 2.600000 0.049760 -2.000000 0.5490 0.6275 0.7255
v 2.600000 0.049760 -2.200000 0.5490 0.6275 0.7255
v 2.600000 0.049760 -2.400000 0.5490 0.6275 0.7255
v 2.600000 0.049760 -2.600000 0.5490 0.6275 0.7255
v 2.600000 0.049760 -2.800000 0.5490 0.6275 0.7255
v 2.600000 0.049760 -3.000000 0.5490 0.6275 0.7255
v 2.600000 0.049760 -3.200000 0.5490 0.6275 0.7255
v 2.600000 0.049760 -3.400000 0.5490 0.6275 0.7255
v 2.800000 0.049989 3.400000 0.5490 0.6275 0.7255
v 2.800000 0.049989 3.200000 0.5490 0.6275 0.7255
v 2.800000 0.049989 3.000000 0.5490 0.6275 0.7255
v 2.800000 0.049989 2.800000 0.5490 0.6275 0.7255
v 2.800000 0.049989 2.600000 0.5490 0.6275 0.7255
v 2.800000 0.049989 2.400000 0.5490 0.6275 0.7255
v 2.800000 0.049989 2.200000 0.5490 0.6275 0.7255
v 2.800000 0.049989 2.000000 0.5490 0.6275 0.7255
v 2.800000 0.049989 1.800000 0.5490 0.6275 0.7255
v 2.800000 0.049989 1.600000 0.5490 0.6275 0.7255
v 2.800000 0.049989 1.400000 0.5490 0.6275 0.7255
v 2.800000 0.049989 1.200000 0.5490 0.6275 0.7255
v 2.800000 0.049989 1.000000 0.5490 0.6275 0.7255
v 2.800000 0.049989 0.800000 0.5490 0.6275 0.7255
v 2.800000 0.049989 0.600000 0.5490 0.6275 0.7255
v 2.800000 0.049989 0.400000 0.5490 0.6275 0.7255
v 2.800000 0.049989 0.200000 0.5490 0.6275 0.7255
v 2.800000 0.049989 0.000000 0.5490 0.6275 0.7255
v 2.800000 0.049989 -0.200000 0.5490 0.6275 0.7255
v 2.800000 0.049989 -0.400000 0.5490 0.6275 0.7255
v 2.800000 0.049989 -0.600000 0.5490 0.6275 0.7255
v 2.800000 0.049989 -0.800000 0.5490 0.6275 0.7255
v 2.800000 0.049989 -1.000000 0.5490 0.6275 0.7255
v 2.800000 0.049989 -1.200000 0.5490 0.6275 0.7255
v 2.800000 0.049989 -1.400000 0.5490 0.6275 0.7255
v 2.800000 0.049989 -1.600000 0.5490 0.6275 0.7255
v 2.800000 0.049989 -1.800000 0.5490 0.6275 0.7255
v 2.800000 0.049989 -2.000000 0.5490 0.6275 0.7255
v 2.800000 0.049989 -2.200000 0.5490 0.6275 0.7255
v 2.800000 0.049989 -2.400000 0.5490 0.6275 0.7255
v 2.800000 0.049989 -2.600000 0.5490 0.6275 0.7255
v 2.800000 0.049989 -2.800000 0.5490 0.6275 0.7255
v 2.800000 0.049989 -3.000000 0.5490 0.6275 0.7255
v 2.800000 0.049989 -3.200000 0.5490 0.6275 0.7255
v 2.800000 0.049989 -3.400000 0.5490 0.6275 0.7255
v 3.000000 0.049968 3.400000 0.5490 0.6275 0.7255
v 3.000000 0.049968 3.200000 0.5490 0.6275 0.7255
v 3.000000 0.049968 3.000000 0.5490 0.6275 0.7255
v 3.000000 0.049968 2.800000 0.5490 0.6275 0.7255
v 3.000000 0.049968 2.600000 0.5490 0.6275 0.7255
v 3.000000 0.049968 2.400000 0.5490 0.6275 0.7255
v 3.000000 0.049968 2.200000 0.5490 0.6275 0.7255
v 3.000000 0.049968 2.000000 0.5490 0.6275 0.7255
v 3.000000 0.049968 1.800000 0.5490 0.6275 0.7255
v 3.000000 0.049968 1.600000 0.5490 0.6275 0.7255
v 3.000000 0.049968 1.400000 0.5490 0.6275 0.7255
v 3.000000 0.049968 1.200000 0.5490 0.6275 0.7255
v 3.000000 0.049968 1.000000 0.5490 0.6275 0.7255
v 3.000000 0.049968 0.800000 0.5490 0.6275 0.7255
v 3.000000 0.049968 0.600000 0.5490 0.6275 0.7255
v 3.000000 0.049968 0.400000 0.5490 0.6275 0.7255
v 3.000000 0.049968 0.200000 0.5490 0.6275 0.7255
v 3.000000 0.049968 0.000000 0.5490 0.6275 0.7255
v 3.000000 0.049968 -0.200000 0.5490 0.6275 0.7255
v 3.000000 0.049968 -0.400000 0.5490 0.6275 0.7255
v 3.000000 0.049968 -0.600000 0.5490 0.6275 0.7255
v 3.000000 0.049968 -0.800000 0.5490 0.6275 0.7255
v 3.000000 0.049968 -1.000000 0.5490 0.6275 0.7255
v 3.000000 0.049968 -1.200000 0.5490 0.6275 0.7255
v 3.000000 0.049968 -1.400000 0.5490 0.6275 0.7255
v 3.000000 0.049968 -1.600000 0.5490 0.6275 0.7255
v 3.000000 0.049968 -1.800000 0.5490 0.6275 0.7255
v 3.000000 0.049968 -2.000000 0.5490 0.6275 0.7255
v 3.000000 0.049968 -2.200000 0.5490 0.6275 0.7255
v 3.000000 0.049968 -2.400000 0.5490 0.6275 0.7255
v 3.000000 0.049968 -2.600000 0.5490 0.6275 0.7255
v 3.000000 0.049968 -2.800000 0.5490 0.6275 0.7255
v 3.000000 0.049968 -3.000000 0.5490 0.6275 0.7255
v 3.000000 0.049968 -3.200000 0.5490 0.6275 0.7255
v 3.000000 0.049968 -3.400000 0.5490 0.6275 0.7255
v 3.200000 0.049697 3.400000 0.5490 0.6275 0.7255
v 3.200000 0.049697 3.200000 0.5490 0.6275 0.7255
v 3.200000 0.049697 3.000000 0.5490 0.6275 0.7255
v 3.200000 0.049697 2.800000 0.5490 0.6275 0.7255
v 3.200000 0.049697 2.600000 0.5490 0.6275 0.7255
v 3.200000 0.049697 2.400000 0.5490 0.6275 0.7255
v 3.200000 0.049697 2.200000 0.5490 0.6275 0.7255
v 3.200000 0.049697 2.000000 0.5490 0.6275 0.7255
v 3.200000 0.049697 1.800000 0.5490 0.6275 0.7255
v 3.200000 0.049697 1.600000 0.5490 0.6275 0.7255
v 3.200000 0.049697 1.400000 0.5490 0.6275 0.7255
v 3.200000 0.049697 1.200000 0.5490 0.6275 0.7255
v 3.200000 0.049697 1.000000 0.5490 0.6275 0.7255
v 3.200000 0.049697 0.800000 0.5490 0.6275 0.7255
v 3.200000 0.049697 0.600000 0.5490 0.6275 0.7255
v 3.200000 0.049697 0.400000 0.5490 0.6275 0.7255
v 3.200000 0.049697 0.200000 0.5490 0.6275 0.7255
v 3.200000 0.049697 0.000000 0.5490 0.6275 0.7255
v 3.200000 0.049697 -0.200000 0.5490 0.6275 0.7255
v 3.200000 0.049697 -0.400000 0.5490 0.6275 0.7255
v 3.200000 0.049697 -0.600000 0.5490 0.6275 0.7255
v 3.200000 0.049697 -0.800000 0.5490 0.6275 0.7255
v 3.200000 0.049697 -1.000000 0.5490 0.6275 0.7255
v 3.200000 0.049697 -1.200000 0.5490 0.6275 0.7255
v 3.200000 0.049697 -1.400000 0.5490 0.6275 0.7255
v 3.200000 0.049697 -1.600000 0.5490 0.6275 0.7255
v 3.200000 0.049697 -1.800000 0.5490 0.6275 0.7255
v 3.200000 0.049697 -2.000000 0.5490 0.6275 0.7255
v 3.200000 0.049697 -2.200000 0.5490 0.6275 0.7255
v 3.200000 0.049697 -2.400000 0.5490 0.6275 0.7255
v 3.200000 0.049697 -2.600000 0.5490 0.6275 0.7255
v 3.200000 0.049697 -2.800000 0.5490 0.6275 0.7255
v 3.200000 0.049697 -3.000000 0.5490 0.6275 0.7255
v 3.200000 0.049697 -3.200000 0.5490 0.6275 0.7255
v 3.200000 0.049697 -3.400000 0.5490 0.6275 0.7255
v 3.400000 0.049177 3.400000 0.5490 0.6275 0.7255
v 3.400000 0.049177 3.200000 0.5490 0.6275 0.7255
v 3.400000 0.049177 3.000000 0.5490 0.6275 0.7255
v 3.400000 0.049177 2.800000 0.5490 0.6275 0.7255
v 3.400000 0.049177 2.600000 0.5490 0.6275 0.7255
v 3.400000 0.049177 2.400000 0.5490 0.6275 0.7255
v 3.400000 0.049177 2.200000 0.5490 0.6275 0.7255
v 3.400000 0.049177 2.000000 0.5490 0.6275 0.7255
v 3.400000 0.049177 1.800000 0.5490 0.6275 0.7255
v 3.400000 0.049177 1.600000 0.5490 0.6275 0.7255
v 3.400000 0.049177 1.400000 0.5490 0.6275 0.7255
v 3.400000 0.049177 1.200000 0.5490 0.6275 0.7255
v 3.400000 0.049177 1.000000 0.5490 0.6275 0.7255
v 3.400000 0.049177 0.800000 0.5490 0.6275 0.7255
v 3.400000 0.049177 0.600000 0.5490 0.6275 0.7255
v 3.400000 0.049177 0.400000 0.5490 0.6275 0.7255
v 3.400000 0.049177 0.200000 0.5490 0.6275 0.7255
v 3.400000 0.049177 0.000000 0.5490 0.6275 0.7255
v 3.400000 0.049177 -0.200000 0.5490 0.6275 0.7255
v 3.400000 0.049177 -0.400000 0.5490 0.6275 0.7255
v 3.400000 0.049177 -0.600000 0.5490 0.6275 0.7255
v 3.400000 0.049177 -0.800000 0.5490 0.6275 0.7255
v 3.400000 0.049177 -1.000000 0.5490 0.6275 0.7255
v 3.400000 0.049177 -1.200000 0.5490 0.6275 0.7255
v 3.400000 0.049177 -1.400000 0.5490 0.6275 0.7255
v 3.400000 0.049177 -1.600000 0.5490 0.6275 0.7255
v 3.400000 0.049177 -1.800000 0.5490 0.6275 0.7255
v 3.400000 0.049177 -2.000000 0.5490 0.6275 0.7255
v 3.400000 0.049177 -2.200000 0.5490 0.6275 0.7255
v 3.400000 0.049177 -2.400000 0.5490 0.6275 0.7255
v 3.400000 0.049177 -2.600000 0.5490 0.6275 0.7255
v 3.400000 0.049177 -2.800000 0.5490 0.6275 0.7255
v 3.400000 0.049177 -3.000000 0.5490 0.6275 0.7255
v 3.400000 0.049177 -3.200000 0.5490 0.6275 0.7255
v 3.400000 0.049177 -3.400000 0.5490 0.6275 0.7255

f 1 2 3
f 1 3 4
f 1 4 5
f 1 5 39
f 1 39 38
f 1 38 74
f 1 74 73
f 1 73 37
f 1 37 108
f 1 108 72
f 1 72 107
f 1 107 106
f 1 106 71
f 1 71 36
f 2 3 4
f 2 4 5
f 2 5 40
f 2 40 39
f 2 39 74
f 2 74 38
f 2 38 73
f 2 73 108
f 2 108 107
f 2 107 72
f 2 72 37
f 2 37 71
f 2 71 36
f 2 36 1
f 3 4 5
f 3 5 6
f 3 6 40
f 3 40 75
f 3 75 39
f 3 39 74
f 3 74 73
f 3 73 38
f 3 38 72
f 3 72 37
f 3 37 71
f 3 71 36
f 3 36 2
f 4 5 6
f 4 6 7
f 4 7 41
f 4 41 76
f 4 76 40
f 4 40 75
f 4 75 74
f 4 74 39
f 4 39 73
f 4 73 38
f 4 38 72
f 4 72 37
f 4 37 3
f 5 6 7
f 5 7 8
f 5 8 42
f 5 42 77
f 5 77 41
f 5 41 76
f 5 76 75
f 5 75 40
f 5 40 74
f 5 74 39
f 5 39 73
f 5 73 38
f 5 38 4
f 6 43 78
f 6 78 42
f 6 42 77
f 6 77 41
f 6 41 76
f 6 76 75
f 6 75 40
f 6 40 74
f 6 74 39
f 6 39 4
f 6 7 8
f 6 8 43
f 7 44 79
f 7 79 43
f 7 43 78
f 7 78 42
f 7 42 77
f 7 77 76
f 7 76 41
f 7 41 75
f 7 75 40
f 7 40 6
f 7 5 4
f 7 8 9
f 7 9 44
f 8 45 80
f 8 80 44
f 8 44 79
f 8 79 43
f 8 43 78
f 8 78 77
f 8 77 42
f 8 42 76
f 8 76 41
f 8 41 7
f 8 6 5
f 8 9 10
f 8 10 45
f 9 10 11
f 9 11 12
f 9 12 46
f 9 46 81
f 9 81 45
f 9 45 80
f 9 80 79
f 9 79 44
f 9 44 78
f 9 78 43
f 9 43 77
f 9 77 42
f 9 42 8
f 10 11 12
f 10 12 13
f 10 13 47
f 10 47 82
f 10 82 46
f 10 46 81
f 10 81 80
f 10 80 45
f 10 45 79
f 10 79 44
f 10 44 78
f 10 78 43
f 10 43 9
f 11 12 13
f 11 13 14
f 11 14 48
f 11 48 83
f 11 83 47
f 11 47 82
f 11 82 81
f 11 81 46
f 11 46 80
f 11 80 45
f 11 45 79
f 11 79 44
f 11 44 10
f 12 49 84
f 12 84 48
f 12 48 83
f 12 83 47
f 12 47 82
f 12 82 81
f 12 81 46
f 12 46 80
f 12 80 45
f 12 45 11
f 12 10 9
f 12 13 14
f 12 14 49
f 13 14 15
f 13 15 16
f 13 16 50
f 13 50 85
f 13 85 49
f 13 49 84
f 13 84 83
f 13 83 48
f 13 48 82
f 13 82 47
f 13 47 81
f 13 81 46
f 13 46 12
f 14 51 86
f 14 86 50
f 14 50 85
f 14 85 49
f 14 49 84
f 14 84 83
f 14 83 48
f 14 48 82
f 14 82 47
f 14 47 12
f 14 15 16
f 14 16 51
f 15 52 87
f 15 87 51
f 15 51 86
f 15 86 50
f 15 50 85
f 15 85 84
f 15 84 49
f 15 49 83
f 15 83 48
f 15 48 14
f 15 13 12
f 15 16 17
f 15 17 52
f 16 53 88
f 16 88 52
f 16 52 87
f 16 87 51
f 16 51 86
f 16 86 85
f 16 85 50
f 16 50 84
f 16 84 49
f 16 49 14
f 16 17 18
f 16 18 53
f 17 18 19
f 17 19 20
f 17 20 54
f 17 54 89
f 17 89 53
f 17 53 88
f 17 88 87
f 17 87 52
f 17 52 86
f 17 86 51
f 17 51 85
f 17 85 50
f 17 50 16
f 18 19 20
f 18 20 21
f 18 21 55
f 18 55 90
f 18 90 54
f 18 54 89
f 18 89 88
f 18 88 53
f 18 53 87
f 18 87 52
f 18 52 86
f 18 86 51
f 18 51 17
f 19 20 21
f 19 21 22
f 19 22 56
f 19 56 91
f 19 91 55
f 19 55 90
f 19 90 89
f 19 89 54
f 19 54 88
f 19 88 53
f 19 53 87
f 19 87 52
f 19 52 18
f 20 21 22
f 20 22 23
f 20 23 57
f 20 57 92
f 20 92 56
f 20 56 91
f 20 91 90
f 20 90 55
f 20 55 89
f 20 89 54
f 20 54 88
f 20 88 53
f 20 53 19
f 21 22 23
f 21 23 24
f 21 24 58
f 21 58 93
f 21 93 57
f 21 57 92
f 21 92 91
f 21 91 56
f 21 56 90
f 21 90 55
f 21 55 89
f 21 89 54
f 21 54 20
f 22 23 24
f 22 24 25
f 22 25 59
f 22 59 94
f 22 94 58
f 22 58 93
f 22 93 92
f 22 92 57
f 22 57 91
f 22 91 56
f 22 56 90
f 22 90 55
f 22 55 21
f 23 60 95
f 23 95 59
f 23 59 94
f 23 94 58
f 23 58 93
f 23 93 92
f 23 92 57
f 23 57 91
f 23 91 56
f 23 56 22
f 23 21 20
f 23 24 25
f 23 25 60
f 24 25 26
f 24 26 27
f 24 27 61
f 24 61 96
f 24 96 60
f 24 60 95
f 24 95 94
f 24 94 59
f 24 59 93
f 24 93 58
f 24 58 92
f 24 92 57
f 24 57 22
f 25 62 97
f 25 97 61
f 25 61 96
f 25 96 60
f 25 60 95
f 25 95 94
f 25 94 59
f 25 59 93
f 25 93 58
f 25 58 24
f 25 23 22
f 25 26 27
f 25 27 62
f 26 27 28
f 26 28 29
f 26 29 63
f 26 63 98
f 26 98 62
f 26 62 97
f 26 97 96
f 26 96 61
f 26 61 95
f 26 95 60
f 26 60 94
f 26 94 59
f 26 59 24
f 27 64 99
f 27 99 63
f 27 63 98
f 27 98 62
f 27 62 97
f 27 97 96
f 27 96 61
f 27 61 95
f 27 95 60
f 27 60 26
f 27 25 24
f 27 28 29
f 27 29 64
f 28 29 30
f 28 30 31
f 28 31 65
f 28 65 100
f 28 100 64
f 28 64 99
f 28 99 98
f 28 98 63
f 28 63 97
f 28 97 62
f 28 62 96
f 28 96 61
f 28 61 27
f 29 30 31
f 29 31 32
f 29 32 66
f 29 66 101
f 29 101 65
f 29 65 100
f 29 100 99
f 29 99 64
f 29 64 98
f 29 98 63
f 29 63 97
f 29 97 62
f 29 62 28
f 30 31 32
f 30 32 33
f 30 33 67
f 30 67 102
f 30 102 66
f 30 66 101
f 30 101 100
f 30 100 65
f 30 65 99
f 30 99 64
f 30 64 98
f 30 98 63
f 30 63 29
f 31 68 103
f 31 103 67
f 31 67 102
f 31 102 66
f 31 66 101
f 31 101 100
f 31 100 65
f 31 65 99
f 31 99 64
f 31 64 29
f 31 32 33
f 31 33 68
f 32 69 104
f 32 104 68
f 32 68 103
f 32 103 67
f 32 67 102
f 32 102 101
f 32 101 66
f 32 66 100
f 32 100 65
f 32 65 31
f 32 30 29
f 32 33 34
f 32 34 69
f 33 70 105
f 33 105 69
f 33 69 104
f 33 104 68
f 33 68 103
f 33 103 102
f 33 102 67
f 33 67 101
f 33 101 66
f 33 66 32
f 33 31 30
f 33 34 35
f 33 35 70
f 34 35 70
f 34 70 105
f 34 105 140
f 34 140 139
f 34 139 104
f 34 104 69
f 34 69 103
f 34 103 68
f 34 68 102
f 34 102 67
f 34 67 66
f 34 66 31
f 34 31 33
f 35 70 105
f 35 105 140
f 35 140 139
f 35 139 104
f 35 104 138
f 35 138 69
f 35 69 103
f 35 103 102
f 35 102 68
f 35 68 67
f 35 67 34
f 35 33 32
f 35 32 31
f 36 141 106
f 36 106 71
f 36 71 107
f 36 107 72
f 36 72 108
f 36 108 73
f 36 73 74
f 36 74 39
f 36 39 37
f 36 37 38
f 36 38 4
f 36 4 3
f 37 36 71
f 37 71 106
f 37 106 107
f 37 107 72
f 37 72 108
f 37 108 73
f 37 73 109
f 37 109 74
f 37 74 38
f 37 38 39
f 37 39 4
f 37 3 2
f 37 2 1
f 37 1 36
f 38 71 72
f 38 72 73
f 38 73 108
f 38 108 74
f 38 74 75
f 38 75 39
f 38 39 40
f 38 40 5
f 38 4 3
f 38 3 2
f 38 2 1
f 38 1 37
f 38 36 71
f 39 72 73
f 39 73 74
f 39 74 109
f 39 109 75
f 39 75 76
f 39 76 41
f 39 41 40
f 39 40 6
f 39 6 5
f 39 5 4
f 39 4 3
f 39 3 2
f 39 2 38
f 39 37 72
f 40 38 73
f 40 73 74
f 40 74 110
f 40 110 75
f 40 75 76
f 40 76 77
f 40 77 41
f 40 41 42
f 40 42 7
f 40 6 5
f 40 5 4
f 40 4 3
f 40 3 39
f 41 74 75
f 41 75 76
f 41 76 111
f 41 111 77
f 41 77 78
f 41 78 42
f 41 42 43
f 41 43 8
f 41 7 6
f 41 6 5
f 41 5 4
f 41 4 40
f 41 39 74
f 42 40 75
f 42 75 76
f 42 76 112
f 42 112 77
f 42 77 78
f 42 78 79
f 42 79 43
f 42 43 44
f 42 44 9
f 42 8 7
f 42 7 6
f 42 6 5
f 42 5 41
f 43 76 77
f 43 77 78
f 43 78 113
f 43 113 79
f 43 79 80
f 43 80 45
f 43 45 44
f 43 44 10
f 43 9 8
f 43 8 7
f 43 7 6
f 43 6 42
f 43 41 76
f 44 77 78
f 44 78 79
f 44 79 114
f 44 114 80
f 44 80 81
f 44 81 45
f 44 45 46
f 44 46 11
f 44 10 9
f 44 9 8
f 44 8 7
f 44 7 43
f 44 42 77
f 45 43 78
f 45 78 79
f 45 79 80
f 45 115 80
f 45 115 81
f 45 81 82
f 45 82 47
f 45 47 46
f 45 46 12
f 45 11 10
f 45 10 9
f 45 9 8
f 45 8 44
f 46 79 80
f 46 80 81
f 46 81 116
f 46 116 82
f 46 82 83
f 46 83 47
f 46 47 48
f 46 48 13
f 46 12 11
f 46 11 10
f 46 10 9
f 46 9 45
f 46 44 79
f 47 45 80
f 47 80 81
f 47 81 82
f 47 117 82
f 47 117 83
f 47 83 84
f 47 84 48
f 47 48 49
f 47 49 14
f 47 14 13
f 47 13 12
f 47 12 11
f 47 11 10
f 47 10 46
f 48 81 82
f 48 82 83
f 48 83 118
f 48 118 84
f 48 84 85
f 48 85 49
f 48 49 50
f 48 50 15
f 48 14 13
f 48 13 12
f 48 12 11
f 48 11 47
f 48 46 81
f 49 82 83
f 49 83 84
f 49 84 119
f 49 119 85
f 49 85 86
f 49 86 50
f 49 50 51
f 49 51 16
f 49 16 15
f 49 15 14
f 49 14 13
f 49 13 12
f 49 12 48
f 49 47 82
f 50 48 83
f 50 83 84
f 50 84 85
f 50 120 85
f 50 120 86
f 50 86 87
f 50 87 51
f 50 51 52
f 50 52 17
f 50 16 15
f 50 15 14
f 50 14 13
f 50 13 49
f 51 84 85
f 51 85 86
f 51 86 121
f 51 121 87
f 51 87 88
f 51 88 52
f 51 52 53
f 51 53 18
f 51 17 16
f 51 16 15
f 51 15 14
f 51 14 50
f 51 49 84
f 52 85 86
f 52 86 87
f 52 87 122
f 52 122 88
f 52 88 89
f 52 89 53
f 52 53 54
f 52 54 19
f 52 18 17
f 52 17 16
f 52 16 15
f 52 15 51
f 52 50 85
f 53 86 87
f 53 87 88
f 53 88 123
f 53 123 89
f 53 89 90
f 53 90 54
f 53 54 55
f 53 55 20
f 53 19 18
f 53 18 17
f 53 17 16
f 53 16 52
f 53 51 86
f 54 52 87
f 54 87 88
f 54 88 89
f 54 124 89
f 54 124 90
f 54 90 91
f 54 91 55
f 54 55 56
f 54 56 21
f 54 20 19
f 54 19 18
f 54 18 17
f 54 17 53
f 55 53 88
f 55 88 89
f 55 89 90
f 55 125 90
f 55 125 91
f 55 91 92
f 55 92 56
f 55 56 57
f 55 57 22
f 55 21 20
f 55 20 19
f 55 19 18
f 55 18 54
f 56 89 90
f 56 90 91
f 56 91 126
f 56 126 92
f 56 92 93
f 56 93 57
f 56 57 58
f 56 58 23
f 56 22 21
f 56 21 20
f 56 20 19
f 56 19 55
f 56 54 89
f 57 55 90
f 57 90 91
f 57 91 92
f 57 127 92
f 57 127 93
f 57 93 94
f 57 94 59
f 57 59 58
f 57 58 24
f 57 24 23
f 57 23 22
f 57 22 21
f 57 21 20
f 57 20 56
f 58 56 91
f 58 91 92
f 58 92 93
f 58 128 93
f 58 128 94
f 58 94 95
f 58 95 59
f 58 59 60
f 58 60 25
f 58 24 23
f 58 23 22
f 58 22 21
f 58 21 57
f 59 92 93
f 59 93 94
f 59 94 129
f 59 129 95
f 59 95 96
f 59 96 61
f 59 61 60
f 59 60 26
f 59 26 25
f 59 25 24
f 59 24 23
f 59 23 22
f 59 22 58
f 59 57 92
f 60 58 93
f 60 93 94
f 60 94 95
f 60 130 95
f 60 130 96
f 60 96 97
f 60 97 62
f 60 62 61
f 60 61 27
f 60 26 25
f 60 25 24
f 60 24 23
f 60 23 59
f 61 94 95
f 61 95 96
f 61 96 131
f 61 131 97
f 61 97 98
f 61 98 62
f 61 62 63
f 61 63 28
f 61 27 26
f 61 26 25
f 61 25 24
f 61 24 60
f 61 59 94
f 62 60 95
f 62 95 96
f 62 96 132
f 62 132 97
f 62 97 98
f 62 98 99
f 62 99 63
f 62 63 64
f 62 64 29
f 62 28 27
f 62 27 26
f 62 26 25
f 62 25 61
f 63 61 96
f 63 96 97
f 63 97 98
f 63 133 98
f 63 133 99
f 63 99 100
f 63 100 64
f 63 64 65
f 63 65 30
f 63 29 28
f 63 28 27
f 63 27 26
f 63 26 62
f 64 97 98
f 64 98 99
f 64 99 134
f 64 134 100
f 64 100 101
f 64 101 66
f 64 66 65
f 64 65 31
f 64 31 30
f 64 30 29
f 64 29 28
f 64 28 27
f 64 27 63
f 64 62 97
f 65 63 98
f 65 98 99
f 65 99 135
f 65 135 100
f 65 100 101
f 65 101 102
f 65 102 66
f 65 66 67
f 65 67 32
f 65 31 30
f 65 30 29
f 65 29 28
f 65 28 64
f 66 99 100
f 66 100 101
f 66 101 136
f 66 136 102
f 66 102 103
f 66 103 67
f 66 67 68
f 66 68 33
f 66 32 31
f 66 31 30
f 66 30 29
f 66 29 65
f 66 64 99
f 67 65 100
f 67 100 101
f 67 101 137
f 67 137 102
f 67 102 103
f 67 103 104
f 67 104 68
f 67 68 69
f 67 69 34
f 67 34 33
f 67 33 32
f 67 32 31
f 67 31 30
f 67 30 66
f 68 101 102
f 68 102 103
f 68 103 138
f 68 138 104
f 68 104 105
f 68 105 69
f 68 69 70
f 68 70 35
f 68 35 34
f 68 34 33
f 68 33 32
f 68 32 31
f 68 31 67
f 68 66 101
f 69 102 137
f 69 137 103
f 69 103 138
f 69 138 104
f 69 104 139
f 69 139 140
f 69 140 105
f 69 105 70
f 69 70 35
f 69 35 34
f 69 34 33
f 69 33 32
f 69 32 68
f 69 67 102
f 70 102 103
f 70 103 138
f 70 138 104
f 70 104 139
f 70 139 105
f 70 105 140
f 70 140 175
f 70 34 33
f 70 33 32
f 70 32 69
f 70 68 67
f 70 67 102
f 71 141 106
f 71 106 142
f 71 142 107
f 71 107 143
f 71 143 108
f 71 108 72
f 71 72 73
f 71 73 74
f 71 74 38
f 71 38 37
f 71 3 2
f 72 71 106
f 72 106 141
f 72 141 142
f 72 142 107
f 72 107 143
f 72 143 108
f 72 108 109
f 72 109 73
f 72 73 74
f 72 74 39
f 72 39 38
f 72 38 37
f 72 2 36
f 72 36 71
f 73 106 107
f 73 107 108
f 73 108 143
f 73 143 109
f 73 109 110
f 73 110 74
f 73 74 75
f 73 75 40
f 73 40 39
f 73 39 3
f 73 38 37
f 73 37 72
f 73 71 106
f 74 107 108
f 74 108 109
f 74 109 144
f 74 144 110
f 74 110 111
f 74 111 76
f 74 76 75
f 74 41 40
f 74 40 4
f 74 39 38
f 74 38 73
f 74 72 107
f 75 108 109
f 75 109 110
f 75 110 145
f 75 145 111
f 75 111 112
f 75 112 77
f 75 77 76
f 75 42 41
f 75 41 5
f 75 40 39
f 75 39 74
f 75 73 108
f 76 74 109
f 76 109 110
f 76 110 146
f 76 146 111
f 76 111 112
f 76 112 113
f 76 113 77
f 76 77 78
f 76 78 42
f 76 42 41
f 76 6 40
f 76 40 39
f 77 75 110
f 77 110 111
f 77 111 147
f 77 147 112
f 77 112 113
f 77 113 114
f 77 114 78
f 77 78 79
f 77 79 43
f 77 43 42
f 77 7 41
f 78 111 112
f 78 112 113
f 78 113 148
f 78 148 114
f 78 114 115
f 78 115 79
f 78 79 80
f 78 80 45
f 78 45 44
f 78 44 8
f 78 43 42
f 78 76 111
f 79 112 113
f 79 113 114
f 79 114 149
f 79 149 115
f 79 115 116
f 79 116 81
f 79 81 80
f 79 46 45
f 79 45 9
f 79 44 43
f 79 43 78
f 79 77 112
f 80 113 114
f 80 114 115
f 80 115 150
f 80 150 116
f 80 116 117
f 80 117 81
f 80 81 82
f 80 82 47
f 80 47 46
f 80 46 10
f 80 45 44
f 80 44 79
f 80 78 113
f 81 114 115
f 81 115 116
f 81 116 151
f 81 151 117
f 81 117 118
f 81 118 82
f 81 82 83
f 81 83 48
f 81 48 47
f 81 47 11
f 81 46 45
f 81 45 80
f 81 79 114
f 82 80 115
f 82 115 116
f 82 116 152
f 82 152 117
f 82 117 118
f 82 118 119
f 82 119 83
f 82 83 84
f 82 84 48
f 82 48 47
f 82 12 46
f 82 46 45
f 83 81 116
f 83 116 117
f 83 117 153
f 83 153 118
f 83 118 119
f 83 119 120
f 83 120 84
f 83 84 85
f 83 85 49
f 83 49 48
f 83 13 47
f 84 117 118
f 84 118 119
f 84 119 154
f 84 154 120
f 84 120 121
f 84 121 85
f 84 85 86
f 84 86 51
f 84 51 50
f 84 50 14
f 84 49 48
f 84 48 83
f 84 82 117
f 85 83 118
f 85 118 119
f 85 119 155
f 85 155 120
f 85 120 121
f 85 121 122
f 85 122 86
f 85 86 87
f 85 87 51
f 85 51 50
f 85 15 49
f 86 84 119
f 86 119 120
f 86 120 156
f 86 156 121
f 86 121 122
f 86 122 123
f 86 123 87
f 86 87 88
f 86 88 52
f 86 52 51
f 86 16 50
f 87 120 121
f 87 121 122
f 87 122 157
f 87 157 123
f 87 123 124
f 87 124 88
f 87 88 89
f 87 89 54
f 87 54 53
f 87 53 17
f 87 52 51
f 87 51 86
f 87 85 120
f 88 121 122
f 88 122 123
f 88 123 158
f 88 158 124
f 88 124 125
f 88 125 89
f 88 89 90
f 88 90 55
f 88 55 54
f 88 54 18
f 88 53 52
f 88 52 87
f 88 86 121
f 89 87 122
f 89 122 123
f 89 123 159
f 89 159 124
f 89 124 125
f 89 125 126
f 89 126 91
f 89 91 90
f 89 55 54
f 89 19 53
f 90 123 124
f 90 124 125
f 90 125 160
f 90 160 126
f 90 126 127
f 90 127 92
f 90 92 91
f 90 57 56
f 90 56 20
f 90 55 54
f 90 54 89
f 90 88 123
f 91 124 125
f 91 125 126
f 91 126 161
f 91 161 127
f 91 127 128
f 91 128 92
f 91 92 93
f 91 93 58
f 91 58 57
f 91 57 21
f 91 56 55
f 91 55 90
f 91 89 124
f 92 90 125
f 92 125 126
f 92 126 162
f 92 162 127
f 92 127 128
f 92 128 129
f 92 129 94
f 92 94 93
f 92 58 57
f 92 22 56
f 93 91 126
f 93 126 127
f 93 127 163
f 93 163 128
f 93 128 129
f 93 129 130
f 93 130 94
f 93 94 95
f 93 95 59
f 93 59 58
f 93 23 57
f 94 127 128
f 94 128 129
f 94 129 164
f 94 164 130
f 94 130 131
f 94 131 95
f 94 95 96
f 94 96 61
f 94 61 60
f 94 60 24
f 94 59 58
f 94 58 93
f 94 92 127
f 95 128 129
f 95 129 130
f 95 130 165
f 95 165 131
f 95 131 132
f 95 132 96
f 95 96 97
f 95 97 62
f 95 62 61
f 95 61 25
f 95 60 59
f 95 59 94
f 95 93 128
f 96 129 130
f 96 130 131
f 96 131 166
f 96 166 132
f 96 132 133
f 96 133 97
f 96 97 98
f 96 98 63
f 96 63 62
f 96 62 26
f 96 61 60
f 96 60 95
f 96 94 129
f 97 95 130
f 97 130 131
f 97 131 167
f 97 167 132
f 97 132 133
f 97 133 134
f 97 134 98
f 97 98 99
f 97 99 63
f 97 63 62
f 97 27 61
f 97 61 60
f 98 96 131
f 98 131 132
f 98 132 168
f 98 168 133
f 98 133 134
f 98 134 135
f 98 135 99
f 98 99 100
f 98 100 64
f 98 64 63
f 98 28 62
f 99 132 133
f 99 133 134
f 99 134 169
f 99 169 135
f 99 135 136
f 99 136 101
f 99 101 100
f 99 66 65
f 99 65 29
f 99 64 63
f 99 63 98
f 99 97 132
f 100 133 134
f 100 134 135
f 100 135 170
f 100 170 136
f 100 136 137
f 100 137 102
f 100 102 101
f 100 67 66
f 100 66 30
f 100 65 64
f 100 64 99
f 100 98 133
f 101 99 134
f 101 134 135
f 101 135 171
f 101 171 136
f 101 136 137
f 101 137 138
f 101 138 102
f 101 102 103
f 101 103 67
f 101 67 66
f 101 31 65
f 101 65 64
f 102 100 135
f 102 135 136
f 102 136 172
f 102 172 137
f 102 137 138
f 102 138 139
f 102 139 103
f 102 103 104
f 102 104 68
f 102 68 67
f 102 32 66
f 103 136 137
f 103 137 138
f 103 138 173
f 103 173 139
f 103 139 140
f 103 140 104
f 103 104 105
f 103 105 70
f 103 70 69
f 103 69 33
f 103 68 67
f 103 101 136
f 104 137 138
f 104 138 173
f 104 173 139
f 104 139 174
f 104 174 175
f 104 175 140
f 104 140 105
f 104 105 70
f 104 70 34
f 104 69 68
f 104 102 137
f 105 138 173
f 105 173 139
f 105 139 174
f 105 174 140
f 105 140 175
f 105 34 33
f 105 103 102
f 105 102 138
f 106 176 141
f 106 141 177
f 106 177 142
f 106 142 178
f 106 178 143
f 106 143 107
f 106 107 108
f 106 108 109
f 106 109 73
f 106 73 72
f 106 72 38
f 106 38 37
f 107 106 141
f 107 141 176
f 107 176 177
f 107 177 142
f 107 142 178
f 107 178 143
f 107 143 144
f 107 144 108
f 107 108 109
f 107 109 74
f 107 74 73
f 107 73 72
f 107 37 71
f 107 71 106
f 108 141 142
f 108 142 143
f 108 143 178
f 108 178 144
f 108 144 145
f 108 145 109
f 108 109 110
f 108 110 75
f 108 75 74
f 108 73 72
f 108 72 107
f 108 106 141
f 109 142 143
f 109 143 144
f 109 144 179
f 109 179 145
f 109 145 146
f 109 146 110
f 109 110 111
f 109 111 76
f 109 76 75
f 109 74 73
f 109 73 108
f 109 107 142
f 110 143 144
f 110 144 145
f 110 145 180
f 110 180 146
f 110 146 147
f 110 147 111
f 110 111 112
f 110 112 77
f 110 77 76
f 110 76 40
f 110 75 74
f 110 74 109
f 110 108 143
f 111 109 144
f 111 144 145
f 111 145 181
f 111 181 146
f 111 146 147
f 111 147 148
f 111 148 112
f 111 112 113
f 111 113 77
f 111 77 76
f 111 41 75
f 111 75 74
f 112 110 145
f 112 145 146
f 112 146 182
f 112 182 147
f 112 147 148
f 112 148 149
f 112 149 113
f 112 113 114
f 112 114 78
f 112 78 77
f 112 76 75
f 113 146 147
f 113 147 148
f 113 148 183
f 113 183 149
f 113 149 150
f 113 150 114
f 113 114 115
f 113 115 80
f 113 80 79
f 113 78 77
f 113 111 146
f 114 147 148
f 114 148 149
f 114 149 184
f 114 184 150
f 114 150 151
f 114 151 115
f 114 115 116
f 114 116 81
f 114 81 80
f 114 79 78
f 114 78 113
f 114 112 147
f 115 148 149
f 115 149 150
f 115 150 185
f 115 185 151
f 115 151 152
f 115 152 116
f 115 116 117
f 115 117 82
f 115 82 81
f 115 80 79
f 115 79 114
f 115 113 148
f 116 149 150
f 116 150 151
f 116 151 186
f 116 186 152
f 116 152 153
f 116 153 117
f 116 117 118
f 116 118 83
f 116 83 82
f 116 81 80
f 116 80 115
f 116 114 149
f 117 115 150
f 117 150 151
f 117 151 187
f 117 187 152
f 117 152 153
f 117 153 154
f 117 154 118
f 117 118 119
f 117 119 83
f 117 83 82
f 117 47 81
f 118 116 151
f 118 151 152
f 118 152 188
f 118 188 153
f 118 153 154
f 118 154 155
f 118 155 119
f 118 119 120
f 118 120 84
f 118 84 83
f 118 48 82
f 119 152 153
f 119 153 154
f 119 154 189
f 119 189 155
f 119 155 156
f 119 156 120
f 119 120 121
f 119 121 86
f 119 86 85
f 119 84 83
f 119 117 152
f 120 118 153
f 120 153 154
f 120 154 190
f 120 190 155
f 120 155 156
f 120 156 157
f 120 157 121
f 120 121 122
f 120 122 86
f 120 86 85
f 120 50 84
f 121 119 154
f 121 154 155
f 121 155 191
f 121 191 156
f 121 156 157
f 121 157 158
f 121 158 122
f 121 122 123
f 121 123 87
f 121 87 86
f 121 51 85
f 122 155 156
f 122 156 157
f 122 157 192
f 122 192 158
f 122 158 159
f 122 159 123
f 122 123 124
f 122 124 89
f 122 89 88
f 122 87 86
f 122 120 155
f 123 156 157
f 123 157 158
f 123 158 193
f 123 193 159
f 123 159 160
f 123 160 124
f 123 124 125
f 123 125 90
f 123 90 89
f 123 88 87
f 123 87 122
f 123 121 156
f 124 122 157
f 124 157 158
f 124 158 194
f 124 194 159
f 124 159 160
f 124 160 161
f 124 161 125
f 124 125 126
f 124 126 90
f 124 90 89
f 124 54 88
f 125 158 159
f 125 159 160
f 125 160 195
f 125 195 161
f 125 161 162
f 125 162 126
f 125 126 127
f 125 127 92
f 125 92 91
f 125 90 89
f 125 123 158
f 126 159 160
f 126 160 161
f 126 161 196
f 126 196 162
f 126 162 163
f 126 163 127
f 126 127 128
f 126 128 93
f 126 93 92
f 126 91 90
f 126 90 125
f 126 124 159
f 127 125 160
f 127 160 161
f 127 161 197
f 127 197 162
f 127 162 163
f 127 163 164
f 127 164 128
f 127 128 129
f 127 129 93
f 127 93 92
f 127 57 91
f 127 91 90
f 128 126 161
f 128 161 162
f 128 162 198
f 128 198 163
f 128 163 164
f 128 164 165
f 128 165 129
f 128 129 130
f 128 130 94
f 128 94 93
f 128 58 92
f 129 162 163
f 129 163 164
f 129 164 199
f 129 199 165
f 129 165 166
f 129 166 130
f 129 130 131
f 129 131 96
f 129 96 95
f 129 94 93
f 129 127 162
f 130 163 164
f 130 164 165
f 130 165 200
f 130 200 166
f 130 166 167
f 130 167 131
f 130 131 132
f 130 132 97
f 130 97 96
f 130 95 94
f 130 94 129
f 130 128 163
f 131 164 165
f 131 165 166
f 131 166 201
f 131 201 167
f 131 167 168
f 131 168 132
f 131 132 133
f 131 133 98
f 131 98 97
f 131 96 95
f 131 95 130
f 131 129 164
f 132 130 165
f 132 165 166
f 132 166 202
f 132 202 167
f 132 167 168
f 132 168 169
f 132 169 133
f 132 133 134
f 132 134 98
f 132 98 97
f 133 131 166
f 133 166 167
f 133 167 203
f 133 203 168
f 133 168 169
f 133 169 170
f 133 170 134
f 133 134 135
f 133 135 99
f 133 99 98
f 133 63 97
f 134 167 168
f 134 168 169
f 134 169 204
f 134 204 170
f 134 170 171
f 134 171 135
f 134 135 136
f 134 136 101
f 134 101 100
f 134 99 98
f 134 132 167
f 135 168 169
f 135 169 170
f 135 170 205
f 135 205 171
f 135 171 172
f 135 172 136
f 135 136 137
f 135 137 102
f 135 102 101
f 135 101 65
f 135 100 99
f 135 99 134
f 135 133 168
f 136 134 169
f 136 169 170
f 136 170 206
f 136 206 171
f 136 171 172
f 136 172 173
f 136 173 137
f 136 137 138
f 136 138 102
f 136 102 101
f 136 66 100
f 136 100 99
f 137 135 170
f 137 170 171
f 137 171 207
f 137 207 172
f 137 172 173
f 137 173 174
f 137 174 138
f 137 138 139
f 137 139 103
f 137 103 102
f 137 101 100
f 138 171 172
f 138 172 173
f 138 173 208
f 138 208 174
f 138 174 175
f 138 175 139
f 138 139 140
f 138 140 105
f 138 105 104
f 138 103 102
f 138 136 171
f 139 172 173
f 139 173 208
f 139 208 174
f 139 174 209
f 139 209 210
f 139 210 175
f 139 175 140
f 139 140 105
f 139 105 69
f 139 104 103
f 139 137 172
f 140 173 208
f 140 208 174
f 140 174 209
f 140 209 175
f 140 175 210
f 140 69 68
f 140 68 104
f 140 138 137
f 140 137 173
f 141 211 176
f 141 176 212
f 141 212 177
f 141 177 213
f 141 213 178
f 141 178 142
f 141 142 143
f 141 143 144
f 141 144 108
f 141 108 107
f 141 107 73
f 141 73 72
f 142 141 176
f 142 176 211
f 142 211 212
f 142 212 177
f 142 177 213
f 142 213 178
f 142 178 179
f 142 179 143
f 142 143 144
f 142 144 109
f 142 109 108
f 142 108 107
f 142 72 106
f 142 106 141
f 143 141 176
f 143 176 177
f 143 177 213
f 143 213 178
f 143 178 179
f 143 179 180
f 143 180 144
f 143 144 145
f 143 145 110
f 143 110 109
f 143 109 108
f 143 73 107
f 143 107 142
f 144 142 177
f 144 177 178
f 144 178 214
f 144 214 179
f 144 179 180
f 144 180 181
f 144 181 145
f 144 145 146
f 144 146 111
f 144 111 110
f 144 110 109
f 144 74 108
f 144 108 143
f 145 143 178
f 145 178 179
f 145 179 215
f 145 215 180
f 145 180 181
f 145 181 182
f 145 182 147
f 145 147 146
f 145 112 111
f 145 111 110
f 145 75 109
f 145 109 144
f 146 179 180
f 146 180 181
f 146 181 216
f 146 216 182
f 146 182 183
f 146 183 147
f 146 147 148
f 146 148 112
f 146 112 76
f 146 111 110
f 146 144 179
f 147 180 181
f 147 181 182
f 147 182 217
f 147 217 183
f 147 183 184
f 147 184 148
f 147 148 149
f 147 149 113
f 147 113 77
f 147 112 111
f 147 145 180
f 148 146 181
f 148 181 182
f 148 182 218
f 148 218 183
f 148 183 184
f 148 184 185
f 148 185 149
f 148 149 150
f 148 150 115
f 148 115 114
f 148 114 113
f 148 78 112
f 149 147 182
f 149 182 183
f 149 183 219
f 149 219 184
f 149 184 185
f 149 185 186
f 149 186 150
f 149 150 151
f 149 151 116
f 149 116 115
f 149 115 114
f 149 79 113
f 149 113 148
f 150 148 183
f 150 183 184
f 150 184 220
f 150 220 185
f 150 185 186
f 150 186 187
f 150 187 152
f 150 152 151
f 150 117 116
f 150 116 115
f 150 80 114
f 150 114 149
f 151 149 184
f 151 184 185
f 151 185 221
f 151 221 186
f 151 186 187
f 151 187 188
f 151 188 152
f 151 152 153
f 151 153 118
f 151 118 117
f 151 117 116
f 151 81 115
f 151 115 150
f 152 185 186
f 152 186 187
f 152 187 222
f 152 222 188
f 152 188 189
f 152 189 153
f 152 153 154
f 152 154 118
f 152 118 82
f 152 117 116
f 152 150 185
f 153 186 187
f 153 187 188
f 153 188 223
f 153 223 189
f 153 189 190
f 153 190 154
f 153 154 155
f 153 155 119
f 153 119 83
f 153 118 117
f 153 151 186
f 154 152 187
f 154 187 188
f 154 188 224
f 154 224 189
f 154 189 190
f 154 190 191
f 154 191 155
f 154 155 156
f 154 156 121
f 154 121 120
f 154 120 119
f 154 84 118
f 155 188 189
f 155 189 190
f 155 190 225
f 155 225 191
f 155 191 192
f 155 192 157
f 155 157 156
f 155 156 121
f 155 121 85
f 155 120 119
f 155 153 188
f 156 189 190
f 156 190 191
f 156 191 226
f 156 226 192
f 156 192 193
f 156 193 157
f 156 157 158
f 156 158 122
f 156 122 86
f 156 121 120
f 156 154 189
f 157 155 190
f 157 190 191
f 157 191 227
f 157 227 192
f 157 192 193
f 157 193 194
f 157 194 158
f 157 158 159
f 157 159 124
f 157 124 123
f 157 123 122
f 157 87 121
f 158 156 191
f 158 191 192
f 158 192 228
f 158 228 193
f 158 193 194
f 158 194 195
f 158 195 159
f 158 159 160
f 158 160 125
f 158 125 124
f 158 124 123
f 158 88 122
f 158 122 157
f 159 192 193
f 159 193 194
f 159 194 229
f 159 229 195
f 159 195 196
f 159 196 160
f 159 160 161
f 159 161 125
f 159 125 89
f 159 124 123
f 159 157 192
f 160 158 193
f 160 193 194
f 160 194 230
f 160 230 195
f 160 195 196
f 160 196 197
f 160 197 161
f 160 161 162
f 160 162 127
f 160 127 126
f 160 126 125
f 160 90 124
f 161 159 194
f 161 194 195
f 161 195 231
f 161 231 196
f 161 196 197
f 161 197 198
f 161 198 162
f 161 162 163
f 161 163 128
f 161 128 127
f 161 127 126
f 161 91 125
f 161 125 160
f 162 195 196
f 162 196 197
f 162 197 232
f 162 232 198
f 162 198 199
f 162 199 163
f 162 163 164
f 162 164 128
f 162 128 92
f 162 127 126
f 162 160 195
f 163 196 197
f 163 197 198
f 163 198 233
f 163 233 199
f 163 199 200
f 163 200 164
f 163 164 165
f 163 165 129
f 163 129 93
f 163 128 127
f 163 161 196
f 164 162 197
f 164 197 198
f 164 198 234
f 164 234 199
f 164 199 200
f 164 200 201
f 164 201 166
f 164 166 165
f 164 131 130
f 164 130 129
f 164 94 128
f 165 163 198
f 165 198 199
f 165 199 235
f 165 235 200
f 165 200 201
f 165 201 202
f 165 202 167
f 165 167 166
f 165 132 131
f 165 131 130
f 165 95 129
f 165 129 164
f 166 164 199
f 166 199 200
f 166 200 236
f 166 236 201
f 166 201 202
f 166 202 203
f 166 203 167
f 166 167 168
f 166 168 133
f 166 133 132
f 166 132 131
f 166 96 130
f 166 130 165
f 167 200 201
f 167 201 202
f 167 202 237
f 167 237 203
f 167 203 204
f 167 204 168
f 167 168 169
f 167 169 133
f 167 133 97
f 167 132 131
f 167 165 200
f 168 201 202
f 168 202 203
f 168 203 238
f 168 238 204
f 168 204 205
f 168 205 169
f 168 169 170
f 168 170 134
f 168 134 98
f 168 133 132
f 168 166 201
f 169 167 202
f 169 202 203
f 169 203 239
f 169 239 204
f 169 204 205
f 169 205 206
f 169 206 170
f 169 170 171
f 169 171 136
f 169 136 135
f 169 135 134
f 169 99 133
f 170 168 203
f 170 203 204
f 170 204 240
f 170 240 205
f 170 205 206
f 170 206 207
f 170 207 172
f 170 172 171
f 170 137 136
f 170 136 135
f 170 100 134
f 170 134 169
f 171 204 205
f 171 205 206
f 171 206 241
f 171 241 207
f 171 207 208
f 171 208 172
f 171 172 173
f 171 173 137
f 171 137 101
f 171 136 135
f 171 169 204
f 172 205 206
f 172 206 207
f 172 207 242
f 172 242 208
f 172 208 209
f 172 209 173
f 172 173 174
f 172 174 138
f 172 138 102
f 172 137 136
f 172 170 205
f 173 171 206
f 173 206 207
f 173 207 243
f 173 243 208
f 173 208 209
f 173 209 210
f 173 210 174
f 173 174 175
f 173 175 140
f 173 140 139
f 173 139 138
f 173 103 137
f 174 207 208
f 174 208 243
f 174 243 209
f 174 209 244
f 174 244 245
f 174 245 210
f 174 210 175
f 174 175 140
f 174 140 104
f 174 139 138
f 174 172 207
f 175 208 243
f 175 243 209
f 175 209 244
f 175 244 210
f 175 210 245
f 175 104 103
f 175 103 139
f 175 173 172
f 175 172 208
f 176 246 211
f 176 211 247
f 176 247 212
f 176 212 248
f 176 248 213
f 176 213 177
f 176 177 178
f 176 178 179
f 176 179 143
f 176 143 142
f 176 142 108
f 176 108 107
f 177 176 211
f 177 211 246
f 177 246 247
f 177 247 212
f 177 212 248
f 177 248 213
f 177 213 214
f 177 214 178
f 177 178 179
f 177 179 144
f 177 144 143
f 177 143 142
f 177 107 141
f 177 141 176
f 178 176 211
f 178 211 212
f 178 212 248
f 178 248 213
f 178 213 214
f 178 214 215
f 178 215 179
f 178 179 180
f 178 180 145
f 178 145 144
f 178 144 143
f 178 108 142
f 178 142 177
f 179 177 212
f 179 212 213
f 179 213 249
f 179 249 214
f 179 214 215
f 179 215 216
f 179 216 180
f 179 180 181
f 179 181 146
f 179 146 145
f 179 145 144
f 179 109 143
f 180 178 213
f 180 213 214
f 180 214 250
f 180 250 215
f 180 215 216
f 180 216 217
f 180 217 181
f 180 181 182
f 180 182 147
f 180 147 146
f 180 146 145
f 180 110 144
f 181 214 215
f 181 215 216
f 181 216 251
f 181 251 217
f 181 217 218
f 181 218 182
f 181 182 183
f 181 183 147
f 181 147 111
f 181 146 145
f 181 179 214
f 182 215 216
f 182 216 217
f 182 217 252
f 182 252 218
f 182 218 219
f 182 219 183
f 182 183 184
f 182 184 148
f 182 148 112
f 182 147 146
f 182 146 145
f 182 180 215
f 183 181 216
f 183 216 217
f 183 217 253
f 183 253 218
f 183 218 219
f 183 219 220
f 183 220 184
f 183 184 185
f 183 185 150
f 183 150 149
f 183 149 148
f 183 113 147
f 183 147 182
f 184 182 217
f 184 217 218
f 184 218 254
f 184 254 219
f 184 219 220
f 184 220 221
f 184 221 185
f 184 185 186
f 184 186 151
f 184 151 150
f 184 150 149
f 184 114 148
f 185 183 218
f 185 218 219
f 185 219 255
f 185 255 220
f 185 220 221
f 185 221 222
f 185 222 186
f 185 186 187
f 185 187 152
f 185 152 151
f 185 151 150
f 185 115 149
f 186 184 219
f 186 219 220
f 186 220 256
f 186 256 221
f 186 221 222
f 186 222 223
f 186 223 188
f 186 188 187
f 186 153 152
f 186 152 151
f 186 116 150
f 187 220 221
f 187 221 222
f 187 222 257
f 187 257 223
f 187 223 224
f 187 224 188
f 187 188 189
f 187 189 153
f 187 153 117
f 187 152 151
f 187 151 150
f 187 185 220
f 188 221 222
f 188 222 223
f 188 223 258
f 188 258 224
f 188 224 225
f 188 225 189
f 188 189 190
f 188 190 154
f 188 154 118
f 188 153 152
f 188 186 221
f 189 187 222
f 189 222 223
f 189 223 259
f 189 259 224
f 189 224 225
f 189 225 226
f 189 226 191
f 189 191 190
f 189 156 155
f 189 155 154
f 189 119 153
f 189 153 188
f 190 223 224
f 190 224 225
f 190 225 260
f 190 260 226
f 190 226 227
f 190 227 192
f 190 192 191
f 190 156 120
f 190 155 154
f 190 188 223
f 191 224 225
f 191 225 226
f 191 226 261
f 191 261 227
f 191 227 228
f 191 228 192
f 191 192 193
f 191 193 157
f 191 157 121
f 191 156 155
f 191 189 224
f 192 190 225
f 192 225 226
f 192 226 262
f 192 262 227
f 192 227 228
f 192 228 229
f 192 229 193
f 192 193 194
f 192 194 159
f 192 159 158
f 192 158 157
f 192 122 156
f 192 156 191
f 193 191 226
f 193 226 227
f 193 227 263
f 193 263 228
f 193 228 229
f 193 229 230
f 193 230 194
f 193 194 195
f 193 195 160
f 193 160 159
f 193 159 158
f 193 123 157
f 194 227 228
f 194 228 229
f 194 229 264
f 194 264 230
f 194 230 231
f 194 231 196
f 194 196 195
f 194 195 160
f 194 160 124
f 194 159 158
f 194 192 227
f 195 193 228
f 195 228 229
f 195 229 265
f 195 265 230
f 195 230 231
f 195 231 232
f 195 232 196
f 195 196 197
f 195 197 162
f 195 162 161
f 195 161 160
f 195 125 159
f 195 159 194
f 196 194 229
f 196 229 230
f 196 230 266
f 196 266 231
f 196 231 232
f 196 232 233
f 196 233 197
f 196 197 198
f 196 198 163
f 196 163 162
f 196 162 161
f 196 126 160
f 197 230 231
f 197 231 232
f 197 232 267
f 197 267 233
f 197 233 234
f 197 234 198
f 197 198 199
f 197 199 163
f 197 163 127
f 197 162 161
f 197 195 230
f 198 231 232
f 198 232 233
f 198 233 268
f 198 268 234
f 198 234 235
f 198 235 199
f 198 199 200
f 198 200 164
f 198 164 128
f 198 163 162
f 198 196 231
f 199 197 232
f 199 232 233
f 199 233 269
f 199 269 234
f 199 234 235
f 199 235 236
f 199 236 200
f 199 200 201
f 199 201 166
f 199 166 165
f 199 165 164
f 199 129 163
f 199 163 198
f 200 198 233
f 200 233 234
f 200 234 270
f 200 270 235
f 200 235 236
f 200 236 237
f 200 237 201
f 200 201 202
f 200 202 167
f 200 167 166
f 200 166 165
f 200 130 164
f 201 199 234
f 201 234 235
f 201 235 271
f 201 271 236
f 201 236 237
f 201 237 238
f 201 238 203
f 201 203 202
f 201 168 167
f 201 167 166
f 201 131 165
f 202 235 236
f 202 236 237
f 202 237 272
f 202 272 238
f 202 238 239
f 202 239 203
f 202 203 204
f 202 204 168
f 202 168 132
f 202 167 166
f 202 166 165
f 202 200 235
f 203 236 237
f 203 237 238
f 203 238 273
f 203 273 239
f 203 239 240
f 203 240 204
f 203 204 205
f 203 205 169
f 203 169 133
f 203 168 167
f 203 201 236
f 204 202 237
f 204 237 238
f 204 238 274
f 204 274 239
f 204 239 240
f 204 240 241
f 204 241 205
f 204 205 206
f 204 206 171
f 204 171 170
f 204 170 169
f 204 134 168
f 204 168 203
f 205 203 238
f 205 238 239
f 205 239 275
f 205 275 240
f 205 240 241
f 205 241 242
f 205 242 206
f 205 206 207
f 205 207 172
f 205 172 171
f 205 171 170
f 205 135 169
f 206 239 240
f 206 240 241
f 206 241 276
f 206 276 242
f 206 242 243
f 206 243 207
f 206 207 208
f 206 208 172
f 206 172 136
f 206 171 170
f 206 204 239
f 207 240 241
f 207 241 242
f 207 242 277
f 207 277 243
f 207 243 244
f 207 244 208
f 207 208 209
f 207 209 173
f 207 173 137
f 207 172 171
f 207 171 170
f 207 205 240
f 208 206 241
f 208 241 242
f 208 242 278
f 208 278 243
f 208 243 244
f 208 244 245
f 208 245 209
f 208 209 210
f 208 210 175
f 208 175 174
f 208 174 173
f 208 138 172
f 208 172 207
f 209 242 243
f 209 243 278
f 209 278 244
f 209 244 279
f 209 279 280
f 209 280 245
f 209 245 210
f 209 210 175
f 209 175 139
f 209 174 173
f 209 207 242
f 210 243 278
f 210 278 244
f 210 244 279
f 210 279 245
f 210 245 280
f 210 139 138
f 210 138 174
f 210 208 207
f 210 207 243
f 211 281 246
f 211 246 282
f 211 282 247
f 211 247 283
f 211 283 248
f 211 248 212
f 211 212 213
f 211 213 214
f 211 214 178
f 211 178 177
f 211 177 143
f 211 143 142
f 212 211 246
f 212 246 281
f 212 281 282
f 212 282 247
f 212 247 283
f 212 283 248
f 212 248 249
f 212 249 213
f 212 213 214
f 212 214 179
f 212 179 178
f 212 178 177
f 212 142 176
f 212 176 211
f 213 211 246
f 213 246 247
f 213 247 283
f 213 283 248
f 213 248 249
f 213 249 250
f 213 250 214
f 213 214 215
f 213 215 180
f 213 180 179
f 213 179 178
f 213 177 212
f 214 212 247
f 214 247 248
f 214 248 284
f 214 284 249
f 214 249 250
f 214 250 251
f 214 251 215
f 214 215 216
f 214 216 181
f 214 181 180
f 214 180 179
f 215 213 248
f 215 248 249
f 215 249 285
f 215 285 250
f 215 250 251
f 215 251 252
f 215 252 216
f 215 216 217
f 215 217 182
f 215 182 181
f 215 181 180
f 216 249 250
f 216 250 251
f 216 251 286
f 216 286 252
f 216 252 253
f 216 253 217
f 216 217 218
f 216 218 182
f 216 181 180
f 216 214 249
f 217 250 251
f 217 251 252
f 217 252 287
f 217 287 253
f 217 253 254
f 217 254 218
f 217 218 219
f 217 219 183
f 217 182 181
f 217 215 250
f 218 216 251
f 218 251 252
f 218 252 288
f 218 288 253
f 218 253 254
f 218 254 255
f 218 255 219
f 218 219 220
f 218 220 185
f 218 185 184
f 218 184 183
f 218 182 217
f 219 217 252
f 219 252 253
f 219 253 289
f 219 289 254
f 219 254 255
f 219 255 256
f 219 256 221
f 219 221 220
f 219 186 185
f 219 185 184
f 220 218 253
f 220 253 254
f 220 254 290
f 220 290 255
f 220 255 256
f 220 256 257
f 220 257 222
f 220 222 221
f 220 187 186
f 220 186 185
f 221 219 254
f 221 254 255
f 221 255 291
f 221 291 256
f 221 256 257
f 221 257 258
f 221 258 222
f 221 222 223
f 221 223 188
f 221 188 187
f 221 187 186
f 222 255 256
f 222 256 257
f 222 257 292
f 222 292 258
f 222 258 259
f 222 259 224
f 222 224 223
f 222 187 186
f 222 220 255
f 223 256 257
f 223 257 258
f 223 258 293
f 223 293 259
f 223 259 260
f 223 260 224
f 223 224 225
f 223 225 189
f 223 188 187
f 223 187 186
f 223 221 256
f 224 222 257
f 224 257 258
f 224 258 294
f 224 294 259
f 224 259 260
f 224 260 261
f 224 261 225
f 224 225 226
f 224 226 191
f 224 191 190
f 224 190 189
f 224 188 223
f 225 258 259
f 225 259 260
f 225 260 295
f 225 295 261
f 225 261 262
f 225 262 226
f 225 226 227
f 225 227 191
f 225 190 189
f 225 223 258
f 226 259 260
f 226 260 261
f 226 261 296
f 226 296 262
f 226 262 263
f 226 263 227
f 226 227 228
f 226 228 192
f 226 191 190
f 226 190 189
f 226 224 259
f 227 225 260
f 227 260 261
f 227 261 297
f 227 297 262
f 227 262 263
f 227 263 264
f 227 264 228
f 227 228 229
f 227 229 194
f 227 194 193
f 227 193 192
f 227 191 226
f 228 226 261
f 228 261 262
f 228 262 298
f 228 298 263
f 228 263 264
f 228 264 265
f 228 265 229
f 228 229 230
f 228 230 195
f 228 195 194
f 228 194 193
f 229 262 263
f 229 263 264
f 229 264 299
f 229 299 265
f 229 265 266
f 229 266 230
f 229 230 231
f 229 231 195
f 229 194 193
f 229 227 262
f 230 228 263
f 230 263 264
f 230 264 300
f 230 300 265
f 230 265 266
f 230 266 267
f 230 267 232
f 230 232 231
f 230 197 196
f 230 196 195
f 230 194 229
f 231 229 264
f 231 264 265
f 231 265 301
f 231 301 266
f 231 266 267
f 231 267 268
f 231 268 232
f 231 232 233
f 231 233 198
f 231 198 197
f 231 197 196
f 232 265 266
f 232 266 267
f 232 267 302
f 232 302 268
f 232 268 269
f 232 269 233
f 232 233 234
f 232 234 198
f 232 197 196
f 232 230 265
f 233 266 267
f 233 267 268
f 233 268 303
f 233 303 269
f 233 269 270
f 233 270 234
f 233 234 235
f 233 235 199
f 233 198 197
f 233 231 266
f 234 232 267
f 234 267 268
f 234 268 304
f 234 304 269
f 234 269 270
f 234 270 271
f 234 271 236
f 234 236 235
f 234 201 200
f 234 200 199
f 234 198 233
f 235 233 268
f 235 268 269
f 235 269 305
f 235 305 270
f 235 270 271
f 235 271 272
f 235 272 237
f 235 237 236
f 235 202 201
f 235 201 200
f 236 234 269
f 236 269 270
f 236 270 306
f 236 306 271
f 236 271 272
f 236 272 273
f 236 273 237
f 236 237 238
f 236 238 203
f 236 203 202
f 236 202 201
f 237 270 271
f 237 271 272
f 237 272 307
f 237 307 273
f 237 273 274
f 237 274 238
f 237 238 239
f 237 239 203
f 237 202 201
f 237 235 270
f 238 271 272
f 238 272 273
f 238 273 308
f 238 308 274
f 238 274 275
f 238 275 239
f 238 239 240
f 238 240 204
f 238 203 202
f 238 202 201
f 238 236 271
f 239 237 272
f 239 272 273
f 239 273 309
f 239 309 274
f 239 274 275
f 239 275 276
f 239 276 240
f 239 240 241
f 239 241 206
f 239 206 205
f 239 205 204
f 239 203 238
f 240 238 273
f 240 273 274
f 240 274 310
f 240 310 275
f 240 275 276
f 240 276 277
f 240 277 241
f 240 241 242
f 240 242 207
f 240 207 206
f 240 206 205
f 241 274 275
f 241 275 276
f 241 276 311
f 241 311 277
f 241 277 278
f 241 278 242
f 241 242 243
f 241 243 207
f 241 206 205
f 241 239 274
f 242 275 276
f 242 276 277
f 242 277 312
f 242 312 278
f 242 278 279
f 242 279 243
f 242 243 244
f 242 244 208
f 242 207 206
f 242 240 275
f 243 241 276
f 243 276 277
f 243 277 313
f 243 313 278
f 243 278 279
f 243 279 280
f 243 280 244
f 243 244 245
f 243 245 210
f 243 210 209
f 243 209 208
f 243 207 242
f 244 277 278
f 244 278 313
f 244 313 279
f 244 279 314
f 244 314 315
f 244 315 280
f 244 280 245
f 244 245 210
f 244 210 174
f 244 209 208
f 244 242 277
f 245 278 313
f 245 313 279
f 245 279 314
f 245 314 280
f 245 280 315
f 245 174 173
f 245 173 209
f 245 243 242
f 245 242 278
f 246 316 281
f 246 281 317
f 246 317 282
f 246 282 318
f 246 318 283
f 246 283 247
f 246 247 248
f 246 248 249
f 246 249 213
f 246 213 212
f 246 212 178
f 246 178 177
f 247 246 281
f 247 281 316
f 247 316 317
f 247 317 282
f 247 282 318
f 247 318 283
f 247 283 284
f 247 284 248
f 247 248 249
f 247 249 214
f 247 214 213
f 247 213 212
f 247 177 211
f 247 211 246
f 248 246 281
f 248 281 282
f 248 282 318
f 248 318 283
f 248 283 284
f 248 284 285
f 248 285 249
f 248 249 250
f 248 250 215
f 248 215 214
f 248 214 213
f 248 212 247
f 249 247 282
f 249 282 283
f 249 283 319
f 249 319 284
f 249 284 285
f 249 285 286
f 249 286 250
f 249 250 251
f 249 251 216
f 249 216 215
f 249 215 214
f 250 248 283
f 250 283 284
f 250 284 320
f 250 320 285
f 250 285 286
f 250 286 287
f 250 287 252
f 250 252 251
f 250 217 216
f 250 216 215
f 251 284 285
f 251 285 286
f 251 286 321
f 251 321 287
f 251 287 288
f 251 288 252
f 251 252 253
f 251 253 217
f 251 216 215
f 251 249 284
f 252 285 286
f 252 286 287
f 252 287 322
f 252 322 288
f 252 288 289
f 252 289 253
f 252 253 254
f 252 254 218
f 252 217 216
f 252 250 285
f 253 251 286
f 253 286 287
f 253 287 323
f 253 323 288
f 253 288 289
f 253 289 290
f 253 290 254
f 253 254 255
f 253 255 220
f 253 220 219
f 253 219 218
f 253 217 252
f 254 252 287
f 254 287 288
f 254 288 324
f 254 324 289
f 254 289 290
f 254 290 291
f 254 291 255
f 254 255 256
f 254 256 221
f 254 221 220
f 254 220 219
f 255 253 288
f 255 288 289
f 255 289 325
f 255 325 290
f 255 290 291
f 255 291 292
f 255 292 257
f 255 257 256
f 255 222 221
f 255 221 220
f 256 254 289
f 256 289 290
f 256 290 326
f 256 326 291
f 256 291 292
f 256 292 293
f 256 293 257
f 256 257 258
f 256 258 223
f 256 223 222
f 256 222 221
f 257 290 291
f 257 291 292
f 257 292 327
f 257 327 293
f 257 293 294
f 257 294 258
f 257 258 259
f 257 259 223
f 257 222 221
f 257 221 220
f 257 255 290
f 258 291 292
f 258 292 293
f 258 293 328
f 258 328 294
f 258 294 295
f 258 295 259
f 258 259 260
f 258 260 224
f 258 223 222
f 258 256 291
f 259 257 292
f 259 292 293
f 259 293 329
f 259 329 294
f 259 294 295
f 259 295 296
f 259 296 260
f 259 260 261
f 259 261 226
f 259 226 225
f 259 225 224
f 259 223 258
f 260 293 294
f 260 294 295
f 260 295 330
f 260 330 296
f 260 296 297
f 260 297 261
f 260 261 262
f 260 262 226
f 260 225 224
f 260 258 293
f 261 294 295
f 261 295 296
f 261 296 331
f 261 331 297
f 261 297 298
f 261 298 262
f 261 262 263
f 261 263 227
f 261 226 225
f 261 259 294
f 262 260 295
f 262 295 296
f 262 296 332
f 262 332 297
f 262 297 298
f 262 298 299
f 262 299 263
f 262 263 264
f 262 264 229
f 262 229 228
f 262 228 227
f 262 226 261
f 263 261 296
f 263 296 297
f 263 297 333
f 263 333 298
f 263 298 299
f 263 299 300
f 263 300 264
f 263 264 265
f 263 265 230
f 263 230 229
f 263 229 228
f 264 297 298
f 264 298 299
f 264 299 334
f 264 334 300
f 264 300 301
f 264 301 265
f 264 265 266
f 264 266 230
f 264 229 228
f 264 262 297
f 265 263 298
f 265 298 299
f 265 299 335
f 265 335 300
f 265 300 301
f 265 301 302
f 265 302 266
f 265 266 267
f 265 267 232
f 265 232 231
f 265 231 230
f 265 229 264
f 266 264 299
f 266 299 300
f 266 300 336
f 266 336 301
f 266 301 302
f 266 302 303
f 266 303 267
f 266 267 268
f 266 268 233
f 266 233 232
f 266 232 231
f 267 300 301
f 267 301 302
f 267 302 337
f 267 337 303
f 267 303 304
f 267 304 269
f 267 269 268
f 267 232 231
f 267 231 230
f 267 265 300
f 268 301 302
f 268 302 303
f 268 303 338
f 268 338 304
f 268 304 305
f 268 305 269
f 268 269 270
f 268 270 234
f 268 233 232
f 268 266 301
f 269 267 302
f 269 302 303
f 269 303 339
f 269 339 304
f 269 304 305
f 269 305 306
f 269 306 271
f 269 271 270
f 269 236 235
f 269 235 234
f 269 233 268
f 270 268 303
f 270 303 304
f 270 304 340
f 270 340 305
f 270 305 306
f 270 306 307
f 270 307 272
f 270 272 271
f 270 237 236
f 270 236 235
f 271 269 304
f 271 304 305
f 271 305 341
f 271 341 306
f 271 306 307
f 271 307 308
f 271 308 272
f 271 272 273
f 271 273 238
f 271 238 237
f 271 237 236
f 272 305 306
f 272 306 307
f 272 307 342
f 272 342 308
f 272 308 309
f 272 309 273
f 272 273 274
f 272 274 238
f 272 237 236
f 272 236 235
f 272 270 305
f 273 306 307
f 273 307 308
f 273 308 343
f 273 343 309
f 273 309 310
f 273 310 274
f 273 274 275
f 273 275 239
f 273 238 237
f 273 271 306
f 274 272 307
f 274 307 308
f 274 308 344
f 274 344 309
f 274 309 310
f 274 310 311
f 274 311 275
f 274 275 276
f 274 276 241
f 274 241 240
f 274 240 239
f 274 238 273
f 275 273 308
f 275 308 309
f 275 309 345
f 275 345 310
f 275 310 311
f 275 311 312
f 275 312 277
f 275 277 276
f 275 242 241
f 275 241 240
f 276 309 310
f 276 310 311
f 276 311 346
f 276 346 312
f 276 312 313
f 276 313 277
f 276 277 278
f 276 278 242
f 276 241 240
f 276 274 309
f 277 310 311
f 277 311 312
f 277 312 347
f 277 347 313
f 277 313 314
f 277 314 278
f 277 278 279
f 277 279 243
f 277 242 241
f 277 275 310
f 278 276 311
f 278 311 312
f 278 312 348
f 278 348 313
f 278 313 314
f 278 314 315
f 278 315 279
f 278 279 280
f 278 280 245
f 278 245 244
f 278 244 243
f 278 242 277
f 279 312 313
f 279 313 348
f 279 348 314
f 279 314 349
f 279 349 350
f 279 350 315
f 279 315 280
f 279 280 245
f 279 245 209
f 279 244 243
f 279 277 312
f 280 313 348
f 280 348 314
f 280 314 349
f 280 349 315
f 280 315 350
f 280 209 208
f 280 208 244
f 280 278 277
f 280 277 313
f 281 351 316
f 281 316 352
f 281 352 317
f 281 317 353
f 281 353 318
f 281 318 282
f 281 282 283
f 281 283 284
f 281 284 248
f 281 248 247
f 281 247 213
f 281 213 212
f 282 281 316
f 282 316 351
f 282 351 352
f 282 352 317
f 282 317 353
f 282 353 318
f 282 318 319
f 282 319 283
f 282 283 284
f 282 284 249
f 282 249 248
f 282 248 247
f 282 212 246
f 282 246 281
f 283 281 316
f 283 316 317
f 283 317 353
f 283 353 318
f 283 318 319
f 283 319 320
f 283 320 284
f 283 284 285
f 283 285 250
f 283 250 249
f 283 249 248
f 283 247 282
f 284 282 317
f 284 317 318
f 284 318 354
f 284 354 319
f 284 319 320
f 284 320 321
f 284 321 285
f 284 285 286
f 284 286 251
f 284 251 250
f 284 250 249
f 285 283 318
f 285 318 319
f 285 319 355
f 285 355 320
f 285 320 321
f 285 321 322
f 285 322 287
f 285 287 286
f 285 252 251
f 285 251 250
f 286 319 320
f 286 320 321
f 286 321 356
f 286 356 322
f 286 322 323
f 286 323 287
f 286 287 288
f 286 288 252
f 286 251 250
f 286 284 319
f 287 320 321
f 287 321 322
f 287 322 357
f 287 357 323
f 287 323 324
f 287 324 288
f 287 288 289
f 287 289 253
f 287 252 251
f 287 251 250
f 287 285 320
f 288 286 321
f 288 321 322
f 288 322 358
f 288 358 323
f 288 323 324
f 288 324 325
f 288 325 289
f 288 289 290
f 288 290 255
f 288 255 254
f 288 254 253
f 288 252 287
f 289 287 322
f 289 322 323
f 289 323 359
f 289 359 324
f 289 324 325
f 289 325 326
f 289 326 290
f 289 290 291
f 289 291 256
f 289 256 255
f 289 255 254
f 290 288 323
f 290 323 324
f 290 324 360
f 290 360 325
f 290 325 326
f 290 326 327
f 290 327 291
f 290 291 292
f 290 292 257
f 290 257 256
f 290 256 255
f 291 289 324
f 291 324 325
f 291 325 361
f 291 361 326
f 291 326 327
f 291 327 328
f 291 328 292
f 291 292 293
f 291 293 258
f 291 258 257
f 291 257 256
f 292 325 326
f 292 326 327
f 292 327 362
f 292 362 328
f 292 328 329
f 292 329 293
f 292 293 294
f 292 294 258
f 292 257 256
f 292 256 255
f 292 290 325
f 293 326 327
f 293 327 328
f 293 328 363
f 293 363 329
f 293 329 330
f 293 330 294
f 293 294 295
f 293 295 259
f 293 258 257
f 293 291 326
f 294 292 327
f 294 327 328
f 294 328 364
f 294 364 329
f 294 329 330
f 294 330 331
f 294 331 295
f 294 295 296
f 294 296 261
f 294 261 260
f 294 260 259
f 294 258 293
f 295 328 329
f 295 329 330
f 295 330 365
f 295 365 331
f 295 331 332
f 295 332 296
f 295 296 297
f 295 297 261
f 295 260 259
f 295 293 328
f 296 329 330
f 296 330 331
f 296 331 366
f 296 366 332
f 296 332 333
f 296 333 297
f 296 297 298
f 296 298 262
f 296 261 260
f 296 294 329
f 297 295 330
f 297 330 331
f 297 331 367
f 297 367 332
f 297 332 333
f 297 333 334
f 297 334 298
f 297 298 299
f 297 299 264
f 297 264 263
f 297 263 262
f 297 261 296
f 298 296 331
f 298 331 332
f 298 332 368
f 298 368 333
f 298 333 334
f 298 334 335
f 298 335 299
f 298 299 300
f 298 300 265
f 298 265 264
f 298 264 263
f 299 332 333
f 299 333 334
f 299 334 369
f 299 369 335
f 299 335 336
f 299 336 301
f 299 301 300
f 299 300 265
f 299 264 263
f 299 297 332
f 300 298 333
f 300 333 334
f 300 334 370
f 300 370 335
f 300 335 336
f 300 336 337
f 300 337 302
f 300 302 301
f 300 267 266
f 300 266 265
f 300 264 299
f 301 299 334
f 301 334 335
f 301 335 371
f 301 371 336
f 301 336 337
f 301 337 338
f 301 338 302
f 301 302 303
f 301 303 268
f 301 268 267
f 301 267 266
f 302 335 336
f 302 336 337
f 302 337 372
f 302 372 338
f 302 338 339
f 302 339 303
f 302 303 304
f 302 304 268
f 302 267 266
f 302 300 335
f 303 336 337
f 303 337 338
f 303 338 373
f 303 373 339
f 303 339 340
f 303 340 304
f 303 304 305
f 303 305 269
f 303 268 267
f 303 301 336
f 304 302 337
f 304 337 338
f 304 338 374
f 304 374 339
f 304 339 340
f 304 340 341
f 304 341 305
f 304 305 306
f 304 306 271
f 304 271 270
f 304 270 269
f 304 268 303
f 305 303 338
f 305 338 339
f 305 339 375
f 305 375 340
f 305 340 341
f 305 341 342
f 305 342 306
f 305 306 307
f 305 307 272
f 305 272 271
f 305 271 270
f 306 304 339
f 306 339 340
f 306 340 376
f 306 376 341
f 306 341 342
f 306 342 343
f 306 343 307
f 306 307 308
f 306 308 273
f 306 273 272
f 306 272 271
f 307 340 341
f 307 341 342
f 307 342 377
f 307 377 343
f 307 343 344
f 307 344 308
f 307 308 309
f 307 309 273
f 307 272 271
f 307 271 270
f 307 305 340
f 308 341 342
f 308 342 343
f 308 343 378
f 308 378 344
f 308 344 345
f 308 345 309
f 308 309 310
f 308 310 274
f 308 273 272
f 308 306 341
f 309 307 342
f 309 342 343
f 309 343 379
f 309 379 344
f 309 344 345
f 309 345 346
f 309 346 310
f 309 310 311
f 309 311 276
f 309 276 275
f 309 275 274
f 309 273 308
f 310 308 343
f 310 343 344
f 310 344 380
f 310 380 345
f 310 345 346
f 310 346 347
f 310 347 312
f 310 312 311
f 310 277 276
f 310 276 275
f 311 344 345
f 311 345 346
f 311 346 381
f 311 381 347
f 311 347 348
f 311 348 312
f 311 312 313
f 311 313 277
f 311 276 275
f 311 309 344
f 312 345 346
f 312 346 347
f 312 347 382
f 312 382 348
f 312 348 349
f 312 349 313
f 312 313 314
f 312 314 278
f 312 277 276
f 312 276 275
f 312 310 345
f 313 311 346
f 313 346 347
f 313 347 383
f 313 383 348
f 313 348 349
f 313 349 350
f 313 350 314
f 313 314 315
f 313 315 280
f 313 280 279
f 313 279 278
f 313 277 312
f 314 347 348
f 314 348 383
f 314 383 349
f 314 349 384
f 314 384 385
f 314 385 350
f 314 350 315
f 314 315 280
f 314 280 244
f 314 279 278
f 314 312 347
f 315 348 383
f 315 383 349
f 315 349 384
f 315 384 350
f 315 350 385
f 315 244 243
f 315 243 279
f 315 313 312
f 315 312 348
f 316 386 351
f 316 351 387
f 316 387 352
f 316 352 388
f 316 388 353
f 316 353 317
f 316 317 318
f 316 318 319
f 316 319 283
f 316 283 282
f 316 282 248
f 316 248 247
f 317 316 351
f 317 351 386
f 317 386 387
f 317 387 352
f 317 352 388
f 317 388 353
f 317 353 354
f 317 354 318
f 317 318 319
f 317 319 284
f 317 284 283
f 317 283 282
f 317 247 281
f 317 281 316
f 318 316 351
f 318 351 352
f 318 352 388
f 318 388 353
f 318 353 354
f 318 354 355
f 318 355 319
f 318 319 320
f 318 320 285
f 318 285 284
f 318 284 283
f 318 282 317
f 319 317 352
f 319 352 353
f 319 353 389
f 319 389 354
f 319 354 355
f 319 355 356
f 319 356 320
f 319 320 321
f 319 321 286
f 319 286 285
f 319 285 284
f 320 318 353
f 320 353 354
f 320 354 390
f 320 390 355
f 320 355 356
f 320 356 357
f 320 357 321
f 320 321 322
f 320 322 287
f 320 287 286
f 320 286 285
f 321 354 355
f 321 355 356
f 321 356 391
f 321 391 357
f 321 357 358
f 321 358 322
f 321 322 323
f 321 323 287
f 321 286 285
f 321 319 354
f 322 355 356
f 322 356 357
f 322 357 392
f 322 392 358
f 322 358 359
f 322 359 323
f 322 323 324
f 322 324 288
f 322 287 286
f 322 286 285
f 322 320 355
f 323 321 356
f 323 356 357
f 323 357 393
f 323 393 358
f 323 358 359
f 323 359 360
f 323 360 324
f 323 324 325
f 323 325 290
f 323 290 289
f 323 289 288
f 323 287 322
f 324 322 357
f 324 357 358
f 324 358 394
f 324 394 359
f 324 359 360
f 324 360 361
f 324 361 325
f 324 325 326
f 324 326 291
f 324 291 290
f 324 290 289
f 325 323 358
f 325 358 359
f 325 359 395
f 325 395 360
f 325 360 361
f 325 361 362
f 325 362 326
f 325 326 327
f 325 327 292
f 325 292 291
f 325 291 290
f 326 324 359
f 326 359 360
f 326 360 396
f 326 396 361
f 326 361 362
f 326 362 363
f 326 363 327
f 326 327 328
f 326 328 293
f 326 293 292
f 326 292 291
f 327 360 361
f 327 361 362
f 327 362 397
f 327 397 363
f 327 363 364
f 327 364 328
f 327 328 329
f 327 329 293
f 327 292 291
f 327 325 360
f 328 361 362
f 328 362 363
f 328 363 398
f 328 398 364
f 328 364 365
f 328 365 329
f 328 329 330
f 328 330 294
f 328 293 292
f 328 326 361
f 329 327 362
f 329 362 363
f 329 363 399
f 329 399 364
f 329 364 365
f 329 365 366
f 329 366 330
f 329 330 331
f 329 331 296
f 329 296 295
f 329 295 294
f 329 293 328
f 330 363 364
f 330 364 365
f 330 365 400
f 330 400 366
f 330 366 367
f 330 367 331
f 330 331 332
f 330 332 296
f 330 295 294
f 330 328 363
f 331 364 365
f 331 365 366
f 331 366 401
f 331 401 367
f 331 367 368
f 331 368 332
f 331 332 333
f 331 333 297
f 331 296 295
f 331 329 364
f 332 330 365
f 332 365 366
f 332 366 402
f 332 402 367
f 332 367 368
f 332 368 369
f 332 369 333
f 332 333 334
f 332 334 299
f 332 299 298
f 332 298 297
f 332 296 331
f 333 331 366
f 333 366 367
f 333 367 403
f 333 403 368
f 333 368 369
f 333 369 370
f 333 370 334
f 333 334 335
f 333 335 300
f 333 300 299
f 333 299 298
f 334 367 368
f 334 368 369
f 334 369 404
f 334 404 370
f 334 370 371
f 334 371 335
f 334 335 336
f 334 336 300
f 334 299 298
f 334 332 367
f 335 333 368
f 335 368 369
f 335 369 405
f 335 405 370
f 335 370 371
f 335 371 372
f 335 372 336
f 335 336 337
f 335 337 302
f 335 302 301
f 335 301 300
f 335 299 334
f 336 334 369
f 336 369 370
f 336 370 406
f 336 406 371
f 336 371 372
f 336 372 373
f 336 373 337
f 336 337 338
f 336 338 303
f 336 303 302
f 336 302 301
f 337 370 371
f 337 371 372
f 337 372 407
f 337 407 373
f 337 373 374
f 337 374 338
f 337 338 339
f 337 339 303
f 337 302 301
f 337 301 300
f 337 335 370
f 338 371 372
f 338 372 373
f 338 373 408
f 338 408 374
f 338 374 375
f 338 375 340
f 338 340 339
f 338 339 304
f 338 303 302
f 338 336 371
f 339 337 372
f 339 372 373
f 339 373 409
f 339 409 374
f 339 374 375
f 339 375 376
f 339 376 340
f 339 340 341
f 339 341 306
f 339 306 305
f 339 305 304
f 339 303 338
f 340 338 373
f 340 373 374
f 340 374 410
f 340 410 375
f 340 375 376
f 340 376 377
f 340 377 341
f 340 341 342
f 340 342 307
f 340 307 306
f 340 306 305
f 341 339 374
f 341 374 375
f 341 375 411
f 341 411 376
f 341 376 377
f 341 377 378
f 341 378 342
f 341 342 343
f 341 343 308
f 341 308 307
f 341 307 306
f 342 375 376
f 342 376 377
f 342 377 412
f 342 412 378
f 342 378 379
f 342 379 343
f 342 343 344
f 342 344 308
f 342 307 306
f 342 340 375
f 343 376 377
f 343 377 378
f 343 378 413
f 343 413 379
f 343 379 380
f 343 380 344
f 343 344 345
f 343 345 309
f 343 308 307
f 343 341 376
f 344 342 377
f 344 377 378
f 344 378 414
f 344 414 379
f 344 379 380
f 344 380 381
f 344 381 345
f 344 345 346
f 344 346 311
f 344 311 310
f 344 310 309
f 344 308 343
f 345 343 378
f 345 378 379
f 345 379 415
f 345 415 380
f 345 380 381
f 345 381 382
f 345 382 346
f 345 346 347
f 345 347 312
f 345 312 311
f 345 311 310
f 346 379 380
f 346 380 381
f 346 381 416
f 346 416 382
f 346 382 383
f 346 383 347
f 346 347 348
f 346 348 312
f 346 311 310
f 346 344 379
f 347 380 381
f 347 381 382
f 347 382 417
f 347 417 383
f 347 383 384
f 347 384 348
f 347 348 349
f 347 349 313
f 347 312 311
f 347 311 310
f 347 345 380
f 348 346 381
f 348 381 382
f 348 382 418
f 348 418 383
f 348 383 384
f 348 384 385
f 348 385 349
f 348 349 350
f 348 350 315
f 348 315 314
f 348 314 313
f 348 312 347
f 349 382 383
f 349 383 418
f 349 418 384
f 349 384 419
f 349 419 420
f 349 420 385
f 349 385 350
f 349 350 315
f 349 315 279
f 349 314 313
f 349 347 382
f 350 383 418
f 350 418 384
f 350 384 419
f 350 419 385
f 350 385 420
f 350 279 278
f 350 278 314
f 350 348 347
f 350 347 383
f 351 421 386
f 351 386 422
f 351 422 387
f 351 387 423
f 351 423 388
f 351 388 352
f 351 352 353
f 351 353 354
f 351 354 318
f 351 318 317
f 351 317 283
f 351 283 282
f 352 351 386
f 352 386 421
f 352 421 422
f 352 422 387
f 352 387 423
f 352 423 388
f 352 388 389
f 352 389 353
f 352 353 354
f 352 354 319
f 352 319 318
f 352 318 317
f 352 282 316
f 352 316 351
f 353 351 386
f 353 386 387
f 353 387 423
f 353 423 388
f 353 388 389
f 353 389 390
f 353 390 354
f 353 354 355
f 353 355 320
f 353 320 319
f 353 319 318
f 353 317 352
f 354 352 387
f 354 387 388
f 354 388 424
f 354 424 389
f 354 389 390
f 354 390 391
f 354 391 355
f 354 355 356
f 354 356 321
f 354 321 320
f 354 320 319
f 355 353 388
f 355 388 389
f 355 389 425
f 355 425 390
f 355 390 391
f 355 391 392
f 355 392 356
f 355 356 357
f 355 357 322
f 355 322 321
f 355 321 320
f 356 389 390
f 356 390 391
f 356 391 426
f 356 426 392
f 356 392 393
f 356 393 357
f 356 357 358
f 356 358 322
f 356 321 320
f 356 354 389
f 357 390 391
f 357 391 392
f 357 392 427
f 357 427 393
f 357 393 394
f 357 394 358
f 357 358 359
f 357 359 323
f 357 322 321
f 357 355 390
f 358 356 391
f 358 391 392
f 358 392 428
f 358 428 393
f 358 393 394
f 358 394 395
f 358 395 359
f 358 359 360
f 358 360 325
f 358 325 324
f 358 324 323
f 358 322 357
f 359 357 392
f 359 392 393
f 359 393 429
f 359 429 394
f 359 394 395
f 359 395 396
f 359 396 360
f 359 360 361
f 359 361 326
f 359 326 325
f 359 325 324
f 360 358 393
f 360 393 394
f 360 394 430
f 360 430 395
f 360 395 396
f 360 396 397
f 360 397 362
f 360 362 361
f 360 327 326
f 360 326 325
f 361 359 394
f 361 394 395
f 361 395 431
f 361 431 396
f 361 396 397
f 361 397 398
f 361 398 362
f 361 362 363
f 361 363 328
f 361 328 327
f 361 327 326
f 362 395 396
f 362 396 397
f 362 397 432
f 362 432 398
f 362 398 399
f 362 399 363
f 362 363 364
f 362 364 328
f 362 327 326
f 362 360 395
f 363 396 397
f 363 397 398
f 363 398 433
f 363 433 399
f 363 399 400
f 363 400 364
f 363 364 365
f 363 365 329
f 363 328 327
f 363 361 396
f 364 362 397
f 364 397 398
f 364 398 434
f 364 434 399
f 364 399 400
f 364 400 401
f 364 401 365
f 364 365 366
f 364 366 331
f 364 331 330
f 364 330 329
f 364 328 363
f 365 398 399
f 365 399 400
f 365 400 435
f 365 435 401
f 365 401 402
f 365 402 366
f 365 366 367
f 365 367 331
f 365 330 329
f 365 363 398
f 366 399 400
f 366 400 401
f 366 401 436
f 366 436 402
f 366 402 403
f 366 403 367
f 366 367 368
f 366 368 332
f 366 331 330
f 366 364 399
f 367 365 400
f 367 400 401
f 367 401 437
f 367 437 402
f 367 402 403
f 367 403 404
f 367 404 368
f 367 368 369
f 367 369 334
f 367 334 333
f 367 333 332
f 367 331 366
f 368 366 401
f 368 401 402
f 368 402 438
f 368 438 403
f 368 403 404
f 368 404 405
f 368 405 369
f 368 369 370
f 368 370 335
f 368 335 334
f 368 334 333
f 369 402 403
f 369 403 404
f 369 404 439
f 369 439 405
f 369 405 406
f 369 406 371
f 369 371 370
f 369 370 335
f 369 334 333
f 369 367 402
f 370 368 403
f 370 403 404
f 370 404 440
f 370 440 405
f 370 405 406
f 370 406 407
f 370 407 371
f 370 371 372
f 370 372 337
f 370 337 336
f 370 336 335
f 370 334 369
f 371 369 404
f 371 404 405
f 371 405 441
f 371 441 406
f 371 406 407
f 371 407 408
f 371 408 372
f 371 372 373
f 371 373 338
f 371 338 337
f 371 337 336
f 372 405 406
f 372 406 407
f 372 407 442
f 372 442 408
f 372 408 409
f 372 409 373
f 372 373 374
f 372 374 338
f 372 337 336
f 372 370 405
f 373 406 407
f 373 407 408
f 373 408 443
f 373 443 409
f 373 409 410
f 373 410 374
f 373 374 375
f 373 375 339
f 373 338 337
f 373 371 406
f 374 372 407
f 374 407 408
f 374 408 444
f 374 444 409
f 374 409 410
f 374 410 411
f 374 411 375
f 374 375 376
f 374 376 341
f 374 341 340
f 374 340 339
f 374 338 373
f 375 373 408
f 375 408 409
f 375 409 445
f 375 445 410
f 375 410 411
f 375 411 412
f 375 412 377
f 375 377 376
f 375 342 341
f 375 341 340
f 376 374 409
f 376 409 410
f 376 410 446
f 376 446 411
f 376 411 412
f 376 412 413
f 376 413 377
f 376 377 378
f 376 378 343
f 376 343 342
f 376 342 341
f 377 410 411
f 377 411 412
f 377 412 447
f 377 447 413
f 377 413 414
f 377 414 378
f 377 378 379
f 377 379 343
f 377 342 341
f 377 375 410
f 378 411 412
f 378 412 413
f 378 413 448
f 378 448 414
f 378 414 415
f 378 415 379
f 378 379 380
f 378 380 344
f 378 343 342
f 378 376 411
f 379 377 412
f 379 412 413
f 379 413 449
f 379 449 414
f 379 414 415
f 379 415 416
f 379 416 380
f 379 380 381
f 379 381 346
f 379 346 345
f 379 345 344
f 379 343 378
f 380 378 413
f 380 413 414
f 380 414 450
f 380 450 415
f 380 415 416
f 380 416 417
f 380 417 381
f 380 381 382
f 380 382 347
f 380 347 346
f 380 346 345
f 381 414 415
f 381 415 416
f 381 416 451
f 381 451 417
f 381 417 418
f 381 418 382
f 381 382 383
f 381 383 347
f 381 346 345
f 381 379 414
f 382 415 416
f 382 416 417
f 382 417 452
f 382 452 418
f 382 418 419
f 382 419 383
f 382 383 384
f 382 384 348
f 382 347 346
f 382 380 415
f 383 381 416
f 383 416 417
f 383 417 453
f 383 453 418
f 383 418 419
f 383 419 420
f 383 420 384
f 383 384 385
f 383 385 350
f 383 350 349
f 383 349 348
f 383 347 382
f 384 417 418
f 384 418 453
f 384 453 419
f 384 419 454
f 384 454 455
f 384 455 420
f 384 420 385
f 384 385 350
f 384 350 314
f 384 349 348
f 384 382 417
f 385 418 453
f 385 453 419
f 385 419 454
f 385 454 420
f 385 420 455
f 385 314 313
f 385 313 349
f 385 383 382
f 385 382 418
f 386 456 421
f 386 421 457
f 386 457 422
f 386 422 458
f 386 458 423
f 386 423 387
f 386 387 388
f 386 388 389
f 386 389 353
f 386 353 352
f 386 352 318
f 386 318 317
f 387 386 421
f 387 421 456
f 387 456 457
f 387 457 422
f 387 422 458
f 387 458 423
f 387 423 424
f 387 424 388
f 387 388 389
f 387 389 354
f 387 354 353
f 387 353 352
f 387 317 351
f 387 351 386
f 388 386 421
f 388 421 422
f 388 422 458
f 388 458 423
f 388 423 424
f 388 424 425
f 388 425 389
f 388 389 390
f 388 390 355
f 388 355 354
f 388 354 353
f 388 352 387
f 389 387 422
f 389 422 423
f 389 423 459
f 389 459 424
f 389 424 425
f 389 425 426
f 389 426 390
f 389 390 391
f 389 391 356
f 389 356 355
f 389 355 354
f 390 388 423
f 390 423 424
f 390 424 460
f 390 460 425
f 390 425 426
f 390 426 427
f 390 427 391
f 390 391 392
f 390 392 357
f 390 357 356
f 390 356 355
f 391 424 425
f 391 425 426
f 391 426 461
f 391 461 427
f 391 427 428
f 391 428 392
f 391 392 393
f 391 393 357
f 391 356 355
f 391 389 424
f 392 425 426
f 392 426 427
f 392 427 462
f 392 462 428
f 392 428 429
f 392 429 393
f 392 393 394
f 392 394 358
f 392 357 356
f 392 390 425
f 393 391 426
f 393 426 427
f 393 427 463
f 393 463 428
f 393 428 429
f 393 429 430
f 393 430 394
f 393 394 395
f 393 395 360
f 393 360 359
f 393 359 358
f 393 357 392
f 394 392 427
f 394 427 428
f 394 428 464
f 394 464 429
f 394 429 430
f 394 430 431
f 394 431 396
f 394 396 395
f 394 361 360
f 394 360 359
f 395 393 428
f 395 428 429
f 395 429 465
f 395 465 430
f 395 430 431
f 395 431 432
f 395 432 397
f 395 397 396
f 395 362 361
f 395 361 360
f 396 394 429
f 396 429 430
f 396 430 466
f 396 466 431
f 396 431 432
f 396 432 433
f 396 433 397
f 396 397 398
f 396 398 363
f 396 363 362
f 396 362 361
f 397 430 431
f 397 431 432
f 397 432 467
f 397 467 433
f 397 433 434
f 397 434 398
f 397 398 399
f 397 399 363
f 397 362 361
f 397 361 360
f 397 395 430
f 398 431 432
f 398 432 433
f 398 433 468
f 398 468 434
f 398 434 435
f 398 435 399
f 398 399 400
f 398 400 364
f 398 363 362
f 398 396 431
f 399 397 432
f 399 432 433
f 399 433 469
f 399 469 434
f 399 434 435
f 399 435 436
f 399 436 401
f 399 401 400
f 399 366 365
f 399 365 364
f 399 363 398
f 400 433 434
f 400 434 435
f 400 435 470
f 400 470 436
f 400 436 437
f 400 437 401
f 400 401 402
f 400 402 366
f 400 365 364
f 400 398 433
f 401 434 435
f 401 435 436
f 401 436 471
f 401 471 437
f 401 437 438
f 401 438 402
f 401 402 403
f 401 403 367
f 401 366 365
f 401 399 434
f 402 400 435
f 402 435 436
f 402 436 472
f 402 472 437
f 402 437 438
f 402 438 439
f 402 439 403
f 402 403 404
f 402 404 369
f 402 369 368
f 402 368 367
f 402 366 401
f 403 401 436
f 403 436 437
f 403 437 473
f 403 473 438
f 403 438 439
f 403 439 440
f 403 440 404
f 403 404 405
f 403 405 370
f 403 370 369
f 403 369 368
f 404 437 438
f 404 438 439
f 404 439 474
f 404 474 440
f 404 440 441
f 404 441 405
f 404 405 406
f 404 406 370
f 404 369 368
f 404 402 437
f 405 403 438
f 405 438 439
f 405 439 475
f 405 475 440
f 405 440 441
f 405 441 442
f 405 442 406
f 405 406 407
f 405 407 372
f 405 372 371
f 405 371 370
f 405 369 404
f 406 404 439
f 406 439 440
f 406 440 476
f 406 476 441
f 406 441 442
f 406 442 443
f 406 443 407
f 406 407 408
f 406 408 373
f 406 373 372
f 406 372 371
f 407 440 441
f 407 441 442
f 407 442 477
f 407 477 443
f 407 443 444
f 407 444 408
f 407 408 409
f 407 409 373
f 407 372 371
f 407 405 440
f 408 441 442
f 408 442 443
f 408 443 478
f 408 478 444
f 408 444 445
f 408 445 409
f 408 409 410
f 408 410 374
f 408 373 372
f 408 406 441
f 409 407 442
f 409 442 443
f 409 443 479
f 409 479 444
f 409 444 445
f 409 445 446
f 409 446 411
f 409 411 410
f 409 376 375
f 409 375 374
f 409 373 408
f 410 408 443
f 410 443 444
f 410 444 480
f 410 480 445
f 410 445 446
f 410 446 447
f 410 447 412
f 410 412 411
f 410 377 376
f 410 376 375
f 411 409 444
f 411 444 445
f 411 445 481
f 411 481 446
f 411 446 447
f 411 447 448
f 411 448 412
f 411 412 413
f 411 413 378
f 411 378 377
f 411 377 376
f 412 445 446
f 412 446 447
f 412 447 482
f 412 482 448
f 412 448 449
f 412 449 413
f 412 413 414
f 412 414 378
f 412 377 376
f 412 376 375
f 412 410 445
f 413 446 447
f 413 447 448
f 413 448 483
f 413 483 449
f 413 449 450
f 413 450 414
f 413 414 415
f 413 415 379
f 413 378 377
f 413 411 446
f 414 412 447
f 414 447 448
f 414 448 484
f 414 484 449
f 414 449 450
f 414 450 451
f 414 451 415
f 414 415 416
f 414 416 381
f 414 381 380
f 414 380 379
f 414 378 413
f 415 413 448
f 415 448 449
f 415 449 485
f 415 485 450
f 415 450 451
f 415 451 452
f 415 452 416
f 415 416 417
f 415 417 382
f 415 382 381
f 415 381 380
f 416 449 450
f 416 450 451
f 416 451 486
f 416 486 452
f 416 452 453
f 416 453 417
f 416 417 418
f 416 418 382
f 416 381 380
f 416 414 449
f 417 450 451
f 417 451 452
f 417 452 487
f 417 487 453
f 417 453 454
f 417 454 418
f 417 418 419
f 417 419 383
f 417 382 381
f 417 415 450
f 418 416 451
f 418 451 452
f 418 452 488
f 418 488 453
f 418 453 454
f 418 454 455
f 418 455 419
f 418 419 420
f 418 420 385
f 418 385 384
f 418 384 383
f 418 382 417
f 419 452 453
f 419 453 488
f 419 488 454
f 419 454 489
f 419 489 490
f 419 490 455
f 419 455 420
f 419 420 385
f 419 385 349
f 419 384 383
f 419 417 452
f 420 453 488
f 420 488 454
f 420 454 489
f 420 489 455
f 420 455 490
f 420 349 348
f 420 348 384
f 420 418 417
f 420 417 453
f 421 491 456
f 421 456 492
f 421 492 457
f 421 457 493
f 421 493 458
f 421 458 422
f 421 422 423
f 421 423 424
f 421 424 388
f 421 388 387
f 421 387 353
f 421 353 352
f 422 421 456
f 422 456 491
f 422 491 492
f 422 492 457
f 422 457 493
f 422 493 458
f 422 458 459
f 422 459 423
f 422 423 424
f 422 424 389
f 422 389 388
f 422 388 387
f 422 352 386
f 422 386 421
f 423 421 456
f 423 456 457
f 423 457 493
f 423 493 458
f 423 458 459
f 423 459 460
f 423 460 424
f 423 424 425
f 423 425 390
f 423 390 389
f 423 389 388
f 423 387 422
f 424 422 457
f 424 457 458
f 424 458 494
f 424 494 459
f 424 459 460
f 424 460 461
f 424 461 425
f 424 425 426
f 424 426 391
f 424 391 390
f 424 390 389
f 425 423 458
f 425 458 459
f 425 459 495
f 425 495 460
f 425 460 461
f 425 461 462
f 425 462 426
f 425 426 427
f 425 427 392
f 425 392 391
f 425 391 390
f 426 459 460
f 426 460 461
f 426 461 496
f 426 496 462
f 426 462 463
f 426 463 427
f 426 427 428
f 426 428 392
f 426 391 390
f 426 424 459
f 427 460 461
f 427 461 462
f 427 462 497
f 427 497 463
f 427 463 464
f 427 464 428
f 427 428 429
f 427 429 393
f 427 392 391
f 427 425 460
f 428 426 461
f 428 461 462
f 428 462 498
f 428 498 463
f 428 463 464
f 428 464 465
f 428 465 429
f 428 429 430
f 428 430 395
f 428 395 394
f 428 394 393
f 428 392 427
f 429 427 462
f 429 462 463
f 429 463 499
f 429 499 464
f 429 464 465
f 429 465 466
f 429 466 430
f 429 430 431
f 429 431 396
f 429 396 395
f 429 395 394
f 430 428 463
f 430 463 464
f 430 464 500
f 430 500 465
f 430 465 466
f 430 466 467
f 430 467 431
f 430 431 432
f 430 432 397
f 430 397 396
f 430 396 395
f 431 429 464
f 431 464 465
f 431 465 501
f 431 501 466
f 431 466 467
f 431 467 468
f 431 468 432
f 431 432 433
f 431 433 398
f 431 398 397
f 431 397 396
f 432 465 466
f 432 466 467
f 432 467 502
f 432 502 468
f 432 468 469
f 432 469 433
f 432 433 434
f 432 434 398
f 432 397 396
f 432 396 395
f 432 430 465
f 433 466 467
f 433 467 468
f 433 468 503
f 433 503 469
f 433 469 470
f 433 470 434
f 433 434 435
f 433 435 399
f 433 398 397
f 433 431 466
f 434 432 467
f 434 467 468
f 434 468 504
f 434 504 469
f 434 469 470
f 434 470 471
f 434 471 435
f 434 435 436
f 434 436 401
f 434 401 400
f 434 400 399
f 434 398 433
f 435 468 469
f 435 469 470
f 435 470 505
f 435 505 471
f 435 471 472
f 435 472 436
f 435 436 437
f 435 437 401
f 435 400 399
f 435 433 468
f 436 469 470
f 436 470 471
f 436 471 506
f 436 506 472
f 436 472 473
f 436 473 437
f 436 437 438
f 436 438 402
f 436 401 400
f 436 400 399
f 436 434 469
f 437 435 470
f 437 470 471
f 437 471 507
f 437 507 472
f 437 472 473
f 437 473 474
f 437 474 438
f 437 438 439
f 437 439 404
f 437 404 403
f 437 403 402
f 437 401 436
f 438 436 471
f 438 471 472
f 438 472 508
f 438 508 473
f 438 473 474
f 438 474 475
f 438 475 439
f 438 439 440
f 438 440 405
f 438 405 404
f 438 404 403
f 439 472 473
f 439 473 474
f 439 474 509
f 439 509 475
f 439 475 476
f 439 476 440
f 439 440 441
f 439 441 405
f 439 404 403
f 439 437 472
f 440 438 473
f 440 473 474
f 440 474 510
f 440 510 475
f 440 475 476
f 440 476 477
f 440 477 441
f 440 441 442
f 440 442 407
f 440 407 406
f 440 406 405
f 440 404 439
f 441 439 474
f 441 474 475
f 441 475 511
f 441 511 476
f 441 476 477
f 441 477 478
f 441 478 442
f 441 442 443
f 441 443 408
f 441 408 407
f 441 407 406
f 442 475 476
f 442 476 477
f 442 477 512
f 442 512 478
f 442 478 479
f 442 479 443
f 442 443 444
f 442 444 408
f 442 407 406
f 442 440 475
f 443 476 477
f 443 477 478
f 443 478 513
f 443 513 479
f 443 479 480
f 443 480 444
f 443 444 445
f 443 445 409
f 443 408 407
f 443 441 476
f 444 442 477
f 444 477 478
f 444 478 514
f 444 514 479
f 444 479 480
f 444 480 481
f 444 481 445
f 444 445 446
f 444 446 411
f 444 411 410
f 444 410 409
f 444 408 443
f 445 443 478
f 445 478 479
f 445 479 515
f 445 515 480
f 445 480 481
f 445 481 482
f 445 482 446
f 445 446 447
f 445 447 412
f 445 412 411
f 445 411 410
f 446 444 479
f 446 479 480
f 446 480 516
f 446 516 481
f 446 481 482
f 446 482 483
f 446 483 447
f 446 447 448
f 446 448 413
f 446 413 412
f 446 412 411
f 447 480 481
f 447 481 482
f 447 482 517
f 447 517 483
f 447 483 484
f 447 484 448
f 447 448 449
f 447 449 413
f 447 412 411
f 447 411 410
f 447 445 480
f 448 481 482
f 448 482 483
f 448 483 518
f 448 518 484
f 448 484 485
f 448 485 449
f 448 449 450
f 448 450 414
f 448 413 412
f 448 446 481
f 449 447 482
f 449 482 483
f 449 483 519
f 449 519 484
f 449 484 485
f 449 485 486
f 449 486 450
f 449 450 451
f 449 451 416
f 449 416 415
f 449 415 414
f 449 413 448
f 450 448 483
f 450 483 484
f 450 484 520
f 450 520 485
f 450 485 486
f 450 486 487
f 450 487 451
f 450 451 452
f 450 452 417
f 450 417 416
f 450 416 415
f 451 484 485
f 451 485 486
f 451 486 521
f 451 521 487
f 451 487 488
f 451 488 452
f 451 452 453
f 451 453 417
f 451 416 415
f 451 449 484
f 452 485 486
f 452 486 487
f 452 487 522
f 452 522 488
f 452 488 489
f 452 489 453
f 452 453 454
f 452 454 418
f 452 417 416
f 452 450 485
f 453 451 486
f 453 486 487
f 453 487 523
f 453 523 488
f 453 488 489
f 453 489 490
f 453 490 454
f 453 454 455
f 453 455 420
f 453 420 419
f 453 419 418
f 453 417 452
f 454 487 488
f 454 488 523
f 454 523 489
f 454 489 524
f 454 524 525
f 454 525 490
f 454 490 455
f 454 455 420
f 454 420 384
f 454 419 418
f 454 452 487
f 455 488 523
f 455 523 489
f 455 489 524
f 455 524 490
f 455 490 525
f 455 384 383
f 455 383 419
f 455 453 452
f 455 452 488
f 456 526 491
f 456 491 527
f 456 527 492
f 456 492 528
f 456 528 493
f 456 493 457
f 456 457 458
f 456 458 459
f 456 459 423
f 456 423 422
f 456 422 388
f 456 388 387
f 457 456 491
f 457 491 526
f 457 526 527
f 457 527 492
f 457 492 528
f 457 528 493
f 457 493 494
f 457 494 458
f 457 458 459
f 457 459 424
f 457 424 423
f 457 423 422
f 457 387 421
f 457 421 456
f 458 456 491
f 458 491 492
f 458 492 528
f 458 528 493
f 458 493 494
f 458 494 495
f 458 495 459
f 458 459 460
f 458 460 425
f 458 425 424
f 458 424 423
f 458 422 457
f 459 457 492
f 459 492 493
f 459 493 529
f 459 529 494
f 459 494 495
f 459 495 496
f 459 496 460
f 459 460 461
f 459 461 426
f 459 426 425
f 459 425 424
f 460 458 493
f 460 493 494
f 460 494 530
f 460 530 495
f 460 495 496
f 460 496 497
f 460 497 461
f 460 461 462
f 460 462 427
f 460 427 426
f 460 426 425
f 461 494 495
f 461 495 496
f 461 496 531
f 461 531 497
f 461 497 498
f 461 498 462
f 461 462 463
f 461 463 427
f 461 426 425
f 461 459 494
f 462 495 496
f 462 496 497
f 462 497 532
f 462 532 498
f 462 498 499
f 462 499 463
f 462 463 464
f 462 464 428
f 462 427 426
f 462 460 495
f 463 461 496
f 463 496 497
f 463 497 533
f 463 533 498
f 463 498 499
f 463 499 500
f 463 500 464
f 463 464 465
f 463 465 430
f 463 430 429
f 463 429 428
f 463 427 462
f 464 462 497
f 464 497 498
f 464 498 534
f 464 534 499
f 464 499 500
f 464 500 501
f 464 501 465
f 464 465 466
f 464 466 431
f 464 431 430
f 464 430 429
f 465 463 498
f 465 498 499
f 465 499 535
f 465 535 500
f 465 500 501
f 465 501 502
f 465 502 466
f 465 466 467
f 465 467 432
f 465 432 431
f 465 431 430
f 466 464 499
f 466 499 500
f 466 500 536
f 466 536 501
f 466 501 502
f 466 502 503
f 466 503 467
f 466 467 468
f 466 468 433
f 466 433 432
f 466 432 431
f 467 500 501
f 467 501 502
f 467 502 537
f 467 537 503
f 467 503 504
f 467 504 468
f 467 468 469
f 467 469 433
f 467 432 431
f 467 465 500
f 468 501 502
f 468 502 503
f 468 503 538
f 468 538 504
f 468 504 505
f 468 505 469
f 468 469 470
f 468 470 434
f 468 433 432
f 468 466 501
f 469 467 502
f 469 502 503
f 469 503 539
f 469 539 504
f 469 504 505
f 469 505 506
f 469 506 470
f 469 470 471
f 469 471 436
f 469 436 435
f 469 435 434
f 469 433 468
f 470 503 504
f 470 504 505
f 470 505 540
f 470 540 506
f 470 506 507
f 470 507 471
f 470 471 472
f 470 472 436
f 470 435 434
f 470 468 503
f 471 504 505
f 471 505 506
f 471 506 541
f 471 541 507
f 471 507 508
f 471 508 472
f 471 472 473
f 471 473 437
f 471 436 435
f 471 469 504
f 472 470 505
f 472 505 506
f 472 506 542
f 472 542 507
f 472 507 508
f 472 508 509
f 472 509 473
f 472 473 474
f 472 474 439
f 472 439 438
f 472 438 437
f 472 436 471
f 473 471 506
f 473 506 507
f 473 507 543
f 473 543 508
f 473 508 509
f 473 509 510
f 473 510 474
f 473 474 475
f 473 475 440
f 473 440 439
f 473 439 438
f 474 507 508
f 474 508 509
f 474 509 544
f 474 544 510
f 474 510 511
f 474 511 475
f 474 475 476
f 474 476 440
f 474 439 438
f 474 472 507
f 475 473 508
f 475 508 509
f 475 509 545
f 475 545 510
f 475 510 511
f 475 511 512
f 475 512 476
f 475 476 477
f 475 477 442
f 475 442 441
f 475 441 440
f 475 439 474
f 476 474 509
f 476 509 510
f 476 510 546
f 476 546 511
f 476 511 512
f 476 512 513
f 476 513 477
f 476 477 478
f 476 478 443
f 476 443 442
f 476 442 441
f 477 510 511
f 477 511 512
f 477 512 547
f 477 547 513
f 477 513 514
f 477 514 479
f 477 479 478
f 477 442 441
f 477 475 510
f 478 511 512
f 478 512 513
f 478 513 548
f 478 548 514
f 478 514 515
f 478 515 480
f 478 480 479
f 478 479 444
f 478 443 442
f 478 476 511
f 479 477 512
f 479 512 513
f 479 513 549
f 479 549 514
f 479 514 515
f 479 515 516
f 479 516 480
f 479 480 481
f 479 481 446
f 479 446 445
f 479 445 444
f 479 443 478
f 480 478 513
f 480 513 514
f 480 514 550
f 480 550 515
f 480 515 516
f 480 516 517
f 480 517 481
f 480 481 482
f 480 482 447
f 480 447 446
f 480 446 445
f 481 479 514
f 481 514 515
f 481 515 551
f 481 551 516
f 481 516 517
f 481 517 518
f 481 518 482
f 481 482 483
f 481 483 448
f 481 448 447
f 481 447 446
f 482 515 516
f 482 516 517
f 482 517 552
f 482 552 518
f 482 518 519
f 482 519 483
f 482 483 484
f 482 484 448
f 482 447 446
f 482 480 515
f 483 516 517
f 483 517 518
f 483 518 553
f 483 553 519
f 483 519 520
f 483 520 484
f 483 484 485
f 483 485 449
f 483 448 447
f 483 481 516
f 484 482 517
f 484 517 518
f 484 518 554
f 484 554 519
f 484 519 520
f 484 520 521
f 484 521 485
f 484 485 486
f 484 486 451
f 484 451 450
f 484 450 449
f 484 448 483
f 485 483 518
f 485 518 519
f 485 519 555
f 485 555 520
f 485 520 521
f 485 521 522
f 485 522 486
f 485 486 487
f 485 487 452
f 485 452 451
f 485 451 450
f 486 519 520
f 486 520 521
f 486 521 556
f 486 556 522
f 486 522 523
f 486 523 487
f 486 487 488
f 486 488 452
f 486 451 450
f 486 484 519
f 487 520 521
f 487 521 522
f 487 522 557
f 487 557 523
f 487 523 524
f 487 524 488
f 487 488 489
f 487 489 453
f 487 452 451
f 487 485 520
f 488 486 521
f 488 521 522
f 488 522 558
f 488 558 523
f 488 523 524
f 488 524 525
f 488 525 489
f 488 489 490
f 488 490 455
f 488 455 454
f 488 454 453
f 488 452 487
f 489 522 523
f 489 523 558
f 489 558 524
f 489 524 559
f 489 559 560
f 489 560 525
f 489 525 490
f 489 490 455
f 489 455 419
f 489 454 453
f 489 487 522
f 490 523 558
f 490 558 524
f 490 524 559
f 490 559 525
f 490 525 560
f 490 419 418
f 490 418 454
f 490 488 487
f 490 487 523
f 491 561 526
f 491 526 562
f 491 562 527
f 491 527 563
f 491 563 528
f 491 528 494
f 491 494 492
f 491 492 493
f 491 493 458
f 491 458 457
f 491 457 423
f 491 423 422
f 492 491 526
f 492 526 561
f 492 561 562
f 492 562 527
f 492 527 563
f 492 563 528
f 492 528 529
f 492 529 493
f 492 493 494
f 492 494 459
f 492 459 458
f 492 458 457
f 492 422 456
f 492 456 491
f 493 491 526
f 493 526 527
f 493 527 563
f 493 563 528
f 493 528 529
f 493 529 530
f 493 530 494
f 493 494 495
f 493 495 460
f 493 460 459
f 493 459 458
f 493 457 492
f 494 492 527
f 494 527 528
f 494 528 564
f 494 564 529
f 494 529 530
f 494 530 531
f 494 531 495
f 494 495 496
f 494 496 461
f 494 461 460
f 494 460 459
f 495 493 528
f 495 528 529
f 495 529 565
f 495 565 530
f 495 530 531
f 495 531 532
f 495 532 496
f 495 496 497
f 495 497 462
f 495 462 461
f 495 461 460
f 496 529 530
f 496 530 531
f 496 531 566
f 496 566 532
f 496 532 533
f 496 533 497
f 496 497 498
f 496 498 462
f 496 461 460
f 496 494 529
f 497 530 531
f 497 531 532
f 497 532 567
f 497 567 533
f 497 533 534
f 497 534 498
f 497 498 499
f 497 499 463
f 497 462 461
f 497 495 530
f 498 496 531
f 498 531 532
f 498 532 568
f 498 568 533
f 498 533 534
f 498 534 535
f 498 535 499
f 498 499 500
f 498 500 465
f 498 465 464
f 498 464 463
f 498 462 497
f 499 497 532
f 499 532 533
f 499 533 569
f 499 569 534
f 499 534 535
f 499 535 536
f 499 536 500
f 499 500 501
f 499 501 466
f 499 466 465
f 499 465 464
f 500 498 533
f 500 533 534
f 500 534 570
f 500 570 535
f 500 535 536
f 500 536 537
f 500 537 501
f 500 501 502
f 500 502 467
f 500 467 466
f 500 466 465
f 501 499 534
f 501 534 535
f 501 535 571
f 501 571 536
f 501 536 537
f 501 537 538
f 501 538 502
f 501 502 503
f 501 503 468
f 501 468 467
f 501 467 466
f 502 535 536
f 502 536 537
f 502 537 572
f 502 572 538
f 502 538 539
f 502 539 503
f 502 503 504
f 502 504 468
f 502 467 466
f 502 500 535
f 503 536 537
f 503 537 538
f 503 538 573
f 503 573 539
f 503 539 540
f 503 540 504
f 503 504 505
f 503 505 469
f 503 468 467
f 503 501 536
f 504 502 537
f 504 537 538
f 504 538 574
f 504 574 539
f 504 539 540
f 504 540 541
f 504 541 505
f 504 505 506
f 504 506 471
f 504 471 470
f 504 470 469
f 504 468 503
f 505 538 539
f 505 539 540
f 505 540 575
f 505 575 541
f 505 541 542
f 505 542 506
f 505 506 507
f 505 507 471
f 505 470 469
f 505 503 538
f 506 539 540
f 506 540 541
f 506 541 576
f 506 576 542
f 506 542 543
f 506 543 507
f 506 507 508
f 506 508 472
f 506 471 470
f 506 504 539
f 507 505 540
f 507 540 541
f 507 541 577
f 507 577 542
f 507 542 543
f 507 543 544
f 507 544 508
f 507 508 509
f 507 509 474
f 507 474 473
f 507 473 472
f 507 471 506
f 508 506 541
f 508 541 542
f 508 542 578
f 508 578 543
f 508 543 544
f 508 544 545
f 508 545 509
f 508 509 510
f 508 510 475
f 508 475 474
f 508 474 473
f 509 542 543
f 509 543 544
f 509 544 579
f 509 579 545
f 509 545 546
f 509 546 510
f 509 510 511
f 509 511 475
f 509 474 473
f 509 507 542
f 510 508 543
f 510 543 544
f 510 544 580
f 510 580 545
f 510 545 546
f 510 546 547
f 510 547 511
f 510 511 512
f 510 512 477
f 510 477 476
f 510 476 475
f 510 474 509
f 511 509 544
f 511 544 545
f 511 545 581
f 511 581 546
f 511 546 547
f 511 547 548
f 511 548 512
f 511 512 513
f 511 513 478
f 511 478 477
f 511 477 476
f 512 545 546
f 512 546 547
f 512 547 582
f 512 582 548
f 512 548 549
f 512 549 513
f 512 513 514
f 512 514 478
f 512 477 476
f 512 510 545
f 513 546 547
f 513 547 548
f 513 548 583
f 513 583 549
f 513 549 550
f 513 550 514
f 513 514 515
f 513 515 479
f 513 478 477
f 513 511 546
f 514 512 547
f 514 547 548
f 514 548 584
f 514 584 549
f 514 549 550
f 514 550 551
f 514 551 515
f 514 515 516
f 514 516 481
f 514 481 480
f 514 480 479
f 514 478 513
f 515 513 548
f 515 548 549
f 515 549 585
f 515 585 550
f 515 550 551
f 515 551 552
f 515 552 516
f 515 516 517
f 515 517 482
f 515 482 481
f 515 481 480
f 516 514 549
f 516 549 550
f 516 550 586
f 516 586 551
f 516 551 552
f 516 552 553
f 516 553 517
f 516 517 518
f 516 518 483
f 516 483 482
f 516 482 481
f 517 550 551
f 517 551 552
f 517 552 587
f 517 587 553
f 517 553 554
f 517 554 518
f 517 518 519
f 517 519 483
f 517 482 481
f 517 515 550
f 518 551 552
f 518 552 553
f 518 553 588
f 518 588 554
f 518 554 555
f 518 555 519
f 518 519 520
f 518 520 484
f 518 483 482
f 518 516 551
f 519 517 552
f 519 552 553
f 519 553 589
f 519 589 554
f 519 554 555
f 519 555 556
f 519 556 520
f 519 520 521
f 519 521 486
f 519 486 485
f 519 485 484
f 519 483 518
f 520 518 553
f 520 553 554
f 520 554 590
f 520 590 555
f 520 555 556
f 520 556 557
f 520 557 521
f 520 521 522
f 520 522 487
f 520 487 486
f 520 486 485
f 521 554 555
f 521 555 556
f 521 556 591
f 521 591 557
f 521 557 558
f 521 558 522
f 521 522 523
f 521 523 487
f 521 486 485
f 521 519 554
f 522 555 556
f 522 556 557
f 522 557 592
f 522 592 558
f 522 558 559
f 522 559 523
f 522 523 524
f 522 524 488
f 522 487 486
f 522 520 555
f 523 521 556
f 523 556 557
f 523 557 593
f 523 593 558
f 523 558 559
f 523 559 560
f 523 560 524
f 523 524 525
f 523 525 490
f 523 490 489
f 523 489 488
f 523 487 522
f 524 557 558
f 524 558 593
f 524 593 559
f 524 559 594
f 524 594 595
f 524 595 560
f 524 560 525
f 524 525 490
f 524 490 454
f 524 489 488
f 524 522 557
f 525 558 593
f 525 593 559
f 525 559 594
f 525 594 560
f 525 560 595
f 525 454 453
f 525 453 489
f 525 523 522
f 525 522 558
f 526 596 561
f 526 561 597
f 526 597 562
f 526 562 598
f 526 598 563
f 526 563 529
f 526 529 527
f 526 527 528
f 526 528 493
f 526 493 492
f 526 492 458
f 526 458 457
f 527 526 561
f 527 561 596
f 527 596 597
f 527 597 562
f 527 562 598
f 527 598 563
f 527 563 564
f 527 564 528
f 527 528 529
f 527 529 494
f 527 494 493
f 527 493 492
f 527 457 491
f 527 491 526
f 528 526 561
f 528 561 562
f 528 562 598
f 528 598 563
f 528 563 564
f 528 564 565
f 528 565 529
f 528 529 530
f 528 530 495
f 528 495 494
f 528 494 493
f 528 492 527
f 529 527 562
f 529 562 563
f 529 563 599
f 529 599 564
f 529 564 565
f 529 565 566
f 529 566 531
f 529 531 530
f 529 496 495
f 529 495 494
f 530 528 563
f 530 563 564
f 530 564 600
f 530 600 565
f 530 565 566
f 530 566 567
f 530 567 531
f 530 531 532
f 530 532 497
f 530 497 496
f 530 496 495
f 531 564 565
f 531 565 566
f 531 566 601
f 531 601 567
f 531 567 568
f 531 568 532
f 531 532 533
f 531 533 497
f 531 496 495
f 531 529 564
f 532 565 566
f 532 566 567
f 532 567 602
f 532 602 568
f 532 568 569
f 532 569 533
f 532 533 534
f 532 534 498
f 532 497 496
f 532 530 565
f 533 531 566
f 533 566 567
f 533 567 603
f 533 603 568
f 533 568 569
f 533 569 570
f 533 570 535
f 533 535 534
f 533 500 499
f 533 499 498
f 533 497 532
f 534 532 567
f 534 567 568
f 534 568 604
f 534 604 569
f 534 569 570
f 534 570 571
f 534 571 535
f 534 535 536
f 534 536 501
f 534 501 500
f 534 500 499
f 535 533 568
f 535 568 569
f 535 569 605
f 535 605 570
f 535 570 571
f 535 571 572
f 535 572 536
f 535 536 537
f 535 537 502
f 535 502 501
f 535 501 500
f 536 534 569
f 536 569 570
f 536 570 606
f 536 606 571
f 536 571 572
f 536 572 573
f 536 573 537
f 536 537 538
f 536 538 503
f 536 503 502
f 536 502 501
f 537 570 571
f 537 571 572
f 537 572 607
f 537 607 573
f 537 573 574
f 537 574 538
f 537 538 539
f 537 539 503
f 537 502 501
f 537 535 570
f 538 571 572
f 538 572 573
f 538 573 608
f 538 608 574
f 538 574 575
f 538 575 539
f 538 539 540
f 538 540 504
f 538 503 502
f 538 536 571
f 539 537 572
f 539 572 573
f 539 573 609
f 539 609 574
f 539 574 575
f 539 575 576
f 539 576 541
f 539 541 540
f 539 506 505
f 539 505 504
f 539 503 538
f 540 573 574
f 540 574 575
f 540 575 610
f 540 610 576
f 540 576 577
f 540 577 541
f 540 541 542
f 540 542 506
f 540 505 504
f 540 538 573
f 541 574 575
f 541 575 576
f 541 576 611
f 541 611 577
f 541 577 578
f 541 578 542
f 541 542 543
f 541 543 507
f 541 506 505
f 541 539 574
f 542 540 575
f 542 575 576
f 542 576 612
f 542 612 577
f 542 577 578
f 542 578 579
f 542 579 543
f 542 543 544
f 542 544 509
f 542 509 508
f 542 508 507
f 542 506 541
f 543 541 576
f 543 576 577
f 543 577 613
f 543 613 578
f 543 578 579
f 543 579 580
f 543 580 544
f 543 544 545
f 543 545 510
f 543 510 509
f 543 509 508
f 544 577 578
f 544 578 579
f 544 579 614
f 544 614 580
f 544 580 581
f 544 581 545
f 544 545 546
f 544 546 510
f 544 509 508
f 544 542 577
f 545 543 578
f 545 578 579
f 545 579 615
f 545 615 580
f 545 580 581
f 545 581 582
f 545 582 546
f 545 546 547
f 545 547 512
f 545 512 511
f 545 511 510
f 545 509 544
f 546 544 579
f 546 579 580
f 546 580 616
f 546 616 581
f 546 581 582
f 546 582 583
f 546 583 547
f 546 547 548
f 546 548 513
f 546 513 512
f 546 512 511
f 547 580 581
f 547 581 582
f 547 582 617
f 547 617 583
f 547 583 584
f 547 584 548
f 547 548 549
f 547 549 513
f 547 512 511
f 547 545 580
f 548 581 582
f 548 582 583
f 548 583 618
f 548 618 584
f 548 584 585
f 548 585 549
f 548 549 550
f 548 550 514
f 548 513 512
f 548 546 581
f 549 547 582
f 549 582 583
f 549 583 619
f 549 619 584
f 549 584 585
f 549 585 586
f 549 586 550
f 549 550 551
f 549 551 516
f 549 516 515
f 549 515 514
f 549 513 548
f 550 548 583
f 550 583 584
f 550 584 620
f 550 620 585
f 550 585 586
f 550 586 587
f 550 587 551
f 550 551 552
f 550 552 517
f 550 517 516
f 550 516 515
f 551 549 584
f 551 584 585
f 551 585 621
f 551 621 586
f 551 586 587
f 551 587 588
f 551 588 552
f 551 552 553
f 551 553 518
f 551 518 517
f 551 517 516
f 552 585 586
f 552 586 587
f 552 587 622
f 552 622 588
f 552 588 589
f 552 589 553
f 552 553 554
f 552 554 518
f 552 517 516
f 552 550 585
f 553 586 587
f 553 587 588
f 553 588 623
f 553 623 589
f 553 589 590
f 553 590 554
f 553 554 555
f 553 555 519
f 553 518 517
f 553 551 586
f 554 552 587
f 554 587 588
f 554 588 624
f 554 624 589
f 554 589 590
f 554 590 591
f 554 591 556
f 554 556 555
f 554 521 520
f 554 520 519
f 554 518 553
f 555 553 588
f 555 588 589
f 555 589 625
f 555 625 590
f 555 590 591
f 555 591 592
f 555 592 556
f 555 556 557
f 555 557 522
f 555 522 521
f 555 521 520
f 556 589 590
f 556 590 591
f 556 591 626
f 556 626 592
f 556 592 593
f 556 593 557
f 556 557 558
f 556 558 522
f 556 521 520
f 556 554 589
f 557 590 591
f 557 591 592
f 557 592 627
f 557 627 593
f 557 593 594
f 557 594 558
f 557 558 559
f 557 559 523
f 557 522 521
f 557 555 590
f 558 556 591
f 558 591 592
f 558 592 628
f 558 628 593
f 558 593 594
f 558 594 595
f 558 595 559
f 558 559 560
f 558 560 525
f 558 525 524
f 558 524 523
f 558 522 557
f 559 592 593
f 559 593 628
f 559 628 594
f 559 594 629
f 559 629 630
f 559 630 595
f 559 595 560
f 559 560 525
f 559 525 489
f 559 524 523
f 559 557 592
f 560 593 628
f 560 628 594
f 560 594 629
f 560 629 595
f 560 595 630
f 560 489 488
f 560 488 524
f 560 558 557
f 560 557 593
f 561 631 596
f 561 596 632
f 561 632 597
f 561 597 633
f 561 633 598
f 561 598 562
f 561 562 563
f 561 563 564
f 561 564 528
f 561 528 527
f 561 527 493
f 561 493 492
f 562 561 596
f 562 596 631
f 562 631 632
f 562 632 597
f 562 597 633
f 562 633 598
f 562 598 599
f 562 599 563
f 562 563 564
f 562 564 529
f 562 529 528
f 562 528 527
f 562 492 526
f 562 526 561
f 563 561 596
f 563 596 597
f 563 597 633
f 563 633 598
f 563 598 599
f 563 599 600
f 563 600 564
f 563 564 565
f 563 565 530
f 563 530 529
f 563 529 528
f 563 527 562
f 564 562 597
f 564 597 598
f 564 598 634
f 564 634 599
f 564 599 600
f 564 600 601
f 564 601 565
f 564 565 566
f 564 566 531
f 564 531 530
f 564 530 529
f 565 563 598
f 565 598 599
f 565 599 635
f 565 635 600
f 565 600 601
f 565 601 602
f 565 602 566
f 565 566 567
f 565 567 532
f 565 532 531
f 565 531 530
f 566 599 600
f 566 600 601
f 566 601 636
f 566 636 602
f 566 602 603
f 566 603 567
f 566 567 568
f 566 568 532
f 566 531 530
f 566 530 529
f 566 564 599
f 567 600 601
f 567 601 602
f 567 602 637
f 567 637 603
f 567 603 604
f 567 604 568
f 567 568 569
f 567 569 533
f 567 532 531
f 567 565 600
f 568 566 601
f 568 601 602
f 568 602 638
f 568 638 603
f 568 603 604
f 568 604 605
f 568 605 569
f 568 569 570
f 568 570 535
f 568 535 534
f 568 534 533
f 568 532 567
f 569 567 602
f 569 602 603
f 569 603 639
f 569 639 604
f 569 604 605
f 569 605 606
f 569 606 570
f 569 570 571
f 569 571 536
f 569 536 535
f 569 535 534
f 570 568 603
f 570 603 604
f 570 604 640
f 570 640 605
f 570 605 606
f 570 606 607
f 570 607 571
f 570 571 572
f 570 572 537
f 570 537 536
f 570 536 535
f 571 569 604
f 571 604 605
f 571 605 641
f 571 641 606
f 571 606 607
f 571 607 608
f 571 608 572
f 571 572 573
f 571 573 538
f 571 538 537
f 571 537 536
f 572 605 606
f 572 606 607
f 572 607 642
f 572 642 608
f 572 608 609
f 572 609 573
f 572 573 574
f 572 574 538
f 572 537 536
f 572 570 605
f 573 606 607
f 573 607 608
f 573 608 643
f 573 643 609
f 573 609 610
f 573 610 574
f 573 574 575
f 573 575 539
f 573 538 537
f 573 571 606
f 574 572 607
f 574 607 608
f 574 608 644
f 574 644 609
f 574 609 610
f 574 610 611
f 574 611 575
f 574 575 576
f 574 576 541
f 574 541 540
f 574 540 539
f 574 538 573
f 575 608 609
f 575 609 610
f 575 610 645
f 575 645 611
f 575 611 612
f 575 612 577
f 575 577 576
f 575 540 539
f 575 573 608
f 576 609 610
f 576 610 611
f 576 611 646
f 576 646 612
f 576 612 613
f 576 613 577
f 576 577 578
f 576 578 542
f 576 541 540
f 576 540 539
f 576 574 609
f 577 575 610
f 577 610 611
f 577 611 647
f 577 647 612
f 577 612 613
f 577 613 614
f 577 614 578
f 577 578 579
f 577 579 544
f 577 544 543
f 577 543 542
f 577 541 576
f 578 576 611
f 578 611 612
f 578 612 648
f 578 648 613
f 578 613 614
f 578 614 615
f 578 615 579
f 578 579 580
f 578 580 545
f 578 545 544
f 578 544 543
f 579 612 613
f 579 613 614
f 579 614 649
f 579 649 615
f 579 615 616
f 579 616 580
f 579 580 581
f 579 581 545
f 579 544 543
f 579 577 612
f 580 578 613
f 580 613 614
f 580 614 650
f 580 650 615
f 580 615 616
f 580 616 617
f 580 617 581
f 580 581 582
f 580 582 547
f 580 547 546
f 580 546 545
f 580 544 579
f 581 579 614
f 581 614 615
f 581 615 651
f 581 651 616
f 581 616 617
f 581 617 618
f 581 618 582
f 581 582 583
f 581 583 548
f 581 548 547
f 581 547 546
f 582 615 616
f 582 616 617
f 582 617 652
f 582 652 618
f 582 618 619
f 582 619 583
f 582 583 584
f 582 584 548
f 582 547 546
f 582 580 615
f 583 616 617
f 583 617 618
f 583 618 653
f 583 653 619
f 583 619 620
f 583 620 584
f 583 584 585
f 583 585 549
f 583 548 547
f 583 581 616
f 584 582 617
f 584 617 618
f 584 618 654
f 584 654 619
f 584 619 620
f 584 620 621
f 584 621 585
f 584 585 586
f 584 586 551
f 584 551 550
f 584 550 549
f 584 548 583
f 585 583 618
f 585 618 619
f 585 619 655
f 585 655 620
f 585 620 621
f 585 621 622
f 585 622 586
f 585 586 587
f 585 587 552
f 585 552 551
f 585 551 550
f 586 584 619
f 586 619 620
f 586 620 656
f 586 656 621
f 586 621 622
f 586 622 623
f 586 623 587
f 586 587 588
f 586 588 553
f 586 553 552
f 586 552 551
f 587 620 621
f 587 621 622
f 587 622 657
f 587 657 623
f 587 623 624
f 587 624 588
f 587 588 589
f 587 589 553
f 587 552 551
f 587 585 620
f 588 621 622
f 588 622 623
f 588 623 658
f 588 658 624
f 588 624 625
f 588 625 589
f 588 589 590
f 588 590 554
f 588 553 552
f 588 586 621
f 589 587 622
f 589 622 623
f 589 623 659
f 589 659 624
f 589 624 625
f 589 625 626
f 589 626 590
f 589 590 591
f 589 591 556
f 589 556 555
f 589 555 554
f 589 553 588
f 590 588 623
f 590 623 624
f 590 624 660
f 590 660 625
f 590 625 626
f 590 626 627
f 590 627 591
f 590 591 592
f 590 592 557
f 590 557 556
f 590 556 555
f 591 624 625
f 591 625 626
f 591 626 661
f 591 661 627
f 591 627 628
f 591 628 592
f 591 592 593
f 591 593 557
f 591 556 555
f 591 555 554
f 591 589 624
f 592 625 626
f 592 626 627
f 592 627 662
f 592 662 628
f 592 628 629
f 592 629 593
f 592 593 594
f 592 594 558
f 592 557 556
f 592 590 625
f 593 591 626
f 593 626 627
f 593 627 663
f 593 663 628
f 593 628 629
f 593 629 630
f 593 630 594
f 593 594 595
f 593 595 560
f 593 560 559
f 593 559 558
f 593 557 592
f 594 627 628
f 594 628 663
f 594 663 629
f 594 629 664
f 594 664 665
f 594 665 630
f 594 630 595
f 594 595 560
f 594 560 524
f 594 559 558
f 594 592 627
f 595 628 663
f 595 663 629
f 595 629 664
f 595 664 630
f 595 630 665
f 595 524 523
f 595 523 559
f 595 593 592
f 595 592 628
f 596 666 631
f 596 631 667
f 596 667 632
f 596 632 668
f 596 668 633
f 596 633 597
f 596 597 598
f 596 598 599
f 596 599 563
f 596 563 562
f 596 562 528
f 596 528 527
f 597 596 631
f 597 631 666
f 597 666 667
f 597 667 632
f 597 632 668
f 597 668 633
f 597 633 634
f 597 634 598
f 597 598 599
f 597 599 564
f 597 564 563
f 597 563 562
f 597 527 561
f 597 561 596
f 598 596 631
f 598 631 632
f 598 632 668
f 598 668 633
f 598 633 634
f 598 634 635
f 598 635 599
f 598 599 600
f 598 600 565
f 598 565 564
f 598 564 563
f 598 562 597
f 599 597 632
f 599 632 633
f 599 633 669
f 599 669 634
f 599 634 635
f 599 635 636
f 599 636 600
f 599 600 601
f 599 601 566
f 599 566 565
f 599 565 564
f 600 598 633
f 600 633 634
f 600 634 670
f 600 670 635
f 600 635 636
f 600 636 637
f 600 637 601
f 600 601 602
f 600 602 567
f 600 567 566
f 600 566 565
f 601 634 635
f 601 635 636
f 601 636 671
f 601 671 637
f 601 637 638
f 601 638 602
f 601 602 603
f 601 603 567
f 601 566 565
f 601 599 634
f 602 635 636
f 602 636 637
f 602 637 672
f 602 672 638
f 602 638 639
f 602 639 603
f 602 603 604
f 602 604 568
f 602 567 566
f 602 600 635
f 603 601 636
f 603 636 637
f 603 637 673
f 603 673 638
f 603 638 639
f 603 639 640
f 603 640 604
f 603 604 605
f 603 605 570
f 603 570 569
f 603 569 568
f 603 567 602
f 604 602 637
f 604 637 638
f 604 638 674
f 604 674 639
f 604 639 640
f 604 640 641
f 604 641 605
f 604 605 606
f 604 606 571
f 604 571 570
f 604 570 569
f 605 603 638
f 605 638 639
f 605 639 675
f 605 675 640
f 605 640 641
f 605 641 642
f 605 642 606
f 605 606 607
f 605 607 572
f 605 572 571
f 605 571 570
f 606 604 639
f 606 639 640
f 606 640 676
f 606 676 641
f 606 641 642
f 606 642 643
f 606 643 607
f 606 607 608
f 606 608 573
f 606 573 572
f 606 572 571
f 607 640 641
f 607 641 642
f 607 642 677
f 607 677 643
f 607 643 644
f 607 644 608
f 607 608 609
f 607 609 573
f 607 572 571
f 607 605 640
f 608 641 642
f 608 642 643
f 608 643 678
f 608 678 644
f 608 644 645
f 608 645 609
f 608 609 610
f 608 610 574
f 608 573 572
f 608 606 641
f 609 607 642
f 609 642 643
f 609 643 679
f 609 679 644
f 609 644 645
f 609 645 646
f 609 646 611
f 609 611 610
f 609 576 575
f 609 575 574
f 609 573 608
f 610 643 644
f 610 644 645
f 610 645 680
f 610 680 646
f 610 646 647
f 610 647 611
f 610 611 612
f 610 612 576
f 610 575 574
f 610 608 643
f 611 644 645
f 611 645 646
f 611 646 681
f 611 681 647
f 611 647 648
f 611 648 612
f 611 612 613
f 611 613 577
f 611 576 575
f 611 609 644
f 612 610 645
f 612 645 646
f 612 646 682
f 612 682 647
f 612 647 648
f 612 648 649
f 612 649 613
f 612 613 614
f 612 614 579
f 612 579 578
f 612 578 577
f 612 576 611
f 613 611 646
f 613 646 647
f 613 647 683
f 613 683 648
f 613 648 649
f 613 649 650
f 613 650 614
f 613 614 615
f 613 615 580
f 613 580 579
f 613 579 578
f 614 647 648
f 614 648 649
f 614 649 684
f 614 684 650
f 614 650 651
f 614 651 615
f 614 615 616
f 614 616 580
f 614 579 578
f 614 612 647
f 615 613 648
f 615 648 649
f 615 649 685
f 615 685 650
f 615 650 651
f 615 651 652
f 615 652 616
f 615 616 617
f 615 617 582
f 615 582 581
f 615 581 580
f 615 579 614
f 616 614 649
f 616 649 650
f 616 650 686
f 616 686 651
f 616 651 652
f 616 652 653
f 616 653 617
f 616 617 618
f 616 618 583
f 616 583 582
f 616 582 581
f 617 650 651
f 617 651 652
f 617 652 687
f 617 687 653
f 617 653 654
f 617 654 618
f 617 618 619
f 617 619 583
f 617 582 581
f 617 615 650
f 618 651 652
f 618 652 653
f 618 653 688
f 618 688 654
f 618 654 655
f 618 655 619
f 618 619 620
f 618 620 584
f 618 583 582
f 618 616 651
f 619 617 652
f 619 652 653
f 619 653 689
f 619 689 654
f 619 654 655
f 619 655 656
f 619 656 620
f 619 620 621
f 619 621 586
f 619 586 585
f 619 585 584
f 619 583 618
f 620 618 653
f 620 653 654
f 620 654 690
f 620 690 655
f 620 655 656
f 620 656 657
f 620 657 621
f 620 621 622
f 620 622 587
f 620 587 586
f 620 586 585
f 621 619 654
f 621 654 655
f 621 655 691
f 621 691 656
f 621 656 657
f 621 657 658
f 621 658 622
f 621 622 623
f 621 623 588
f 621 588 587
f 621 587 586
f 622 655 656
f 622 656 657
f 622 657 692
f 622 692 658
f 622 658 659
f 622 659 623
f 622 623 624
f 622 624 588
f 622 587 586
f 622 620 655
f 623 656 657
f 623 657 658
f 623 658 693
f 623 693 659
f 623 659 660
f 623 660 624
f 623 624 625
f 623 625 589
f 623 588 587
f 623 621 656
f 624 622 657
f 624 657 658
f 624 658 694
f 624 694 659
f 624 659 660
f 624 660 661
f 624 661 625
f 624 625 626
f 624 626 591
f 624 591 590
f 624 590 589
f 624 588 623
f 625 623 658
f 625 658 659
f 625 659 695
f 625 695 660
f 625 660 661
f 625 661 662
f 625 662 626
f 625 626 627
f 625 627 592
f 625 592 591
f 625 591 590
f 626 659 660
f 626 660 661
f 626 661 696
f 626 696 662
f 626 662 663
f 626 663 627
f 626 627 628
f 626 628 592
f 626 591 590
f 626 624 659
f 627 660 661
f 627 661 662
f 627 662 697
f 627 697 663
f 627 663 664
f 627 664 628
f 627 628 629
f 627 629 593
f 627 592 591
f 627 625 660
f 628 626 661
f 628 661 662
f 628 662 698
f 628 698 663
f 628 663 664
f 628 664 665
f 628 665 629
f 628 629 630
f 628 630 595
f 628 595 594
f 628 594 593
f 628 592 627
f 629 662 663
f 629 663 698
f 629 698 664
f 629 664 699
f 629 699 700
f 629 700 665
f 629 665 630
f 629 630 595
f 629 595 559
f 629 594 593
f 629 627 662
f 630 663 698
f 630 698 664
f 630 664 699
f 630 699 665
f 630 665 700
f 630 559 558
f 630 558 594
f 630 628 627
f 630 627 663
f 631 701 666
f 631 666 702
f 631 702 667
f 631 667 703
f 631 703 668
f 631 668 632
f 631 632 633
f 631 633 634
f 631 634 598
f 631 598 597
f 631 597 563
f 631 563 562
f 632 631 666
f 632 666 701
f 632 701 702
f 632 702 667
f 632 667 703
f 632 703 668
f 632 668 669
f 632 669 633
f 632 633 634
f 632 634 599
f 632 599 598
f 632 598 597
f 632 562 596
f 632 596 631
f 633 631 666
f 633 666 667
f 633 667 703
f 633 703 668
f 633 668 669
f 633 669 670
f 633 670 634
f 633 634 635
f 633 635 600
f 633 600 599
f 633 599 598
f 633 597 632
f 634 632 667
f 634 667 668
f 634 668 704
f 634 704 669
f 634 669 670
f 634 670 671
f 634 671 635
f 634 635 636
f 634 636 601
f 634 601 600
f 634 600 599
f 635 633 668
f 635 668 669
f 635 669 705
f 635 705 670
f 635 670 671
f 635 671 672
f 635 672 636
f 635 636 637
f 635 637 602
f 635 602 601
f 635 601 600
f 636 669 670
f 636 670 671
f 636 671 706
f 636 706 672
f 636 672 673
f 636 673 637
f 636 637 638
f 636 638 602
f 636 601 600
f 636 634 669
f 637 670 671
f 637 671 672
f 637 672 707
f 637 707 673
f 637 673 674
f 637 674 638
f 637 638 639
f 637 639 603
f 637 602 601
f 637 635 670
f 638 636 671
f 638 671 672
f 638 672 708
f 638 708 673
f 638 673 674
f 638 674 675
f 638 675 639
f 638 639 640
f 638 640 605
f 638 605 604
f 638 604 603
f 638 602 637
f 639 637 672
f 639 672 673
f 639 673 709
f 639 709 674
f 639 674 675
f 639 675 676
f 639 676 640
f 639 640 641
f 639 641 606
f 639 606 605
f 639 605 604
f 640 638 673
f 640 673 674
f 640 674 710
f 640 710 675
f 640 675 676
f 640 676 677
f 640 677 641
f 640 641 642
f 640 642 607
f 640 607 606
f 640 606 605
f 641 639 674
f 641 674 675
f 641 675 711
f 641 711 676
f 641 676 677
f 641 677 678
f 641 678 642
f 641 642 643
f 641 643 608
f 641 608 607
f 641 607 606
f 642 675 676
f 642 676 677
f 642 677 712
f 642 712 678
f 642 678 679
f 642 679 643
f 642 643 644
f 642 644 608
f 642 607 606
f 642 640 675
f 643 676 677
f 643 677 678
f 643 678 713
f 643 713 679
f 643 679 680
f 643 680 644
f 643 644 645
f 643 645 609
f 643 608 607
f 643 641 676
f 644 642 677
f 644 677 678
f 644 678 714
f 644 714 679
f 644 679 680
f 644 680 681
f 644 681 645
f 644 645 646
f 644 646 611
f 644 611 610
f 644 610 609
f 644 608 643
f 645 678 679
f 645 679 680
f 645 680 715
f 645 715 681
f 645 681 682
f 645 682 646
f 645 646 647
f 645 647 611
f 645 610 609
f 645 643 678
f 646 679 680
f 646 680 681
f 646 681 716
f 646 716 682
f 646 682 683
f 646 683 647
f 646 647 648
f 646 648 612
f 646 611 610
f 646 610 609
f 646 644 679
f 647 645 680
f 647 680 681
f 647 681 717
f 647 717 682
f 647 682 683
f 647 683 684
f 647 684 648
f 647 648 649
f 647 649 614
f 647 614 613
f 647 613 612
f 647 611 646
f 648 646 681
f 648 681 682
f 648 682 718
f 648 718 683
f 648 683 684
f 648 684 685
f 648 685 649
f 648 649 650
f 648 650 615
f 648 615 614
f 648 614 613
f 649 682 683
f 649 683 684
f 649 684 719
f 649 719 685
f 649 685 686
f 649 686 650
f 649 650 651
f 649 651 615
f 649 614 613
f 649 647 682
f 650 648 683
f 650 683 684
f 650 684 720
f 650 720 685
f 650 685 686
f 650 686 687
f 650 687 651
f 650 651 652
f 650 652 617
f 650 617 616
f 650 616 615
f 650 614 649
f 651 649 684
f 651 684 685
f 651 685 721
f 651 721 686
f 651 686 687
f 651 687 688
f 651 688 652
f 651 652 653
f 651 653 618
f 651 618 617
f 651 617 616
f 652 685 686
f 652 686 687
f 652 687 722
f 652 722 688
f 652 688 689
f 652 689 653
f 652 653 654
f 652 654 618
f 652 617 616
f 652 650 685
f 653 686 687
f 653 687 688
f 653 688 723
f 653 723 689
f 653 689 690
f 653 690 654
f 653 654 655
f 653 655 619
f 653 618 617
f 653 651 686
f 654 652 687
f 654 687 688
f 654 688 724
f 654 724 689
f 654 689 690
f 654 690 691
f 654 691 655
f 654 655 656
f 654 656 621
f 654 621 620
f 654 620 619
f 654 618 653
f 655 653 688
f 655 688 689
f 655 689 725
f 655 725 690
f 655 690 691
f 655 691 692
f 655 692 656
f 655 656 657
f 655 657 622
f 655 622 621
f 655 621 620
f 656 654 689
f 656 689 690
f 656 690 726
f 656 726 691
f 656 691 692
f 656 692 693
f 656 693 657
f 656 657 658
f 656 658 623
f 656 623 622
f 656 622 621
f 657 690 691
f 657 691 692
f 657 692 727
f 657 727 693
f 657 693 694
f 657 694 658
f 657 658 659
f 657 659 623
f 657 622 621
f 657 655 690
f 658 691 692
f 658 692 693
f 658 693 728
f 658 728 694
f 658 694 695
f 658 695 659
f 658 659 660
f 658 660 624
f 658 623 622
f 658 656 691
f 659 657 692
f 659 692 693
f 659 693 729
f 659 729 694
f 659 694 695
f 659 695 696
f 659 696 660
f 659 660 661
f 659 661 626
f 659 626 625
f 659 625 624
f 659 623 658
f 660 658 693
f 660 693 694
f 660 694 730
f 660 730 695
f 660 695 696
f 660 696 697
f 660 697 661
f 660 661 662
f 660 662 627
f 660 627 626
f 660 626 625
f 661 694 695
f 661 695 696
f 661 696 731
f 661 731 697
f 661 697 698
f 661 698 662
f 661 662 663
f 661 663 627
f 661 626 625
f 661 659 694
f 662 695 696
f 662 696 697
f 662 697 732
f 662 732 698
f 662 698 699
f 662 699 663
f 662 663 664
f 662 664 628
f 662 627 626
f 662 660 695
f 663 661 696
f 663 696 697
f 663 697 733
f 663 733 698
f 663 698 699
f 663 699 700
f 663 700 664
f 663 664 665
f 663 665 630
f 663 630 629
f 663 629 628
f 663 627 662
f 664 697 698
f 664 698 733
f 664 733 699
f 664 699 734
f 664 734 735
f 664 735 700
f 664 700 665
f 664 665 630
f 664 630 594
f 664 629 628
f 664 662 697
f 665 698 733
f 665 733 699
f 665 699 734
f 665 734 700
f 665 700 735
f 665 594 593
f 665 593 629
f 665 663 662
f 665 662 698
f 666 736 701
f 666 701 737
f 666 737 702
f 666 702 738
f 666 738 703
f 666 703 669
f 666 669 667
f 666 667 668
f 666 668 633
f 666 633 632
f 666 632 598
f 666 598 597
f 667 666 701
f 667 701 736
f 667 736 737
f 667 737 702
f 667 702 738
f 667 738 703
f 667 703 704
f 667 704 668
f 667 668 669
f 667 669 634
f 667 634 633
f 667 633 632
f 667 597 631
f 667 631 666
f 668 666 701
f 668 701 702
f 668 702 738
f 668 738 703
f 668 703 704
f 668 704 705
f 668 705 669
f 668 669 670
f 668 670 635
f 668 635 634
f 668 634 633
f 668 632 667
f 669 667 702
f 669 702 703
f 669 703 739
f 669 739 704
f 669 704 705
f 669 705 706
f 669 706 670
f 669 670 671
f 669 671 636
f 669 636 635
f 669 635 634
f 670 668 703
f 670 703 704
f 670 704 740
f 670 740 705
f 670 705 706
f 670 706 707
f 670 707 671
f 670 671 672
f 670 672 637
f 670 637 636
f 670 636 635
f 671 704 705
f 671 705 706
f 671 706 741
f 671 741 707
f 671 707 708
f 671 708 672
f 671 672 673
f 671 673 637
f 671 636 635
f 671 669 704
f 672 705 706
f 672 706 707
f 672 707 742
f 672 742 708
f 672 708 709
f 672 709 673
f 672 673 674
f 672 674 638
f 672 637 636
f 672 670 705
f 673 671 706
f 673 706 707
f 673 707 743
f 673 743 708
f 673 708 709
f 673 709 710
f 673 710 674
f 673 674 675
f 673 675 640
f 673 640 639
f 673 639 638
f 673 637 672
f 674 672 707
f 674 707 708
f 674 708 744
f 674 744 709
f 674 709 710
f 674 710 711
f 674 711 675
f 674 675 676
f 674 676 641
f 674 641 640
f 674 640 639
f 675 673 708
f 675 708 709
f 675 709 745
f 675 745 710
f 675 710 711
f 675 711 712
f 675 712 677
f 675 677 676
f 675 642 641
f 675 641 640
f 676 674 709
f 676 709 710
f 676 710 746
f 676 746 711
f 676 711 712
f 676 712 713
f 676 713 677
f 676 677 678
f 676 678 643
f 676 643 642
f 676 642 641
f 677 710 711
f 677 711 712
f 677 712 747
f 677 747 713
f 677 713 714
f 677 714 678
f 677 678 679
f 677 679 643
f 677 642 641
f 677 675 710
f 678 711 712
f 678 712 713
f 678 713 748
f 678 748 714
f 678 714 715
f 678 715 679
f 678 679 680
f 678 680 644
f 678 643 642
f 678 676 711
f 679 677 712
f 679 712 713
f 679 713 749
f 679 749 714
f 679 714 715
f 679 715 716
f 679 716 680
f 679 680 681
f 679 681 646
f 679 646 645
f 679 645 644
f 679 643 678
f 680 713 714
f 680 714 715
f 680 715 750
f 680 750 716
f 680 716 717
f 680 717 682
f 680 682 681
f 680 645 644
f 680 678 713
f 681 714 715
f 681 715 716
f 681 716 751
f 681 751 717
f 681 717 718
f 681 718 682
f 681 682 683
f 681 683 647
f 681 646 645
f 681 679 714
f 682 680 715
f 682 715 716
f 682 716 752
f 682 752 717
f 682 717 718
f 682 718 719
f 682 719 683
f 682 683 684
f 682 684 649
f 682 649 648
f 682 648 647
f 682 646 681
f 683 681 716
f 683 716 717
f 683 717 753
f 683 753 718
f 683 718 719
f 683 719 720
f 683 720 684
f 683 684 685
f 683 685 650
f 683 650 649
f 683 649 648
f 684 717 718
f 684 718 719
f 684 719 754
f 684 754 720
f 684 720 721
f 684 721 685
f 684 685 686
f 684 686 650
f 684 649 648
f 684 682 717
f 685 683 718
f 685 718 719
f 685 719 755
f 685 755 720
f 685 720 721
f 685 721 722
f 685 722 686
f 685 686 687
f 685 687 652
f 685 652 651
f 685 651 650
f 685 649 684
f 686 684 719
f 686 719 720
f 686 720 756
f 686 756 721
f 686 721 722
f 686 722 723
f 686 723 687
f 686 687 688
f 686 688 653
f 686 653 652
f 686 652 651
f 687 720 721
f 687 721 722
f 687 722 757
f 687 757 723
f 687 723 724
f 687 724 688
f 687 688 689
f 687 689 653
f 687 652 651
f 687 685 720
f 688 721 722
f 688 722 723
f 688 723 758
f 688 758 724
f 688 724 725
f 688 725 689
f 688 689 690
f 688 690 654
f 688 653 652
f 688 686 721
f 689 687 722
f 689 722 723
f 689 723 759
f 689 759 724
f 689 724 725
f 689 725 726
f 689 726 690
f 689 690 691
f 689 691 656
f 689 656 655
f 689 655 654
f 689 653 688
f 690 688 723
f 690 723 724
f 690 724 760
f 690 760 725
f 690 725 726
f 690 726 727
f 690 727 692
f 690 692 691
f 690 657 656
f 690 656 655
f 691 689 724
f 691 724 725
f 691 725 761
f 691 761 726
f 691 726 727
f 691 727 728
f 691 728 692
f 691 692 693
f 691 693 658
f 691 658 657
f 691 657 656
f 692 725 726
f 692 726 727
f 692 727 762
f 692 762 728
f 692 728 729
f 692 729 693
f 692 693 694
f 692 694 658
f 692 657 656
f 692 690 725
f 693 726 727
f 693 727 728
f 693 728 763
f 693 763 729
f 693 729 730
f 693 730 694
f 693 694 695
f 693 695 659
f 693 658 657
f 693 691 726
f 694 692 727
f 694 727 728
f 694 728 764
f 694 764 729
f 694 729 730
f 694 730 731
f 694 731 695
f 694 695 696
f 694 696 661
f 694 661 660
f 694 660 659
f 694 658 693
f 695 693 728
f 695 728 729
f 695 729 765
f 695 765 730
f 695 730 731
f 695 731 732
f 695 732 696
f 695 696 697
f 695 697 662
f 695 662 661
f 695 661 660
f 696 729 730
f 696 730 731
f 696 731 766
f 696 766 732
f 696 732 733
f 696 733 697
f 696 697 698
f 696 698 662
f 696 661 660
f 696 694 729
f 697 730 731
f 697 731 732
f 697 732 767
f 697 767 733
f 697 733 734
f 697 734 698
f 697 698 699
f 697 699 663
f 697 662 661
f 697 695 730
f 698 696 731
f 698 731 732
f 698 732 768
f 698 768 733
f 698 733 734
f 698 734 735
f 698 735 699
f 698 699 700
f 698 700 665
f 698 665 664
f 698 664 663
f 698 662 697
f 699 732 733
f 699 733 768
f 699 768 734
f 699 734 769
f 699 769 770
f 699 770 735
f 699 735 700
f 699 700 665
f 699 665 629
f 699 664 663
f 699 697 732
f 700 733 768
f 700 768 734
f 700 734 769
f 700 769 735
f 700 735 770
f 700 629 628
f 700 628 664
f 700 698 697
f 700 697 733
f 701 771 736
f 701 736 772
f 701 772 737
f 701 737 773
f 701 773 738
f 701 738 704
f 701 704 702
f 701 702 703
f 701 703 668
f 701 668 667
f 701 667 633
f 701 633 632
f 702 701 736
f 702 736 771
f 702 771 772
f 702 772 737
f 702 737 773
f 702 773 738
f 702 738 739
f 702 739 703
f 702 703 704
f 702 704 669
f 702 669 668
f 702 668 667
f 702 632 666
f 702 666 701
f 703 701 736
f 703 736 737
f 703 737 773
f 703 773 738
f 703 738 739
f 703 739 740
f 703 740 704
f 703 704 705
f 703 705 670
f 703 670 669
f 703 669 668
f 703 667 702
f 704 702 737
f 704 737 738
f 704 738 774
f 704 774 739
f 704 739 740
f 704 740 741
f 704 741 705
f 704 705 706
f 704 706 671
f 704 671 670
f 704 670 669
f 705 703 738
f 705 738 739
f 705 739 775
f 705 775 740
f 705 740 741
f 705 741 742
f 705 742 706
f 705 706 707
f 705 707 672
f 705 672 671
f 705 671 670
f 706 739 740
f 706 740 741
f 706 741 776
f 706 776 742
f 706 742 743
f 706 743 707
f 706 707 708
f 706 708 672
f 706 671 670
f 706 704 739
f 707 740 741
f 707 741 742
f 707 742 777
f 707 777 743
f 707 743 744
f 707 744 708
f 707 708 709
f 707 709 673
f 707 672 671
f 707 705 740
f 708 706 741
f 708 741 742
f 708 742 778
f 708 778 743
f 708 743 744
f 708 744 745
f 708 745 709
f 708 709 710
f 708 710 675
f 708 675 674
f 708 674 673
f 708 672 707
f 709 707 742
f 709 742 743
f 709 743 779
f 709 779 744
f 709 744 745
f 709 745 746
f 709 746 710
f 709 710 711
f 709 711 676
f 709 676 675
f 709 675 674
f 710 708 743
f 710 743 744
f 710 744 780
f 710 780 745
f 710 745 746
f 710 746 747
f 710 747 711
f 710 711 712
f 710 712 677
f 710 677 676
f 710 676 675
f 711 709 744
f 711 744 745
f 711 745 781
f 711 781 746
f 711 746 747
f 711 747 748
f 711 748 712
f 711 712 713
f 711 713 678
f 711 678 677
f 711 677 676
f 712 745 746
f 712 746 747
f 712 747 782
f 712 782 748
f 712 748 749
f 712 749 713
f 712 713 714
f 712 714 678
f 712 677 676
f 712 676 675
f 712 710 745
f 713 746 747
f 713 747 748
f 713 748 783
f 713 783 749
f 713 749 750
f 713 750 714
f 713 714 715
f 713 715 679
f 713 678 677
f 713 711 746
f 714 712 747
f 714 747 748
f 714 748 784
f 714 784 749
f 714 749 750
f 714 750 751
f 714 751 715
f 714 715 716
f 714 716 681
f 714 681 680
f 714 680 679
f 714 678 713
f 715 748 749
f 715 749 750
f 715 750 785
f 715 785 751
f 715 751 752
f 715 752 716
f 715 716 717
f 715 717 681
f 715 680 679
f 715 713 748
f 716 749 750
f 716 750 751
f 716 751 786
f 716 786 752
f 716 752 753
f 716 753 717
f 716 717 718
f 716 718 682
f 716 681 680
f 716 714 749
f 717 715 750
f 717 750 751
f 717 751 787
f 717 787 752
f 717 752 753
f 717 753 754
f 717 754 718
f 717 718 719
f 717 719 684
f 717 684 683
f 717 683 682
f 717 681 716
f 718 716 751
f 718 751 752
f 718 752 788
f 718 788 753
f 718 753 754
f 718 754 755
f 718 755 719
f 718 719 720
f 718 720 685
f 718 685 684
f 718 684 683
f 719 752 753
f 719 753 754
f 719 754 789
f 719 789 755
f 719 755 756
f 719 756 720
f 719 720 721
f 719 721 685
f 719 684 683
f 719 717 752
f 720 718 753
f 720 753 754
f 720 754 790
f 720 790 755
f 720 755 756
f 720 756 757
f 720 757 721
f 720 721 722
f 720 722 687
f 720 687 686
f 720 686 685
f 720 684 719
f 721 719 754
f 721 754 755
f 721 755 791
f 721 791 756
f 721 756 757
f 721 757 758
f 721 758 722
f 721 722 723
f 721 723 688
f 721 688 687
f 721 687 686
f 722 755 756
f 722 756 757
f 722 757 792
f 722 792 758
f 722 758 759
f 722 759 723
f 722 723 724
f 722 724 688
f 722 687 686
f 722 720 755
f 723 756 757
f 723 757 758
f 723 758 793
f 723 793 759
f 723 759 760
f 723 760 724
f 723 724 725
f 723 725 689
f 723 688 687
f 723 721 756
f 724 722 757
f 724 757 758
f 724 758 794
f 724 794 759
f 724 759 760
f 724 760 761
f 724 761 725
f 724 725 726
f 724 726 691
f 724 691 690
f 724 690 689
f 724 688 723
f 725 723 758
f 725 758 759
f 725 759 795
f 725 795 760
f 725 760 761
f 725 761 762
f 725 762 726
f 725 726 727
f 725 727 692
f 725 692 691
f 725 691 690
f 726 724 759
f 726 759 760
f 726 760 796
f 726 796 761
f 726 761 762
f 726 762 763
f 726 763 727
f 726 727 728
f 726 728 693
f 726 693 692
f 726 692 691
f 727 760 761
f 727 761 762
f 727 762 797
f 727 797 763
f 727 763 764
f 727 764 728
f 727 728 729
f 727 729 693
f 727 692 691
f 727 691 690
f 727 725 760
f 728 761 762
f 728 762 763
f 728 763 798
f 728 798 764
f 728 764 765
f 728 765 729
f 728 729 730
f 728 730 694
f 728 693 692
f 728 726 761
f 729 727 762
f 729 762 763
f 729 763 799
f 729 799 764
f 729 764 765
f 729 765 766
f 729 766 730
f 729 730 731
f 729 731 696
f 729 696 695
f 729 695 694
f 729 693 728
f 730 728 763
f 730 763 764
f 730 764 800
f 730 800 765
f 730 765 766
f 730 766 767
f 730 767 731
f 730 731 732
f 730 732 697
f 730 697 696
f 730 696 695
f 731 764 765
f 731 765 766
f 731 766 801
f 731 801 767
f 731 767 768
f 731 768 732
f 731 732 733
f 731 733 697
f 731 696 695
f 731 729 764
f 732 765 766
f 732 766 767
f 732 767 802
f 732 802 768
f 732 768 769
f 732 769 733
f 732 733 734
f 732 734 698
f 732 697 696
f 732 730 765
f 733 731 766
f 733 766 767
f 733 767 803
f 733 803 768
f 733 768 769
f 733 769 770
f 733 770 734
f 733 734 735
f 733 735 700
f 733 700 699
f 733 699 698
f 733 697 732
f 734 767 768
f 734 768 803
f 734 803 769
f 734 769 804
f 734 804 805
f 734 805 770
f 734 770 735
f 734 735 700
f 734 700 664
f 734 699 698
f 734 732 767
f 735 768 803
f 735 803 769
f 735 769 804
f 735 804 770
f 735 770 805
f 735 664 663
f 735 663 699
f 735 733 732
f 735 732 768
f 736 806 771
f 736 771 807
f 736 807 772
f 736 772 808
f 736 808 773
f 736 773 739
f 736 739 737
f 736 737 738
f 736 738 703
f 736 703 702
f 736 702 668
f 736 668 667
f 737 736 771
f 737 771 806
f 737 806 807
f 737 807 772
f 737 772 808
f 737 808 773
f 737 773 774
f 737 774 738
f 737 738 739
f 737 739 704
f 737 704 703
f 737 703 702
f 737 667 701
f 737 701 736
f 738 736 771
f 738 771 772
f 738 772 808
f 738 808 773
f 738 773 774
f 738 774 775
f 738 775 739
f 738 739 740
f 738 740 705
f 738 705 704
f 738 704 703
f 738 702 737
f 739 737 772
f 739 772 773
f 739 773 809
f 739 809 774
f 739 774 775
f 739 775 776
f 739 776 740
f 739 740 741
f 739 741 706
f 739 706 705
f 739 705 704
f 740 738 773
f 740 773 774
f 740 774 810
f 740 810 775
f 740 775 776
f 740 776 777
f 740 777 741
f 740 741 742
f 740 742 707
f 740 707 706
f 740 706 705
f 741 774 775
f 741 775 776
f 741 776 811
f 741 811 777
f 741 777 778
f 741 778 742
f 741 742 743
f 741 743 707
f 741 706 705
f 741 739 774
f 742 775 776
f 742 776 777
f 742 777 812
f 742 812 778
f 742 778 779
f 742 779 743
f 742 743 744
f 742 744 708
f 742 707 706
f 742 740 775
f 743 741 776
f 743 776 777
f 743 777 813
f 743 813 778
f 743 778 779
f 743 779 780
f 743 780 744
f 743 744 745
f 743 745 710
f 743 710 709
f 743 709 708
f 743 707 742
f 744 742 777
f 744 777 778
f 744 778 814
f 744 814 779
f 744 779 780
f 744 780 781
f 744 781 745
f 744 745 746
f 744 746 711
f 744 711 710
f 744 710 709
f 745 743 778
f 745 778 779
f 745 779 815
f 745 815 780
f 745 780 781
f 745 781 782
f 745 782 746
f 745 746 747
f 745 747 712
f 745 712 711
f 745 711 710
f 746 744 779
f 746 779 780
f 746 780 816
f 746 816 781
f 746 781 782
f 746 782 783
f 746 783 747
f 746 747 748
f 746 748 713
f 746 713 712
f 746 712 711
f 747 780 781
f 747 781 782
f 747 782 817
f 747 817 783
f 747 783 784
f 747 784 748
f 747 748 749
f 747 749 713
f 747 712 711
f 747 745 780
f 748 781 782
f 748 782 783
f 748 783 818
f 748 818 784
f 748 784 785
f 748 785 749
f 748 749 750
f 748 750 714
f 748 713 712
f 748 746 781
f 749 747 782
f 749 782 783
f 749 783 819
f 749 819 784
f 749 784 785
f 749 785 786
f 749 786 750
f 749 750 751
f 749 751 716
f 749 716 715
f 749 715 714
f 749 713 748
f 750 783 784
f 750 784 785
f 750 785 820
f 750 820 786
f 750 786 787
f 750 787 751
f 750 751 752
f 750 752 716
f 750 715 714
f 750 748 783
f 751 784 785
f 751 785 786
f 751 786 821
f 751 821 787
f 751 787 788
f 751 788 752
f 751 752 753
f 751 753 717
f 751 716 715
f 751 749 784
f 752 750 785
f 752 785 786
f 752 786 822
f 752 822 787
f 752 787 788
f 752 788 789
f 752 789 753
f 752 753 754
f 752 754 719
f 752 719 718
f 752 718 717
f 752 716 751
f 753 751 786
f 753 786 787
f 753 787 823
f 753 823 788
f 753 788 789
f 753 789 790
f 753 790 754
f 753 754 755
f 753 755 720
f 753 720 719
f 753 719 718
f 754 787 788
f 754 788 789
f 754 789 824
f 754 824 790
f 754 790 791
f 754 791 755
f 754 755 756
f 754 756 720
f 754 719 718
f 754 752 787
f 755 753 788
f 755 788 789
f 755 789 825
f 755 825 790
f 755 790 791
f 755 791 792
f 755 792 756
f 755 756 757
f 755 757 722
f 755 722 721
f 755 721 720
f 755 719 754
f 756 754 789
f 756 789 790
f 756 790 826
f 756 826 791
f 756 791 792
f 756 792 793
f 756 793 757
f 756 757 758
f 756 758 723
f 756 723 722
f 756 722 721
f 757 790 791
f 757 791 792
f 757 792 827
f 757 827 793
f 757 793 794
f 757 794 758
f 757 758 759
f 757 759 723
f 757 722 721
f 757 755 790
f 758 791 792
f 758 792 793
f 758 793 828
f 758 828 794
f 758 794 795
f 758 795 759
f 758 759 760
f 758 760 724
f 758 723 722
f 758 756 791
f 759 757 792
f 759 792 793
f 759 793 829
f 759 829 794
f 759 794 795
f 759 795 796
f 759 796 760
f 759 760 761
f 759 761 726
f 759 726 725
f 759 725 724
f 759 723 758
f 760 758 793
f 760 793 794
f 760 794 830
f 760 830 795
f 760 795 796
f 760 796 797
f 760 797 761
f 760 761 762
f 760 762 727
f 760 727 726
f 760 726 725
f 761 759 794
f 761 794 795
f 761 795 831
f 761 831 796
f 761 796 797
f 761 797 798
f 761 798 762
f 761 762 763
f 761 763 728
f 761 728 727
f 761 727 726
f 762 795 796
f 762 796 797
f 762 797 832
f 762 832 798
f 762 798 799
f 762 799 763
f 762 763 764
f 762 764 728
f 762 727 726
f 762 760 795
f 763 796 797
f 763 797 798
f 763 798 833
f 763 833 799
f 763 799 800
f 763 800 764
f 763 764 765
f 763 765 729
f 763 728 727
f 763 761 796
f 764 762 797
f 764 797 798
f 764 798 834
f 764 834 799
f 764 799 800
f 764 800 801
f 764 801 765
f 764 765 766
f 764 766 731
f 764 731 730
f 764 730 729
f 764 728 763
f 765 763 798
f 765 798 799
f 765 799 835
f 765 835 800
f 765 800 801
f 765 801 802
f 765 802 766
f 765 766 767
f 765 767 732
f 765 732 731
f 765 731 730
f 766 799 800
f 766 800 801
f 766 801 836
f 766 836 802
f 766 802 803
f 766 803 767
f 766 767 768
f 766 768 732
f 766 731 730
f 766 764 799
f 767 800 801
f 767 801 802
f 767 802 837
f 767 837 803
f 767 803 804
f 767 804 768
f 767 768 769
f 767 769 733
f 767 732 731
f 767 765 800
f 768 766 801
f 768 801 802
f 768 802 838
f 768 838 803
f 768 803 804
f 768 804 805
f 768 805 769
f 768 769 770
f 768 770 735
f 768 735 734
f 768 734 733
f 768 732 767
f 769 802 803
f 769 803 838
f 769 838 804
f 769 804 839
f 769 839 840
f 769 840 805
f 769 805 770
f 769 770 735
f 769 735 699
f 769 734 733
f 769 767 802
f 770 803 838
f 770 838 804
f 770 804 839
f 770 839 805
f 770 805 840
f 770 699 698
f 770 698 734
f 770 768 767
f 770 767 803
f 771 841 806
f 771 806 842
f 771 842 807
f 771 807 843
f 771 843 808
f 771 808 774
f 771 774 772
f 771 772 773
f 771 773 738
f 771 738 737
f 771 737 703
f 771 703 702
f 772 771 806
f 772 806 841
f 772 841 842
f 772 842 807
f 772 807 843
f 772 843 808
f 772 808 809
f 772 809 773
f 772 773 774
f 772 774 739
f 772 739 738
f 772 738 737
f 772 702 736
f 772 736 771
f 773 771 806
f 773 806 807
f 773 807 843
f 773 843 808
f 773 808 809
f 773 809 810
f 773 810 774
f 773 774 775
f 773 775 740
f 773 740 739
f 773 739 738
f 773 737 772
f 774 772 807
f 774 807 808
f 774 808 844
f 774 844 809
f 774 809 810
f 774 810 811
f 774 811 775
f 774 775 776
f 774 776 741
f 774 741 740
f 774 740 739
f 775 773 808
f 775 808 809
f 775 809 845
f 775 845 810
f 775 810 811
f 775 811 812
f 775 812 776
f 775 776 777
f 775 777 742
f 775 742 741
f 775 741 740
f 776 809 810
f 776 810 811
f 776 811 846
f 776 846 812
f 776 812 813
f 776 813 777
f 776 777 778
f 776 778 742
f 776 741 740
f 776 774 809
f 777 810 811
f 777 811 812
f 777 812 847
f 777 847 813
f 777 813 814
f 777 814 778
f 777 778 779
f 777 779 743
f 777 742 741
f 777 775 810
f 778 776 811
f 778 811 812
f 778 812 848
f 778 848 813
f 778 813 814
f 778 814 815
f 778 815 779
f 778 779 780
f 778 780 745
f 778 745 744
f 778 744 743
f 778 742 777
f 779 777 812
f 779 812 813
f 779 813 849
f 779 849 814
f 779 814 815
f 779 815 816
f 779 816 780
f 779 780 781
f 779 781 746
f 779 746 745
f 779 745 744
f 780 778 813
f 780 813 814
f 780 814 850
f 780 850 815
f 780 815 816
f 780 816 817
f 780 817 781
f 780 781 782
f 780 782 747
f 780 747 746
f 780 746 745
f 781 779 814
f 781 814 815
f 781 815 851
f 781 851 816
f 781 816 817
f 781 817 818
f 781 818 782
f 781 782 783
f 781 783 748
f 781 748 747
f 781 747 746
f 782 815 816
f 782 816 817
f 782 817 852
f 782 852 818
f 782 818 819
f 782 819 783
f 782 783 784
f 782 784 748
f 782 747 746
f 782 780 815
f 783 816 817
f 783 817 818
f 783 818 853
f 783 853 819
f 783 819 820
f 783 820 784
f 783 784 785
f 783 785 749
f 783 748 747
f 783 781 816
f 784 782 817
f 784 817 818
f 784 818 854
f 784 854 819
f 784 819 820
f 784 820 821
f 784 821 785
f 784 785 786
f 784 786 751
f 784 751 750
f 784 750 749
f 784 748 783
f 785 818 819
f 785 819 820
f 785 820 855
f 785 855 821
f 785 821 822
f 785 822 786
f 785 786 787
f 785 787 751
f 785 750 749
f 785 783 818
f 786 819 820
f 786 820 821
f 786 821 856
f 786 856 822
f 786 822 823
f 786 823 787
f 786 787 788
f 786 788 752
f 786 751 750
f 786 784 819
f 787 785 820
f 787 820 821
f 787 821 857
f 787 857 822
f 787 822 823
f 787 823 824
f 787 824 788
f 787 788 789
f 787 789 754
f 787 754 753
f 787 753 752
f 787 751 786
f 788 786 821
f 788 821 822
f 788 822 858
f 788 858 823
f 788 823 824
f 788 824 825
f 788 825 789
f 788 789 790
f 788 790 755
f 788 755 754
f 788 754 753
f 789 822 823
f 789 823 824
f 789 824 859
f 789 859 825
f 789 825 826
f 789 826 790
f 789 790 791
f 789 791 755
f 789 754 753
f 789 787 822
f 790 788 823
f 790 823 824
f 790 824 860
f 790 860 825
f 790 825 826
f 790 826 827
f 790 827 791
f 790 791 792
f 790 792 757
f 790 757 756
f 790 756 755
f 790 754 789
f 791 789 824
f 791 824 825
f 791 825 861
f 791 861 826
f 791 826 827
f 791 827 828
f 791 828 792
f 791 792 793
f 791 793 758
f 791 758 757
f 791 757 756
f 792 825 826
f 792 826 827
f 792 827 862
f 792 862 828
f 792 828 829
f 792 829 793
f 792 793 794
f 792 794 758
f 792 757 756
f 792 790 825
f 793 826 827
f 793 827 828
f 793 828 863
f 793 863 829
f 793 829 830
f 793 830 794
f 793 794 795
f 793 795 759
f 793 758 757
f 793 791 826
f 794 792 827
f 794 827 828
f 794 828 864
f 794 864 829
f 794 829 830
f 794 830 831
f 794 831 795
f 794 795 796
f 794 796 761
f 794 761 760
f 794 760 759
f 794 758 793
f 795 793 828
f 795 828 829
f 795 829 865
f 795 865 830
f 795 830 831
f 795 831 832
f 795 832 796
f 795 796 797
f 795 797 762
f 795 762 761
f 795 761 760
f 796 794 829
f 796 829 830
f 796 830 866
f 796 866 831
f 796 831 832
f 796 832 833
f 796 833 797
f 796 797 798
f 796 798 763
f 796 763 762
f 796 762 761
f 797 830 831
f 797 831 832
f 797 832 867
f 797 867 833
f 797 833 834
f 797 834 798
f 797 798 799
f 797 799 763
f 797 762 761
f 797 795 830
f 798 831 832
f 798 832 833
f 798 833 868
f 798 868 834
f 798 834 835
f 798 835 799
f 798 799 800
f 798 800 764
f 798 763 762
f 798 796 831
f 799 797 832
f 799 832 833
f 799 833 869
f 799 869 834
f 799 834 835
f 799 835 836
f 799 836 800
f 799 800 801
f 799 801 766
f 799 766 765
f 799 765 764
f 799 763 798
f 800 798 833
f 800 833 834
f 800 834 870
f 800 870 835
f 800 835 836
f 800 836 837
f 800 837 801
f 800 801 802
f 800 802 767
f 800 767 766
f 800 766 765
f 801 834 835
f 801 835 836
f 801 836 871
f 801 871 837
f 801 837 838
f 801 838 802
f 801 802 803
f 801 803 767
f 801 766 765
f 801 799 834
f 802 835 836
f 802 836 837
f 802 837 872
f 802 872 838
f 802 838 839
f 802 839 803
f 802 803 804
f 802 804 768
f 802 767 766
f 802 800 835
f 803 801 836
f 803 836 837
f 803 837 873
f 803 873 838
f 803 838 839
f 803 839 840
f 803 840 804
f 803 804 805
f 803 805 770
f 803 770 769
f 803 769 768
f 803 767 802
f 804 837 838
f 804 838 873
f 804 873 839
f 804 839 874
f 804 874 875
f 804 875 840
f 804 840 805
f 804 805 770
f 804 770 734
f 804 769 768
f 804 802 837
f 805 838 873
f 805 873 839
f 805 839 874
f 805 874 840
f 805 840 875
f 805 734 733
f 805 733 769
f 805 803 802
f 805 802 838
f 806 876 841
f 806 841 877
f 806 877 842
f 806 842 878
f 806 878 843
f 806 843 807
f 806 807 808
f 806 808 809
f 806 809 773
f 806 773 772
f 806 772 738
f 806 738 737
f 807 806 841
f 807 841 876
f 807 876 877
f 807 877 842
f 807 842 878
f 807 878 843
f 807 843 844
f 807 844 808
f 807 808 809
f 807 809 774
f 807 774 773
f 807 773 772
f 807 737 771
f 807 771 806
f 808 806 841
f 808 841 842
f 808 842 878
f 808 878 843
f 808 843 844
f 808 844 845
f 808 845 809
f 808 809 810
f 808 810 775
f 808 775 774
f 808 774 773
f 808 772 807
f 809 807 842
f 809 842 843
f 809 843 879
f 809 879 844
f 809 844 845
f 809 845 846
f 809 846 810
f 809 810 811
f 809 811 776
f 809 776 775
f 809 775 774
f 810 808 843
f 810 843 844
f 810 844 880
f 810 880 845
f 810 845 846
f 810 846 847
f 810 847 811
f 810 811 812
f 810 812 777
f 810 777 776
f 810 776 775
f 811 844 845
f 811 845 846
f 811 846 881
f 811 881 847
f 811 847 848
f 811 848 812
f 811 812 813
f 811 813 777
f 811 776 775
f 811 809 844
f 812 845 846
f 812 846 847
f 812 847 882
f 812 882 848
f 812 848 849
f 812 849 813
f 812 813 814
f 812 814 778
f 812 777 776
f 812 810 845
f 813 811 846
f 813 846 847
f 813 847 883
f 813 883 848
f 813 848 849
f 813 849 850
f 813 850 814
f 813 814 815
f 813 815 780
f 813 780 779
f 813 779 778
f 813 777 812
f 814 812 847
f 814 847 848
f 814 848 884
f 814 884 849
f 814 849 850
f 814 850 851
f 814 851 815
f 814 815 816
f 814 816 781
f 814 781 780
f 814 780 779
f 815 813 848
f 815 848 849
f 815 849 885
f 815 885 850
f 815 850 851
f 815 851 852
f 815 852 816
f 815 816 817
f 815 817 782
f 815 782 781
f 815 781 780
f 816 814 849
f 816 849 850
f 816 850 886
f 816 886 851
f 816 851 852
f 816 852 853
f 816 853 817
f 816 817 818
f 816 818 783
f 816 783 782
f 816 782 781
f 817 850 851
f 817 851 852
f 817 852 887
f 817 887 853
f 817 853 854
f 817 854 818
f 817 818 819
f 817 819 783
f 817 782 781
f 817 815 850
f 818 851 852
f 818 852 853
f 818 853 888
f 818 888 854
f 818 854 855
f 818 855 819
f 818 819 820
f 818 820 784
f 818 783 782
f 818 816 851
f 819 817 852
f 819 852 853
f 819 853 889
f 819 889 854
f 819 854 855
f 819 855 856
f 819 856 820
f 819 820 821
f 819 821 786
f 819 786 785
f 819 785 784
f 819 783 818
f 820 853 854
f 820 854 855
f 820 855 890
f 820 890 856
f 820 856 857
f 820 857 822
f 820 822 821
f 820 785 784
f 820 818 853
f 821 854 855
f 821 855 856
f 821 856 891
f 821 891 857
f 821 857 858
f 821 858 822
f 821 822 823
f 821 823 787
f 821 786 785
f 821 819 854
f 822 820 855
f 822 855 856
f 822 856 892
f 822 892 857
f 822 857 858
f 822 858 859
f 822 859 823
f 822 823 824
f 822 824 789
f 822 789 788
f 822 788 787
f 822 786 821
f 823 821 856
f 823 856 857
f 823 857 893
f 823 893 858
f 823 858 859
f 823 859 860
f 823 860 824
f 823 824 825
f 823 825 790
f 823 790 789
f 823 789 788
f 824 857 858
f 824 858 859
f 824 859 894
f 824 894 860
f 824 860 861
f 824 861 825
f 824 825 826
f 824 826 790
f 824 789 788
f 824 822 857
f 825 823 858
f 825 858 859
f 825 859 895
f 825 895 860
f 825 860 861
f 825 861 862
f 825 862 826
f 825 826 827
f 825 827 792
f 825 792 791
f 825 791 790
f 825 789 824
f 826 824 859
f 826 859 860
f 826 860 896
f 826 896 861
f 826 861 862
f 826 862 863
f 826 863 827
f 826 827 828
f 826 828 793
f 826 793 792
f 826 792 791
f 827 860 861
f 827 861 862
f 827 862 897
f 827 897 863
f 827 863 864
f 827 864 828
f 827 828 829
f 827 829 793
f 827 792 791
f 827 825 860
f 828 861 862
f 828 862 863
f 828 863 898
f 828 898 864
f 828 864 865
f 828 865 830
f 828 830 829
f 828 829 794
f 828 793 792
f 828 826 861
f 829 827 862
f 829 862 863
f 829 863 899
f 829 899 864
f 829 864 865
f 829 865 866
f 829 866 830
f 829 830 831
f 829 831 796
f 829 796 795
f 829 795 794
f 829 793 828
f 830 828 863
f 830 863 864
f 830 864 900
f 830 900 865
f 830 865 866
f 830 866 867
f 830 867 831
f 830 831 832
f 830 832 797
f 830 797 796
f 830 796 795
f 831 829 864
f 831 864 865
f 831 865 901
f 831 901 866
f 831 866 867
f 831 867 868
f 831 868 832
f 831 832 833
f 831 833 798
f 831 798 797
f 831 797 796
f 832 865 866
f 832 866 867
f 832 867 902
f 832 902 868
f 832 868 869
f 832 869 833
f 832 833 834
f 832 834 798
f 832 797 796
f 832 830 865
f 833 866 867
f 833 867 868
f 833 868 903
f 833 903 869
f 833 869 870
f 833 870 834
f 833 834 835
f 833 835 799
f 833 798 797
f 833 831 866
f 834 832 867
f 834 867 868
f 834 868 904
f 834 904 869
f 834 869 870
f 834 870 871
f 834 871 835
f 834 835 836
f 834 836 801
f 834 801 800
f 834 800 799
f 834 798 833
f 835 833 868
f 835 868 869
f 835 869 905
f 835 905 870
f 835 870 871
f 835 871 872
f 835 872 836
f 835 836 837
f 835 837 802
f 835 802 801
f 835 801 800
f 836 869 870
f 836 870 871
f 836 871 906
f 836 906 872
f 836 872 873
f 836 873 837
f 836 837 838
f 836 838 802
f 836 801 800
f 836 834 869
f 837 870 871
f 837 871 872
f 837 872 907
f 837 907 873
f 837 873 874
f 837 874 838
f 837 838 839
f 837 839 803
f 837 802 801
f 837 835 870
f 838 836 871
f 838 871 872
f 838 872 908
f 838 908 873
f 838 873 874
f 838 874 875
f 838 875 839
f 838 839 840
f 838 840 805
f 838 805 804
f 838 804 803
f 838 802 837
f 839 872 873
f 839 873 908
f 839 908 874
f 839 874 909
f 839 909 910
f 839 910 875
f 839 875 840
f 839 840 805
f 839 805 769
f 839 804 803
f 839 837 872
f 840 873 908
f 840 908 874
f 840 874 909
f 840 909 875
f 840 875 910
f 840 769 768
f 840 768 804
f 840 838 837
f 840 837 873
f 841 911 876
f 841 876 912
f 841 912 877
f 841 877 913
f 841 913 878
f 841 878 842
f 841 842 843
f 841 843 844
f 841 844 808
f 841 808 807
f 841 807 773
f 841 773 772
f 842 841 876
f 842 876 911
f 842 911 912
f 842 912 877
f 842 877 913
f 842 913 878
f 842 878 879
f 842 879 843
f 842 843 844
f 842 844 809
f 842 809 808
f 842 808 807
f 842 772 806
f 842 806 841
f 843 841 876
f 843 876 877
f 843 877 913
f 843 913 878
f 843 878 879
f 843 879 880
f 843 880 844
f 843 844 845
f 843 845 810
f 843 810 809
f 843 809 808
f 843 807 842
f 844 842 877
f 844 877 878
f 844 878 914
f 844 914 879
f 844 879 880
f 844 880 881
f 844 881 845
f 844 845 846
f 844 846 811
f 844 811 810
f 844 810 809
f 845 843 878
f 845 878 879
f 845 879 915
f 845 915 880
f 845 880 881
f 845 881 882
f 845 882 846
f 845 846 847
f 845 847 812
f 845 812 811
f 845 811 810
f 846 879 880
f 846 880 881
f 846 881 916
f 846 916 882
f 846 882 883
f 846 883 847
f 846 847 848
f 846 848 812
f 846 811 810
f 846 844 879
f 847 880 881
f 847 881 882
f 847 882 917
f 847 917 883
f 847 883 884
f 847 884 848
f 847 848 849
f 847 849 813
f 847 812 811
f 847 845 880
f 848 846 881
f 848 881 882
f 848 882 918
f 848 918 883
f 848 883 884
f 848 884 885
f 848 885 850
f 848 850 849
f 848 815 814
f 848 814 813
f 848 812 847
f 849 847 882
f 849 882 883
f 849 883 919
f 849 919 884
f 849 884 885
f 849 885 886
f 849 886 851
f 849 851 850
f 849 816 815
f 849 815 814
f 850 848 883
f 850 883 884
f 850 884 920
f 850 920 885
f 850 885 886
f 850 886 887
f 850 887 851
f 850 851 852
f 850 852 817
f 850 817 816
f 850 816 815
f 851 849 884
f 851 884 885
f 851 885 921
f 851 921 886
f 851 886 887
f 851 887 888
f 851 888 853
f 851 853 852
f 851 818 817
f 851 817 816
f 852 885 886
f 852 886 887
f 852 887 922
f 852 922 888
f 852 888 889
f 852 889 853
f 852 853 854
f 852 854 818
f 852 817 816
f 852 850 885
f 853 886 887
f 853 887 888
f 853 888 923
f 853 923 889
f 853 889 890
f 853 890 854
f 853 854 855
f 853 855 819
f 853 818 817
f 853 851 886
f 854 852 887
f 854 887 888
f 854 888 924
f 854 924 889
f 854 889 890
f 854 890 891
f 854 891 855
f 854 855 856
f 854 856 821
f 854 821 820
f 854 820 819
f 854 818 853
f 855 888 889
f 855 889 890
f 855 890 925
f 855 925 891
f 855 891 892
f 855 892 857
f 855 857 856
f 855 820 819
f 855 853 888
f 856 889 890
f 856 890 891
f 856 891 926
f 856 926 892
f 856 892 893
f 856 893 857
f 856 857 858
f 856 858 822
f 856 821 820
f 856 854 889
f 857 855 890
f 857 890 891
f 857 891 927
f 857 927 892
f 857 892 893
f 857 893 894
f 857 894 858
f 857 858 859
f 857 859 824
f 857 824 823
f 857 823 822
f 857 821 856
f 858 856 891
f 858 891 892
f 858 892 928
f 858 928 893
f 858 893 894
f 858 894 895
f 858 895 859
f 858 859 860
f 858 860 825
f 858 825 824
f 858 824 823
f 859 892 893
f 859 893 894
f 859 894 929
f 859 929 895
f 859 895 896
f 859 896 860
f 859 860 861
f 859 861 825
f 859 824 823
f 859 857 892
f 860 858 893
f 860 893 894
f 860 894 930
f 860 930 895
f 860 895 896
f 860 896 897
f 860 897 861
f 860 861 862
f 860 862 827
f 860 827 826
f 860 826 825
f 860 824 859
f 861 859 894
f 861 894 895
f 861 895 931
f 861 931 896
f 861 896 897
f 861 897 898
f 861 898 862
f 861 862 863
f 861 863 828
f 861 828 827
f 861 827 826
f 862 895 896
f 862 896 897
f 862 897 932
f 862 932 898
f 862 898 899
f 862 899 864
f 862 864 863
f 862 827 826
f 862 860 895
f 863 896 897
f 863 897 898
f 863 898 933
f 863 933 899
f 863 899 900
f 863 900 864
f 863 864 865
f 863 865 829
f 863 828 827
f 863 861 896
f 864 862 897
f 864 897 898
f 864 898 934
f 864 934 899
f 864 899 900
f 864 900 901
f 864 901 865
f 864 865 866
f 864 866 831
f 864 831 830
f 864 830 829
f 864 828 863
f 865 863 898
f 865 898 899
f 865 899 935
f 865 935 900
f 865 900 901
f 865 901 902
f 865 902 866
f 865 866 867
f 865 867 832
f 865 832 831
f 865 831 830
f 866 864 899
f 866 899 900
f 866 900 936
f 866 936 901
f 866 901 902
f 866 902 903
f 866 903 868
f 866 868 867
f 866 833 832
f 866 832 831
f 867 900 901
f 867 901 902
f 867 902 937
f 867 937 903
f 867 903 904
f 867 904 868
f 867 868 869
f 867 869 833
f 867 832 831
f 867 865 900
f 868 901 902
f 868 902 903
f 868 903 938
f 868 938 904
f 868 904 905
f 868 905 869
f 868 869 870
f 868 870 834
f 868 833 832
f 868 866 901
f 869 867 902
f 869 902 903
f 869 903 939
f 869 939 904
f 869 904 905
f 869 905 906
f 869 906 870
f 869 870 871
f 869 871 836
f 869 836 835
f 869 835 834
f 869 833 868
f 870 868 903
f 870 903 904
f 870 904 940
f 870 940 905
f 870 905 906
f 870 906 907
f 870 907 871
f 870 871 872
f 870 872 837
f 870 837 836
f 870 836 835
f 871 904 905
f 871 905 906
f 871 906 941
f 871 941 907
f 871 907 908
f 871 908 872
f 871 872 873
f 871 873 837
f 871 836 835
f 871 869 904
f 872 905 906
f 872 906 907
f 872 907 942
f 872 942 908
f 872 908 909
f 872 909 873
f 872 873 874
f 872 874 838
f 872 837 836
f 872 870 905
f 873 871 906
f 873 906 907
f 873 907 943
f 873 943 908
f 873 908 909
f 873 909 910
f 873 910 874
f 873 874 875
f 873 875 840
f 873 840 839
f 873 839 838
f 873 837 872
f 874 907 908
f 874 908 943
f 874 943 909
f 874 909 944
f 874 944 945
f 874 945 910
f 874 910 875
f 874 875 840
f 874 840 804
f 874 839 838
f 874 872 907
f 875 908 943
f 875 943 909
f 875 909 944
f 875 944 910
f 875 910 945
f 875 804 803
f 875 803 839
f 875 873 872
f 875 872 908
f 876 946 911
f 876 911 947
f 876 947 912
f 876 912 948
f 876 948 913
f 876 913 877
f 876 877 878
f 876 878 879
f 876 879 843
f 876 843 842
f 876 842 808
f 876 808 807
f 877 876 911
f 877 911 946
f 877 946 947
f 877 947 912
f 877 912 948
f 877 948 913
f 877 913 914
f 877 914 878
f 877 878 879
f 877 879 844
f 877 844 843
f 877 843 842
f 877 807 841
f 877 841 876
f 878 876 911
f 878 911 912
f 878 912 948
f 878 948 913
f 878 913 914
f 878 914 915
f 878 915 879
f 878 879 880
f 878 880 845
f 878 845 844
f 878 844 843
f 878 842 877
f 879 877 912
f 879 912 913
f 879 913 949
f 879 949 914
f 879 914 915
f 879 915 916
f 879 916 880
f 879 880 881
f 879 881 846
f 879 846 845
f 879 845 844
f 880 878 913
f 880 913 914
f 880 914 950
f 880 950 915
f 880 915 916
f 880 916 917
f 880 917 881
f 880 881 882
f 880 882 847
f 880 847 846
f 880 846 845
f 881 914 915
f 881 915 916
f 881 916 951
f 881 951 917
f 881 917 918
f 881 918 882
f 881 882 883
f 881 883 847
f 881 846 845
f 881 879 914
f 882 915 916
f 882 916 917
f 882 917 952
f 882 952 918
f 882 918 919
f 882 919 883
f 882 883 884
f 882 884 848
f 882 847 846
f 882 880 915
f 883 881 916
f 883 916 917
f 883 917 953
f 883 953 918
f 883 918 919
f 883 919 920
f 883 920 884
f 883 884 885
f 883 885 850
f 883 850 849
f 883 849 848
f 883 847 882
f 884 882 917
f 884 917 918
f 884 918 954
f 884 954 919
f 884 919 920
f 884 920 921
f 884 921 885
f 884 885 886
f 884 886 851
f 884 851 850
f 884 850 849
f 885 883 918
f 885 918 919
f 885 919 955
f 885 955 920
f 885 920 921
f 885 921 922
f 885 922 886
f 885 886 887
f 885 887 852
f 885 852 851
f 885 851 850
f 886 884 919
f 886 919 920
f 886 920 956
f 886 956 921
f 886 921 922
f 886 922 923
f 886 923 888
f 886 888 887
f 886 853 852
f 886 852 851
f 887 920 921
f 887 921 922
f 887 922 957
f 887 957 923
f 887 923 924
f 887 924 889
f 887 889 888
f 887 852 851
f 887 885 920
f 888 921 922
f 888 922 923
f 888 923 958
f 888 958 924
f 888 924 925
f 888 925 889
f 888 889 890
f 888 890 854
f 888 853 852
f 888 852 851
f 888 886 921
f 889 887 922
f 889 922 923
f 889 923 959
f 889 959 924
f 889 924 925
f 889 925 926
f 889 926 890
f 889 890 891
f 889 891 856
f 889 856 855
f 889 855 854
f 889 853 888
f 890 923 924
f 890 924 925
f 890 925 960
f 890 960 926
f 890 926 927
f 890 927 892
f 890 892 891
f 890 855 854
f 890 888 923
f 891 924 925
f 891 925 926
f 891 926 961
f 891 961 927
f 891 927 928
f 891 928 892
f 891 892 893
f 891 893 857
f 891 856 855
f 891 889 924
f 892 890 925
f 892 925 926
f 892 926 962
f 892 962 927
f 892 927 928
f 892 928 929
f 892 929 893
f 892 893 894
f 892 894 859
f 892 859 858
f 892 858 857
f 892 856 891
f 893 891 926
f 893 926 927
f 893 927 963
f 893 963 928
f 893 928 929
f 893 929 930
f 893 930 894
f 893 894 895
f 893 895 860
f 893 860 859
f 893 859 858
f 894 927 928
f 894 928 929
f 894 929 964
f 894 964 930
f 894 930 931
f 894 931 895
f 894 895 896
f 894 896 860
f 894 859 858
f 894 892 927
f 895 893 928
f 895 928 929
f 895 929 965
f 895 965 930
f 895 930 931
f 895 931 932
f 895 932 896
f 895 896 897
f 895 897 862
f 895 862 861
f 895 861 860
f 895 859 894
f 896 894 929
f 896 929 930
f 896 930 966
f 896 966 931
f 896 931 932
f 896 932 933
f 896 933 897
f 896 897 898
f 896 898 863
f 896 863 862
f 896 862 861
f 897 930 931
f 897 931 932
f 897 932 967
f 897 967 933
f 897 933 934
f 897 934 898
f 897 898 899
f 897 899 863
f 897 862 861
f 897 895 930
f 898 931 932
f 898 932 933
f 898 933 968
f 898 968 934
f 898 934 935
f 898 935 900
f 898 900 899
f 898 899 864
f 898 863 862
f 898 896 931
f 899 897 932
f 899 932 933
f 899 933 969
f 899 969 934
f 899 934 935
f 899 935 936
f 899 936 900
f 899 900 901
f 899 901 866
f 899 866 865
f 899 865 864
f 899 863 898
f 900 898 933
f 900 933 934
f 900 934 970
f 900 970 935
f 900 935 936
f 900 936 937
f 900 937 901
f 900 901 902
f 900 902 867
f 900 867 866
f 900 866 865
f 901 899 934
f 901 934 935
f 901 935 971
f 901 971 936
f 901 936 937
f 901 937 938
f 901 938 903
f 901 903 902
f 901 868 867
f 901 867 866
f 902 935 936
f 902 936 937
f 902 937 972
f 902 972 938
f 902 938 939
f 902 939 903
f 902 903 904
f 902 904 868
f 902 867 866
f 902 900 935
f 903 936 937
f 903 937 938
f 903 938 973
f 903 973 939
f 903 939 940
f 903 940 904
f 903 904 905
f 903 905 869
f 903 868 867
f 903 867 866
f 903 901 936
f 904 902 937
f 904 937 938
f 904 938 974
f 904 974 939
f 904 939 940
f 904 940 941
f 904 941 905
f 904 905 906
f 904 906 871
f 904 871 870
f 904 870 869
f 904 868 903
f 905 903 938
f 905 938 939
f 905 939 975
f 905 975 940
f 905 940 941
f 905 941 942
f 905 942 906
f 905 906 907
f 905 907 872
f 905 872 871
f 905 871 870
f 906 939 940
f 906 940 941
f 906 941 976
f 906 976 942
f 906 942 943
f 906 943 907
f 906 907 908
f 906 908 872
f 906 871 870
f 906 904 939
f 907 940 941
f 907 941 942
f 907 942 977
f 907 977 943
f 907 943 944
f 907 944 908
f 907 908 909
f 907 909 873
f 907 872 871
f 907 905 940
f 908 906 941
f 908 941 942
f 908 942 978
f 908 978 943
f 908 943 944
f 908 944 945
f 908 945 909
f 908 909 910
f 908 910 875
f 908 875 874
f 908 874 873
f 908 872 907
f 909 942 943
f 909 943 978
f 909 978 944
f 909 944 979
f 909 979 980
f 909 980 945
f 909 945 910
f 909 910 875
f 909 875 839
f 909 874 873
f 909 907 942
f 910 943 978
f 910 978 944
f 910 944 979
f 910 979 945
f 910 945 980
f 910 839 838
f 910 838 874
f 910 908 907
f 910 907 943
f 911 981 946
f 911 946 982
f 911 982 947
f 911 947 983
f 911 983 948
f 911 948 912
f 911 912 913
f 911 913 914
f 911 914 878
f 911 878 877
f 911 877 843
f 911 843 842
f 912 911 946
f 912 946 981
f 912 981 982
f 912 982 947
f 912 947 983
f 912 983 948
f 912 948 949
f 912 949 913
f 912 913 914
f 912 914 879
f 912 879 878
f 912 878 877
f 912 842 876
f 912 876 911
f 913 911 946
f 913 946 947
f 913 947 983
f 913 983 948
f 913 948 949
f 913 949 950
f 913 950 914
f 913 914 915
f 913 915 880
f 913 880 879
f 913 879 878
f 913 877 912
f 914 912 947
f 914 947 948
f 914 948 984
f 914 984 949
f 914 949 950
f 914 950 951
f 914 951 915
f 914 915 916
f 914 916 881
f 914 881 880
f 914 880 879
f 915 913 948
f 915 948 949
f 915 949 985
f 915 985 950
f 915 950 951
f 915 951 952
f 915 952 916
f 915 916 917
f 915 917 882
f 915 882 881
f 915 881 880
f 916 949 950
f 916 950 951
f 916 951 986
f 916 986 952
f 916 952 953
f 916 953 917
f 916 917 918
f 916 918 882
f 916 881 880
f 916 914 949
f 917 950 951
f 917 951 952
f 917 952 987
f 917 987 953
f 917 953 954
f 917 954 918
f 917 918 919
f 917 919 883
f 917 882 881
f 917 915 950
f 918 916 951
f 918 951 952
f 918 952 988
f 918 988 953
f 918 953 954
f 918 954 955
f 918 955 919
f 918 919 920
f 918 920 885
f 918 885 884
f 918 884 883
f 918 882 917
f 919 917 952
f 919 952 953
f 919 953 989
f 919 989 954
f 919 954 955
f 919 955 956
f 919 956 920
f 919 920 921
f 919 921 886
f 919 886 885
f 919 885 884
f 920 918 953
f 920 953 954
f 920 954 990
f 920 990 955
f 920 955 956
f 920 956 957
f 920 957 921
f 920 921 922
f 920 922 887
f 920 887 886
f 920 886 885
f 921 919 954
f 921 954 955
f 921 955 991
f 921 991 956
f 921 956 957
f 921 957 958
f 921 958 922
f 921 922 923
f 921 923 888
f 921 888 887
f 921 887 886
f 922 955 956
f 922 956 957
f 922 957 992
f 922 992 958
f 922 958 959
f 922 959 923
f 922 923 924
f 922 924 888
f 922 887 886
f 922 920 955
f 923 956 957
f 923 957 958
f 923 958 993
f 923 993 959
f 923 959 960
f 923 960 924
f 923 924 925
f 923 925 889
f 923 888 887
f 923 887 886
f 923 921 956
f 924 922 957
f 924 957 958
f 924 958 994
f 924 994 959
f 924 959 960
f 924 960 961
f 924 961 925
f 924 925 926
f 924 926 891
f 924 891 890
f 924 890 889
f 924 888 923
f 925 958 959
f 925 959 960
f 925 960 995
f 925 995 961
f 925 961 962
f 925 962 926
f 925 926 927
f 925 927 891
f 925 890 889
f 925 923 958
f 926 959 960
f 926 960 961
f 926 961 996
f 926 996 962
f 926 962 963
f 926 963 927
f 926 927 928
f 926 928 892
f 926 891 890
f 926 924 959
f 927 925 960
f 927 960 961
f 927 961 997
f 927 997 962
f 927 962 963
f 927 963 964
f 927 964 928
f 927 928 929
f 927 929 894
f 927 894 893
f 927 893 892
f 927 891 926
f 928 926 961
f 928 961 962
f 928 962 998
f 928 998 963
f 928 963 964
f 928 964 965
f 928 965 929
f 928 929 930
f 928 930 895
f 928 895 894
f 928 894 893
f 929 962 963
f 929 963 964
f 929 964 999
f 929 999 965
f 929 965 966
f 929 966 930
f 929 930 931
f 929 931 895
f 929 894 893
f 929 927 962
f 930 928 963
f 930 963 964
f 930 964 1000
f 930 1000 965
f 930 965 966
f 930 966 967
f 930 967 932
f 930 932 931
f 930 897 896
f 930 896 895
f 930 894 929
f 931 929 964
f 931 964 965
f 931 965 1001
f 931 1001 966
f 931 966 967
f 931 967 968
f 931 968 932
f 931 932 933
f 931 933 898
f 931 898 897
f 931 897 896
f 932 965 966
f 932 966 967
f 932 967 1002
f 932 1002 968
f 932 968 969
f 932 969 933
f 932 933 934
f 932 934 898
f 932 897 896
f 932 930 965
f 933 966 967
f 933 967 968
f 933 968 1003
f 933 1003 969
f 933 969 970
f 933 970 934
f 933 934 935
f 933 935 899
f 933 898 897
f 933 931 966
f 934 932 967
f 934 967 968
f 934 968 1004
f 934 1004 969
f 934 969 970
f 934 970 971
f 934 971 935
f 934 935 936
f 934 936 901
f 934 901 900
f 934 900 899
f 934 898 933
f 935 933 968
f 935 968 969
f 935 969 1005
f 935 1005 970
f 935 970 971
f 935 971 972
f 935 972 936
f 935 936 937
f 935 937 902
f 935 902 901
f 935 901 900
f 936 934 969
f 936 969 970
f 936 970 1006
f 936 1006 971
f 936 971 972
f 936 972 973
f 936 973 937
f 936 937 938
f 936 938 903
f 936 903 902
f 936 902 901
f 937 970 971
f 937 971 972
f 937 972 1007
f 937 1007 973
f 937 973 974
f 937 974 938
f 937 938 939
f 937 939 903
f 937 902 901
f 937 935 970
f 938 971 972
f 938 972 973
f 938 973 1008
f 938 1008 974
f 938 974 975
f 938 975 939
f 938 939 940
f 938 940 904
f 938 903 902
f 938 902 901
f 938 936 971
f 939 937 972
f 939 972 973
f 939 973 1009
f 939 1009 974
f 939 974 975
f 939 975 976
f 939 976 940
f 939 940 941
f 939 941 906
f 939 906 905
f 939 905 904
f 939 903 938
f 940 938 973
f 940 973 974
f 940 974 1010
f 940 1010 975
f 940 975 976
f 940 976 977
f 940 977 941
f 940 941 942
f 940 942 907
f 940 907 906
f 940 906 905
f 941 974 975
f 941 975 976
f 941 976 1011
f 941 1011 977
f 941 977 978
f 941 978 942
f 941 942 943
f 941 943 907
f 941 906 905
f 941 939 974
f 942 975 976
f 942 976 977
f 942 977 1012
f 942 1012 978
f 942 978 979
f 942 979 943
f 942 943 944
f 942 944 908
f 942 907 906
f 942 940 975
f 943 941 976
f 943 976 977
f 943 977 1013
f 943 1013 978
f 943 978 979
f 943 979 980
f 943 980 944
f 943 944 945
f 943 945 910
f 943 910 909
f 943 909 908
f 943 907 942
f 944 977 978
f 944 978 1013
f 944 1013 979
f 944 979 1014
f 944 1014 1015
f 944 1015 980
f 944 980 945
f 944 945 910
f 944 910 874
f 944 909 908
f 944 942 977
f 945 978 1013
f 945 1013 979
f 945 979 1014
f 945 1014 980
f 945 980 1015
f 945 874 873
f 945 873 909
f 945 943 942
f 945 942 978
f 946 1016 981
f 946 981 1017
f 946 1017 982
f 946 982 1018
f 946 1018 983
f 946 983 949
f 946 949 947
f 946 947 948
f 946 948 913
f 946 913 912
f 946 912 878
f 946 878 877
f 947 946 981
f 947 981 1016
f 947 1016 1017
f 947 1017 982
f 947 982 1018
f 947 1018 983
f 947 983 984
f 947 984 948
f 947 948 949
f 947 949 914
f 947 914 913
f 947 913 912
f 947 877 911
f 947 911 946
f 948 946 981
f 948 981 982
f 948 982 1018
f 948 1018 983
f 948 983 984
f 948 984 985
f 948 985 949
f 948 949 950
f 948 950 915
f 948 915 914
f 948 914 913
f 948 912 947
f 949 947 982
f 949 982 983
f 949 983 1019
f 949 1019 984
f 949 984 985
f 949 985 986
f 949 986 950
f 949 950 951
f 949 951 916
f 949 916 915
f 949 915 914
f 950 948 983
f 950 983 984
f 950 984 1020
f 950 1020 985
f 950 985 986
f 950 986 987
f 950 987 951
f 950 951 952
f 950 952 917
f 950 917 916
f 950 916 915
f 951 984 985
f 951 985 986
f 951 986 1021
f 951 1021 987
f 951 987 988
f 951 988 952
f 951 952 953
f 951 953 917
f 951 916 915
f 951 949 984
f 952 985 986
f 952 986 987
f 952 987 1022
f 952 1022 988
f 952 988 989
f 952 989 953
f 952 953 954
f 952 954 918
f 952 917 916
f 952 950 985
f 953 951 986
f 953 986 987
f 953 987 1023
f 953 1023 988
f 953 988 989
f 953 989 990
f 953 990 955
f 953 955 954
f 953 920 919
f 953 919 918
f 953 917 952
f 954 952 987
f 954 987 988
f 954 988 1024
f 954 1024 989
f 954 989 990
f 954 990 991
f 954 991 955
f 954 955 956
f 954 956 921
f 954 921 920
f 954 920 919
f 955 953 988
f 955 988 989
f 955 989 1025
f 955 1025 990
f 955 990 991
f 955 991 992
f 955 992 956
f 955 956 957
f 955 957 922
f 955 922 921
f 955 921 920
f 956 954 989
f 956 989 990
f 956 990 1026
f 956 1026 991
f 956 991 992
f 956 992 993
f 956 993 957
f 956 957 958
f 956 958 923
f 956 923 922
f 956 922 921
f 957 990 991
f 957 991 992
f 957 992 1027
f 957 1027 993
f 957 993 994
f 957 994 958
f 957 958 959
f 957 959 923
f 957 922 921
f 957 955 990
f 958 991 992
f 958 992 993
f 958 993 1028
f 958 1028 994
f 958 994 995
f 958 995 959
f 958 959 960
f 958 960 924
f 958 923 922
f 958 956 991
f 959 957 992
f 959 992 993
f 959 993 1029
f 959 1029 994
f 959 994 995
f 959 995 996
f 959 996 960
f 959 960 961
f 959 961 926
f 959 926 925
f 959 925 924
f 959 923 958
f 960 993 994
f 960 994 995
f 960 995 1030
f 960 1030 996
f 960 996 997
f 960 997 961
f 960 961 962
f 960 962 926
f 960 925 924
f 960 958 993
f 961 994 995
f 961 995 996
f 961 996 1031
f 961 1031 997
f 961 997 998
f 961 998 962
f 961 962 963
f 961 963 927
f 961 926 925
f 961 959 994
f 962 960 995
f 962 995 996
f 962 996 1032
f 962 1032 997
f 962 997 998
f 962 998 999
f 962 999 963
f 962 963 964
f 962 964 929
f 962 929 928
f 962 928 927
f 962 926 961
f 963 961 996
f 963 996 997
f 963 997 1033
f 963 1033 998
f 963 998 999
f 963 999 1000
f 963 1000 964
f 963 964 965
f 963 965 930
f 963 930 929
f 963 929 928
f 964 997 998
f 964 998 999
f 964 999 1034
f 964 1034 1000
f 964 1000 1001
f 964 1001 965
f 964 965 966
f 964 966 930
f 964 929 928
f 964 962 997
f 965 963 998
f 965 998 999
f 965 999 1035
f 965 1035 1000
f 965 1000 1001
f 965 1001 1002
f 965 1002 966
f 965 966 967
f 965 967 932
f 965 932 931
f 965 931 930
f 965 929 964
f 966 964 999
f 966 999 1000
f 966 1000 1036
f 966 1036 1001
f 966 1001 1002
f 966 1002 1003
f 966 1003 967
f 966 967 968
f 966 968 933
f 966 933 932
f 966 932 931
f 967 1000 1001
f 967 1001 1002
f 967 1002 1037
f 967 1037 1003
f 967 1003 1004
f 967 1004 968
f 967 968 969
f 967 969 933
f 967 932 931
f 967 931 930
f 967 965 1000
f 968 1001 1002
f 968 1002 1003
f 968 1003 1038
f 968 1038 1004
f 968 1004 1005
f 968 1005 969
f 968 969 970
f 968 970 934
f 968 933 932
f 968 966 1001
f 969 967 1002
f 969 1002 1003
f 969 1003 1039
f 969 1039 1004
f 969 1004 1005
f 969 1005 1006
f 969 1006 970
f 969 970 971
f 969 971 936
f 969 936 935
f 969 935 934
f 969 933 968
f 970 968 1003
f 970 1003 1004
f 970 1004 1040
f 970 1040 1005
f 970 1005 1006
f 970 1006 1007
f 970 1007 971
f 970 971 972
f 970 972 937
f 970 937 936
f 970 936 935
f 971 969 1004
f 971 1004 1005
f 971 1005 1041
f 971 1041 1006
f 971 1006 1007
f 971 1007 1008
f 971 1008 972
f 971 972 973
f 971 973 938
f 971 938 937
f 971 937 936
f 972 1005 1006
f 972 1006 1007
f 972 1007 1042
f 972 1042 1008
f 972 1008 1009
f 972 1009 973
f 972 973 974
f 972 974 938
f 972 937 936
f 972 970 1005
f 973 1006 1007
f 973 1007 1008
f 973 1008 1043
f 973 1043 1009
f 973 1009 1010
f 973 1010 974
f 973 974 975
f 973 975 939
f 973 938 937
f 973 971 1006
f 974 972 1007
f 974 1007 1008
f 974 1008 1044
f 974 1044 1009
f 974 1009 1010
f 974 1010 1011
f 974 1011 975
f 974 975 976
f 974 976 941
f 974 941 940
f 974 940 939
f 974 938 973
f 975 973 1008
f 975 1008 1009
f 975 1009 1045
f 975 1045 1010
f 975 1010 1011
f 975 1011 1012
f 975 1012 976
f 975 976 977
f 975 977 942
f 975 942 941
f 975 941 940
f 976 1009 1010
f 976 1010 1011
f 976 1011 1046
f 976 1046 1012
f 976 1012 1013
f 976 1013 977
f 976 977 978
f 976 978 942
f 976 941 940
f 976 974 1009
f 977 1010 1011
f 977 1011 1012
f 977 1012 1047
f 977 1047 1013
f 977 1013 1014
f 977 1014 978
f 977 978 979
f 977 979 943
f 977 942 941
f 977 975 1010
f 978 976 1011
f 978 1011 1012
f 978 1012 1048
f 978 1048 1013
f 978 1013 1014
f 978 1014 1015
f 978 1015 979
f 978 979 980
f 978 980 945
f 978 945 944
f 978 944 943
f 978 942 977
f 979 1012 1013
f 979 1013 1048
f 979 1048 1014
f 979 1014 1049
f 979 1049 1050
f 979 1050 1015
f 979 1015 980
f 979 980 945
f 979 945 909
f 979 944 943
f 979 977 1012
f 980 1013 1048
f 980 1048 1014
f 980 1014 1049
f 980 1049 1015
f 980 1015 1050
f 980 909 908
f 980 908 944
f 980 978 977
f 980 977 1013
f 981 1051 1016
f 981 1016 1052
f 981 1052 1017
f 981 1017 1053
f 981 1053 1018
f 981 1018 982
f 981 982 983
f 981 983 984
f 981 984 948
f 981 948 947
f 981 947 913
f 981 913 912
f 982 981 1016
f 982 1016 1051
f 982 1051 1052
f 982 1052 1017
f 982 1017 1053
f 982 1053 1018
f 982 1018 1019
f 982 1019 983
f 982 983 984
f 982 984 949
f 982 949 948
f 982 948 947
f 982 912 946
f 982 946 981
f 983 981 1016
f 983 1016 1017
f 983 1017 1053
f 983 1053 1018
f 983 1018 1019
f 983 1019 1020
f 983 1020 984
f 983 984 985
f 983 985 950
f 983 950 949
f 983 949 948
f 983 947 982
f 984 982 1017
f 984 1017 1018
f 984 1018 1054
f 984 1054 1019
f 984 1019 1020
f 984 1020 1021
f 984 1021 985
f 984 985 986
f 984 986 951
f 984 951 950
f 984 950 949
f 985 983 1018
f 985 1018 1019
f 985 1019 1055
f 985 1055 1020
f 985 1020 1021
f 985 1021 1022
f 985 1022 986
f 985 986 987
f 985 987 952
f 985 952 951
f 985 951 950
f 986 1019 1020
f 986 1020 1021
f 986 1021 1056
f 986 1056 1022
f 986 1022 1023
f 986 1023 987
f 986 987 988
f 986 988 952
f 986 951 950
f 986 984 1019
f 987 1020 1021
f 987 1021 1022
f 987 1022 1057
f 987 1057 1023
f 987 1023 1024
f 987 1024 988
f 987 988 989
f 987 989 953
f 987 952 951
f 987 985 1020
f 988 986 1021
f 988 1021 1022
f 988 1022 1058
f 988 1058 1023
f 988 1023 1024
f 988 1024 1025
f 988 1025 989
f 988 989 990
f 988 990 955
f 988 955 954
f 988 954 953
f 988 952 987
f 989 987 1022
f 989 1022 1023
f 989 1023 1059
f 989 1059 1024
f 989 1024 1025
f 989 1025 1026
f 989 1026 990
f 989 990 991
f 989 991 956
f 989 956 955
f 989 955 954
f 990 988 1023
f 990 1023 1024
f 990 1024 1060
f 990 1060 1025
f 990 1025 1026
f 990 1026 1027
f 990 1027 991
f 990 991 992
f 990 992 957
f 990 957 956
f 990 956 955
f 991 989 1024
f 991 1024 1025
f 991 1025 1061
f 991 1061 1026
f 991 1026 1027
f 991 1027 1028
f 991 1028 992
f 991 992 993
f 991 993 958
f 991 958 957
f 991 957 956
f 992 1025 1026
f 992 1026 1027
f 992 1027 1062
f 992 1062 1028
f 992 1028 1029
f 992 1029 993
f 992 993 994
f 992 994 958
f 992 957 956
f 992 990 1025
f 993 1026 1027
f 993 1027 1028
f 993 1028 1063
f 993 1063 1029
f 993 1029 1030
f 993 1030 994
f 993 994 995
f 993 995 959
f 993 958 957
f 993 991 1026
f 994 992 1027
f 994 1027 1028
f 994 1028 1064
f 994 1064 1029
f 994 1029 1030
f 994 1030 1031
f 994 1031 995
f 994 995 996
f 994 996 961
f 994 961 960
f 994 960 959
f 994 958 993
f 995 1028 1029
f 995 1029 1030
f 995 1030 1065
f 995 1065 1031
f 995 1031 1032
f 995 1032 997
f 995 997 996
f 995 960 959
f 995 993 1028
f 996 1029 1030
f 996 1030 1031
f 996 1031 1066
f 996 1066 1032
f 996 1032 1033
f 996 1033 997
f 996 997 998
f 996 998 962
f 996 961 960
f 996 994 1029
f 997 995 1030
f 997 1030 1031
f 997 1031 1067
f 997 1067 1032
f 997 1032 1033
f 997 1033 1034
f 997 1034 998
f 997 998 999
f 997 999 964
f 997 964 963
f 997 963 962
f 997 961 996
f 998 996 1031
f 998 1031 1032
f 998 1032 1068
f 998 1068 1033
f 998 1033 1034
f 998 1034 1035
f 998 1035 999
f 998 999 1000
f 998 1000 965
f 998 965 964
f 998 964 963
f 999 1032 1033
f 999 1033 1034
f 999 1034 1069
f 999 1069 1035
f 999 1035 1036
f 999 1036 1000
f 999 1000 1001
f 999 1001 965
f 999 964 963
f 999 997 1032
f 1000 998 1033
f 1000 1033 1034
f 1000 1034 1070
f 1000 1070 1035
f 1000 1035 1036
f 1000 1036 1037
f 1000 1037 1001
f 1000 1001 1002
f 1000 1002 967
f 1000 967 966
f 1000 966 965
f 1000 964 999
f 1001 999 1034
f 1001 1034 1035
f 1001 1035 1071
f 1001 1071 1036
f 1001 1036 1037
f 1001 1037 1038
f 1001 1038 1002
f 1001 1002 1003
f 1001 1003 968
f 1001 968 967
f 1001 967 966
f 1002 1035 1036
f 1002 1036 1037
f 1002 1037 1072
f 1002 1072 1038
f 1002 1038 1039
f 1002 1039 1003
f 1002 1003 1004
f 1002 1004 968
f 1002 967 966
f 1002 1000 1035
f 1003 1036 1037
f 1003 1037 1038
f 1003 1038 1073
f 1003 1073 1039
f 1003 1039 1040
f 1003 1040 1004
f 1003 1004 1005
f 1003 1005 969
f 1003 968 967
f 1003 1001 1036
f 1004 1002 1037
f 1004 1037 1038
f 1004 1038 1074
f 1004 1074 1039
f 1004 1039 1040
f 1004 1040 1041
f 1004 1041 1005
f 1004 1005 1006
f 1004 1006 971
f 1004 971 970
f 1004 970 969
f 1004 968 1003
f 1005 1003 1038
f 1005 1038 1039
f 1005 1039 1075
f 1005 1075 1040
f 1005 1040 1041
f 1005 1041 1042
f 1005 1042 1006
f 1005 1006 1007
f 1005 1007 972
f 1005 972 971
f 1005 971 970
f 1006 1004 1039
f 1006 1039 1040
f 1006 1040 1076
f 1006 1076 1041
f 1006 1041 1042
f 1006 1042 1043
f 1006 1043 1007
f 1006 1007 1008
f 1006 1008 973
f 1006 973 972
f 1006 972 971
f 1007 1040 1041
f 1007 1041 1042
f 1007 1042 1077
f 1007 1077 1043
f 1007 1043 1044
f 1007 1044 1008
f 1007 1008 1009
f 1007 1009 973
f 1007 972 971
f 1007 1005 1040
f 1008 1041 1042
f 1008 1042 1043
f 1008 1043 1078
f 1008 1078 1044
f 1008 1044 1045
f 1008 1045 1009
f 1008 1009 1010
f 1008 1010 974
f 1008 973 972
f 1008 1006 1041
f 1009 1007 1042
f 1009 1042 1043
f 1009 1043 1079
f 1009 1079 1044
f 1009 1044 1045
f 1009 1045 1046
f 1009 1046 1010
f 1009 1010 1011
f 1009 1011 976
f 1009 976 975
f 1009 975 974
f 1009 973 1008
f 1010 1008 1043
f 1010 1043 1044
f 1010 1044 1080
f 1010 1080 1045
f 1010 1045 1046
f 1010 1046 1047
f 1010 1047 1011
f 1010 1011 1012
f 1010 1012 977
f 1010 977 976
f 1010 976 975
f 1011 1044 1045
f 1011 1045 1046
f 1011 1046 1081
f 1011 1081 1047
f 1011 1047 1048
f 1011 1048 1012
f 1011 1012 1013
f 1011 1013 977
f 1011 976 975
f 1011 1009 1044
f 1012 1045 1046
f 1012 1046 1047
f 1012 1047 1082
f 1012 1082 1048
f 1012 1048 1049
f 1012 1049 1013
f 1012 1013 1014
f 1012 1014 978
f 1012 977 976
f 1012 1010 1045
f 1013 1011 1046
f 1013 1046 1047
f 1013 1047 1083
f 1013 1083 1048
f 1013 1048 1049
f 1013 1049 1050
f 1013 1050 1014
f 1013 1014 1015
f 1013 1015 980
f 1013 980 979
f 1013 979 978
f 1013 977 1012
f 1014 1047 1048
f 1014 1048 1083
f 1014 1083 1049
f 1014 1049 1084
f 1014 1084 1085
f 1014 1085 1050
f 1014 1050 1015
f 1014 1015 980
f 1014 980 944
f 1014 979 978
f 1014 1012 1047
f 1015 1048 1083
f 1015 1083 1049
f 1015 1049 1084
f 1015 1084 1050
f 1015 1050 1085
f 1015 944 943
f 1015 943 979
f 1015 1013 1012
f 1015 1012 1048
f 1016 1086 1051
f 1016 1051 1087
f 1016 1087 1052
f 1016 1052 1088
f 1016 1088 1053
f 1016 1053 1019
f 1016 1019 1017
f 1016 1017 1018
f 1016 1018 983
f 1016 983 982
f 1016 982 948
f 1016 948 947
f 1017 1016 1051
f 1017 1051 1086
f 1017 1086 1087
f 1017 1087 1052
f 1017 1052 1088
f 1017 1088 1053
f 1017 1053 1054
f 1017 1054 1018
f 1017 1018 1019
f 1017 1019 984
f 1017 984 983
f 1017 983 982
f 1017 947 981
f 1017 981 1016
f 1018 1051 1052
f 1018 1052 1053
f 1018 1053 1088
f 1018 1088 1089
f 1018 1089 1054
f 1018 1054 1055
f 1018 1055 1019
f 1018 1019 1020
f 1018 1020 984
f 1018 984 948
f 1018 983 982
f 1018 982 1017
f 1018 1016 1051
f 1019 1017 1052
f 1019 1052 1053
f 1019 1053 1088
f 1019 1088 1089
f 1019 1089 1054
f 1019 1054 1055
f 1019 1055 1056
f 1019 1056 1021
f 1019 1021 1020
f 1019 1020 985
f 1019 985 984
f 1020 1053 1054
f 1020 1054 1055
f 1020 1055 1090
f 1020 1090 1091
f 1020 1091 1056
f 1020 1056 1057
f 1020 1057 1022
f 1020 1022 1021
f 1020 986 950
f 1020 985 984
f 1020 1018 1053
f 1021 1019 1054
f 1021 1054 1055
f 1021 1055 1090
f 1021 1090 1091
f 1021 1091 1056
f 1021 1056 1057
f 1021 1057 1058
f 1021 1058 1022
f 1021 1022 1023
f 1021 1023 987
f 1021 987 986
f 1021 951 985
f 1022 1020 1055
f 1022 1055 1056
f 1022 1056 1091
f 1022 1091 1092
f 1022 1092 1057
f 1022 1057 1058
f 1022 1058 1059
f 1022 1059 1023
f 1022 1023 1024
f 1022 1024 988
f 1022 988 987
f 1022 952 986
f 1022 986 1021
f 1023 1021 1056
f 1023 1056 1057
f 1023 1057 1092
f 1023 1092 1093
f 1023 1093 1058
f 1023 1058 1059
f 1023 1059 1060
f 1023 1060 1024
f 1023 1024 1025
f 1023 1025 989
f 1023 989 988
f 1023 987 1022
f 1024 1057 1058
f 1024 1058 1059
f 1024 1059 1094
f 1024 1094 1095
f 1024 1095 1060
f 1024 1060 1061
f 1024 1061 1025
f 1024 1025 1026
f 1024 1026 990
f 1024 990 954
f 1024 989 988
f 1024 1022 1057
f 1025 1023 1058
f 1025 1058 1059
f 1025 1059 1094
f 1025 1094 1095
f 1025 1095 1060
f 1025 1060 1061
f 1025 1061 1062
f 1025 1062 1026
f 1025 1026 1027
f 1025 1027 991
f 1025 991 990
f 1026 1059 1060
f 1026 1060 1061
f 1026 1061 1096
f 1026 1096 1097
f 1026 1097 1062
f 1026 1062 1063
f 1026 1063 1027
f 1026 1027 1028
f 1026 1028 992
f 1026 992 956
f 1026 991 990
f 1026 1024 1059
f 1027 1025 1060
f 1027 1060 1061
f 1027 1061 1096
f 1027 1096 1097
f 1027 1097 1062
f 1027 1062 1063
f 1027 1063 1064
f 1027 1064 1028
f 1027 1028 1029
f 1027 1029 993
f 1027 993 992
f 1027 957 991
f 1028 1061 1062
f 1028 1062 1063
f 1028 1063 1098
f 1028 1098 1099
f 1028 1099 1064
f 1028 1064 1065
f 1028 1065 1029
f 1028 1029 1030
f 1028 1030 994
f 1028 993 992
f 1028 992 1027
f 1028 1026 1061
f 1029 1027 1062
f 1029 1062 1063
f 1029 1063 1098
f 1029 1098 1099
f 1029 1099 1064
f 1029 1064 1065
f 1029 1065 1066
f 1029 1066 1030
f 1029 1030 1031
f 1029 1031 995
f 1029 995 994
f 1029 993 1028
f 1030 1028 1063
f 1030 1063 1064
f 1030 1064 1099
f 1030 1099 1100
f 1030 1100 1065
f 1030 1065 1066
f 1030 1066 1067
f 1030 1067 1032
f 1030 1032 1031
f 1030 996 995
f 1030 960 994
f 1031 1064 1065
f 1031 1065 1066
f 1031 1066 1101
f 1031 1101 1102
f 1031 1102 1067
f 1031 1067 1068
f 1031 1068 1032
f 1031 1032 1033
f 1031 1033 997
f 1031 996 995
f 1031 995 1030
f 1031 1029 1064
f 1032 1030 1065
f 1032 1065 1066
f 1032 1066 1101
f 1032 1101 1102
f 1032 1102 1067
f 1032 1067 1068
f 1032 1068 1069
f 1032 1069 1033
f 1032 1033 1034
f 1032 1034 998
f 1032 998 997
f 1032 996 1031
f 1033 1066 1067
f 1033 1067 1068
f 1033 1068 1103
f 1033 1103 1104
f 1033 1104 1069
f 1033 1069 1070
f 1033 1070 1034
f 1033 1034 1035
f 1033 1035 999
f 1033 999 963
f 1033 998 997
f 1033 1031 1066
f 1034 1067 1068
f 1034 1068 1069
f 1034 1069 1104
f 1034 1104 1105
f 1034 1105 1070
f 1034 1070 1071
f 1034 1071 1035
f 1034 1035 1036
f 1034 1036 1000
f 1034 999 998
f 1034 1032 1067
f 1035 1033 1068
f 1035 1068 1069
f 1035 1069 1104
f 1035 1104 1105
f 1035 1105 1070
f 1035 1070 1071
f 1035 1071 1072
f 1035 1072 1037
f 1035 1037 1036
f 1035 1036 1001
f 1035 1001 1000
f 1035 999 1034
f 1036 1069 1070
f 1036 1070 1071
f 1036 1071 1106
f 1036 1106 1107
f 1036 1107 1072
f 1036 1072 1073
f 1036 1073 1037
f 1036 1037 1038
f 1036 1038 1002
f 1036 1002 966
f 1036 1001 1000
f 1036 1034 1069
f 1037 1035 1070
f 1037 1070 1071
f 1037 1071 1106
f 1037 1106 1107
f 1037 1107 1072
f 1037 1072 1073
f 1037 1073 1074
f 1037 1074 1038
f 1037 1038 1039
f 1037 1039 1003
f 1037 1003 1002
f 1037 967 1001
f 1038 1036 1071
f 1038 1071 1072
f 1038 1072 1107
f 1038 1107 1108
f 1038 1108 1073
f 1038 1073 1074
f 1038 1074 1075
f 1038 1075 1040
f 1038 1040 1039
f 1038 1039 1004
f 1038 1004 1003
f 1038 968 1002
f 1038 1002 1037
f 1039 1072 1073
f 1039 1073 1074
f 1039 1074 1109
f 1039 1109 1110
f 1039 1110 1075
f 1039 1075 1076
f 1039 1076 1040
f 1039 1040 1041
f 1039 1041 1005
f 1039 1005 969
f 1039 1004 1003
f 1039 1003 1038
f 1039 1037 1072
f 1040 1038 1073
f 1040 1073 1074
f 1040 1074 1109
f 1040 1109 1110
f 1040 1110 1075
f 1040 1075 1076
f 1040 1076 1077
f 1040 1077 1041
f 1040 1041 1042
f 1040 1042 1006
f 1040 1006 1005
f 1041 1074 1075
f 1041 1075 1076
f 1041 1076 1111
f 1041 1111 1112
f 1041 1112 1077
f 1041 1077 1078
f 1041 1078 1042
f 1041 1042 1043
f 1041 1043 1007
f 1041 1007 971
f 1041 1006 1005
f 1041 1039 1074
f 1042 1040 1075
f 1042 1075 1076
f 1042 1076 1111
f 1042 1111 1112
f 1042 1112 1077
f 1042 1077 1078
f 1042 1078 1079
f 1042 1079 1043
f 1042 1043 1044
f 1042 1044 1008
f 1042 1008 1007
f 1042 972 1006
f 1043 1041 1076
f 1043 1076 1077
f 1043 1077 1112
f 1043 1112 1113
f 1043 1113 1078
f 1043 1078 1079
f 1043 1079 1080
f 1043 1080 1044
f 1043 1044 1045
f 1043 1045 1009
f 1043 1009 1008
f 1043 973 1007
f 1043 1007 1042
f 1044 1042 1077
f 1044 1077 1078
f 1044 1078 1113
f 1044 1113 1114
f 1044 1114 1079
f 1044 1079 1080
f 1044 1080 1081
f 1044 1081 1046
f 1044 1046 1045
f 1044 1045 1010
f 1044 1010 1009
f 1044 1008 1043
f 1045 1078 1079
f 1045 1079 1080
f 1045 1080 1115
f 1045 1115 1116
f 1045 1116 1081
f 1045 1081 1082
f 1045 1082 1047
f 1045 1047 1046
f 1045 1011 975
f 1045 1010 1009
f 1045 1043 1078
f 1046 1044 1079
f 1046 1079 1080
f 1046 1080 1115
f 1046 1115 1116
f 1046 1116 1081
f 1046 1081 1082
f 1046 1082 1083
f 1046 1083 1047
f 1046 1047 1048
f 1046 1048 1012
f 1046 1012 1011
f 1046 976 1010
f 1047 1045 1080
f 1047 1080 1081
f 1047 1081 1116
f 1047 1116 1117
f 1047 1117 1082
f 1047 1082 1083
f 1047 1083 1084
f 1047 1084 1048
f 1047 1048 1049
f 1047 1049 1013
f 1047 1013 1012
f 1047 977 1011
f 1047 1011 1046
f 1048 1081 1082
f 1048 1082 1083
f 1048 1083 1118
f 1048 1118 1119
f 1048 1119 1084
f 1048 1084 1085
f 1048 1085 1049
f 1048 1049 1050
f 1048 1050 1014
f 1048 1014 978
f 1048 1013 1012
f 1048 1012 1047
f 1048 1046 1081
f 1049 1082 1083
f 1049 1083 1118
f 1049 1118 1084
f 1049 1084 1119
f 1049 1119 1120
f 1049 1120 1085
f 1049 1085 1050
f 1049 1050 1015
f 1049 1015 979
f 1049 1014 1013
f 1049 1047 1082
f 1050 1083 1118
f 1050 1118 1084
f 1050 1084 1119
f 1050 1119 1085
f 1050 1085 1120
f 1050 979 978
f 1050 978 1014
f 1050 1048 1047
f 1050 1047 1083
f 1051 1121 1086
f 1051 1086 1122
f 1051 1122 1087
f 1051 1087 1123
f 1051 1123 1088
f 1051 1088 1052
f 1051 1052 1053
f 1051 1053 1054
f 1051 1054 1018
f 1051 1018 1017
f 1051 1017 983
f 1051 983 982
f 1052 1051 1086
f 1052 1086 1121
f 1052 1121 1122
f 1052 1122 1087
f 1052 1087 1123
f 1052 1123 1088
f 1052 1088 1089
f 1052 1089 1053
f 1052 1053 1054
f 1052 1054 1019
f 1052 1019 1018
f 1052 1018 1017
f 1052 982 1016
f 1052 1016 1051
f 1053 1051 1087
f 1053 1087 1122
f 1053 1122 1123
f 1053 1123 1088
f 1053 1088 1124
f 1053 1124 1089
f 1053 1089 1090
f 1053 1090 1054
f 1053 1054 1055
f 1053 1055 1019
f 1053 1019 1018
f 1053 1017 1052
f 1054 1052 1088
f 1054 1088 1123
f 1054 1123 1124
f 1054 1124 1089
f 1054 1089 1090
f 1054 1090 1091
f 1054 1091 1055
f 1054 1055 1056
f 1054 1056 1021
f 1054 1021 1020
f 1054 1020 1019
f 1054 1018 1053
f 1055 1089 1090
f 1055 1090 1125
f 1055 1125 1126
f 1055 1126 1091
f 1055 1091 1092
f 1055 1092 1056
f 1055 1056 1057
f 1055 1057 1022
f 1055 1022 1021
f 1055 1021 985
f 1055 1020 1019
f 1055 1053 1089
f 1056 1054 1089
f 1056 1089 1090
f 1056 1090 1125
f 1056 1125 1126
f 1056 1126 1091
f 1056 1091 1092
f 1056 1092 1057
f 1056 1057 1058
f 1056 1058 1022
f 1056 1022 1021
f 1056 986 1020
f 1056 1020 1019
f 1057 1055 1090
f 1057 1090 1091
f 1057 1091 1126
f 1057 1126 1127
f 1057 1127 1092
f 1057 1092 1093
f 1057 1093 1058
f 1057 1058 1059
f 1057 1059 1023
f 1057 1023 1022
f 1057 987 1021
f 1057 1021 1020
f 1058 1056 1092
f 1058 1092 1127
f 1058 1127 1128
f 1058 1128 1093
f 1058 1093 1094
f 1058 1094 1095
f 1058 1095 1059
f 1058 1059 1060
f 1058 1060 1025
f 1058 1025 1024
f 1058 1024 1023
f 1059 1093 1094
f 1059 1094 1129
f 1059 1129 1130
f 1059 1130 1095
f 1059 1095 1096
f 1059 1096 1060
f 1059 1060 1061
f 1059 1061 1026
f 1059 1026 1025
f 1059 1025 989
f 1059 1024 1023
f 1059 1057 1093
f 1060 1058 1093
f 1060 1093 1094
f 1060 1094 1129
f 1060 1129 1130
f 1060 1130 1095
f 1060 1095 1096
f 1060 1096 1097
f 1060 1097 1062
f 1060 1062 1061
f 1060 1026 1025
f 1060 1024 1059
f 1061 1094 1095
f 1061 1095 1096
f 1061 1096 1131
f 1061 1131 1132
f 1061 1132 1097
f 1061 1097 1098
f 1061 1098 1062
f 1061 1062 1063
f 1061 1063 1027
f 1061 1027 991
f 1061 1026 1025
f 1061 1059 1094
f 1062 1060 1095
f 1062 1095 1096
f 1062 1096 1131
f 1062 1131 1132
f 1062 1132 1097
f 1062 1097 1098
f 1062 1098 1099
f 1062 1099 1063
f 1062 1063 1064
f 1062 1064 1028
f 1062 1028 1027
f 1062 992 1026
f 1062 1026 1061
f 1063 1096 1097
f 1063 1097 1098
f 1063 1098 1133
f 1063 1133 1134
f 1063 1134 1099
f 1063 1099 1100
f 1063 1100 1064
f 1063 1064 1065
f 1063 1065 1029
f 1063 1028 1027
f 1063 1061 1096
f 1064 1062 1097
f 1064 1097 1098
f 1064 1098 1133
f 1064 1133 1134
f 1064 1134 1099
f 1064 1099 1100
f 1064 1100 1101
f 1064 1101 1066
f 1064 1066 1065
f 1064 1065 1030
f 1064 1030 1029
f 1064 1028 1063
f 1065 1063 1098
f 1065 1098 1099
f 1065 1099 1134
f 1065 1134 1135
f 1065 1135 1100
f 1065 1100 1101
f 1065 1101 1102
f 1065 1102 1067
f 1065 1067 1066
f 1065 1031 1030
f 1065 995 1029
f 1066 1099 1100
f 1066 1100 1101
f 1066 1101 1136
f 1066 1136 1137
f 1066 1137 1102
f 1066 1102 1103
f 1066 1103 1067
f 1066 1067 1068
f 1066 1068 1032
f 1066 1031 1030
f 1066 1064 1099
f 1067 1065 1100
f 1067 1100 1101
f 1067 1101 1136
f 1067 1136 1137
f 1067 1137 1102
f 1067 1102 1103
f 1067 1103 1104
f 1067 1104 1068
f 1067 1068 1069
f 1067 1069 1033
f 1067 1033 1032
f 1067 1031 1066
f 1068 1101 1102
f 1068 1102 1103
f 1068 1103 1138
f 1068 1138 1139
f 1068 1139 1104
f 1068 1104 1105
f 1068 1105 1069
f 1068 1069 1070
f 1068 1070 1034
f 1068 1034 998
f 1068 1033 1032
f 1068 1066 1101
f 1069 1102 1103
f 1069 1103 1104
f 1069 1104 1139
f 1069 1139 1140
f 1069 1140 1105
f 1069 1105 1106
f 1069 1106 1071
f 1069 1071 1070
f 1069 1070 1035
f 1069 1034 1033
f 1069 1033 1068
f 1069 1067 1102
f 1070 1068 1103
f 1070 1103 1104
f 1070 1104 1139
f 1070 1139 1140
f 1070 1140 1105
f 1070 1105 1106
f 1070 1106 1107
f 1070 1107 1071
f 1070 1071 1072
f 1070 1072 1036
f 1070 1036 1035
f 1070 1034 1069
f 1071 1104 1105
f 1071 1105 1106
f 1071 1106 1141
f 1071 1141 1142
f 1071 1142 1107
f 1071 1107 1108
f 1071 1108 1072
f 1071 1072 1073
f 1071 1073 1037
f 1071 1037 1001
f 1071 1036 1035
f 1071 1069 1104
f 1072 1070 1105
f 1072 1105 1106
f 1072 1106 1141
f 1072 1141 1142
f 1072 1142 1107
f 1072 1107 1108
f 1072 1108 1109
f 1072 1109 1074
f 1072 1074 1073
f 1072 1073 1038
f 1072 1038 1037
f 1072 1002 1036
f 1072 1036 1071
f 1073 1071 1106
f 1073 1106 1107
f 1073 1107 1142
f 1073 1142 1143
f 1073 1143 1108
f 1073 1108 1109
f 1073 1109 1110
f 1073 1110 1075
f 1073 1075 1074
f 1073 1039 1038
f 1073 1003 1037
f 1074 1107 1108
f 1074 1108 1109
f 1074 1109 1144
f 1074 1144 1145
f 1074 1145 1110
f 1074 1110 1111
f 1074 1111 1076
f 1074 1076 1075
f 1074 1075 1040
f 1074 1040 1004
f 1074 1039 1038
f 1074 1072 1107
f 1075 1073 1108
f 1075 1108 1109
f 1075 1109 1144
f 1075 1144 1145
f 1075 1145 1110
f 1075 1110 1111
f 1075 1111 1112
f 1075 1112 1077
f 1075 1077 1076
f 1075 1041 1040
f 1075 1039 1074
f 1076 1109 1110
f 1076 1110 1111
f 1076 1111 1146
f 1076 1146 1147
f 1076 1147 1112
f 1076 1112 1113
f 1076 1113 1077
f 1076 1077 1078
f 1076 1078 1042
f 1076 1042 1006
f 1076 1041 1040
f 1076 1074 1109
f 1077 1075 1110
f 1077 1110 1111
f 1077 1111 1146
f 1077 1146 1147
f 1077 1147 1112
f 1077 1112 1113
f 1077 1113 1078
f 1077 1078 1079
f 1077 1079 1043
f 1077 1043 1042
f 1077 1007 1041
f 1078 1076 1111
f 1078 1111 1112
f 1078 1112 1147
f 1078 1147 1148
f 1078 1148 1113
f 1078 1113 1114
f 1078 1114 1079
f 1078 1079 1080
f 1078 1080 1044
f 1078 1044 1043
f 1078 1008 1042
f 1079 1077 1113
f 1079 1113 1148
f 1079 1148 1149
f 1079 1149 1114
f 1079 1114 1115
f 1079 1115 1116
f 1079 1116 1080
f 1079 1080 1081
f 1079 1081 1046
f 1079 1046 1045
f 1079 1045 1044
f 1080 1114 1115
f 1080 1115 1150
f 1080 1150 1151
f 1080 1151 1116
f 1080 1116 1117
f 1080 1117 1081
f 1080 1081 1082
f 1080 1082 1047
f 1080 1047 1046
f 1080 1046 1010
f 1080 1045 1044
f 1080 1078 1114
f 1081 1079 1114
f 1081 1114 1115
f 1081 1115 1150
f 1081 1150 1151
f 1081 1151 1116
f 1081 1116 1117
f 1081 1117 1082
f 1081 1082 1083
f 1081 1083 1047
f 1081 1047 1046
f 1081 1011 1045
f 1081 1045 1044
f 1082 1080 1115
f 1082 1115 1116
f 1082 1116 1151
f 1082 1151 1152
f 1082 1152 1117
f 1082 1117 1118
f 1082 1118 1083
f 1082 1083 1084
f 1082 1084 1048
f 1082 1048 1047
f 1082 1012 1046
f 1082 1046 1045
f 1083 1081 1117
f 1083 1117 1152
f 1083 1152 1153
f 1083 1153 1118
f 1083 1118 1154
f 1083 1154 1119
f 1083 1119 1120
f 1083 1120 1084
f 1083 1084 1085
f 1083 1085 1049
f 1083 1049 1048
f 1084 1117 1118
f 1084 1118 1153
f 1084 1153 1119
f 1084 1119 1154
f 1084 1154 1155
f 1084 1155 1120
f 1084 1120 1085
f 1084 1085 1050
f 1084 1050 1014
f 1084 1049 1048
f 1084 1082 1117
f 1085 1118 1153
f 1085 1153 1119
f 1085 1119 1154
f 1085 1154 1120
f 1085 1120 1155
f 1085 1014 1013
f 1085 1013 1049
f 1085 1083 1082
f 1085 1082 1118
f 1086 1156 1121
f 1086 1121 1157
f 1086 1157 1122
f 1086 1122 1158
f 1086 1158 1123
f 1086 1123 1087
f 1086 1087 1088
f 1086 1088 1089
f 1086 1089 1053
f 1086 1053 1018
f 1086 1018 1052
f 1086 1052 1017
f 1087 1086 1121
f 1087 1121 1156
f 1087 1156 1157
f 1087 1157 1122
f 1087 1122 1158
f 1087 1158 1123
f 1087 1123 1124
f 1087 1124 1088
f 1087 1088 1089
f 1087 1089 1054
f 1087 1054 1053
f 1087 1053 1052
f 1087 1017 1051
f 1087 1051 1086
f 1088 1086 1121
f 1088 1121 1122
f 1088 1122 1158
f 1088 1158 1123
f 1088 1123 1124
f 1088 1124 1125
f 1088 1125 1089
f 1088 1089 1090
f 1088 1090 1055
f 1088 1055 1054
f 1088 1054 1053
f 1088 1018 1052
f 1088 1052 1087
f 1089 1087 1122
f 1089 1122 1123
f 1089 1123 1159
f 1089 1159 1124
f 1089 1124 1125
f 1089 1125 1126
f 1089 1126 1090
f 1089 1090 1091
f 1089 1091 1056
f 1089 1056 1055
f 1089 1055 1054
f 1089 1019 1053
f 1089 1053 1088
f 1090 1124 1125
f 1090 1125 1160
f 1090 1160 1161
f 1090 1161 1126
f 1090 1126 1127
f 1090 1127 1091
f 1090 1091 1092
f 1090 1092 1057
f 1090 1057 1056
f 1090 1056 1020
f 1090 1055 1054
f 1090 1088 1124
f 1091 1089 1124
f 1091 1124 1125
f 1091 1125 1160
f 1091 1160 1161
f 1091 1161 1126
f 1091 1126 1127
f 1091 1127 1092
f 1091 1092 1093
f 1091 1093 1057
f 1091 1057 1056
f 1091 1021 1055
f 1092 1125 1126
f 1092 1126 1127
f 1092 1127 1162
f 1092 1162 1128
f 1092 1128 1129
f 1092 1129 1093
f 1092 1093 1094
f 1092 1094 1058
f 1092 1058 1022
f 1092 1090 1125
f 1093 1091 1126
f 1093 1126 1127
f 1093 1127 1163
f 1093 1163 1128
f 1093 1128 1129
f 1093 1129 1130
f 1093 1130 1094
f 1093 1094 1095
f 1093 1095 1060
f 1093 1060 1059
f 1093 1059 1058
f 1093 1023 1057
f 1094 1092 1127
f 1094 1127 1128
f 1094 1128 1164
f 1094 1164 1129
f 1094 1129 1130
f 1094 1130 1131
f 1094 1131 1095
f 1094 1095 1096
f 1094 1096 1061
f 1094 1061 1060
f 1094 1060 1059
f 1094 1024 1058
f 1095 1093 1128
f 1095 1128 1129
f 1095 1129 1165
f 1095 1165 1130
f 1095 1130 1131
f 1095 1131 1132
f 1095 1132 1097
f 1095 1097 1096
f 1095 1062 1061
f 1095 1061 1060
f 1095 1025 1059
f 1095 1059 1094
f 1096 1094 1129
f 1096 1129 1130
f 1096 1130 1166
f 1096 1166 1131
f 1096 1131 1132
f 1096 1132 1133
f 1096 1133 1098
f 1096 1098 1097
f 1096 1063 1062
f 1096 1062 1061
f 1096 1026 1060
f 1097 1130 1131
f 1097 1131 1132
f 1097 1132 1167
f 1097 1167 1133
f 1097 1133 1134
f 1097 1134 1098
f 1097 1098 1099
f 1097 1099 1063
f 1097 1063 1027
f 1097 1062 1061
f 1097 1061 1060
f 1097 1095 1130
f 1098 1131 1132
f 1098 1132 1133
f 1098 1133 1168
f 1098 1168 1134
f 1098 1134 1135
f 1098 1135 1099
f 1098 1099 1100
f 1098 1100 1064
f 1098 1064 1028
f 1098 1063 1062
f 1098 1096 1131
f 1099 1097 1132
f 1099 1132 1133
f 1099 1133 1169
f 1099 1169 1134
f 1099 1134 1135
f 1099 1135 1136
f 1099 1136 1100
f 1099 1100 1101
f 1099 1101 1066
f 1099 1066 1065
f 1099 1065 1064
f 1099 1029 1063
f 1099 1063 1098
f 1100 1133 1134
f 1100 1134 1135
f 1100 1135 1170
f 1100 1170 1136
f 1100 1136 1137
f 1100 1137 1101
f 1100 1101 1102
f 1100 1102 1066
f 1100 1066 1030
f 1100 1065 1064
f 1100 1098 1133
f 1101 1134 1135
f 1101 1135 1136
f 1101 1136 1171
f 1101 1171 1137
f 1101 1137 1138
f 1101 1138 1102
f 1101 1102 1103
f 1101 1103 1067
f 1101 1067 1031
f 1101 1066 1065
f 1101 1065 1064
f 1101 1099 1134
f 1102 1100 1135
f 1102 1135 1136
f 1102 1136 1172
f 1102 1172 1137
f 1102 1137 1138
f 1102 1138 1139
f 1102 1139 1103
f 1102 1103 1104
f 1102 1104 1069
f 1102 1069 1068
f 1102 1068 1067
f 1102 1032 1066
f 1102 1066 1101
f 1103 1101 1136
f 1103 1136 1137
f 1103 1137 1173
f 1103 1173 1138
f 1103 1138 1139
f 1103 1139 1140
f 1103 1140 1104
f 1103 1104 1105
f 1103 1105 1070
f 1103 1070 1069
f 1103 1069 1068
f 1103 1033 1067
f 1104 1137 1138
f 1104 1138 1139
f 1104 1139 1174
f 1104 1174 1140
f 1104 1140 1141
f 1104 1141 1105
f 1104 1105 1106
f 1104 1106 1070
f 1104 1070 1034
f 1104 1069 1068
f 1104 1102 1137
f 1105 1103 1138
f 1105 1138 1139
f 1105 1139 1175
f 1105 1175 1140
f 1105 1140 1141
f 1105 1141 1142
f 1105 1142 1106
f 1105 1106 1107
f 1105 1107 1072
f 1105 1072 1071
f 1105 1071 1070
f 1105 1035 1069
f 1105 1069 1104
f 1106 1104 1139
f 1106 1139 1140
f 1106 1140 1176
f 1106 1176 1141
f 1106 1141 1142
f 1106 1142 1143
f 1106 1143 1107
f 1106 1107 1108
f 1106 1108 1073
f 1106 1073 1072
f 1106 1072 1071
f 1106 1036 1070
f 1107 1140 1141
f 1107 1141 1142
f 1107 1142 1177
f 1107 1177 1143
f 1107 1143 1144
f 1107 1144 1108
f 1107 1108 1109
f 1107 1109 1073
f 1107 1073 1037
f 1107 1072 1071
f 1107 1105 1140
f 1108 1141 1142
f 1108 1142 1143
f 1108 1143 1178
f 1108 1178 1144
f 1108 1144 1145
f 1108 1145 1109
f 1108 1109 1110
f 1108 1110 1074
f 1108 1074 1038
f 1108 1073 1072
f 1108 1106 1141
f 1109 1107 1142
f 1109 1142 1143
f 1109 1143 1179
f 1109 1179 1144
f 1109 1144 1145
f 1109 1145 1146
f 1109 1146 1111
f 1109 1111 1110
f 1109 1076 1075
f 1109 1075 1074
f 1109 1039 1073
f 1110 1108 1143
f 1110 1143 1144
f 1110 1144 1180
f 1110 1180 1145
f 1110 1145 1146
f 1110 1146 1147
f 1110 1147 1112
f 1110 1112 1111
f 1110 1077 1076
f 1110 1076 1075
f 1110 1040 1074
f 1110 1074 1109
f 1111 1109 1144
f 1111 1144 1145
f 1111 1145 1181
f 1111 1181 1146
f 1111 1146 1147
f 1111 1147 1148
f 1111 1148 1113
f 1111 1113 1112
f 1111 1078 1077
f 1111 1077 1076
f 1111 1041 1075
f 1112 1145 1146
f 1112 1146 1147
f 1112 1147 1182
f 1112 1182 1148
f 1112 1148 1149
f 1112 1149 1113
f 1112 1113 1114
f 1112 1114 1078
f 1112 1078 1042
f 1112 1077 1076
f 1112 1076 1075
f 1112 1110 1145
f 1113 1146 1147
f 1113 1147 1148
f 1113 1148 1183
f 1113 1183 1149
f 1113 1149 1150
f 1113 1150 1114
f 1113 1114 1115
f 1113 1115 1079
f 1113 1079 1043
f 1113 1111 1146
f 1114 1112 1147
f 1114 1147 1148
f 1114 1148 1184
f 1114 1184 1149
f 1114 1149 1150
f 1114 1150 1151
f 1114 1151 1115
f 1114 1115 1116
f 1114 1116 1081
f 1114 1081 1080
f 1114 1080 1079
f 1114 1044 1078
f 1115 1149 1150
f 1115 1150 1185
f 1115 1185 1186
f 1115 1186 1151
f 1115 1151 1152
f 1115 1152 1116
f 1115 1116 1117
f 1115 1117 1082
f 1115 1082 1081
f 1115 1081 1045
f 1115 1080 1079
f 1115 1113 1149
f 1116 1114 1149
f 1116 1149 1150
f 1116 1150 1185
f 1116 1185 1186
f 1116 1186 1151
f 1116 1151 1152
f 1116 1152 1117
f 1116 1117 1118
f 1116 1118 1082
f 1116 1082 1081
f 1116 1046 1080
f 1117 1150 1151
f 1117 1151 1152
f 1117 1152 1187
f 1117 1187 1153
f 1117 1153 1154
f 1117 1154 1118
f 1117 1118 1119
f 1117 1119 1083
f 1117 1083 1047
f 1117 1115 1150
f 1118 1116 1151
f 1118 1151 1152
f 1118 1152 1188
f 1118 1188 1153
f 1118 1153 1154
f 1118 1154 1155
f 1118 1155 1119
f 1118 1119 1120
f 1118 1120 1085
f 1118 1085 1084
f 1118 1084 1083
f 1118 1048 1082
f 1119 1152 1153
f 1119 1153 1188
f 1119 1188 1154
f 1119 1154 1189
f 1119 1189 1190
f 1119 1190 1155
f 1119 1155 1120
f 1119 1120 1085
f 1119 1085 1049
f 1119 1084 1083
f 1119 1083 1082
f 1119 1082 1118
f 1119 1117 1152
f 1120 1153 1188
f 1120 1188 1154
f 1120 1154 1189
f 1120 1189 1155
f 1120 1155 1190
f 1120 1049 1084
f 1120 1084 1048
f 1120 1048 1083
f 1120 1118 1117
f 1120 1117 1153
f 1121 1191 1156
f 1121 1156 1192
f 1121 1192 1193
f 1121 1193 1157
f 1121 1157 1158
f 1121 1158 1122
f 1121 1122 1123
f 1121 1123 1124
f 1121 1124 1088
f 1121 1088 1053
f 1121 1053 1087
f 1121 1087 1052
f 1122 1156 1192
f 1122 1192 1157
f 1122 1157 1158
f 1122 1158 1159
f 1122 1159 1123
f 1122 1123 1124
f 1122 1124 1089
f 1122 1089 1088
f 1122 1088 1053
f 1122 1052 1051
f 1122 1086 1121
f 1122 1121 1156
f 1123 1121 1157
f 1123 1157 1158
f 1123 1158 1193
f 1123 1193 1159
f 1123 1159 1124
f 1123 1124 1125
f 1123 1125 1090
f 1123 1090 1089
f 1123 1089 1054
f 1123 1054 1053
f 1123 1088 1087
f 1123 1086 1122
f 1124 1158 1194
f 1124 1194 1159
f 1124 1159 1160
f 1124 1160 1161
f 1124 1161 1126
f 1124 1126 1125
f 1124 1091 1090
f 1124 1090 1089
f 1124 1054 1088
f 1124 1122 1158
f 1125 1123 1159
f 1125 1159 1160
f 1125 1160 1195
f 1125 1195 1161
f 1125 1161 1162
f 1125 1162 1126
f 1125 1126 1127
f 1125 1127 1092
f 1125 1092 1091
f 1125 1091 1056
f 1125 1056 1055
f 1125 1090 1089
f 1126 1159 1160
f 1126 1160 1196
f 1126 1196 1161
f 1126 1161 1162
f 1126 1162 1127
f 1126 1127 1128
f 1126 1128 1092
f 1126 1092 1091
f 1126 1056 1055
f 1126 1055 1090
f 1126 1124 1159
f 1127 1125 1160
f 1127 1160 1161
f 1127 1161 1162
f 1127 1162 1197
f 1127 1197 1163
f 1127 1163 1128
f 1127 1128 1129
f 1127 1129 1094
f 1127 1094 1093
f 1127 1093 1057
f 1128 1162 1198
f 1128 1198 1163
f 1128 1163 1164
f 1128 1164 1165
f 1128 1165 1129
f 1128 1129 1130
f 1128 1130 1095
f 1128 1095 1094
f 1128 1094 1093
f 1128 1058 1092
f 1128 1092 1091
f 1128 1091 1127
f 1128 1126 1162
f 1129 1127 1163
f 1129 1163 1164
f 1129 1164 1199
f 1129 1199 1165
f 1129 1165 1166
f 1129 1166 1130
f 1129 1130 1131
f 1129 1131 1096
f 1129 1096 1095
f 1129 1095 1060
f 1129 1060 1059
f 1129 1094 1093
f 1130 1164 1200
f 1130 1200 1165
f 1130 1165 1166
f 1130 1166 1167
f 1130 1167 1131
f 1130 1131 1132
f 1130 1132 1097
f 1130 1097 1096
f 1130 1096 1095
f 1130 1060 1094
f 1130 1128 1164
f 1131 1165 1201
f 1131 1201 1166
f 1131 1166 1167
f 1131 1167 1168
f 1131 1168 1132
f 1131 1132 1133
f 1131 1133 1098
f 1131 1098 1097
f 1131 1097 1096
f 1131 1061 1095
f 1131 1129 1165
f 1132 1130 1165
f 1132 1165 1166
f 1132 1166 1167
f 1132 1167 1202
f 1132 1202 1168
f 1132 1168 1133
f 1132 1133 1134
f 1132 1134 1099
f 1132 1099 1098
f 1132 1098 1062
f 1132 1097 1096
f 1132 1096 1095
f 1133 1131 1166
f 1133 1166 1167
f 1133 1167 1168
f 1133 1168 1203
f 1133 1203 1169
f 1133 1169 1134
f 1133 1134 1135
f 1133 1135 1100
f 1133 1100 1099
f 1133 1099 1063
f 1133 1098 1097
f 1133 1097 1096
f 1134 1168 1204
f 1134 1204 1169
f 1134 1169 1170
f 1134 1170 1171
f 1134 1171 1135
f 1134 1135 1136
f 1134 1136 1101
f 1134 1101 1100
f 1134 1100 1099
f 1134 1064 1098
f 1134 1132 1168
f 1135 1133 1168
f 1135 1168 1169
f 1135 1169 1170
f 1135 1170 1205
f 1135 1205 1171
f 1135 1171 1136
f 1135 1136 1137
f 1135 1137 1102
f 1135 1102 1101
f 1135 1101 1065
f 1135 1100 1099
f 1136 1134 1169
f 1136 1169 1170
f 1136 1170 1171
f 1136 1171 1206
f 1136 1206 1172
f 1136 1172 1137
f 1136 1137 1138
f 1136 1138 1103
f 1136 1103 1102
f 1136 1102 1066
f 1136 1101 1100
f 1137 1171 1207
f 1137 1207 1172
f 1137 1172 1173
f 1137 1173 1174
f 1137 1174 1138
f 1137 1138 1139
f 1137 1139 1104
f 1137 1104 1103
f 1137 1103 1102
f 1137 1067 1101
f 1137 1135 1171
f 1138 1172 1208
f 1138 1208 1173
f 1138 1173 1174
f 1138 1174 1175
f 1138 1175 1139
f 1138 1139 1140
f 1138 1140 1105
f 1138 1105 1104
f 1138 1104 1103
f 1138 1068 1102
f 1138 1136 1172
f 1139 1137 1172
f 1139 1172 1173
f 1139 1173 1174
f 1139 1174 1209
f 1139 1209 1175
f 1139 1175 1140
f 1139 1140 1141
f 1139 1141 1106
f 1139 1106 1105
f 1139 1105 1069
f 1139 1104 1103
f 1140 1174 1210
f 1140 1210 1175
f 1140 1175 1176
f 1140 1176 1177
f 1140 1177 1141
f 1140 1141 1142
f 1140 1142 1107
f 1140 1107 1106
f 1140 1106 1105
f 1140 1070 1104
f 1140 1138 1174
f 1141 1175 1211
f 1141 1211 1176
f 1141 1176 1177
f 1141 1177 1178
f 1141 1178 1142
f 1141 1142 1143
f 1141 1143 1108
f 1141 1108 1107
f 1141 1107 1106
f 1141 1071 1105
f 1141 1139 1175
f 1142 1140 1175
f 1142 1175 1176
f 1142 1176 1177
f 1142 1177 1212
f 1142 1212 1178
f 1142 1178 1143
f 1142 1143 1144
f 1142 1144 1109
f 1142 1109 1108
f 1142 1108 1072
f 1142 1107 1106
f 1143 1141 1176
f 1143 1176 1177
f 1143 1177 1178
f 1143 1178 1213
f 1143 1213 1179
f 1143 1179 1144
f 1143 1144 1145
f 1143 1145 1110
f 1143 1110 1109
f 1143 1109 1073
f 1143 1108 1107
f 1144 1178 1214
f 1144 1214 1179
f 1144 1179 1180
f 1144 1180 1181
f 1144 1181 1146
f 1144 1146 1145
f 1144 1111 1110
f 1144 1110 1109
f 1144 1074 1108
f 1144 1142 1178
f 1145 1179 1215
f 1145 1215 1180
f 1145 1180 1181
f 1145 1181 1182
f 1145 1182 1146
f 1145 1146 1147
f 1145 1147 1112
f 1145 1112 1111
f 1145 1111 1110
f 1145 1075 1109
f 1145 1143 1179
f 1146 1180 1216
f 1146 1216 1181
f 1146 1181 1182
f 1146 1182 1183
f 1146 1183 1147
f 1146 1147 1148
f 1146 1148 1113
f 1146 1113 1112
f 1146 1112 1111
f 1146 1076 1110
f 1146 1110 1109
f 1146 1144 1180
f 1147 1180 1181
f 1147 1181 1217
f 1147 1217 1182
f 1147 1182 1183
f 1147 1183 1148
f 1147 1148 1149
f 1147 1149 1113
f 1147 1113 1112
f 1147 1077 1076
f 1147 1076 1111
f 1147 1111 1110
f 1147 1145 1180
f 1148 1146 1181
f 1148 1181 1182
f 1148 1182 1183
f 1148 1183 1218
f 1148 1218 1184
f 1148 1184 1149
f 1148 1149 1150
f 1148 1150 1115
f 1148 1115 1114
f 1148 1114 1078
f 1148 1113 1112
f 1148 1112 1111
f 1149 1183 1219
f 1149 1219 1184
f 1149 1184 1185
f 1149 1185 1186
f 1149 1186 1151
f 1149 1151 1150
f 1149 1116 1115
f 1149 1115 1114
f 1149 1079 1113
f 1149 1147 1183
f 1150 1148 1184
f 1150 1184 1185
f 1150 1185 1220
f 1150 1220 1186
f 1150 1186 1187
f 1150 1187 1151
f 1150 1151 1152
f 1150 1152 1117
f 1150 1117 1116
f 1150 1116 1081
f 1150 1081 1080
f 1150 1115 1114
f 1151 1184 1185
f 1151 1185 1221
f 1151 1221 1186
f 1151 1186 1187
f 1151 1187 1152
f 1151 1152 1153
f 1151 1153 1117
f 1151 1117 1116
f 1151 1081 1080
f 1151 1080 1115
f 1151 1149 1184
f 1152 1150 1185
f 1152 1185 1186
f 1152 1186 1187
f 1152 1187 1222
f 1152 1222 1188
f 1152 1188 1153
f 1152 1153 1154
f 1152 1154 1119
f 1152 1119 1118
f 1152 1118 1082
f 1153 1151 1187
f 1153 1187 1188
f 1153 1188 1223
f 1153 1223 1189
f 1153 1189 1154
f 1153 1154 1155
f 1153 1155 1120
f 1153 1120 1119
f 1153 1084 1083
f 1153 1118 1117
f 1153 1117 1116
f 1153 1116 1152
f 1154 1152 1187
f 1154 1187 1188
f 1154 1188 1189
f 1154 1189 1224
f 1154 1224 1190
f 1154 1190 1155
f 1154 1155 1120
f 1154 1085 1084
f 1155 1153 1152
f 1155 1152 1188
f 1155 1188 1189
f 1155 1189 1223
f 1155 1223 1224
f 1155 1224 1190
f 1155 1190 1225
f 1155 1084 1119
f 1155 1119 1083
f 1155 1083 1118
f 1156 1191 1192
f 1156 1192 1193
f 1156 1193 1159
f 1156 1159 1157
f 1156 1157 1158
f 1156 1158 1124
f 1156 1124 1123
f 1156 1123 1088
f 1156 1088 1122
f 1156 1122 1087
f 1156 1087 1052
f 1156 1052 1121
f 1156 1086 1051
f 1157 1191 1192
f 1157 1192 1193
f 1157 1193 1194
f 1157 1194 1158
f 1157 1158 1159
f 1157 1159 1124
f 1157 1124 1089
f 1157 1089 1123
f 1157 1123 1088
f 1157 1088 1122
f 1157 1087 1086
f 1157 1121 1156
f 1157 1156 1191
f 1158 1192 1193
f 1158 1193 1194
f 1158 1194 1159
f 1158 1159 1160
f 1158 1160 1125
f 1158 1125 1124
f 1158 1124 1089
f 1158 1089 1123
f 1158 1088 1087
f 1158 1156 1192
f 1159 1157 1193
f 1159 1193 1194
f 1159 1194 1195
f 1159 1195 1196
f 1159 1196 1160
f 1159 1160 1161
f 1159 1161 1126
f 1159 1126 1125
f 1159 1125 1089
f 1159 1124 1088
f 1159 1088 1123
f 1160 1158 1194
f 1160 1194 1195
f 1160 1195 1196
f 1160 1196 1197
f 1160 1197 1161
f 1160 1161 1162
f 1160 1162 1127
f 1160 1127 1126
f 1160 1126 1091
f 1160 1091 1090
f 1160 1125 1124
f 1160 1124 1123
f 1160 1123 1159
f 1161 1194 1195
f 1161 1195 1196
f 1161 1196 1197
f 1161 1197 1162
f 1161 1162 1163
f 1161 1163 1128
f 1161 1128 1127
f 1161 1127 1126
f 1161 1091 1090
f 1161 1090 1125
f 1161 1125 1124
f 1161 1159 1194
f 1162 1195 1196
f 1162 1196 1197
f 1162 1197 1198
f 1162 1198 1163
f 1162 1163 1164
f 1162 1164 1129
f 1162 1129 1128
f 1162 1128 1127
f 1162 1092 1091
f 1162 1091 1126
f 1162 1160 1195
f 1163 1161 1197
f 1163 1197 1198
f 1163 1198 1199
f 1163 1199 1164
f 1163 1164 1165
f 1163 1165 1130
f 1163 1130 1129
f 1163 1129 1094
f 1163 1094 1093
f 1163 1128 1092
f 1163 1092 1127
f 1163 1127 1126
f 1163 1126 1162
f 1164 1198 1199
f 1164 1199 1200
f 1164 1200 1165
f 1164 1165 1166
f 1164 1166 1131
f 1164 1131 1130
f 1164 1130 1095
f 1164 1095 1129
f 1164 1094 1093
f 1164 1093 1128
f 1164 1128 1127
f 1164 1127 1163
f 1164 1162 1198
f 1165 1163 1199
f 1165 1199 1200
f 1165 1200 1201
f 1165 1201 1166
f 1165 1166 1167
f 1165 1167 1132
f 1165 1132 1131
f 1165 1131 1096
f 1165 1096 1095
f 1165 1130 1094
f 1165 1094 1129
f 1166 1164 1200
f 1166 1200 1201
f 1166 1201 1202
f 1166 1202 1168
f 1166 1168 1167
f 1166 1133 1132
f 1166 1132 1097
f 1166 1097 1096
f 1166 1131 1095
f 1166 1095 1130
f 1167 1201 1202
f 1167 1202 1203
f 1167 1203 1168
f 1167 1168 1169
f 1167 1169 1134
f 1167 1134 1133
f 1167 1133 1098
f 1167 1098 1132
f 1167 1097 1096
f 1167 1096 1131
f 1167 1165 1201
f 1168 1202 1203
f 1168 1203 1204
f 1168 1204 1169
f 1168 1169 1170
f 1168 1170 1135
f 1168 1135 1134
f 1168 1134 1099
f 1168 1099 1133
f 1168 1098 1097
f 1168 1097 1132
f 1169 1203 1204
f 1169 1204 1205
f 1169 1205 1170
f 1169 1170 1171
f 1169 1171 1136
f 1169 1136 1135
f 1169 1135 1100
f 1169 1100 1134
f 1169 1099 1098
f 1169 1098 1133
f 1169 1133 1132
f 1169 1132 1168
f 1169 1167 1203
f 1170 1204 1205
f 1170 1205 1206
f 1170 1206 1171
f 1170 1171 1172
f 1170 1172 1137
f 1170 1137 1136
f 1170 1136 1101
f 1170 1101 1135
f 1170 1100 1099
f 1170 1099 1134
f 1170 1134 1133
f 1170 1133 1169
f 1170 1168 1204
f 1171 1205 1206
f 1171 1206 1207
f 1171 1207 1172
f 1171 1172 1173
f 1171 1173 1138
f 1171 1138 1137
f 1171 1137 1102
f 1171 1102 1136
f 1171 1101 1100
f 1171 1100 1135
f 1171 1169 1205
f 1172 1170 1206
f 1172 1206 1207
f 1172 1207 1208
f 1172 1208 1173
f 1172 1173 1174
f 1172 1174 1139
f 1172 1139 1138
f 1172 1138 1103
f 1172 1103 1102
f 1172 1137 1101
f 1172 1101 1136
f 1172 1136 1135
f 1172 1135 1171
f 1173 1207 1208
f 1173 1208 1209
f 1173 1209 1174
f 1173 1174 1175
f 1173 1175 1140
f 1173 1140 1139
f 1173 1139 1104
f 1173 1104 1138
f 1173 1103 1102
f 1173 1102 1137
f 1173 1137 1136
f 1173 1136 1172
f 1173 1171 1207
f 1174 1208 1209
f 1174 1209 1210
f 1174 1210 1175
f 1174 1175 1176
f 1174 1176 1141
f 1174 1141 1140
f 1174 1140 1105
f 1174 1105 1139
f 1174 1104 1103
f 1174 1103 1138
f 1174 1172 1208
f 1175 1173 1209
f 1175 1209 1210
f 1175 1210 1211
f 1175 1211 1176
f 1175 1176 1177
f 1175 1177 1142
f 1175 1142 1141
f 1175 1141 1106
f 1175 1106 1105
f 1175 1140 1104
f 1175 1104 1139
f 1176 1174 1210
f 1176 1210 1211
f 1176 1211 1212
f 1176 1212 1177
f 1176 1177 1178
f 1176 1178 1143
f 1176 1143 1142
f 1176 1142 1107
f 1176 1107 1106
f 1176 1141 1105
f 1176 1105 1140
f 1176 1140 1139
f 1176 1139 1175
f 1177 1175 1211
f 1177 1211 1212
f 1177 1212 1213
f 1177 1213 1178
f 1177 1178 1179
f 1177 1179 1144
f 1177 1144 1143
f 1177 1143 1108
f 1177 1108 1107
f 1177 1142 1106
f 1177 1106 1141
f 1178 1176 1212
f 1178 1212 1213
f 1178 1213 1214
f 1178 1214 1179
f 1178 1179 1180
f 1178 1180 1145
f 1178 1145 1144
f 1178 1144 1109
f 1178 1109 1108
f 1178 1143 1107
f 1178 1107 1142
f 1179 1177 1213
f 1179 1213 1214
f 1179 1214 1215
f 1179 1215 1180
f 1179 1180 1181
f 1179 1181 1146
f 1179 1146 1145
f 1179 1145 1110
f 1179 1110 1109
f 1179 1144 1108
f 1179 1108 1143
f 1179 1143 1142
f 1179 1142 1178
f 1180 1178 1214
f 1180 1214 1215
f 1180 1215 1216
f 1180 1216 1181
f 1180 1181 1182
f 1180 1182 1147
f 1180 1147 1146
f 1180 1146 1111
f 1180 1111 1110
f 1180 1145 1109
f 1180 1109 1144
f 1180 1144 1143
f 1180 1143 1179
f 1181 1179 1215
f 1181 1215 1216
f 1181 1216 1217
f 1181 1217 1183
f 1181 1183 1182
f 1181 1148 1147
f 1181 1147 1112
f 1181 1112 1111
f 1181 1146 1110
f 1181 1110 1145
f 1181 1145 1144
f 1182 1180 1216
f 1182 1216 1217
f 1182 1217 1218
f 1182 1218 1183
f 1182 1183 1184
f 1182 1184 1149
f 1182 1149 1148
f 1182 1148 1113
f 1182 1113 1112
f 1182 1147 1111
f 1182 1111 1146
f 1183 1217 1218
f 1183 1218 1219
f 1183 1219 1184
f 1183 1184 1185
f 1183 1185 1150
f 1183 1150 1149
f 1183 1149 1114
f 1183 1114 1148
f 1183 1113 1112
f 1183 1112 1147
f 1184 1182 1218
f 1184 1218 1219
f 1184 1219 1220
f 1184 1220 1221
f 1184 1221 1185
f 1184 1185 1186
f 1184 1186 1151
f 1184 1151 1150
f 1184 1150 1114
f 1184 1149 1113
f 1184 1113 1148
f 1184 1148 1147
f 1184 1147 1183
f 1185 1183 1219
f 1185 1219 1220
f 1185 1220 1221
f 1185 1221 1222
f 1185 1222 1186
f 1185 1186 1187
f 1185 1187 1152
f 1185 1152 1151
f 1185 1151 1116
f 1185 1116 1115
f 1185 1150 1149
f 1185 1149 1148
f 1185 1148 1184
f 1186 1219 1220
f 1186 1220 1221
f 1186 1221 1222
f 1186 1222 1187
f 1186 1187 1188
f 1186 1188 1153
f 1186 1153 1152
f 1186 1152 1151
f 1186 1116 1115
f 1186 1115 1150
f 1186 1150 1149
f 1186 1184 1219
f 1187 1220 1221
f 1187 1221 1222
f 1187 1222 1223
f 1187 1223 1188
f 1187 1188 1189
f 1187 1189 1154
f 1187 1154 1153
f 1187 1153 1152
f 1187 1117 1116
f 1187 1116 1151
f 1187 1185 1220
f 1188 1222 1223
f 1188 1223 1224
f 1188 1224 1189
f 1188 1189 1190
f 1188 1190 1155
f 1188 1155 1154
f 1188 1118 1117
f 1188 1117 1152
f 1188 1152 1151
f 1188 1151 1187
f 1188 1186 1222
f 1189 1187 1222
f 1189 1222 1223
f 1189 1223 1224
f 1189 1224 1225
f 1189 1225 1190
f 1189 1190 1155
f 1189 1120 1119
f 1189 1154 1118
f 1189 1118 1153
f 1189 1153 1117
f 1189 1117 1152
f 1189 1152 1188
f 1190 1188 1187
f 1190 1187 1223
f 1190 1223 1224
f 1190 1224 1225
f 1190 1085 1120
f 1190 1155 1084
f 1190 1084 1119
f 1190 1119 1154
f 1190 1154 1118
f 1190 1118 1153
f 1190 1153 1152
f 1190 1152 1189
f 1191 1121 1086
f 1191 1086 1087
f 1191 1087 1122
f 1191 1122 1088
f 1191 1088 1157
f 1191 1157 1123
f 1191 1123 1124
f 1191 1124 1158
f 1191 1158 1159
f 1191 1159 1192
f 1191 1192 1193
f 1191 1193 1194
f 1191 1194 1195
f 1192 1121 1157
f 1192 1122 1087
f 1192 1087 1088
f 1192 1088 1123
f 1192 1123 1158
f 1192 1158 1124
f 1192 1124 1159
f 1192 1159 1160
f 1192 1160 1193
f 1192 1193 1194
f 1192 1194 1195
f 1193 1191 1156
f 1193 1156 1121
f 1193 1157 1122
f 1193 1122 1158
f 1193 1123 1124
f 1193 1124 1159
f 1193 1159 1125
f 1193 1125 1160
f 1193 1160 1194
f 1193 1194 1195
f 1193 1195 1196
f 1194 1192 1157
f 1194 1157 1122
f 1194 1122 1158
f 1194 1158 1123
f 1194 1123 1159
f 1194 1124 1125
f 1194 1125 1160
f 1194 1160 1126
f 1194 1126 1161
f 1194 1195 1196
f 1194 1196 1197
f 1195 1193 1158
f 1195 1158 1123
f 1195 1123 1159
f 1195 1159 1124
f 1195 1124 1160
f 1195 1125 1126
f 1195 1126 1161
f 1195 1161 1127
f 1195 1127 1162
f 1195 1196 1197
f 1195 1197 1198
f 1196 1197 1198
f 1196 1194 1193
f 1196 1193 1159
f 1196 1159 1124
f 1196 1124 1160
f 1196 1160 1125
f 1196 1125 1126
f 1196 1161 1127
f 1196 1127 1162
f 1196 1162 1128
f 1196 1128 1163
f 1196 1163 1197
f 1197 1198 1199
f 1197 1195 1160
f 1197 1160 1125
f 1197 1125 1161
f 1197 1161 1126
f 1197 1126 1127
f 1197 1162 1128
f 1197 1128 1163
f 1197 1163 1129
f 1197 1129 1164
f 1197 1164 1198
f 1198 1199 1200
f 1198 1196 1195
f 1198 1195 1161
f 1198 1161 1126
f 1198 1126 1162
f 1198 1162 1127
f 1198 1127 1128
f 1198 1163 1129
f 1198 1129 1164
f 1198 1164 1130
f 1198 1130 1165
f 1198 1165 1199
f 1199 1197 1162
f 1199 1162 1127
f 1199 1127 1163
f 1199 1163 1128
f 1199 1128 1164
f 1199 1129 1130
f 1199 1130 1165
f 1199 1165 1131
f 1199 1131 1166
f 1199 1166 1200
f 1199 1200 1201
f 1199 1201 1202
f 1200 1198 1163
f 1200 1163 1128
f 1200 1128 1164
f 1200 1164 1129
f 1200 1129 1165
f 1200 1130 1131
f 1200 1131 1166
f 1200 1166 1132
f 1200 1132 1167
f 1200 1167 1201
f 1200 1201 1202
f 1200 1202 1203
f 1201 1199 1164
f 1201 1164 1129
f 1201 1129 1165
f 1201 1165 1130
f 1201 1130 1166
f 1201 1131 1132
f 1201 1132 1167
f 1201 1167 1133
f 1201 1133 1168
f 1201 1168 1202
f 1201 1202 1203
f 1201 1203 1204
f 1202 1203 1204
f 1202 1199 1200
f 1202 1200 1165
f 1202 1165 1130
f 1202 1130 1166
f 1202 1166 1131
f 1202 1131 1132
f 1202 1167 1133
f 1202 1133 1168
f 1202 1168 1134
f 1202 1134 1169
f 1202 1169 1203
f 1203 1201 1166
f 1203 1166 1131
f 1203 1131 1167
f 1203 1167 1132
f 1203 1132 1168
f 1203 1133 1134
f 1203 1134 1169
f 1203 1169 1135
f 1203 1135 1170
f 1203 1170 1204
f 1203 1204 1205
f 1203 1205 1206
f 1204 1205 1206
f 1204 1202 1201
f 1204 1201 1167
f 1204 1167 1132
f 1204 1132 1168
f 1204 1168 1133
f 1204 1133 1134
f 1204 1169 1135
f 1204 1135 1170
f 1204 1170 1136
f 1204 1136 1171
f 1204 1171 1205
f 1205 1206 1207
f 1205 1203 1202
f 1205 1202 1168
f 1205 1168 1133
f 1205 1133 1169
f 1205 1169 1134
f 1205 1134 1135
f 1205 1170 1136
f 1205 1136 1171
f 1205 1171 1137
f 1205 1137 1172
f 1205 1172 1206
f 1206 1207 1208
f 1206 1204 1203
f 1206 1203 1169
f 1206 1169 1134
f 1206 1134 1170
f 1206 1170 1135
f 1206 1135 1136
f 1206 1171 1137
f 1206 1137 1172
f 1206 1172 1138
f 1206 1138 1173
f 1206 1173 1207
f 1207 1205 1170
f 1207 1170 1135
f 1207 1135 1171
f 1207 1171 1136
f 1207 1136 1172
f 1207 1137 1138
f 1207 1138 1173
f 1207 1173 1139
f 1207 1139 1174
f 1207 1174 1208
f 1207 1208 1209
f 1207 1209 1210
f 1208 1206 1171
f 1208 1171 1136
f 1208 1136 1172
f 1208 1172 1137
f 1208 1137 1173
f 1208 1138 1139
f 1208 1139 1174
f 1208 1174 1140
f 1208 1140 1175
f 1208 1175 1209
f 1208 1209 1210
f 1208 1210 1211
f 1209 1207 1172
f 1209 1172 1137
f 1209 1137 1173
f 1209 1173 1138
f 1209 1138 1174
f 1209 1139 1140
f 1209 1140 1175
f 1209 1175 1141
f 1209 1141 1176
f 1209 1176 1210
f 1209 1210 1211
f 1209 1211 1212
f 1210 1208 1173
f 1210 1173 1138
f 1210 1138 1174
f 1210 1174 1139
f 1210 1139 1175
f 1210 1140 1141
f 1210 1141 1176
f 1210 1176 1142
f 1210 1142 1177
f 1210 1177 1211
f 1210 1211 1212
f 1210 1212 1213
f 1211 1209 1174
f 1211 1174 1139
f 1211 1139 1175
f 1211 1175 1140
f 1211 1140 1176
f 1211 1141 1142
f 1211 1142 1177
f 1211 1177 1143
f 1211 1143 1178
f 1211 1178 1212
f 1211 1212 1213
f 1211 1213 1214
f 1212 1210 1175
f 1212 1175 1140
f 1212 1140 1176
f 1212 1176 1141
f 1212 1141 1177
f 1212 1142 1143
f 1212 1143 1178
f 1212 1178 1144
f 1212 1144 1179
f 1212 1179 1213
f 1212 1213 1214
f 1212 1214 1215
f 1213 1214 1215
f 1213 1211 1210
f 1213 1210 1176
f 1213 1176 1141
f 1213 1141 1177
f 1213 1177 1142
f 1213 1142 1143
f 1213 1178 1144
f 1213 1144 1179
f 1213 1179 1145
f 1213 1145 1180
f 1213 1180 1214
f 1214 1212 1177
f 1214 1177 1142
f 1214 1142 1178
f 1214 1178 1143
f 1214 1143 1179
f 1214 1144 1145
f 1214 1145 1180
f 1214 1180 1146
f 1214 1146 1181
f 1214 1181 1215
f 1214 1215 1216
f 1214 1216 1217
f 1215 1216 1217
f 1215 1213 1212
f 1215 1212 1178
f 1215 1178 1143
f 1215 1143 1179
f 1215 1179 1144
f 1215 1144 1145
f 1215 1180 1146
f 1215 1146 1181
f 1215 1181 1147
f 1215 1147 1182
f 1215 1182 1216
f 1216 1214 1179
f 1216 1179 1144
f 1216 1144 1180
f 1216 1180 1145
f 1216 1145 1181
f 1216 1146 1147
f 1216 1147 1182
f 1216 1182 1148
f 1216 1148 1183
f 1216 1183 1217
f 1216 1217 1218
f 1216 1218 1219
f 1217 1218 1219
f 1217 1215 1214
f 1217 1216 1180
f 1217 1180 1145
f 1217 1145 1181
f 1217 1181 1146
f 1217 1146 1147
f 1217 1182 1148
f 1217 1148 1183
f 1217 1183 1149
f 1217 1149 1184
f 1217 1184 1218
f 1218 1216 1181
f 1218 1181 1146
f 1218 1146 1182
f 1218 1182 1147
f 1218 1147 1183
f 1218 1148 1149
f 1218 1149 1184
f 1218 1184 1150
f 1218 1150 1185
f 1218 1185 1219
f 1218 1219 1220
f 1218 1220 1221
f 1219 1217 1182
f 1219 1182 1147
f 1219 1147 1183
f 1219 1183 1148
f 1219 1148 1184
f 1219 1149 1150
f 1219 1150 1185
f 1219 1185 1151
f 1219 1151 1186
f 1219 1220 1221
f 1219 1221 1222
f 1220 1218 1183
f 1220 1183 1148
f 1220 1148 1184
f 1220 1184 1149
f 1220 1149 1185
f 1220 1150 1151
f 1220 1151 1186
f 1220 1186 1152
f 1220 1152 1187
f 1220 1221 1222
f 1220 1222 1223
f 1221 1222 1223
f 1221 1219 1218
f 1221 1218 1184
f 1221 1184 1149
f 1221 1149 1185
f 1221 1185 1150
f 1221 1150 1151
f 1221 1186 1152
f 1221 1152 1187
f 1221 1187 1153
f 1221 1153 1188
f 1221 1188 1222
f 1222 1223 1224
f 1222 1220 1185
f 1222 1185 1150
f 1222 1150 1186
f 1222 1186 1151
f 1222 1151 1152
f 1222 1187 1153
f 1222 1153 1188
f 1222 1188 1154
f 1222 1154 1189
f 1223 1224 1225
f 1223 1221 1220
f 1223 1220 1186
f 1223 1186 1151
f 1223 1151 1187
f 1223 1187 1152
f 1223 1152 1153
f 1223 1188 1154
f 1223 1154 1189
f 1223 1155 1190
f 1224 1221 1223
f 1224 1222 1186
f 1224 1186 1187
f 1224 1187 1152
f 1224 1152 1188
f 1224 1188 1153
f 1224 1153 1189
f 1224 1154 1119
f 1224 1119 1120
f 1224 1120 1155
f 1225 1223 1221
f 1225 1221 1222
f 1225 1222 1187
f 1225 1187 1188
f 1225 1188 1152
f 1225 1152 1153
f 1225 1153 1189
f 1225 1189 1118
f 1225 1118 1154
f 1225 1154 1119
f 1225 1119 1120
f 1225 1120 1155
