ISO-10303-21;
HEADER;
FILE_DESCRIPTION(('ViewDefinition [SchedulingView]'),'2;1');
FILE_NAME('De Vaart Apartment Complex.ifc','2026-09-28T13:27:19',('Project director'),('Randstad Construction Group BV'),'Open Planner Studio 0.1','Open Planner Studio','');
FILE_SCHEMA(('IFC4X3'));
ENDSEC;
DATA;
#1=IFCPERSON($,'Project director',$,$,$,$,$,$);
#2=IFCORGANIZATION($,'Randstad Construction Group BV',$,$,$);
#3=IFCPERSONANDORGANIZATION(#1,#2,$);
#4=IFCORGANIZATION($,'OpenAEC Foundation',$,$,$);
#5=IFCAPPLICATION(#4,'0.2','Open Planner Studio','OPS');
#6=IFCOWNERHISTORY(#3,#5,$,.NOCHANGE.,$,$,$,1790602039);
#7=IFCSIUNIT(*,.LENGTHUNIT.,$,.METRE.);
#8=IFCSIUNIT(*,.TIMEUNIT.,$,.SECOND.);
#9=IFCUNITASSIGNMENT((#7,#8));
#10=IFCCARTESIANPOINT((0.,0.,0.));
#11=IFCAXIS2PLACEMENT3D(#10,$,$);
#12=IFCGEOMETRICREPRESENTATIONCONTEXT($,'Plan',3,1.0E-05,#11,$);
#13=IFCPROJECT('0d78lbCnYcwwnCK_UAB5k$',#6,'De Vaart Apartment Complex','Apartment complex of three towers on one plot, with the car park/site works delivered by a subcontractor \X2\2014\X0\ the "kitchen sink" showcase that carries every advanced feature.',$,$,$,(#12),#9);
#14=IFCTIMEPERIOD('07:00:00','16:00:00');
#15=IFCRECURRENCEPATTERN(.WEEKLY.,$,(1,2,3,4,5),$,$,$,$,(#14));
#16=IFCWORKTIME('Standard work week',.PREDICTED.,$,#15,$,$);
#17=IFCWORKTIME('New Year''s Day',.PREDICTED.,$,$,'2027-01-01','2027-01-01');
#18=IFCWORKTIME('Good Friday',.PREDICTED.,$,$,'2027-03-26','2027-03-26');
#19=IFCWORKTIME('Easter',.PREDICTED.,$,$,'2027-03-28','2027-03-29');
#20=IFCWORKTIME('King''s Day',.PREDICTED.,$,$,'2027-04-27','2027-04-27');
#21=IFCWORKTIME('Liberation Day',.PREDICTED.,$,$,'2027-05-05','2027-05-05');
#22=IFCWORKTIME('Ascension Day',.PREDICTED.,$,$,'2027-05-06','2027-05-06');
#23=IFCWORKTIME('Whitsun',.PREDICTED.,$,$,'2027-05-16','2027-05-17');
#24=IFCWORKTIME('Christmas',.PREDICTED.,$,$,'2027-12-25','2027-12-26');
#25=IFCWORKTIME('Construction holiday (northern region)',.PREDICTED.,$,$,'2027-07-26','2027-08-15');
#26=IFCWORKTIME('New Year''s Day',.PREDICTED.,$,$,'2028-01-01','2028-01-01');
#27=IFCWORKTIME('Good Friday',.PREDICTED.,$,$,'2028-04-14','2028-04-14');
#28=IFCWORKTIME('Easter',.PREDICTED.,$,$,'2028-04-16','2028-04-17');
#29=IFCWORKTIME('King''s Day',.PREDICTED.,$,$,'2028-04-27','2028-04-27');
#30=IFCWORKTIME('Liberation Day',.PREDICTED.,$,$,'2028-05-05','2028-05-05');
#31=IFCWORKTIME('Ascension Day',.PREDICTED.,$,$,'2028-05-25','2028-05-25');
#32=IFCWORKTIME('Whitsun',.PREDICTED.,$,$,'2028-06-04','2028-06-05');
#33=IFCWORKTIME('Christmas',.PREDICTED.,$,$,'2028-12-25','2028-12-26');
#34=IFCWORKTIME('Construction holiday (northern region)',.PREDICTED.,$,$,'2028-07-24','2028-08-13');
#35=IFCWORKCALENDAR('0MxnhF2axVZKaXm$i1Qu5V',#6,'Construction calendar NL (LARGE)','Standard construction calendar: Mon-Fri 07:00-16:00',$,(#16),(#17,#18,#19,#20,#21,#22,#23,#24,#25,#26,#27,#28,#29,#30,#31,#32,#33,#34),.FIRSTSHIFT.);
#36=IFCPROPERTYSINGLEVALUE('HoursPerDay',$,IFCREAL(8),$);
#37=IFCPROPERTYSET('3IsK7K4qyROcRJ9Q92_0Qx',#6,'OPS_Calendar',$,(#36));
#38=IFCRELDEFINESBYPROPERTIES('0OOf72CEhzKkIABf$0CbS0',#6,$,$,(#35),#37);
#39=IFCWORKPLAN('0qKWfmhIL8d9ultwjE3bBL',#6,'De Vaart Apartment Complex','Apartment complex of three towers on one plot, with the car park/site works delivered by a subcontractor \X2\2014\X0\ the "kitchen sink" showcase that carries every advanced feature.',$,$,'2026-09-28T13:27:19',$,$,$,$,$,'2027-03-01T07:00:00','2027-04-19T07:00:00',.PLANNED.);
#40=IFCWORKSCHEDULE('1LfDf0Ygpw87_6eo1iItf8',#6,'Construction schedule v1.0',$,$,$,'2026-09-28T13:27:19',$,$,$,$,$,'2027-03-01T07:00:00','2027-04-19T07:00:00',.PLANNED.);
#41=IFCWORKSCHEDULE('1m0EdfLPTd6kqhgJ$Ka4za',#6,'Contract',$,$,$,'2026-09-28T13:27:18.825Z',$,$,$,$,$,$,'2028-05-03T07:00:00',.BASELINE.);
#42=IFCWORKSCHEDULE('2AyJ2HXb$I8i3hGaiU5pgI',#6,'Re-baseline (variation order)',$,$,$,'2026-09-28T13:27:18.921Z',$,$,$,$,$,$,'2028-05-09T07:00:00',.BASELINE.);
#43=IFCRELAGGREGATES('08d54vw8jgCC8_V$P1hQLj',#6,$,$,#39,(#40,#41,#42));
#44=IFCTASKTIME('Start of Apartment Complex project Time',.PREDICTED.,$,.WORKTIME.,'P0Y0M0D','2027-03-01T07:00:00','2027-03-01T07:00:00','2027-03-01T07:00:00','2027-03-01T07:00:00','2027-03-02T07:00:00','2027-03-02T07:00:00','P0Y0M0D','P0Y0M1D',.F.,'2027-07-05T07:00:00',$,'2027-03-01T07:00:00','2027-03-01T07:00:00','P0Y0M0D',1.00);
#45=IFCTASK('1fOFJd142NGMPHKaVFqJNU',#6,'Start of Apartment Complex project',$,$,'1',$,$,$,.T.,$,#44,.CONSTRUCTION.);
#46=IFCTASKTIME('1. Preparation & site clearance Time',.PREDICTED.,$,.WORKTIME.,'P0Y0M28D','2027-03-01T07:00:00','2027-03-05T07:00:00','2027-03-01T07:00:00','2027-04-09T07:00:00','2027-03-02T07:00:00','2027-04-12T07:00:00','P0Y0M0D','P0Y0M0D',.F.,'2027-07-05T07:00:00',$,'2027-03-01T07:00:00','2027-04-09T07:00:00',$,1.00);
#47=IFCTASK('0sUSD9remgMXJhrxAyYaqn',#6,'1. Preparation & site clearance',$,$,'2',$,$,$,.F.,$,#46,.LOGISTIC.);
#48=IFCTASKTIME('CPT soundings & soil investigation Time',.PREDICTED.,$,.WORKTIME.,'P0Y0M3D','2027-03-01T07:00:00','2027-03-03T07:00:00','2027-03-01T07:00:00','2027-03-03T07:00:00','2027-03-02T07:00:00','2027-03-04T07:00:00','P0Y0M0D','P0Y0M1D',.F.,'2027-07-05T07:00:00',$,'2027-03-01T07:00:00','2027-03-03T07:00:00','P0Y0M0D',1.00);
#49=IFCTASK('0xAtQ7UnYtl8YHRgYn6v1N',#6,'CPT soundings & soil investigation',$,$,'2.1',$,$,$,.F.,$,#48,.LOGISTIC.);
#50=IFCTASKTIME('Obtain building permit Time',.PREDICTED.,$,.WORKTIME.,'P0Y0M10D','2027-03-01T07:00:00','2027-03-12T07:00:00','2027-03-04T07:00:00','2027-03-17T07:00:00','2027-03-05T07:00:00','2027-03-18T07:00:00','P0Y0M0D','P0Y0M1D',.F.,'2027-07-05T07:00:00',$,'2027-03-04T07:00:00','2027-03-17T07:00:00','P0Y0M0D',1.00);
#51=IFCTASK('2QbrUCx7Hb36y6dSBGYB56',#6,'Obtain building permit',$,$,'2.2',$,$,$,.F.,$,#50,.LOGISTIC.);
#52=IFCTASKTIME('Municipal road closure (permitted closure period) Time',.PREDICTED.,$,.WORKTIME.,'P0Y0M3D','2027-03-01T07:00:00','2027-03-03T07:00:00','2027-03-11T07:00:00','2027-03-15T07:00:00','2027-03-11T07:00:00','2027-03-15T07:00:00','P0Y0M2D','P0Y0M0D',.F.,'2027-07-05T07:00:00',$,'2027-03-11T07:00:00','2027-03-15T07:00:00','P0Y0M0D',1.00);
#53=IFCTASK('2ihlTECuiXA_ucYVVEDRiR',#6,'Municipal road closure (permitted closure period)','Hard pin (P6 Mandatory Start): the permitted closure date is fixed by the municipality and overrides the network logic.',$,'2.3',$,$,$,.F.,$,#52,.ATTENDANCE.);
#54=IFCTASKTIME('Construct site road Time',.PREDICTED.,$,.WORKTIME.,'P0Y0M4D','2027-03-01T07:00:00','2027-03-04T07:00:00','2027-03-18T07:00:00','2027-03-23T07:00:00','2027-03-19T07:00:00','2027-03-24T07:00:00','P0Y0M0D','P0Y0M1D',.F.,'2027-07-05T07:00:00',$,'2027-03-18T07:00:00','2027-03-23T07:00:00','P0Y0M0D',1.00);
#55=IFCTASK('1jNdnTAugbMExIyWp4olzH',#6,'Construct site road',$,$,'2.4',$,$,$,.F.,$,#54,.LOGISTIC.);
#56=IFCTASKTIME('Place site huts Time',.PREDICTED.,$,.WORKTIME.,'P0Y0M2D','2027-03-01T07:00:00','2027-03-02T07:00:00','2027-03-24T07:00:00','2027-03-25T07:00:00','2027-03-25T07:00:00','2027-03-30T07:00:00','P0Y0M0D','P0Y0M1D',.F.,'2027-07-05T07:00:00',$,'2027-03-24T07:00:00','2027-03-25T07:00:00','P0Y0M0D',1.00);
#57=IFCTASK('1AL0c9BtSbL2JYazLwqTW6',#6,'Place site huts',$,$,'2.5',$,$,$,.F.,$,#56,.LOGISTIC.);
#58=IFCTASKTIME('Install utility connections Time',.PREDICTED.,$,.WORKTIME.,'P0Y0M4D','2027-03-01T07:00:00','2027-03-04T07:00:00','2027-03-30T07:00:00','2027-04-02T07:00:00','2027-03-31T07:00:00','2027-04-05T07:00:00','P0Y0M0D','P0Y0M1D',.F.,'2027-07-05T07:00:00',$,'2027-03-30T07:00:00','2027-04-02T07:00:00','P0Y0M0D',1.00);
#59=IFCTASK('0raQpVzJ1pJtgETM_px$fx',#6,'Install utility connections','Pinned (priority 1000): fixed connection date from the utility company, must not move.',$,'2.6',$,$,$,.F.,1000,#58,.LOGISTIC.);
#60=IFCTASKTIME('Install dewatering Time',.PREDICTED.,$,.WORKTIME.,'P0Y0M5D','2027-03-01T07:00:00','2027-03-05T07:00:00','2027-04-05T07:00:00','2027-04-09T07:00:00','2027-04-06T07:00:00','2027-04-12T07:00:00','P0Y0M0D','P0Y0M1D',.F.,'2027-07-05T07:00:00',$,'2027-04-05T07:00:00','2027-04-09T07:00:00','P0Y0M0D',1.00);
#61=IFCTASK('2vf5vfC1ovS6xO_FdNRH0d',#6,'Install dewatering',$,$,'2.7',$,$,$,.F.,$,#60,.CONSTRUCTION.);
#62=IFCTASKTIME('Site ready for construction Time',.PREDICTED.,$,.WORKTIME.,'P0Y0M0D','2027-03-01T07:00:00','2027-03-01T07:00:00','2027-04-09T07:00:00','2027-04-09T07:00:00','2027-04-12T07:00:00','2027-04-12T07:00:00','P0Y0M0D','P0Y0M1D',.F.,'2027-07-05T07:00:00',$,'2027-04-09T07:00:00','2027-04-09T07:00:00','P0Y0M0D',1.00);
#63=IFCTASK('1VscMa2nS8c6caNpgrxw9a',#6,'Site ready for construction',$,$,'2.8',$,$,$,.T.,$,#62,.CONSTRUCTION.);
#64=IFCTASKTIME('2. Foundations & basement/car park Time',.PREDICTED.,$,.WORKTIME.,'P0Y0M62D','2027-03-01T07:00:00','2027-03-05T07:00:00','2027-04-12T07:00:00','2027-07-12T07:00:00','2027-04-13T07:00:00','2028-05-04T07:00:00','P0Y0M0D','P0Y0M0D',.F.,'2027-07-05T07:00:00',$,'2027-04-12T07:00:00',$,$,0.943);
#65=IFCTASK('05cTz_GO5c9rBNS6ZkU840',#6,'2. Foundations & basement/car park',$,$,'3',$,$,$,.F.,$,#64,.CONSTRUCTION.);
#66=IFCTASKTIME('Commission dewatering Time',.PREDICTED.,$,.WORKTIME.,'P0Y0M2D','2027-03-01T07:00:00','2027-03-02T07:00:00','2027-04-12T07:00:00','2027-04-13T07:00:00','2027-04-13T07:00:00','2027-04-14T07:00:00','P0Y0M0D','P0Y0M1D',.F.,'2027-07-05T07:00:00',$,'2027-04-12T07:00:00','2027-04-13T07:00:00','P0Y0M0D',1.00);
#67=IFCTASK('1E3CTvuxwNe84iiJyrjY9M',#6,'Commission dewatering',$,$,'3.1',$,$,$,.F.,$,#66,.CONSTRUCTION.);
#68=IFCTASKTIME('Excavation, building pit Time',.PREDICTED.,$,.WORKTIME.,'P0Y0M6D','2027-03-01T07:00:00','2027-03-08T07:00:00','2027-04-14T07:00:00','2027-04-21T07:00:00','2027-04-15T07:00:00','2027-04-22T07:00:00','P0Y0M0D','P0Y0M1D',.F.,'2027-07-05T07:00:00',$,'2027-04-14T07:00:00','2027-04-21T07:00:00','P0Y0M0D',1.00);
#69=IFCTASK('1SlY03Kp6WMys2syBQ$xgp',#6,'Excavation, building pit',$,$,'3.2',$,$,$,.F.,$,#68,.CONSTRUCTION.);
#70=IFCTASKTIME('Install sheet piling Time',.PREDICTED.,$,.WORKTIME.,'P0Y0M5D','2027-03-01T07:00:00','2027-03-05T07:00:00','2027-04-22T07:00:00','2027-04-29T07:00:00','2027-04-23T07:00:00','2027-04-30T07:00:00','P0Y0M0D','P0Y0M1D',.F.,'2027-07-05T07:00:00',$,'2027-04-22T07:00:00','2027-04-29T07:00:00','P0Y0M0D',1.00);
#71=IFCTASK('0G3lEl$Xgtnc7EAyCQrLDB',#6,'Install sheet piling',$,$,'3.3',$,$,$,.F.,$,#70,.CONSTRUCTION.);
#72=IFCTASKTIME('Pour foundation beams (shared) Time',.PREDICTED.,$,.WORKTIME.,'P0Y0M4D','2027-03-01T07:00:00','2027-03-04T07:00:00','2027-04-30T07:00:00','2027-05-07T07:00:00','2027-05-03T07:00:00','2027-05-10T07:00:00','P0Y0M0D','P0Y0M1D',.F.,'2027-07-05T07:00:00',$,'2027-04-30T07:00:00','2027-05-07T07:00:00','P0Y0M0D',1.00);
#73=IFCTASK('0tYK9igWfXav1xYmCUcLgo',#6,'Pour foundation beams (shared)',$,$,'3.4',$,$,$,.F.,$,#72,.CONSTRUCTION.);
#74=IFCTASKTIME('Basement earthworks \X2\2014\X0\ Tower A Time',.PREDICTED.,$,.WORKTIME.,'P0Y0M3D','2027-03-01T07:00:00','2027-03-03T07:00:00','2027-05-10T07:00:00','2027-05-12T07:00:00','2027-05-11T07:00:00','2027-05-13T07:00:00','P0Y0M0D','P0Y0M1D',.F.,'2027-07-05T07:00:00',$,'2027-05-10T07:00:00','2027-05-12T07:00:00','P0Y0M0D',1.00);
#75=IFCTASK('3$riDazXUFYyfNiLr92B8b',#6,'Basement earthworks \X2\2014\X0\ Tower A',$,$,'3.5',$,$,$,.F.,$,#74,.CONSTRUCTION.);
#76=IFCTASKTIME('Rebar fixing, basement floor \X2\2014\X0\ Tower A Time',.PREDICTED.,$,.WORKTIME.,'P0Y0M5D','2027-03-01T07:00:00','2027-03-05T07:00:00','2027-05-13T07:00','2027-05-20T15:00','2027-05-14T07:00','2027-05-21T15:00','P0Y0M0D','P0Y0M1D',.F.,'2027-07-05T07:00:00',$,'2027-05-13T07:00','2027-05-20T15:00','P0Y0M0D',1.00);
#77=IFCTASK('3HczQw4hRp0D$6PR_KxX6L',#6,'Rebar fixing, basement floor \X2\2014\X0\ Tower A',$,$,'3.6',$,$,$,.F.,$,#76,.CONSTRUCTION.);
#78=IFCTASKTIME('Pour basement floor \X2\2014\X0\ Tower A Time',.PREDICTED.,$,.WORKTIME.,'P0Y0M5D','2027-03-01T07:00:00','2027-03-05T07:00:00','2027-05-21T07:00','2027-05-27T15:00','2027-05-24T07:00','2027-05-28T15:00','P0Y0M0D','P0Y0M1D',.F.,'2027-07-05T07:00:00',$,'2027-05-21T07:00','2027-05-27T15:00','P0Y0M0D',1.00);
#79=IFCTASK('0W_QKxHMluNd13byKttcJG',#6,'Pour basement floor \X2\2014\X0\ Tower A',$,$,'3.7',$,$,$,.F.,$,#78,.CONSTRUCTION.);
#80=IFCTASKTIME('Rebar fixing, basement walls \X2\2014\X0\ Tower A Time',.PREDICTED.,$,.WORKTIME.,'P0Y0M5D','2027-03-01T07:00:00','2027-03-05T07:00:00','2027-05-28T07:00','2027-06-03T15:00','2027-05-31T07:00','2027-06-04T15:00','P0Y0M0D','P0Y0M1D',.F.,'2027-07-05T07:00:00',$,'2027-05-28T07:00','2027-06-03T15:00','P0Y0M0D',1.00);
#81=IFCTASK('0gqK1M8fu3bw7A3f7Mx1Vk',#6,'Rebar fixing, basement walls \X2\2014\X0\ Tower A',$,$,'3.8',$,$,$,.F.,$,#80,.CONSTRUCTION.);
#82=IFCTASKTIME('Pour basement walls \X2\2014\X0\ Tower A Time',.PREDICTED.,$,.WORKTIME.,'P0Y0M5D','2027-03-01T07:00:00','2027-03-05T07:00:00','2027-06-04T07:00','2027-06-10T15:00','2027-06-07T07:00','2027-06-11T15:00','P0Y0M0D','P0Y0M1D',.F.,'2027-07-05T07:00:00',$,'2027-06-04T07:00','2027-06-10T15:00','P0Y0M0D',1.00);
#83=IFCTASK('3CqHT3mVjTAWE$iULvJs8l',#6,'Pour basement walls \X2\2014\X0\ Tower A',$,$,'3.9',$,$,$,.F.,$,#82,.CONSTRUCTION.);
#84=IFCTASKTIME('Basement earthworks \X2\2014\X0\ Tower B Time',.PREDICTED.,$,.WORKTIME.,'P0Y0M3D','2027-03-01T07:00:00','2027-03-03T07:00:00','2027-05-10T07:00:00','2027-05-12T07:00:00','2027-05-11T07:00:00','2027-05-13T07:00:00','P0Y0M0D','P0Y0M1D',.F.,'2027-07-05T07:00:00',$,'2027-05-10T07:00:00','2027-05-12T07:00:00','P0Y0M0D',1.00);
#85=IFCTASK('1FNb7n1AoDdFHCcUgPHVxg',#6,'Basement earthworks \X2\2014\X0\ Tower B',$,$,'3.10',$,$,$,.F.,$,#84,.CONSTRUCTION.);
#86=IFCTASKTIME('Rebar fixing, basement floor \X2\2014\X0\ Tower B Time',.PREDICTED.,$,.WORKTIME.,'P0Y0M5D','2027-03-01T07:00:00','2027-03-05T07:00:00','2027-05-13T07:00','2027-05-20T15:00','2027-05-14T07:00','2027-05-21T15:00','P0Y0M0D','P0Y0M1D',.F.,'2027-07-05T07:00:00',$,'2027-05-13T07:00','2027-05-20T15:00','P0Y0M0D',1.00);
#87=IFCTASK('1Ynlj8MGaY3WfcrW4ek2rY',#6,'Rebar fixing, basement floor \X2\2014\X0\ Tower B',$,$,'3.11',$,$,$,.F.,$,#86,.CONSTRUCTION.);
#88=IFCTASKTIME('Pour basement floor \X2\2014\X0\ Tower B Time',.PREDICTED.,$,.WORKTIME.,'P0Y0M5D','2027-03-01T07:00:00','2027-03-05T07:00:00','2027-05-21T07:00','2027-05-27T15:00','2027-05-24T07:00','2027-05-28T15:00','P0Y0M0D','P0Y0M1D',.F.,'2027-07-05T07:00:00',$,'2027-05-21T07:00','2027-05-27T15:00','P0Y0M0D',1.00);
#89=IFCTASK('2LT5CqqmuQ2$iJdk1MMHPE',#6,'Pour basement floor \X2\2014\X0\ Tower B',$,$,'3.12',$,$,$,.F.,$,#88,.CONSTRUCTION.);
#90=IFCTASKTIME('Rebar fixing, basement walls \X2\2014\X0\ Tower B Time',.PREDICTED.,$,.WORKTIME.,'P0Y0M5D','2027-03-01T07:00:00','2027-03-05T07:00:00','2027-05-28T07:00','2027-06-03T15:00','2027-05-31T07:00','2027-06-04T15:00','P0Y0M0D','P0Y0M1D',.F.,'2027-07-05T07:00:00',$,'2027-05-28T07:00','2027-06-03T15:00','P0Y0M0D',1.00);
#91=IFCTASK('35$9FOb$2NVBQVIBX30oOT',#6,'Rebar fixing, basement walls \X2\2014\X0\ Tower B',$,$,'3.13',$,$,$,.F.,$,#90,.CONSTRUCTION.);
#92=IFCTASKTIME('Pour basement walls \X2\2014\X0\ Tower B Time',.PREDICTED.,$,.WORKTIME.,'P0Y0M5D','2027-03-01T07:00:00','2027-03-05T07:00:00','2027-06-04T07:00','2027-06-10T15:00','2027-06-07T07:00','2027-06-11T15:00','P0Y0M0D','P0Y0M1D',.F.,'2027-07-05T07:00:00',$,'2027-06-04T07:00','2027-06-10T15:00','P0Y0M0D',1.00);
#93=IFCTASK('3BTMo$QtyZMRN56F5iou1H',#6,'Pour basement walls \X2\2014\X0\ Tower B',$,$,'3.14',$,$,$,.F.,$,#92,.CONSTRUCTION.);
#94=IFCTASKTIME('Basement earthworks \X2\2014\X0\ Tower C Time',.PREDICTED.,$,.WORKTIME.,'P0Y0M3D','2027-03-01T07:00:00','2027-03-03T07:00:00','2027-05-10T07:00:00','2027-05-12T07:00:00','2027-05-11T07:00:00','2027-05-13T07:00:00','P0Y0M0D','P0Y0M1D',.F.,'2027-07-05T07:00:00',$,'2027-05-10T07:00:00','2027-05-12T07:00:00','P0Y0M0D',1.00);
#95=IFCTASK('0b8fTahDXvYRIooQsHGcjo',#6,'Basement earthworks \X2\2014\X0\ Tower C',$,$,'3.15',$,$,$,.F.,$,#94,.CONSTRUCTION.);
#96=IFCTASKTIME('Rebar fixing, basement floor \X2\2014\X0\ Tower C Time',.PREDICTED.,$,.WORKTIME.,'P0Y0M5D','2027-03-01T07:00:00','2027-03-05T07:00:00','2027-05-13T07:00','2027-05-20T15:00','2027-05-14T07:00','2027-05-21T15:00','P0Y0M0D','P0Y0M1D',.F.,'2027-07-05T07:00:00',$,'2027-05-13T07:00','2027-05-20T15:00','P0Y0M0D',1.00);
#97=IFCTASK('1CkwwvEwg9pPfvlcmY802w',#6,'Rebar fixing, basement floor \X2\2014\X0\ Tower C',$,$,'3.16',$,$,$,.F.,$,#96,.CONSTRUCTION.);
#98=IFCTASKTIME('Pour basement floor \X2\2014\X0\ Tower C Time',.PREDICTED.,$,.WORKTIME.,'P0Y0M5D','2027-03-01T07:00:00','2027-03-05T07:00:00','2027-05-21T07:00','2027-05-27T15:00','2027-05-24T07:00','2027-05-28T15:00','P0Y0M0D','P0Y0M1D',.F.,'2027-07-05T07:00:00',$,'2027-05-21T07:00','2027-05-27T15:00','P0Y0M0D',1.00);
#99=IFCTASK('1Pd$8a1HTxcaEwiL5TXzQH',#6,'Pour basement floor \X2\2014\X0\ Tower C',$,$,'3.17',$,$,$,.F.,$,#98,.CONSTRUCTION.);
#100=IFCTASKTIME('Rebar fixing, basement walls \X2\2014\X0\ Tower C Time',.PREDICTED.,$,.WORKTIME.,'P0Y0M5D','2027-03-01T07:00:00','2027-03-05T07:00:00','2027-05-28T07:00','2027-06-03T15:00','2027-05-31T07:00','2027-06-04T15:00','P0Y0M0D','P0Y0M1D',.F.,'2027-07-05T07:00:00',$,'2027-05-28T07:00','2027-06-03T15:00','P0Y0M0D',1.00);
#101=IFCTASK('14i6gJOqW9c5aUT94WoCN7',#6,'Rebar fixing, basement walls \X2\2014\X0\ Tower C',$,$,'3.18',$,$,$,.F.,$,#100,.CONSTRUCTION.);
#102=IFCTASKTIME('Pour basement walls \X2\2014\X0\ Tower C Time',.PREDICTED.,$,.WORKTIME.,'P0Y0M5D','2027-03-01T07:00:00','2027-03-05T07:00:00','2027-06-04T07:00','2027-06-10T15:00','2027-06-07T07:00','2027-06-11T15:00','P0Y0M0D','P0Y0M1D',.F.,'2027-07-05T07:00:00',$,'2027-06-04T07:00','2027-06-10T15:00','P0Y0M0D',1.00);
#103=IFCTASK('0PMrfv$$eJPlQBDlIQwnLr',#6,'Pour basement walls \X2\2014\X0\ Tower C',$,$,'3.19',$,$,$,.F.,$,#102,.CONSTRUCTION.);
#104=IFCTASKTIME('Basement sealing Time',.PREDICTED.,$,.WORKTIME.,'P0Y0M3D','2027-03-01T07:00:00','2027-03-03T07:00:00','2027-06-14T07:00:00','2027-06-16T07:00:00','2027-06-14T07:00:00','2027-06-16T07:00:00','P0Y0M0D','P0Y0M0D',.F.,'2027-07-05T07:00:00',$,'2027-06-14T07:00:00','2027-06-16T07:00:00','P0Y0M0D',1.00);
#105=IFCTASK('3$d1dTCaZppNWuBaX8Le7C',#6,'Basement sealing',$,$,'3.20',$,$,$,.F.,$,#104,.CONSTRUCTION.);
#106=IFCTASKTIME('Backfill around basement Time',.PREDICTED.,$,.WORKTIME.,'P0Y0M3D','2027-03-01T07:00:00','2027-03-03T07:00:00','2027-06-17T07:00:00','2027-06-21T07:00:00','2027-06-17T07:00:00','2027-06-21T07:00:00','P0Y0M0D','P0Y0M0D',.F.,'2027-07-05T07:00:00',$,'2027-06-17T07:00:00','2027-06-21T07:00:00','P0Y0M0D',1.00);
#107=IFCTASK('2e92DRAlVPF6IsMtmzeQck',#6,'Backfill around basement',$,$,'3.21',$,$,$,.F.,$,#106,.CONSTRUCTION.);
#108=IFCTASKTIME('Pour parking deck (ground floor cover) Time',.PREDICTED.,$,.WORKTIME.,'P0Y0M5D','2027-03-01T07:00:00','2027-03-05T07:00:00','2027-06-22T07:00:00','2027-06-28T07:00:00','2027-06-22T07:00:00','2027-06-28T07:00:00','P0Y0M0D','P0Y0M0D',.F.,'2027-07-05T07:00:00',$,'2027-06-22T07:00:00','2027-06-28T07:00:00','P0Y0M0D',1.00);
#109=IFCTASK('09__Xm2w4pVT53JHcrcMnA',#6,'Pour parking deck (ground floor cover)',$,$,'3.22',$,$,$,.F.,$,#108,.CONSTRUCTION.);
#110=IFCTASKTIME('Remove sheet piling Time',.PREDICTED.,$,.WORKTIME.,'P0Y0M2D','2027-03-01T07:00:00','2027-03-02T07:00:00','2027-06-29T07:00:00','2027-06-30T07:00:00','2027-06-29T07:00:00','2027-06-30T07:00:00','P0Y0M0D','P0Y0M0D',.F.,'2027-07-05T07:00:00',$,'2027-06-29T07:00:00','2027-06-30T07:00:00','P0Y0M0D',1.00);
#111=IFCTASK('2dxzgV3wNtFLf4seodtraC',#6,'Remove sheet piling',$,$,'3.23',$,$,$,.F.,$,#110,.CONSTRUCTION.);
#112=IFCTASKTIME('Basement watertight \X2\2014\X0\ inspection Time',.PREDICTED.,$,.WORKTIME.,'P0Y0M0D','2027-03-01T07:00:00','2027-03-01T07:00:00','2027-06-30T07:00:00','2027-06-30T07:00:00','2027-06-30T07:00:00','2027-06-30T07:00:00','P0Y0M0D','P0Y0M0D',.F.,'2027-07-05T07:00:00',$,'2027-06-30T07:00:00','2027-06-30T07:00:00','P0Y0M0D',1.00);
#113=IFCTASK('0aA23lhBuqyK_NBuVVhWAA',#6,'Basement watertight \X2\2014\X0\ inspection',$,$,'3.24',$,$,$,.T.,$,#112,.CONSTRUCTION.);
#114=IFCTASKTIME('3. Structural works, towers A/B/C (parallel) Time',.PREDICTED.,$,.WORKTIME.,'P0Y0M74D','2027-03-01T07:00:00','2027-03-05T07:00:00','2027-07-01T07:00:00','2027-11-02T07:00:00','2027-07-01T07:00:00','2028-05-09T07:00:00','P0Y0M0D','P0Y0M0D',.T.,'2027-07-05T07:00:00',$,'2027-07-01T07:00:00',$,$,0.008);
#115=IFCTASK('0rJJLsmglABpcpneP2yOXT',#6,'3. Structural works, towers A/B/C (parallel)',$,$,'4',$,$,$,.F.,$,#114,.CONSTRUCTION.);
#116=IFCTASKTIME('Erect tower crane Time',.PREDICTED.,$,.WORKTIME.,'P0Y0M3D','2027-03-01T07:00:00','2027-03-03T07:00:00','2027-07-01T07:00:00','2027-07-05T07:00:00','2027-07-01T07:00:00','2027-07-05T07:00:00','P0Y0M0D','P0Y0M0D',.F.,'2027-07-05T07:00:00',$,'2027-07-01T07:00:00','2027-07-05T07:00:00','P0Y0M0D',1.00);
#117=IFCTASK('29b8bmK_d32IO38Eqs1AWk',#6,'Erect tower crane',$,$,'4.1',$,$,$,.F.,$,#116,.LOGISTIC.);
#118=IFCTASKTIME('Structural works \X2\2014\X0\ Tower A Time',.PREDICTED.,$,.WORKTIME.,'P0Y0M69D','2027-03-01T07:00:00','2027-03-05T07:00:00','2027-07-06T07:00:00','2027-10-29T07:00:00','2027-07-06T07:00:00','2028-05-04T07:00:00','P0Y0M0D','P0Y0M0D',.T.,$,$,$,$,$,0.00);
#119=IFCTASK('35tsI7dVGh9sZwKvRxZdZN',#6,'Structural works \X2\2014\X0\ Tower A',$,$,'4.2',$,$,$,.F.,$,#118,.CONSTRUCTION.);
#120=IFCTASKTIME('Pour ground floor slab \X2\2014\X0\ Tower A Time',.PREDICTED.,$,.WORKTIME.,'P0Y0M4D','2027-03-01T07:00:00','2027-03-04T07:00:00','2027-07-06T07:00:00','2027-07-09T07:00:00','2027-07-06T07:00:00','2027-07-09T07:00:00','P0Y0M0D','P0Y0M0D',.T.,$,$,$,$,$,0.00);
#121=IFCTASK('3KmfBcQT_Gi_Dl2i8gOrFT',#6,'Pour ground floor slab \X2\2014\X0\ Tower A',$,$,'4.2.1',$,$,$,.F.,$,#120,.CONSTRUCTION.);
#122=IFCTASKTIME('Walls, floor 1 \X2\2014\X0\ Tower A Time',.PREDICTED.,$,.WORKTIME.,'P0Y0M4D','2027-03-01T07:00:00','2027-03-04T07:00:00','2027-07-12T07:00:00','2027-07-15T07:00:00','2027-07-12T07:00:00','2027-07-15T07:00:00','P0Y0M0D','P0Y0M0D',.T.,$,$,$,$,$,0.00);
#123=IFCTASK('0Lgv9ATph9Y00p_ugVd42E',#6,'Walls, floor 1 \X2\2014\X0\ Tower A',$,$,'4.2.2',$,$,$,.F.,$,#122,.CONSTRUCTION.);
#124=IFCTASKTIME('Slab, floor 1 \X2\2014\X0\ Tower A Time',.PREDICTED.,$,.WORKTIME.,'P0Y0M3D','2027-03-01T07:00:00','2027-03-03T07:00:00','2027-07-14T07:00:00','2027-07-16T07:00:00','2027-07-14T07:00:00','2027-07-16T07:00:00','P0Y0M0D','P0Y0M0D',.T.,$,$,$,$,$,0.00);
#125=IFCTASK('0gek4oz4hJeNtk3Lgyqcdc',#6,'Slab, floor 1 \X2\2014\X0\ Tower A',$,$,'4.2.3',$,$,$,.F.,$,#124,.CONSTRUCTION.);
#126=IFCTASKTIME('Walls, floor 2 \X2\2014\X0\ Tower A Time',.PREDICTED.,$,.WORKTIME.,'P0Y0M4D','2027-03-01T07:00:00','2027-03-04T07:00:00','2027-07-19T07:00:00','2027-07-22T07:00:00','2027-07-19T07:00:00','2027-07-22T07:00:00','P0Y0M0D','P0Y0M0D',.T.,$,$,$,$,$,0.00);
#127=IFCTASK('3UxbjyQaMdXnoy2Z4VbMT5',#6,'Walls, floor 2 \X2\2014\X0\ Tower A',$,$,'4.2.4',$,$,$,.F.,$,#126,.CONSTRUCTION.);
#128=IFCTASKTIME('Slab, floor 2 \X2\2014\X0\ Tower A Time',.PREDICTED.,$,.WORKTIME.,'P0Y0M3D','2027-03-01T07:00:00','2027-03-03T07:00:00','2027-07-21T07:00:00','2027-07-23T07:00:00','2027-07-21T07:00:00','2027-07-23T07:00:00','P0Y0M0D','P0Y0M0D',.T.,$,$,$,$,$,0.00);
#129=IFCTASK('2C$ySOx0ZEzO7GiCP5FEZm',#6,'Slab, floor 2 \X2\2014\X0\ Tower A',$,$,'4.2.5',$,$,$,.F.,$,#128,.CONSTRUCTION.);
#130=IFCTASKTIME('Walls, floor 3 \X2\2014\X0\ Tower A Time',.PREDICTED.,$,.WORKTIME.,'P0Y0M4D','2027-03-01T07:00:00','2027-03-04T07:00:00','2027-08-16T07:00:00','2027-08-19T07:00:00','2027-08-16T07:00:00','2027-08-19T07:00:00','P0Y0M0D','P0Y0M0D',.T.,$,$,$,$,$,0.00);
#131=IFCTASK('0PDLvfvUit4HwnU3ZEe5Ar',#6,'Walls, floor 3 \X2\2014\X0\ Tower A',$,$,'4.2.6',$,$,$,.F.,$,#130,.CONSTRUCTION.);
#132=IFCTASKTIME('Slab, floor 3 \X2\2014\X0\ Tower A Time',.PREDICTED.,$,.WORKTIME.,'P0Y0M3D','2027-03-01T07:00:00','2027-03-03T07:00:00','2027-08-18T07:00:00','2027-08-20T07:00:00','2027-08-18T07:00:00','2027-08-20T07:00:00','P0Y0M0D','P0Y0M0D',.T.,$,$,$,$,$,0.00);
#133=IFCTASK('1gXcU0QQEc34vzX3wahjHC',#6,'Slab, floor 3 \X2\2014\X0\ Tower A',$,$,'4.2.7',$,$,$,.F.,$,#132,.CONSTRUCTION.);
#134=IFCTASKTIME('Walls, floor 4 \X2\2014\X0\ Tower A Time',.PREDICTED.,$,.WORKTIME.,'P0Y0M4D','2027-03-01T07:00:00','2027-03-04T07:00:00','2027-08-23T07:00:00','2027-08-26T07:00:00','2027-08-23T07:00:00','2027-08-26T07:00:00','P0Y0M0D','P0Y0M0D',.T.,$,$,$,$,$,0.00);
#135=IFCTASK('3qm0rHS80pCoVgsdtcmg22',#6,'Walls, floor 4 \X2\2014\X0\ Tower A',$,$,'4.2.8',$,$,$,.F.,$,#134,.CONSTRUCTION.);
#136=IFCTASKTIME('Slab, floor 4 \X2\2014\X0\ Tower A Time',.PREDICTED.,$,.WORKTIME.,'P0Y0M3D','2027-03-01T07:00:00','2027-03-03T07:00:00','2027-08-25T07:00:00','2027-08-27T07:00:00','2027-08-25T07:00:00','2027-08-27T07:00:00','P0Y0M0D','P0Y0M0D',.T.,$,$,$,$,$,0.00);
#137=IFCTASK('1wVICFAx7rDj7pmBZAVkRz',#6,'Slab, floor 4 \X2\2014\X0\ Tower A',$,$,'4.2.9',$,$,$,.F.,$,#136,.CONSTRUCTION.);
#138=IFCTASKTIME('Walls, floor 5 \X2\2014\X0\ Tower A Time',.PREDICTED.,$,.WORKTIME.,'P0Y0M4D','2027-03-01T07:00:00','2027-03-04T07:00:00','2027-08-30T07:00:00','2027-09-02T07:00:00','2027-08-30T07:00:00','2027-09-02T07:00:00','P0Y0M0D','P0Y0M0D',.T.,$,$,$,$,$,0.00);
#139=IFCTASK('25cY49KOE3Tsqnf8APe$bR',#6,'Walls, floor 5 \X2\2014\X0\ Tower A',$,$,'4.2.10',$,$,$,.F.,$,#138,.CONSTRUCTION.);
#140=IFCTASKTIME('Slab, floor 5 \X2\2014\X0\ Tower A Time',.PREDICTED.,$,.WORKTIME.,'P0Y0M3D','2027-03-01T07:00:00','2027-03-03T07:00:00','2027-09-01T07:00:00','2027-09-03T07:00:00','2027-09-01T07:00:00','2027-09-03T07:00:00','P0Y0M0D','P0Y0M0D',.T.,$,$,$,$,$,0.00);
#141=IFCTASK('2uZjSx1cUSrGSsOD_s5bP2',#6,'Slab, floor 5 \X2\2014\X0\ Tower A',$,$,'4.2.11',$,$,$,.F.,$,#140,.CONSTRUCTION.);
#142=IFCTASKTIME('Walls, floor 6 \X2\2014\X0\ Tower A Time',.PREDICTED.,$,.WORKTIME.,'P0Y0M4D','2027-03-01T07:00:00','2027-03-04T07:00:00','2027-09-06T07:00:00','2027-09-09T07:00:00','2027-09-06T07:00:00','2027-09-09T07:00:00','P0Y0M0D','P0Y0M0D',.T.,$,$,$,$,$,0.00);
#143=IFCTASK('0AJ8vulk76ZmSJRzoIzdQg',#6,'Walls, floor 6 \X2\2014\X0\ Tower A',$,$,'4.2.12',$,$,$,.F.,$,#142,.CONSTRUCTION.);
#144=IFCTASKTIME('Slab, floor 6 \X2\2014\X0\ Tower A Time',.PREDICTED.,$,.WORKTIME.,'P0Y0M3D','2027-03-01T07:00:00','2027-03-03T07:00:00','2027-09-08T07:00:00','2027-09-10T07:00:00','2027-09-08T07:00:00','2027-09-10T07:00:00','P0Y0M0D','P0Y0M0D',.T.,$,$,$,$,$,0.00);
#145=IFCTASK('0opf$LGQRywjX0xBgF$ox$',#6,'Slab, floor 6 \X2\2014\X0\ Tower A',$,$,'4.2.13',$,$,$,.F.,$,#144,.CONSTRUCTION.);
#146=IFCTASKTIME('Walls, floor 7 \X2\2014\X0\ Tower A Time',.PREDICTED.,$,.WORKTIME.,'P0Y0M4D','2027-03-01T07:00:00','2027-03-04T07:00:00','2027-09-13T07:00:00','2027-09-16T07:00:00','2027-09-13T07:00:00','2027-09-16T07:00:00','P0Y0M0D','P0Y0M0D',.T.,$,$,$,$,$,0.00);
#147=IFCTASK('2RoXndcDgTlr2ko2aAMacS',#6,'Walls, floor 7 \X2\2014\X0\ Tower A',$,$,'4.2.14',$,$,$,.F.,$,#146,.CONSTRUCTION.);
#148=IFCTASKTIME('Slab, floor 7 \X2\2014\X0\ Tower A Time',.PREDICTED.,$,.WORKTIME.,'P0Y0M3D','2027-03-01T07:00:00','2027-03-03T07:00:00','2027-09-15T07:00:00','2027-09-17T07:00:00','2027-09-15T07:00:00','2027-09-17T07:00:00','P0Y0M0D','P0Y0M0D',.T.,$,$,$,$,$,0.00);
#149=IFCTASK('3mBBaNgMZMmOY2iExuGj8$',#6,'Slab, floor 7 \X2\2014\X0\ Tower A',$,$,'4.2.15',$,$,$,.F.,$,#148,.CONSTRUCTION.);
#150=IFCTASKTIME('Walls, floor 8 \X2\2014\X0\ Tower A Time',.PREDICTED.,$,.WORKTIME.,'P0Y0M4D','2027-03-01T07:00:00','2027-03-04T07:00:00','2027-09-20T07:00:00','2027-09-23T07:00:00','2027-09-20T07:00:00','2027-09-23T07:00:00','P0Y0M0D','P0Y0M0D',.T.,$,$,$,$,$,0.00);
#151=IFCTASK('1u4MoLbREeUaRpr1Fg675a',#6,'Walls, floor 8 \X2\2014\X0\ Tower A',$,$,'4.2.16',$,$,$,.F.,$,#150,.CONSTRUCTION.);
#152=IFCTASKTIME('Slab, floor 8 \X2\2014\X0\ Tower A Time',.PREDICTED.,$,.WORKTIME.,'P0Y0M3D','2027-03-01T07:00:00','2027-03-03T07:00:00','2027-09-22T07:00:00','2027-09-24T07:00:00','2027-09-22T07:00:00','2027-09-24T07:00:00','P0Y0M0D','P0Y0M0D',.T.,$,$,$,$,$,0.00);
#153=IFCTASK('1XvXIES6iCNilSyu1mFDOs',#6,'Slab, floor 8 \X2\2014\X0\ Tower A',$,$,'4.2.17',$,$,$,.F.,$,#152,.CONSTRUCTION.);
#154=IFCTASKTIME('Walls, floor 9 \X2\2014\X0\ Tower A Time',.PREDICTED.,$,.WORKTIME.,'P0Y0M4D','2027-03-01T07:00:00','2027-03-04T07:00:00','2027-09-27T07:00:00','2027-09-30T07:00:00','2027-09-27T07:00:00','2027-09-30T07:00:00','P0Y0M0D','P0Y0M0D',.T.,$,$,$,$,$,0.00);
#155=IFCTASK('2VvOEk$P8ptYMUjtDXw5zq',#6,'Walls, floor 9 \X2\2014\X0\ Tower A',$,$,'4.2.18',$,$,$,.F.,$,#154,.CONSTRUCTION.);
#156=IFCTASKTIME('Slab, floor 9 \X2\2014\X0\ Tower A Time',.PREDICTED.,$,.WORKTIME.,'P0Y0M3D','2027-03-01T07:00:00','2027-03-03T07:00:00','2027-09-29T07:00:00','2027-10-01T07:00:00','2027-09-29T07:00:00','2027-10-01T07:00:00','P0Y0M0D','P0Y0M0D',.T.,$,$,$,$,$,0.00);
#157=IFCTASK('0SnpHBXF9YYyUliSlrWp0e',#6,'Slab, floor 9 \X2\2014\X0\ Tower A',$,$,'4.2.19',$,$,$,.F.,$,#156,.CONSTRUCTION.);
#158=IFCTASKTIME('Walls, floor 10 \X2\2014\X0\ Tower A Time',.PREDICTED.,$,.WORKTIME.,'P0Y0M4D','2027-03-01T07:00:00','2027-03-04T07:00:00','2027-10-04T07:00:00','2027-10-07T07:00:00','2027-10-04T07:00:00','2027-10-07T07:00:00','P0Y0M0D','P0Y0M0D',.T.,$,$,$,$,$,0.00);
#159=IFCTASK('1Z2o7fCwHaGcYzMdthXc3Z',#6,'Walls, floor 10 \X2\2014\X0\ Tower A',$,$,'4.2.20',$,$,$,.F.,$,#158,.CONSTRUCTION.);
#160=IFCTASKTIME('Slab, floor 10 \X2\2014\X0\ Tower A Time',.PREDICTED.,$,.WORKTIME.,'P0Y0M3D','2027-03-01T07:00:00','2027-03-03T07:00:00','2027-10-06T07:00:00','2027-10-08T07:00:00','2027-10-06T07:00:00','2027-10-08T07:00:00','P0Y0M0D','P0Y0M0D',.T.,$,$,$,$,$,0.00);
#161=IFCTASK('2VeVZbnf0MvcOBgFlR$50k',#6,'Slab, floor 10 \X2\2014\X0\ Tower A',$,$,'4.2.21',$,$,$,.F.,$,#160,.CONSTRUCTION.);
#162=IFCTASKTIME('Walls, floor 11 \X2\2014\X0\ Tower A Time',.PREDICTED.,$,.WORKTIME.,'P0Y0M4D','2027-03-01T07:00:00','2027-03-04T07:00:00','2027-10-11T07:00:00','2027-10-14T07:00:00','2027-10-11T07:00:00','2027-10-14T07:00:00','P0Y0M0D','P0Y0M0D',.T.,$,$,$,$,$,0.00);
#163=IFCTASK('0IC5x6YEvWkyeKZQ30BajQ',#6,'Walls, floor 11 \X2\2014\X0\ Tower A',$,$,'4.2.22',$,$,$,.F.,$,#162,.CONSTRUCTION.);
#164=IFCTASKTIME('Slab, floor 11 \X2\2014\X0\ Tower A Time',.PREDICTED.,$,.WORKTIME.,'P0Y0M3D','2027-03-01T07:00:00','2027-03-03T07:00:00','2027-10-13T07:00:00','2027-10-15T07:00:00','2027-10-13T07:00:00','2027-10-15T07:00:00','P0Y0M0D','P0Y0M0D',.T.,$,$,$,$,$,0.00);
#165=IFCTASK('3TFkGgl1kLLurjaEzXE91E',#6,'Slab, floor 11 \X2\2014\X0\ Tower A',$,$,'4.2.23',$,$,$,.F.,$,#164,.CONSTRUCTION.);
#166=IFCTASKTIME('Walls, floor 12 \X2\2014\X0\ Tower A Time',.PREDICTED.,$,.WORKTIME.,'P0Y0M4D','2027-03-01T07:00:00','2027-03-04T07:00:00','2027-10-18T07:00:00','2027-10-21T07:00:00','2027-10-18T07:00:00','2027-10-21T07:00:00','P0Y0M0D','P0Y0M0D',.T.,$,$,$,$,$,0.00);
#167=IFCTASK('3T_QSQNmZ5uLinTJOOnjgc',#6,'Walls, floor 12 \X2\2014\X0\ Tower A',$,$,'4.2.24',$,$,$,.F.,$,#166,.CONSTRUCTION.);
#168=IFCTASKTIME('Slab, floor 12 \X2\2014\X0\ Tower A Time',.PREDICTED.,$,.WORKTIME.,'P0Y0M3D','2027-03-01T07:00:00','2027-03-03T07:00:00','2027-10-20T07:00:00','2027-10-22T07:00:00','2027-10-20T07:00:00','2027-10-22T07:00:00','P0Y0M0D','P0Y0M0D',.T.,$,$,$,$,$,0.00);
#169=IFCTASK('21CM_Ax5s0W1vf90qMsqsB',#6,'Slab, floor 12 \X2\2014\X0\ Tower A',$,$,'4.2.25',$,$,$,.F.,$,#168,.CONSTRUCTION.);
#170=IFCTASKTIME('Stair core & lift shaft \X2\2014\X0\ Tower A Time',.PREDICTED.,$,.WORKTIME.,'P0Y0M36D','2027-03-01T07:00:00','2027-04-19T07:00:00','2027-07-06T07:00:00','2027-09-14T07:00:00','2028-03-13T07:00:00','2028-05-04T07:00:00','P0Y0M33D','P0Y0M164D',.F.,$,$,$,$,$,0.00);
#171=IFCTASK('3EfJfkYfgc9X$hM$AjV$Fd',#6,'Stair core & lift shaft \X2\2014\X0\ Tower A',$,$,'4.2.26',$,$,$,.F.,$,#170,.CONSTRUCTION.);
#172=IFCTASKTIME('Install roof structure \X2\2014\X0\ Tower A Time',.PREDICTED.,$,.WORKTIME.,'P0Y0M5D','2027-03-01T07:00:00','2027-03-05T07:00:00','2027-10-25T07:00:00','2027-10-29T07:00:00','2027-10-25T07:00:00','2027-10-29T07:00:00','P0Y0M0D','P0Y0M0D',.T.,$,$,$,$,$,0.00);
#173=IFCTASK('2uhu$OoE5AiXIuRvMYIKYm',#6,'Install roof structure \X2\2014\X0\ Tower A',$,$,'4.2.27',$,$,$,.F.,$,#172,.CONSTRUCTION.);
#174=IFCTASKTIME('Structural works complete \X2\2014\X0\ Tower A Time',.PREDICTED.,$,.WORKTIME.,'P0Y0M0D','2027-03-01T07:00:00','2027-03-01T07:00:00','2027-10-29T07:00:00','2027-10-29T07:00:00','2028-05-04T07:00:00','2028-05-04T07:00:00','P0Y0M0D','P0Y0M131D',.F.,$,$,$,$,$,0.00);
#175=IFCTASK('21dLLj01bdQAtLBYeUNoqk',#6,'Structural works complete \X2\2014\X0\ Tower A',$,$,'4.2.28',$,$,$,.T.,$,#174,.CONSTRUCTION.);
#176=IFCTASKTIME('Structural works \X2\2014\X0\ Tower B Time',.PREDICTED.,$,.WORKTIME.,'P0Y0M69D','2027-03-01T07:00:00','2027-03-05T07:00:00','2027-07-06T07:00:00','2027-10-29T07:00:00','2027-07-06T07:00:00','2028-05-04T07:00:00','P0Y0M0D','P0Y0M0D',.T.,$,$,$,$,$,0.00);
#177=IFCTASK('2jEnvNX4j59Wrp2DhuJfnk',#6,'Structural works \X2\2014\X0\ Tower B',$,$,'4.3',$,$,$,.F.,$,#176,.CONSTRUCTION.);
#178=IFCTASKTIME('Pour ground floor slab \X2\2014\X0\ Tower B Time',.PREDICTED.,$,.WORKTIME.,'P0Y0M4D','2027-03-01T07:00:00','2027-03-04T07:00:00','2027-07-06T07:00:00','2027-07-09T07:00:00','2027-07-06T07:00:00','2027-07-09T07:00:00','P0Y0M0D','P0Y0M0D',.T.,$,$,$,$,$,0.00);
#179=IFCTASK('0pAYUkJvL8yJ4knwGsJEi_',#6,'Pour ground floor slab \X2\2014\X0\ Tower B',$,$,'4.3.1',$,$,$,.F.,$,#178,.CONSTRUCTION.);
#180=IFCTASKTIME('Walls, floor 1 \X2\2014\X0\ Tower B Time',.PREDICTED.,$,.WORKTIME.,'P0Y0M4D','2027-03-01T07:00:00','2027-03-04T07:00:00','2027-07-12T07:00:00','2027-07-15T07:00:00','2027-07-12T07:00:00','2027-07-15T07:00:00','P0Y0M0D','P0Y0M0D',.T.,$,$,$,$,$,0.00);
#181=IFCTASK('0yhEBqDeewFDnyKw_9Dpy4',#6,'Walls, floor 1 \X2\2014\X0\ Tower B',$,$,'4.3.2',$,$,$,.F.,$,#180,.CONSTRUCTION.);
#182=IFCTASKTIME('Slab, floor 1 \X2\2014\X0\ Tower B Time',.PREDICTED.,$,.WORKTIME.,'P0Y0M3D','2027-03-01T07:00:00','2027-03-03T07:00:00','2027-07-14T07:00:00','2027-07-16T07:00:00','2027-07-14T07:00:00','2027-07-16T07:00:00','P0Y0M0D','P0Y0M0D',.T.,$,$,$,$,$,0.00);
#183=IFCTASK('1nlwjXv2JfWdW5Z6HElrqE',#6,'Slab, floor 1 \X2\2014\X0\ Tower B',$,$,'4.3.3',$,$,$,.F.,$,#182,.CONSTRUCTION.);
#184=IFCTASKTIME('Walls, floor 2 \X2\2014\X0\ Tower B Time',.PREDICTED.,$,.WORKTIME.,'P0Y0M4D','2027-03-01T07:00:00','2027-03-04T07:00:00','2027-07-19T07:00:00','2027-07-22T07:00:00','2027-07-19T07:00:00','2027-07-22T07:00:00','P0Y0M0D','P0Y0M0D',.T.,$,$,$,$,$,0.00);
#185=IFCTASK('2$eF5alESiAwgI89DwGOwD',#6,'Walls, floor 2 \X2\2014\X0\ Tower B',$,$,'4.3.4',$,$,$,.F.,$,#184,.CONSTRUCTION.);
#186=IFCTASKTIME('Slab, floor 2 \X2\2014\X0\ Tower B Time',.PREDICTED.,$,.WORKTIME.,'P0Y0M3D','2027-03-01T07:00:00','2027-03-03T07:00:00','2027-07-21T07:00:00','2027-07-23T07:00:00','2027-07-21T07:00:00','2027-07-23T07:00:00','P0Y0M0D','P0Y0M0D',.T.,$,$,$,$,$,0.00);
#187=IFCTASK('3tYZSCa$NN_p64H$Z6Ya2E',#6,'Slab, floor 2 \X2\2014\X0\ Tower B',$,$,'4.3.5',$,$,$,.F.,$,#186,.CONSTRUCTION.);
#188=IFCTASKTIME('Walls, floor 3 \X2\2014\X0\ Tower B Time',.PREDICTED.,$,.WORKTIME.,'P0Y0M4D','2027-03-01T07:00:00','2027-03-04T07:00:00','2027-08-16T07:00:00','2027-08-19T07:00:00','2027-08-16T07:00:00','2027-08-19T07:00:00','P0Y0M0D','P0Y0M0D',.T.,$,$,$,$,$,0.00);
#189=IFCTASK('04TIOlNh1svm2Jmi5ArjEc',#6,'Walls, floor 3 \X2\2014\X0\ Tower B',$,$,'4.3.6',$,$,$,.F.,$,#188,.CONSTRUCTION.);
#190=IFCTASKTIME('Slab, floor 3 \X2\2014\X0\ Tower B Time',.PREDICTED.,$,.WORKTIME.,'P0Y0M3D','2027-03-01T07:00:00','2027-03-03T07:00:00','2027-08-18T07:00:00','2027-08-20T07:00:00','2027-08-18T07:00:00','2027-08-20T07:00:00','P0Y0M0D','P0Y0M0D',.T.,$,$,$,$,$,0.00);
#191=IFCTASK('0I9YZFN8VJlyNAMcMeDkt6',#6,'Slab, floor 3 \X2\2014\X0\ Tower B',$,$,'4.3.7',$,$,$,.F.,$,#190,.CONSTRUCTION.);
#192=IFCTASKTIME('Walls, floor 4 \X2\2014\X0\ Tower B Time',.PREDICTED.,$,.WORKTIME.,'P0Y0M4D','2027-03-01T07:00:00','2027-03-04T07:00:00','2027-08-23T07:00:00','2027-08-26T07:00:00','2027-08-23T07:00:00','2027-08-26T07:00:00','P0Y0M0D','P0Y0M0D',.T.,$,$,$,$,$,0.00);
#193=IFCTASK('0D_JaaJjfaSSaAYfqqykyw',#6,'Walls, floor 4 \X2\2014\X0\ Tower B',$,$,'4.3.8',$,$,$,.F.,$,#192,.CONSTRUCTION.);
#194=IFCTASKTIME('Slab, floor 4 \X2\2014\X0\ Tower B Time',.PREDICTED.,$,.WORKTIME.,'P0Y0M3D','2027-03-01T07:00:00','2027-03-03T07:00:00','2027-08-25T07:00:00','2027-08-27T07:00:00','2027-08-25T07:00:00','2027-08-27T07:00:00','P0Y0M0D','P0Y0M0D',.T.,$,$,$,$,$,0.00);
#195=IFCTASK('00knBoTyfeRm0NHtedr7mG',#6,'Slab, floor 4 \X2\2014\X0\ Tower B',$,$,'4.3.9',$,$,$,.F.,$,#194,.CONSTRUCTION.);
#196=IFCTASKTIME('Walls, floor 5 \X2\2014\X0\ Tower B Time',.PREDICTED.,$,.WORKTIME.,'P0Y0M4D','2027-03-01T07:00:00','2027-03-04T07:00:00','2027-08-30T07:00:00','2027-09-02T07:00:00','2027-08-30T07:00:00','2027-09-02T07:00:00','P0Y0M0D','P0Y0M0D',.T.,$,$,$,$,$,0.00);
#197=IFCTASK('3WSd8oznHVpyJJUm2rpTP9',#6,'Walls, floor 5 \X2\2014\X0\ Tower B',$,$,'4.3.10',$,$,$,.F.,$,#196,.CONSTRUCTION.);
#198=IFCTASKTIME('Slab, floor 5 \X2\2014\X0\ Tower B Time',.PREDICTED.,$,.WORKTIME.,'P0Y0M3D','2027-03-01T07:00:00','2027-03-03T07:00:00','2027-09-01T07:00:00','2027-09-03T07:00:00','2027-09-01T07:00:00','2027-09-03T07:00:00','P0Y0M0D','P0Y0M0D',.T.,$,$,$,$,$,0.00);
#199=IFCTASK('0L$E_rqBPE9Es57NJBUDSc',#6,'Slab, floor 5 \X2\2014\X0\ Tower B',$,$,'4.3.11',$,$,$,.F.,$,#198,.CONSTRUCTION.);
#200=IFCTASKTIME('Walls, floor 6 \X2\2014\X0\ Tower B Time',.PREDICTED.,$,.WORKTIME.,'P0Y0M4D','2027-03-01T07:00:00','2027-03-04T07:00:00','2027-09-06T07:00:00','2027-09-09T07:00:00','2027-09-06T07:00:00','2027-09-09T07:00:00','P0Y0M0D','P0Y0M0D',.T.,$,$,$,$,$,0.00);
#201=IFCTASK('2SZTuwUfalOpsPik3unF4$',#6,'Walls, floor 6 \X2\2014\X0\ Tower B',$,$,'4.3.12',$,$,$,.F.,$,#200,.CONSTRUCTION.);
#202=IFCTASKTIME('Slab, floor 6 \X2\2014\X0\ Tower B Time',.PREDICTED.,$,.WORKTIME.,'P0Y0M3D','2027-03-01T07:00:00','2027-03-03T07:00:00','2027-09-08T07:00:00','2027-09-10T07:00:00','2027-09-08T07:00:00','2027-09-10T07:00:00','P0Y0M0D','P0Y0M0D',.T.,$,$,$,$,$,0.00);
#203=IFCTASK('2qRU_6BiRq8muB9g1BDNUU',#6,'Slab, floor 6 \X2\2014\X0\ Tower B',$,$,'4.3.13',$,$,$,.F.,$,#202,.CONSTRUCTION.);
#204=IFCTASKTIME('Walls, floor 7 \X2\2014\X0\ Tower B Time',.PREDICTED.,$,.WORKTIME.,'P0Y0M4D','2027-03-01T07:00:00','2027-03-04T07:00:00','2027-09-13T07:00:00','2027-09-16T07:00:00','2027-09-13T07:00:00','2027-09-16T07:00:00','P0Y0M0D','P0Y0M0D',.T.,$,$,$,$,$,0.00);
#205=IFCTASK('3rU1g$R_b6bwaZQ2fwb0aK',#6,'Walls, floor 7 \X2\2014\X0\ Tower B',$,$,'4.3.14',$,$,$,.F.,$,#204,.CONSTRUCTION.);
#206=IFCTASKTIME('Slab, floor 7 \X2\2014\X0\ Tower B Time',.PREDICTED.,$,.WORKTIME.,'P0Y0M3D','2027-03-01T07:00:00','2027-03-03T07:00:00','2027-09-15T07:00:00','2027-09-17T07:00:00','2027-09-15T07:00:00','2027-09-17T07:00:00','P0Y0M0D','P0Y0M0D',.T.,$,$,$,$,$,0.00);
#207=IFCTASK('0x$dA0jYvevnkYD58FTTyO',#6,'Slab, floor 7 \X2\2014\X0\ Tower B',$,$,'4.3.15',$,$,$,.F.,$,#206,.CONSTRUCTION.);
#208=IFCTASKTIME('Walls, floor 8 \X2\2014\X0\ Tower B Time',.PREDICTED.,$,.WORKTIME.,'P0Y0M4D','2027-03-01T07:00:00','2027-03-04T07:00:00','2027-09-20T07:00:00','2027-09-23T07:00:00','2027-09-20T07:00:00','2027-09-23T07:00:00','P0Y0M0D','P0Y0M0D',.T.,$,$,$,$,$,0.00);
#209=IFCTASK('3mqW5Celp9PGr6Rco4J$nS',#6,'Walls, floor 8 \X2\2014\X0\ Tower B',$,$,'4.3.16',$,$,$,.F.,$,#208,.CONSTRUCTION.);
#210=IFCTASKTIME('Slab, floor 8 \X2\2014\X0\ Tower B Time',.PREDICTED.,$,.WORKTIME.,'P0Y0M3D','2027-03-01T07:00:00','2027-03-03T07:00:00','2027-09-22T07:00:00','2027-09-24T07:00:00','2027-09-22T07:00:00','2027-09-24T07:00:00','P0Y0M0D','P0Y0M0D',.T.,$,$,$,$,$,0.00);
#211=IFCTASK('1j7yMtFy4nO4J5TenCk8LC',#6,'Slab, floor 8 \X2\2014\X0\ Tower B',$,$,'4.3.17',$,$,$,.F.,$,#210,.CONSTRUCTION.);
#212=IFCTASKTIME('Walls, floor 9 \X2\2014\X0\ Tower B Time',.PREDICTED.,$,.WORKTIME.,'P0Y0M4D','2027-03-01T07:00:00','2027-03-04T07:00:00','2027-09-27T07:00:00','2027-09-30T07:00:00','2027-09-27T07:00:00','2027-09-30T07:00:00','P0Y0M0D','P0Y0M0D',.T.,$,$,$,$,$,0.00);
#213=IFCTASK('3RCPnX2drdkMgX_dpBWKSE',#6,'Walls, floor 9 \X2\2014\X0\ Tower B',$,$,'4.3.18',$,$,$,.F.,$,#212,.CONSTRUCTION.);
#214=IFCTASKTIME('Slab, floor 9 \X2\2014\X0\ Tower B Time',.PREDICTED.,$,.WORKTIME.,'P0Y0M3D','2027-03-01T07:00:00','2027-03-03T07:00:00','2027-09-29T07:00:00','2027-10-01T07:00:00','2027-09-29T07:00:00','2027-10-01T07:00:00','P0Y0M0D','P0Y0M0D',.T.,$,$,$,$,$,0.00);
#215=IFCTASK('0k6_33TYRfTVLxrgBT1XQL',#6,'Slab, floor 9 \X2\2014\X0\ Tower B',$,$,'4.3.19',$,$,$,.F.,$,#214,.CONSTRUCTION.);
#216=IFCTASKTIME('Walls, floor 10 \X2\2014\X0\ Tower B Time',.PREDICTED.,$,.WORKTIME.,'P0Y0M4D','2027-03-01T07:00:00','2027-03-04T07:00:00','2027-10-04T07:00:00','2027-10-07T07:00:00','2027-10-04T07:00:00','2027-10-07T07:00:00','P0Y0M0D','P0Y0M0D',.T.,$,$,$,$,$,0.00);
#217=IFCTASK('3E5uDcsKLzyuGAcDaILZ0t',#6,'Walls, floor 10 \X2\2014\X0\ Tower B',$,$,'4.3.20',$,$,$,.F.,$,#216,.CONSTRUCTION.);
#218=IFCTASKTIME('Slab, floor 10 \X2\2014\X0\ Tower B Time',.PREDICTED.,$,.WORKTIME.,'P0Y0M3D','2027-03-01T07:00:00','2027-03-03T07:00:00','2027-10-06T07:00:00','2027-10-08T07:00:00','2027-10-06T07:00:00','2027-10-08T07:00:00','P0Y0M0D','P0Y0M0D',.T.,$,$,$,$,$,0.00);
#219=IFCTASK('2RC4yDTItvv2AURusT5eEE',#6,'Slab, floor 10 \X2\2014\X0\ Tower B',$,$,'4.3.21',$,$,$,.F.,$,#218,.CONSTRUCTION.);
#220=IFCTASKTIME('Walls, floor 11 \X2\2014\X0\ Tower B Time',.PREDICTED.,$,.WORKTIME.,'P0Y0M4D','2027-03-01T07:00:00','2027-03-04T07:00:00','2027-10-11T07:00:00','2027-10-14T07:00:00','2027-10-11T07:00:00','2027-10-14T07:00:00','P0Y0M0D','P0Y0M0D',.T.,$,$,$,$,$,0.00);
#221=IFCTASK('0_PwqhV2IVp14IYnYcpTYp',#6,'Walls, floor 11 \X2\2014\X0\ Tower B',$,$,'4.3.22',$,$,$,.F.,$,#220,.CONSTRUCTION.);
#222=IFCTASKTIME('Slab, floor 11 \X2\2014\X0\ Tower B Time',.PREDICTED.,$,.WORKTIME.,'P0Y0M3D','2027-03-01T07:00:00','2027-03-03T07:00:00','2027-10-13T07:00:00','2027-10-15T07:00:00','2027-10-13T07:00:00','2027-10-15T07:00:00','P0Y0M0D','P0Y0M0D',.T.,$,$,$,$,$,0.00);
#223=IFCTASK('2kkg6XJKTUlWCl3$M9ngiJ',#6,'Slab, floor 11 \X2\2014\X0\ Tower B',$,$,'4.3.23',$,$,$,.F.,$,#222,.CONSTRUCTION.);
#224=IFCTASKTIME('Walls, floor 12 \X2\2014\X0\ Tower B Time',.PREDICTED.,$,.WORKTIME.,'P0Y0M4D','2027-03-01T07:00:00','2027-03-04T07:00:00','2027-10-18T07:00:00','2027-10-21T07:00:00','2027-10-18T07:00:00','2027-10-21T07:00:00','P0Y0M0D','P0Y0M0D',.T.,$,$,$,$,$,0.00);
#225=IFCTASK('3RXQcOO1$3dFPdW1HXa0_R',#6,'Walls, floor 12 \X2\2014\X0\ Tower B',$,$,'4.3.24',$,$,$,.F.,$,#224,.CONSTRUCTION.);
#226=IFCTASKTIME('Slab, floor 12 \X2\2014\X0\ Tower B Time',.PREDICTED.,$,.WORKTIME.,'P0Y0M3D','2027-03-01T07:00:00','2027-03-03T07:00:00','2027-10-20T07:00:00','2027-10-22T07:00:00','2027-10-20T07:00:00','2027-10-22T07:00:00','P0Y0M0D','P0Y0M0D',.T.,$,$,$,$,$,0.00);
#227=IFCTASK('1gGiRhE3L4L_Qq6iP7QXez',#6,'Slab, floor 12 \X2\2014\X0\ Tower B',$,$,'4.3.25',$,$,$,.F.,$,#226,.CONSTRUCTION.);
#228=IFCTASKTIME('Stair core & lift shaft \X2\2014\X0\ Tower B Time',.PREDICTED.,$,.WORKTIME.,'P0Y0M36D','2027-03-01T07:00:00','2027-04-19T07:00:00','2027-07-06T07:00:00','2027-09-14T07:00:00','2028-03-13T07:00:00','2028-05-04T07:00:00','P0Y0M33D','P0Y0M164D',.F.,$,$,$,$,$,0.00);
#229=IFCTASK('323DZ$c$lS_V3J113CyvF6',#6,'Stair core & lift shaft \X2\2014\X0\ Tower B',$,$,'4.3.26',$,$,$,.F.,$,#228,.CONSTRUCTION.);
#230=IFCTASKTIME('Install roof structure \X2\2014\X0\ Tower B Time',.PREDICTED.,$,.WORKTIME.,'P0Y0M5D','2027-03-01T07:00:00','2027-03-05T07:00:00','2027-10-25T07:00:00','2027-10-29T07:00:00','2027-10-25T07:00:00','2027-10-29T07:00:00','P0Y0M0D','P0Y0M0D',.T.,$,$,$,$,$,0.00);
#231=IFCTASK('25rxl_qC8zIy3y0DzYg8fa',#6,'Install roof structure \X2\2014\X0\ Tower B',$,$,'4.3.27',$,$,$,.F.,$,#230,.CONSTRUCTION.);
#232=IFCTASKTIME('Structural works complete \X2\2014\X0\ Tower B Time',.PREDICTED.,$,.WORKTIME.,'P0Y0M0D','2027-03-01T07:00:00','2027-03-01T07:00:00','2027-10-29T07:00:00','2027-10-29T07:00:00','2028-05-04T07:00:00','2028-05-04T07:00:00','P0Y0M0D','P0Y0M131D',.F.,$,$,$,$,$,0.00);
#233=IFCTASK('0QX316HG1NiYfK02z7AJt7',#6,'Structural works complete \X2\2014\X0\ Tower B',$,$,'4.3.28',$,$,$,.T.,$,#232,.CONSTRUCTION.);
#234=IFCTASKTIME('Structural works \X2\2014\X0\ Tower C Time',.PREDICTED.,$,.WORKTIME.,'P0Y0M69D','2027-03-01T07:00:00','2027-03-05T07:00:00','2027-07-06T07:00:00','2027-10-29T07:00:00','2027-07-09T07:00:00','2028-05-04T07:00:00','P0Y0M0D','P0Y0M3D',.F.,$,$,$,$,$,0.00);
#235=IFCTASK('120UaqnX9pXJLaZUYZx6L$',#6,'Structural works \X2\2014\X0\ Tower C',$,$,'4.4',$,$,$,.F.,$,#234,.CONSTRUCTION.);
#236=IFCTASKTIME('Pour ground floor slab \X2\2014\X0\ Tower C Time',.PREDICTED.,$,.WORKTIME.,'P0Y0M4D','2027-03-01T07:00:00','2027-03-04T07:00:00','2027-07-06T07:00:00','2027-07-09T07:00:00','2027-07-09T07:00:00','2027-07-14T07:00:00','P0Y0M0D','P0Y0M3D',.F.,$,$,$,$,$,0.00);
#237=IFCTASK('2frAVcXgDQ4b7L_PEzCwNW',#6,'Pour ground floor slab \X2\2014\X0\ Tower C',$,$,'4.4.1',$,$,$,.F.,$,#236,.CONSTRUCTION.);
#238=IFCTASKTIME('Walls, floor 1 \X2\2014\X0\ Tower C Time',.PREDICTED.,$,.WORKTIME.,'P0Y0M4D','2027-03-01T07:00:00','2027-03-04T07:00:00','2027-07-12T07:00:00','2027-07-15T07:00:00','2027-07-15T07:00:00','2027-07-20T07:00:00','P0Y0M0D','P0Y0M3D',.F.,$,$,$,$,$,0.00);
#239=IFCTASK('284yQPMeWk_op69VUOxSOR',#6,'Walls, floor 1 \X2\2014\X0\ Tower C',$,$,'4.4.2',$,$,$,.F.,$,#238,.CONSTRUCTION.);
#240=IFCTASKTIME('Slab, floor 1 \X2\2014\X0\ Tower C Time',.PREDICTED.,$,.WORKTIME.,'P0Y0M3D','2027-03-01T07:00:00','2027-03-03T07:00:00','2027-07-14T07:00:00','2027-07-16T07:00:00','2027-07-19T07:00:00','2027-07-21T07:00:00','P0Y0M0D','P0Y0M3D',.F.,$,$,$,$,$,0.00);
#241=IFCTASK('2y5IHtj41vkIvidLVWeXLW',#6,'Slab, floor 1 \X2\2014\X0\ Tower C',$,$,'4.4.3',$,$,$,.F.,$,#240,.CONSTRUCTION.);
#242=IFCTASKTIME('Walls, floor 2 \X2\2014\X0\ Tower C Time',.PREDICTED.,$,.WORKTIME.,'P0Y0M4D','2027-03-01T07:00:00','2027-03-04T07:00:00','2027-07-19T07:00:00','2027-07-22T07:00:00','2027-07-22T07:00:00','2027-08-17T07:00:00','P0Y0M0D','P0Y0M3D',.F.,$,$,$,$,$,0.00);
#243=IFCTASK('0D3kqEVBgtr5Sc3GZpzLd1',#6,'Walls, floor 2 \X2\2014\X0\ Tower C',$,$,'4.4.4',$,$,$,.F.,$,#242,.CONSTRUCTION.);
#244=IFCTASKTIME('Slab, floor 2 \X2\2014\X0\ Tower C Time',.PREDICTED.,$,.WORKTIME.,'P0Y0M3D','2027-03-01T07:00:00','2027-03-03T07:00:00','2027-07-21T07:00:00','2027-07-23T07:00:00','2027-08-16T07:00:00','2027-08-18T07:00:00','P0Y0M0D','P0Y0M3D',.F.,$,$,$,$,$,0.00);
#245=IFCTASK('1_OTKOfto3KrbQay3c6GJq',#6,'Slab, floor 2 \X2\2014\X0\ Tower C',$,$,'4.4.5',$,$,$,.F.,$,#244,.CONSTRUCTION.);
#246=IFCTASKTIME('Walls, floor 3 \X2\2014\X0\ Tower C Time',.PREDICTED.,$,.WORKTIME.,'P0Y0M4D','2027-03-01T07:00:00','2027-03-04T07:00:00','2027-08-16T07:00:00','2027-08-19T07:00:00','2027-08-19T07:00:00','2027-08-24T07:00:00','P0Y0M0D','P0Y0M3D',.F.,$,$,$,$,$,0.00);
#247=IFCTASK('2aguvsRroIBpUTUcK0zfTy',#6,'Walls, floor 3 \X2\2014\X0\ Tower C',$,$,'4.4.6',$,$,$,.F.,$,#246,.CONSTRUCTION.);
#248=IFCTASKTIME('Slab, floor 3 \X2\2014\X0\ Tower C Time',.PREDICTED.,$,.WORKTIME.,'P0Y0M3D','2027-03-01T07:00:00','2027-03-03T07:00:00','2027-08-18T07:00:00','2027-08-20T07:00:00','2027-08-23T07:00:00','2027-08-25T07:00:00','P0Y0M0D','P0Y0M3D',.F.,$,$,$,$,$,0.00);
#249=IFCTASK('1zRJUMZdp$wx8z7xLqknQR',#6,'Slab, floor 3 \X2\2014\X0\ Tower C',$,$,'4.4.7',$,$,$,.F.,$,#248,.CONSTRUCTION.);
#250=IFCTASKTIME('Walls, floor 4 \X2\2014\X0\ Tower C Time',.PREDICTED.,$,.WORKTIME.,'P0Y0M4D','2027-03-01T07:00:00','2027-03-04T07:00:00','2027-08-23T07:00:00','2027-08-26T07:00:00','2027-08-26T07:00:00','2027-08-31T07:00:00','P0Y0M0D','P0Y0M3D',.F.,$,$,$,$,$,0.00);
#251=IFCTASK('2yKnCS6cKxko0aMzUbDMEn',#6,'Walls, floor 4 \X2\2014\X0\ Tower C',$,$,'4.4.8',$,$,$,.F.,$,#250,.CONSTRUCTION.);
#252=IFCTASKTIME('Slab, floor 4 \X2\2014\X0\ Tower C Time',.PREDICTED.,$,.WORKTIME.,'P0Y0M3D','2027-03-01T07:00:00','2027-03-03T07:00:00','2027-08-25T07:00:00','2027-08-27T07:00:00','2027-08-30T07:00:00','2027-09-01T07:00:00','P0Y0M0D','P0Y0M3D',.F.,$,$,$,$,$,0.00);
#253=IFCTASK('1uMq5hBMtz$_0o0FvhEocM',#6,'Slab, floor 4 \X2\2014\X0\ Tower C',$,$,'4.4.9',$,$,$,.F.,$,#252,.CONSTRUCTION.);
#254=IFCTASKTIME('Walls, floor 5 \X2\2014\X0\ Tower C Time',.PREDICTED.,$,.WORKTIME.,'P0Y0M4D','2027-03-01T07:00:00','2027-03-04T07:00:00','2027-08-30T07:00:00','2027-09-02T07:00:00','2027-09-02T07:00:00','2027-09-07T07:00:00','P0Y0M0D','P0Y0M3D',.F.,$,$,$,$,$,0.00);
#255=IFCTASK('2CS81n2i52W2zkxwXE6LjI',#6,'Walls, floor 5 \X2\2014\X0\ Tower C',$,$,'4.4.10',$,$,$,.F.,$,#254,.CONSTRUCTION.);
#256=IFCTASKTIME('Slab, floor 5 \X2\2014\X0\ Tower C Time',.PREDICTED.,$,.WORKTIME.,'P0Y0M3D','2027-03-01T07:00:00','2027-03-03T07:00:00','2027-09-01T07:00:00','2027-09-03T07:00:00','2027-09-06T07:00:00','2027-09-08T07:00:00','P0Y0M0D','P0Y0M3D',.F.,$,$,$,$,$,0.00);
#257=IFCTASK('3v4J0KjHis4G_UST68e2yL',#6,'Slab, floor 5 \X2\2014\X0\ Tower C',$,$,'4.4.11',$,$,$,.F.,$,#256,.CONSTRUCTION.);
#258=IFCTASKTIME('Walls, floor 6 \X2\2014\X0\ Tower C Time',.PREDICTED.,$,.WORKTIME.,'P0Y0M4D','2027-03-01T07:00:00','2027-03-04T07:00:00','2027-09-06T07:00:00','2027-09-09T07:00:00','2027-09-09T07:00:00','2027-09-14T07:00:00','P0Y0M0D','P0Y0M3D',.F.,$,$,$,$,$,0.00);
#259=IFCTASK('3rfQeuSBxljI0dgXOAOiIk',#6,'Walls, floor 6 \X2\2014\X0\ Tower C',$,$,'4.4.12',$,$,$,.F.,$,#258,.CONSTRUCTION.);
#260=IFCTASKTIME('Slab, floor 6 \X2\2014\X0\ Tower C Time',.PREDICTED.,$,.WORKTIME.,'P0Y0M3D','2027-03-01T07:00:00','2027-03-03T07:00:00','2027-09-08T07:00:00','2027-09-10T07:00:00','2027-09-13T07:00:00','2027-09-15T07:00:00','P0Y0M0D','P0Y0M3D',.F.,$,$,$,$,$,0.00);
#261=IFCTASK('3xnOyT09Gq4dsMwrOxmcm4',#6,'Slab, floor 6 \X2\2014\X0\ Tower C',$,$,'4.4.13',$,$,$,.F.,$,#260,.CONSTRUCTION.);
#262=IFCTASKTIME('Walls, floor 7 \X2\2014\X0\ Tower C Time',.PREDICTED.,$,.WORKTIME.,'P0Y0M4D','2027-03-01T07:00:00','2027-03-04T07:00:00','2027-09-13T07:00:00','2027-09-16T07:00:00','2027-09-16T07:00:00','2027-09-21T07:00:00','P0Y0M0D','P0Y0M3D',.F.,$,$,$,$,$,0.00);
#263=IFCTASK('2HGQGHv54YJIqxIk0BLJ9y',#6,'Walls, floor 7 \X2\2014\X0\ Tower C',$,$,'4.4.14',$,$,$,.F.,$,#262,.CONSTRUCTION.);
#264=IFCTASKTIME('Slab, floor 7 \X2\2014\X0\ Tower C Time',.PREDICTED.,$,.WORKTIME.,'P0Y0M3D','2027-03-01T07:00:00','2027-03-03T07:00:00','2027-09-15T07:00:00','2027-09-17T07:00:00','2027-09-20T07:00:00','2027-09-22T07:00:00','P0Y0M0D','P0Y0M3D',.F.,$,$,$,$,$,0.00);
#265=IFCTASK('0wbs$BUzgg8gYdfD2cwMqo',#6,'Slab, floor 7 \X2\2014\X0\ Tower C',$,$,'4.4.15',$,$,$,.F.,$,#264,.CONSTRUCTION.);
#266=IFCTASKTIME('Walls, floor 8 \X2\2014\X0\ Tower C Time',.PREDICTED.,$,.WORKTIME.,'P0Y0M4D','2027-03-01T07:00:00','2027-03-04T07:00:00','2027-09-20T07:00:00','2027-09-23T07:00:00','2027-09-23T07:00:00','2027-09-28T07:00:00','P0Y0M0D','P0Y0M3D',.F.,$,$,$,$,$,0.00);
#267=IFCTASK('3R8D4Kt1suhU5Af4wY$63h',#6,'Walls, floor 8 \X2\2014\X0\ Tower C',$,$,'4.4.16',$,$,$,.F.,$,#266,.CONSTRUCTION.);
#268=IFCTASKTIME('Slab, floor 8 \X2\2014\X0\ Tower C Time',.PREDICTED.,$,.WORKTIME.,'P0Y0M3D','2027-03-01T07:00:00','2027-03-03T07:00:00','2027-09-22T07:00:00','2027-09-24T07:00:00','2027-09-27T07:00:00','2027-09-29T07:00:00','P0Y0M0D','P0Y0M3D',.F.,$,$,$,$,$,0.00);
#269=IFCTASK('2t0q3JNPt70tsGkJU3Yeoq',#6,'Slab, floor 8 \X2\2014\X0\ Tower C',$,$,'4.4.17',$,$,$,.F.,$,#268,.CONSTRUCTION.);
#270=IFCTASKTIME('Walls, floor 9 \X2\2014\X0\ Tower C Time',.PREDICTED.,$,.WORKTIME.,'P0Y0M4D','2027-03-01T07:00:00','2027-03-04T07:00:00','2027-09-27T07:00:00','2027-09-30T07:00:00','2027-09-30T07:00:00','2027-10-05T07:00:00','P0Y0M0D','P0Y0M3D',.F.,$,$,$,$,$,0.00);
#271=IFCTASK('1S0S6hDJIj03CwmYUiavpF',#6,'Walls, floor 9 \X2\2014\X0\ Tower C',$,$,'4.4.18',$,$,$,.F.,$,#270,.CONSTRUCTION.);
#272=IFCTASKTIME('Slab, floor 9 \X2\2014\X0\ Tower C Time',.PREDICTED.,$,.WORKTIME.,'P0Y0M3D','2027-03-01T07:00:00','2027-03-03T07:00:00','2027-09-29T07:00:00','2027-10-01T07:00:00','2027-10-04T07:00:00','2027-10-06T07:00:00','P0Y0M0D','P0Y0M3D',.F.,$,$,$,$,$,0.00);
#273=IFCTASK('3bCm_z600$SMdleGYzwDCI',#6,'Slab, floor 9 \X2\2014\X0\ Tower C',$,$,'4.4.19',$,$,$,.F.,$,#272,.CONSTRUCTION.);
#274=IFCTASKTIME('Walls, floor 10 \X2\2014\X0\ Tower C Time',.PREDICTED.,$,.WORKTIME.,'P0Y0M4D','2027-03-01T07:00:00','2027-03-04T07:00:00','2027-10-04T07:00:00','2027-10-07T07:00:00','2027-10-07T07:00:00','2027-10-12T07:00:00','P0Y0M0D','P0Y0M3D',.F.,$,$,$,$,$,0.00);
#275=IFCTASK('3nvFPLAB3IvNeVl0jiX8gH',#6,'Walls, floor 10 \X2\2014\X0\ Tower C',$,$,'4.4.20',$,$,$,.F.,$,#274,.CONSTRUCTION.);
#276=IFCTASKTIME('Slab, floor 10 \X2\2014\X0\ Tower C Time',.PREDICTED.,$,.WORKTIME.,'P0Y0M3D','2027-03-01T07:00:00','2027-03-03T07:00:00','2027-10-06T07:00:00','2027-10-08T07:00:00','2027-10-11T07:00:00','2027-10-13T07:00:00','P0Y0M0D','P0Y0M3D',.F.,$,$,$,$,$,0.00);
#277=IFCTASK('3he8xAfIgdOPPbZDNNzRFf',#6,'Slab, floor 10 \X2\2014\X0\ Tower C',$,$,'4.4.21',$,$,$,.F.,$,#276,.CONSTRUCTION.);
#278=IFCTASKTIME('Walls, floor 11 \X2\2014\X0\ Tower C Time',.PREDICTED.,$,.WORKTIME.,'P0Y0M4D','2027-03-01T07:00:00','2027-03-04T07:00:00','2027-10-11T07:00:00','2027-10-14T07:00:00','2027-10-14T07:00:00','2027-10-19T07:00:00','P0Y0M0D','P0Y0M3D',.F.,$,$,$,$,$,0.00);
#279=IFCTASK('0qFjZxxwPmq1W3WMPX5_Cy',#6,'Walls, floor 11 \X2\2014\X0\ Tower C',$,$,'4.4.22',$,$,$,.F.,$,#278,.CONSTRUCTION.);
#280=IFCTASKTIME('Slab, floor 11 \X2\2014\X0\ Tower C Time',.PREDICTED.,$,.WORKTIME.,'P0Y0M3D','2027-03-01T07:00:00','2027-03-03T07:00:00','2027-10-13T07:00:00','2027-10-15T07:00:00','2027-10-18T07:00:00','2027-10-20T07:00:00','P0Y0M0D','P0Y0M3D',.F.,$,$,$,$,$,0.00);
#281=IFCTASK('2AUMlwu5lDWrKtkwDG79sq',#6,'Slab, floor 11 \X2\2014\X0\ Tower C',$,$,'4.4.23',$,$,$,.F.,$,#280,.CONSTRUCTION.);
#282=IFCTASKTIME('Walls, floor 12 \X2\2014\X0\ Tower C Time',.PREDICTED.,$,.WORKTIME.,'P0Y0M4D','2027-03-01T07:00:00','2027-03-04T07:00:00','2027-10-18T07:00:00','2027-10-21T07:00:00','2027-10-21T07:00:00','2027-10-26T07:00:00','P0Y0M0D','P0Y0M3D',.F.,$,$,$,$,$,0.00);
#283=IFCTASK('1iDq3VnWot$vvtn9NRTV4w',#6,'Walls, floor 12 \X2\2014\X0\ Tower C',$,$,'4.4.24',$,$,$,.F.,$,#282,.CONSTRUCTION.);
#284=IFCTASKTIME('Slab, floor 12 \X2\2014\X0\ Tower C Time',.PREDICTED.,$,.WORKTIME.,'P0Y0M3D','2027-03-01T07:00:00','2027-03-03T07:00:00','2027-10-20T07:00:00','2027-10-22T07:00:00','2027-10-25T07:00:00','2027-10-27T07:00:00','P0Y0M0D','P0Y0M3D',.F.,$,$,$,$,$,0.00);
#285=IFCTASK('2MgIoGurfMq$VSrwIWHVH0',#6,'Slab, floor 12 \X2\2014\X0\ Tower C',$,$,'4.4.25',$,$,$,.F.,$,#284,.CONSTRUCTION.);
#286=IFCTASKTIME('Stair core & lift shaft \X2\2014\X0\ Tower C Time',.PREDICTED.,$,.WORKTIME.,'P0Y0M36D','2027-03-01T07:00:00','2027-04-19T07:00:00','2027-07-06T07:00:00','2027-09-14T07:00:00','2028-03-13T07:00:00','2028-05-04T07:00:00','P0Y0M33D','P0Y0M164D',.F.,$,$,$,$,$,0.00);
#287=IFCTASK('1ZtTYnOuXgTY7X_GqKtEd9',#6,'Stair core & lift shaft \X2\2014\X0\ Tower C',$,$,'4.4.26',$,$,$,.F.,$,#286,.CONSTRUCTION.);
#288=IFCTASKTIME('Install roof structure \X2\2014\X0\ Tower C Time',.PREDICTED.,$,.WORKTIME.,'P0Y0M5D','2027-03-01T07:00:00','2027-03-05T07:00:00','2027-10-25T07:00:00','2027-10-29T07:00:00','2027-10-28T07:00:00','2027-11-03T07:00:00','P0Y0M0D','P0Y0M3D',.F.,$,$,$,$,$,0.00);
#289=IFCTASK('0kfUGZDJ5xM9t7Y0$Cq6ng',#6,'Install roof structure \X2\2014\X0\ Tower C',$,$,'4.4.27',$,$,$,.F.,$,#288,.CONSTRUCTION.);
#290=IFCTASKTIME('Structural works complete \X2\2014\X0\ Tower C Time',.PREDICTED.,$,.WORKTIME.,'P0Y0M0D','2027-03-01T07:00:00','2027-03-01T07:00:00','2027-10-29T07:00:00','2027-10-29T07:00:00','2028-05-04T07:00:00','2028-05-04T07:00:00','P0Y0M0D','P0Y0M131D',.F.,$,$,$,$,$,0.00);
#291=IFCTASK('3TeTtfr9$EkGidtPYGYRYO',#6,'Structural works complete \X2\2014\X0\ Tower C',$,$,'4.4.28',$,$,$,.T.,$,#290,.CONSTRUCTION.);
#292=IFCTASKTIME('Structural works tower A (LOE) Time',.PREDICTED.,$,.WORKTIME.,'P0Y0M69D','2027-03-01T07:00:00','2027-03-05T07:00:00','2027-07-06T07:00:00','2027-10-29T07:00:00','2027-07-06T07:00:00','2027-10-29T07:00:00','P0Y0M0D','P0Y0M0D',.F.,$,$,$,$,$,0.00);
#293=IFCTASK('3BiHwjBHNN_RtT_nysvlLt',#6,'Structural works tower A (LOE)',$,$,'4.2.29',$,$,$,.F.,$,#292,.CONSTRUCTION.);
#294=IFCTASKTIME('Dismantle tower crane Time',.PREDICTED.,$,.WORKTIME.,'P0Y0M2D','2027-03-01T07:00:00','2027-03-02T07:00:00','2027-11-01T07:00:00','2027-11-02T07:00:00','2028-05-08T07:00:00','2028-05-09T07:00:00','P0Y0M131D','P0Y0M131D',.F.,$,$,$,$,$,0.00);
#295=IFCTASK('0U_5tOSzFDJdl77Y6iMvZA',#6,'Dismantle tower crane',$,$,'4.5',$,$,$,.F.,$,#294,.LOGISTIC.);
#296=IFCTASKTIME('4. Facade & roof Time',.PREDICTED.,$,.WORKTIME.,'P0Y0M108D','2027-03-01T07:00:00','2027-03-05T07:00:00','2027-07-05T07:00:00','2027-12-22T07:00:00','2027-07-05T07:00:00','2028-03-30T07:00:00','P0Y0M0D','P0Y0M0D',.T.,$,$,$,$,$,0.00);
#297=IFCTASK('0APdZoK3qf3hdNZQzAhrU9',#6,'4. Facade & roof',$,$,'5',$,$,$,.F.,$,#296,.CONSTRUCTION.);
#298=IFCTASKTIME('Facade & roof \X2\2014\X0\ Tower A Time',.PREDICTED.,$,.WORKTIME.,'P0Y0M34D','2027-03-01T07:00:00','2027-03-05T07:00:00','2027-11-01T07:00:00','2027-12-16T07:00:00','2027-11-01T07:00:00','2027-12-16T07:00:00','P0Y0M0D','P0Y0M0D',.T.,$,$,$,$,$,0.00);
#299=IFCTASK('3pPg64dudzbyKlE4anlKn_',#6,'Facade & roof \X2\2014\X0\ Tower A',$,$,'5.1',$,$,$,.F.,$,#298,.CONSTRUCTION.);
#300=IFCTASKTIME('Erect scaffolding \X2\2014\X0\ Tower A Time',.PREDICTED.,$,.WORKTIME.,'P0Y0M3D','2027-03-01T07:00:00','2027-03-03T07:00:00','2027-11-01T07:00:00','2027-11-03T07:00:00','2027-11-01T07:00:00','2027-11-03T07:00:00','P0Y0M0D','P0Y0M0D',.T.,$,$,$,$,$,0.00);
#301=IFCTASK('2ryoUMfIZwJsWQIoS_dxiH',#6,'Erect scaffolding \X2\2014\X0\ Tower A',$,$,'5.1.1',$,$,$,.F.,$,#300,.LOGISTIC.);
#302=IFCTASKTIME('Apply facade insulation \X2\2014\X0\ Tower A Time',.PREDICTED.,$,.WORKTIME.,'P0Y0M8D','2027-03-01T07:00:00','2027-03-10T07:00:00','2027-11-04T07:00:00','2027-11-15T07:00:00','2027-11-04T07:00:00','2027-11-15T07:00:00','P0Y0M0D','P0Y0M0D',.T.,$,$,$,$,$,0.00);
#303=IFCTASK('2HRjkgmZ4atORt1xXKsPPy',#6,'Apply facade insulation \X2\2014\X0\ Tower A',$,$,'5.1.2',$,$,$,.F.,$,#302,.INSTALLATION.);
#304=IFCTASKTIME('Install facade cladding \X2\2014\X0\ Tower A Time',.PREDICTED.,$,.WORKTIME.,'P0Y0M10D','2027-03-01T07:00:00','2027-03-12T07:00:00','2027-11-16T07:00:00','2027-11-29T07:00:00','2027-11-16T07:00:00','2027-11-29T07:00:00','P0Y0M0D','P0Y0M0D',.T.,$,$,$,$,$,0.00);
#305=IFCTASK('3YhosOR4oxa42AuKNjnH0u',#6,'Install facade cladding \X2\2014\X0\ Tower A',$,$,'5.1.3',$,$,$,.F.,$,#304,.INSTALLATION.);
#306=IFCTASKTIME('Install window frames \X2\2014\X0\ Tower A Time',.PREDICTED.,$,.WORKTIME.,'P0Y0M6D','2027-03-01T07:00:00','2027-03-08T07:00:00','2027-11-30T07:00:00','2027-12-07T07:00:00','2027-11-30T07:00:00','2027-12-07T07:00:00','P0Y0M0D','P0Y0M0D',.T.,$,$,$,$,$,0.00);
#307=IFCTASK('14UnYB3ABmvBuyJRgN07jj',#6,'Install window frames \X2\2014\X0\ Tower A',$,$,'5.1.4',$,$,$,.F.,$,#306,.INSTALLATION.);
#308=IFCTASKTIME('Apply roof insulation \X2\2014\X0\ Tower A Time',.PREDICTED.,$,.WORKTIME.,'P0Y0M5D','2027-03-01T07:00:00','2027-03-05T07:00:00','2027-11-01T07:00:00','2027-11-05T07:00:00','2027-11-26T07:00:00','2027-12-02T07:00:00','P0Y0M0D','P0Y0M19D',.F.,$,$,$,$,$,0.00);
#309=IFCTASK('1h7ajLDVrSzMHkB6uZhsJj',#6,'Apply roof insulation \X2\2014\X0\ Tower A',$,$,'5.1.5',$,$,$,.F.,$,#308,.INSTALLATION.);
#310=IFCTASKTIME('Apply roofing \X2\2014\X0\ Tower A Time',.PREDICTED.,$,.WORKTIME.,'P0Y0M5D','2027-03-01T07:00:00','2027-03-05T07:00:00','2027-11-08T07:00:00','2027-11-12T07:00:00','2027-12-03T07:00:00','2027-12-09T07:00:00','P0Y0M0D','P0Y0M19D',.F.,$,$,$,$,$,0.00);
#311=IFCTASK('3yw3MtA4G_Z3LNuoPZfeaq',#6,'Apply roofing \X2\2014\X0\ Tower A',$,$,'5.1.6',$,$,$,.F.,$,#310,.CONSTRUCTION.);
#312=IFCTASKTIME('Install balcony balustrades \X2\2014\X0\ Tower A Time',.PREDICTED.,$,.WORKTIME.,'P0Y0M5D','2027-03-01T07:00:00','2027-03-05T07:00:00','2027-12-08T07:00:00','2027-12-14T07:00:00','2027-12-08T07:00:00','2027-12-14T07:00:00','P0Y0M0D','P0Y0M0D',.T.,$,$,$,$,$,0.00);
#313=IFCTASK('0kQZWDEVciRjeifvDxMLMj',#6,'Install balcony balustrades \X2\2014\X0\ Tower A',$,$,'5.1.7',$,$,$,.F.,$,#312,.CONSTRUCTION.);
#314=IFCTASKTIME('Connect rainwater drainage \X2\2014\X0\ Tower A Time',.PREDICTED.,$,.WORKTIME.,'P0Y0M3D','2027-03-01T07:00:00','2027-03-03T07:00:00','2027-11-15T07:00:00','2027-11-17T07:00:00','2027-12-10T07:00:00','2027-12-14T07:00:00','P0Y0M19D','P0Y0M19D',.F.,$,$,$,$,$,0.00);
#315=IFCTASK('2$QRFKwRD$OS0_U2$pYCOo',#6,'Connect rainwater drainage \X2\2014\X0\ Tower A',$,$,'5.1.8',$,$,$,.F.,$,#314,.INSTALLATION.);
#316=IFCTASKTIME('Strike scaffolding \X2\2014\X0\ Tower A Time',.PREDICTED.,$,.WORKTIME.,'P0Y0M2D','2027-03-01T07:00:00','2027-03-02T07:00:00','2027-12-15T07:00:00','2027-12-16T07:00:00','2027-12-15T07:00:00','2027-12-16T07:00:00','P0Y0M0D','P0Y0M0D',.T.,$,$,$,$,$,0.00);
#317=IFCTASK('1aYCxwjn16ikSXIDJMxwhY',#6,'Strike scaffolding \X2\2014\X0\ Tower A',$,$,'5.1.9',$,$,$,.F.,$,#316,.LOGISTIC.);
#318=IFCTASKTIME('Facade & roof \X2\2014\X0\ Tower B Time',.PREDICTED.,$,.WORKTIME.,'P0Y0M34D','2027-03-01T07:00:00','2027-03-05T07:00:00','2027-11-01T07:00:00','2027-12-16T07:00:00','2027-11-01T07:00:00','2027-12-16T07:00:00','P0Y0M0D','P0Y0M0D',.T.,$,$,$,$,$,0.00);
#319=IFCTASK('0BGMq7Nq_TscJm5DUAq8c5',#6,'Facade & roof \X2\2014\X0\ Tower B',$,$,'5.2',$,$,$,.F.,$,#318,.CONSTRUCTION.);
#320=IFCTASKTIME('Erect scaffolding \X2\2014\X0\ Tower B Time',.PREDICTED.,$,.WORKTIME.,'P0Y0M3D','2027-03-01T07:00:00','2027-03-03T07:00:00','2027-11-01T07:00:00','2027-11-03T07:00:00','2027-11-01T07:00:00','2027-11-03T07:00:00','P0Y0M0D','P0Y0M0D',.T.,$,$,$,$,$,0.00);
#321=IFCTASK('2pCxf8IsWDioudKGFGr_va',#6,'Erect scaffolding \X2\2014\X0\ Tower B',$,$,'5.2.1',$,$,$,.F.,$,#320,.LOGISTIC.);
#322=IFCTASKTIME('Apply facade insulation \X2\2014\X0\ Tower B Time',.PREDICTED.,$,.WORKTIME.,'P0Y0M8D','2027-03-01T07:00:00','2027-03-10T07:00:00','2027-11-04T07:00:00','2027-11-15T07:00:00','2027-11-04T07:00:00','2027-11-15T07:00:00','P0Y0M0D','P0Y0M0D',.T.,$,$,$,$,$,0.00);
#323=IFCTASK('28sXDeVl$Dv45WcThffPqB',#6,'Apply facade insulation \X2\2014\X0\ Tower B',$,$,'5.2.2',$,$,$,.F.,$,#322,.INSTALLATION.);
#324=IFCTASKTIME('Install facade cladding \X2\2014\X0\ Tower B Time',.PREDICTED.,$,.WORKTIME.,'P0Y0M10D','2027-03-01T07:00:00','2027-03-12T07:00:00','2027-11-16T07:00:00','2027-11-29T07:00:00','2027-11-16T07:00:00','2027-11-29T07:00:00','P0Y0M0D','P0Y0M0D',.T.,$,$,$,$,$,0.00);
#325=IFCTASK('2HJZKhhZ7o4wxkJDOe16TN',#6,'Install facade cladding \X2\2014\X0\ Tower B',$,$,'5.2.3',$,$,$,.F.,$,#324,.INSTALLATION.);
#326=IFCTASKTIME('Install window frames \X2\2014\X0\ Tower B Time',.PREDICTED.,$,.WORKTIME.,'P0Y0M6D','2027-03-01T07:00:00','2027-03-08T07:00:00','2027-11-30T07:00:00','2027-12-07T07:00:00','2027-11-30T07:00:00','2027-12-07T07:00:00','P0Y0M0D','P0Y0M0D',.T.,$,$,$,$,$,0.00);
#327=IFCTASK('0bZOcl8nq6IOeCcGmYKrOU',#6,'Install window frames \X2\2014\X0\ Tower B',$,$,'5.2.4',$,$,$,.F.,$,#326,.INSTALLATION.);
#328=IFCTASKTIME('Apply roof insulation \X2\2014\X0\ Tower B Time',.PREDICTED.,$,.WORKTIME.,'P0Y0M5D','2027-03-01T07:00:00','2027-03-05T07:00:00','2027-11-01T07:00:00','2027-11-05T07:00:00','2027-11-26T07:00:00','2027-12-02T07:00:00','P0Y0M0D','P0Y0M19D',.F.,$,$,$,$,$,0.00);
#329=IFCTASK('2Zbysjfgq85dnL2KWS$y6t',#6,'Apply roof insulation \X2\2014\X0\ Tower B',$,$,'5.2.5',$,$,$,.F.,$,#328,.INSTALLATION.);
#330=IFCTASKTIME('Apply roofing \X2\2014\X0\ Tower B Time',.PREDICTED.,$,.WORKTIME.,'P0Y0M5D','2027-03-01T07:00:00','2027-03-05T07:00:00','2027-11-08T07:00:00','2027-11-12T07:00:00','2027-12-03T07:00:00','2027-12-09T07:00:00','P0Y0M0D','P0Y0M19D',.F.,$,$,$,$,$,0.00);
#331=IFCTASK('3X1v2Tq0MuccOqz351ZsF0',#6,'Apply roofing \X2\2014\X0\ Tower B',$,$,'5.2.6',$,$,$,.F.,$,#330,.CONSTRUCTION.);
#332=IFCTASKTIME('Install balcony balustrades \X2\2014\X0\ Tower B Time',.PREDICTED.,$,.WORKTIME.,'P0Y0M5D','2027-03-01T07:00:00','2027-03-05T07:00:00','2027-12-08T07:00:00','2027-12-14T07:00:00','2027-12-08T07:00:00','2027-12-14T07:00:00','P0Y0M0D','P0Y0M0D',.T.,$,$,$,$,$,0.00);
#333=IFCTASK('1YRwy6diQ_ezSR2SQ73YNj',#6,'Install balcony balustrades \X2\2014\X0\ Tower B',$,$,'5.2.7',$,$,$,.F.,$,#332,.CONSTRUCTION.);
#334=IFCTASKTIME('Connect rainwater drainage \X2\2014\X0\ Tower B Time',.PREDICTED.,$,.WORKTIME.,'P0Y0M3D','2027-03-01T07:00:00','2027-03-03T07:00:00','2027-11-15T07:00:00','2027-11-17T07:00:00','2027-12-10T07:00:00','2027-12-14T07:00:00','P0Y0M19D','P0Y0M19D',.F.,$,$,$,$,$,0.00);
#335=IFCTASK('29$k_3PcfO9$0QCWwbkMJ0',#6,'Connect rainwater drainage \X2\2014\X0\ Tower B',$,$,'5.2.8',$,$,$,.F.,$,#334,.INSTALLATION.);
#336=IFCTASKTIME('Strike scaffolding \X2\2014\X0\ Tower B Time',.PREDICTED.,$,.WORKTIME.,'P0Y0M2D','2027-03-01T07:00:00','2027-03-02T07:00:00','2027-12-15T07:00:00','2027-12-16T07:00:00','2027-12-15T07:00:00','2027-12-16T07:00:00','P0Y0M0D','P0Y0M0D',.T.,$,$,$,$,$,0.00);
#337=IFCTASK('0STl5tt5m3rnmfq5de8Fm8',#6,'Strike scaffolding \X2\2014\X0\ Tower B',$,$,'5.2.9',$,$,$,.F.,$,#336,.LOGISTIC.);
#338=IFCTASKTIME('Facade & roof \X2\2014\X0\ Tower C Time',.PREDICTED.,$,.WORKTIME.,'P0Y0M34D','2027-03-01T07:00:00','2027-03-05T07:00:00','2027-11-01T07:00:00','2027-12-16T07:00:00','2027-11-04T07:00:00','2027-12-21T07:00:00','P0Y0M0D','P0Y0M3D',.F.,$,$,$,$,$,0.00);
#339=IFCTASK('015V60CQn49p2ripp243t2',#6,'Facade & roof \X2\2014\X0\ Tower C',$,$,'5.3',$,$,$,.F.,$,#338,.CONSTRUCTION.);
#340=IFCTASKTIME('Erect scaffolding \X2\2014\X0\ Tower C Time',.PREDICTED.,$,.WORKTIME.,'P0Y0M3D','2027-03-01T07:00:00','2027-03-03T07:00:00','2027-11-01T07:00:00','2027-11-03T07:00:00','2027-11-04T07:00:00','2027-11-08T07:00:00','P0Y0M0D','P0Y0M3D',.F.,$,$,$,$,$,0.00);
#341=IFCTASK('1xJaPpWHu$XstNoNRlYFRO',#6,'Erect scaffolding \X2\2014\X0\ Tower C',$,$,'5.3.1',$,$,$,.F.,$,#340,.LOGISTIC.);
#342=IFCTASKTIME('Apply facade insulation \X2\2014\X0\ Tower C Time',.PREDICTED.,$,.WORKTIME.,'P0Y0M8D','2027-03-01T07:00:00','2027-03-10T07:00:00','2027-11-04T07:00:00','2027-11-15T07:00:00','2027-11-09T07:00:00','2027-11-18T07:00:00','P0Y0M0D','P0Y0M3D',.F.,$,$,$,$,$,0.00);
#343=IFCTASK('03J8x1IVaGZmivegXMSgEf',#6,'Apply facade insulation \X2\2014\X0\ Tower C',$,$,'5.3.2',$,$,$,.F.,$,#342,.INSTALLATION.);
#344=IFCTASKTIME('Install facade cladding \X2\2014\X0\ Tower C Time',.PREDICTED.,$,.WORKTIME.,'P0Y0M10D','2027-03-01T07:00:00','2027-03-12T07:00:00','2027-11-16T07:00:00','2027-11-29T07:00:00','2027-11-19T07:00:00','2027-12-02T07:00:00','P0Y0M0D','P0Y0M3D',.F.,$,$,$,$,$,0.00);
#345=IFCTASK('0db9Sxdrb1eArwJcOdpzRt',#6,'Install facade cladding \X2\2014\X0\ Tower C',$,$,'5.3.3',$,$,$,.F.,$,#344,.INSTALLATION.);
#346=IFCTASKTIME('Install window frames \X2\2014\X0\ Tower C Time',.PREDICTED.,$,.WORKTIME.,'P0Y0M6D','2027-03-01T07:00:00','2027-03-08T07:00:00','2027-11-30T07:00:00','2027-12-07T07:00:00','2027-12-03T07:00:00','2027-12-10T07:00:00','P0Y0M0D','P0Y0M3D',.F.,$,$,$,$,$,0.00);
#347=IFCTASK('0qysvWF$9XfP0Klc9_ohTt',#6,'Install window frames \X2\2014\X0\ Tower C',$,$,'5.3.4',$,$,$,.F.,$,#346,.INSTALLATION.);
#348=IFCTASKTIME('Apply roof insulation \X2\2014\X0\ Tower C Time',.PREDICTED.,$,.WORKTIME.,'P0Y0M5D','2027-03-01T07:00:00','2027-03-05T07:00:00','2027-11-01T07:00:00','2027-11-05T07:00:00','2027-12-01T07:00:00','2027-12-07T07:00:00','P0Y0M0D','P0Y0M22D',.F.,$,$,$,$,$,0.00);
#349=IFCTASK('19akvCDvzDdIVjflp8Mr3D',#6,'Apply roof insulation \X2\2014\X0\ Tower C',$,$,'5.3.5',$,$,$,.F.,$,#348,.INSTALLATION.);
#350=IFCTASKTIME('Apply roofing \X2\2014\X0\ Tower C Time',.PREDICTED.,$,.WORKTIME.,'P0Y0M5D','2027-03-01T07:00:00','2027-03-05T07:00:00','2027-11-08T07:00:00','2027-11-12T07:00:00','2027-12-08T07:00:00','2027-12-14T07:00:00','P0Y0M0D','P0Y0M22D',.F.,$,$,$,$,$,0.00);
#351=IFCTASK('3UWDwHKcvGZkhAy64tWUco',#6,'Apply roofing \X2\2014\X0\ Tower C',$,$,'5.3.6',$,$,$,.F.,$,#350,.CONSTRUCTION.);
#352=IFCTASKTIME('Install balcony balustrades \X2\2014\X0\ Tower C Time',.PREDICTED.,$,.WORKTIME.,'P0Y0M5D','2027-03-01T07:00:00','2027-03-05T07:00:00','2027-12-08T07:00:00','2027-12-14T07:00:00','2027-12-13T07:00:00','2027-12-17T07:00:00','P0Y0M0D','P0Y0M3D',.F.,$,$,$,$,$,0.00);
#353=IFCTASK('3ndgJyWj7wgi40hMDJL9oY',#6,'Install balcony balustrades \X2\2014\X0\ Tower C',$,$,'5.3.7',$,$,$,.F.,$,#352,.CONSTRUCTION.);
#354=IFCTASKTIME('Connect rainwater drainage \X2\2014\X0\ Tower C Time',.PREDICTED.,$,.WORKTIME.,'P0Y0M3D','2027-03-01T07:00:00','2027-03-03T07:00:00','2027-11-15T07:00:00','2027-11-17T07:00:00','2027-12-15T07:00:00','2027-12-17T07:00:00','P0Y0M19D','P0Y0M22D',.F.,$,$,$,$,$,0.00);
#355=IFCTASK('2OmtzALBWfOwXCaXMYKRy5',#6,'Connect rainwater drainage \X2\2014\X0\ Tower C',$,$,'5.3.8',$,$,$,.F.,$,#354,.INSTALLATION.);
#356=IFCTASKTIME('Strike scaffolding \X2\2014\X0\ Tower C Time',.PREDICTED.,$,.WORKTIME.,'P0Y0M2D','2027-03-01T07:00:00','2027-03-02T07:00:00','2027-12-15T07:00:00','2027-12-16T07:00:00','2027-12-20T07:00:00','2027-12-21T07:00:00','P0Y0M0D','P0Y0M3D',.F.,$,$,$,$,$,0.00);
#357=IFCTASK('20gu58FSVuCOAnmW4XF2ZJ',#6,'Strike scaffolding \X2\2014\X0\ Tower C',$,$,'5.3.9',$,$,$,.F.,$,#356,.LOGISTIC.);
#358=IFCTASKTIME('Facade cladding, main entrance Time',.PREDICTED.,$,.WORKTIME.,'P0Y0M4D','2027-03-01T07:00:00','2027-03-04T07:00:00','2027-12-17T07:00:00','2027-12-22T07:00:00','2028-03-27T07:00:00','2028-03-30T07:00:00','P0Y0M0D','P0Y0M71D',.F.,$,$,$,$,$,0.00);
#359=IFCTASK('0SFBfsqYZhq2gY5WYvTtUz',#6,'Facade cladding, main entrance',$,$,'5.4',$,$,$,.F.,$,#358,.CONSTRUCTION.);
#360=IFCTASKTIME('Install parking deck canopy Time',.PREDICTED.,$,.WORKTIME.,'P0Y0M5D','2027-03-01T07:00:00','2027-03-05T07:00:00','2027-07-05T07:00:00','2027-07-09T07:00:00','2027-07-05T07:00:00','2027-07-09T07:00:00','P0Y0M0D','P0Y0M0D',.T.,$,$,$,$,$,0.00);
#361=IFCTASK('37DFXvkEiCOc617FgeB9M_',#6,'Install parking deck canopy',$,$,'5.5',$,$,$,.F.,$,#360,.CONSTRUCTION.);
#362=IFCTASKTIME('5. Building services (MEP) Time',.PREDICTED.,$,.WORKTIME.,'P0Y0M37D','2027-03-01T07:00:00','2027-03-05T07:00:00','2027-12-17T07:00:00','2028-02-07T07:00:00','2027-12-17T07:00:00','2028-05-09T07:00:00','P0Y0M0D','P0Y0M0D',.T.,$,$,$,$,$,0.00);
#363=IFCTASK('0sMpDPC$JgIZD7zaH878Yn',#6,'5. Building services (MEP)',$,$,'6',$,$,$,.F.,$,#362,.INSTALLATION.);
#364=IFCTASKTIME('Install heating plant room Time',.PREDICTED.,$,.WORKTIME.,'P0Y0M6D','2027-03-01T07:00:00','2027-03-08T07:00:00','2027-12-23T07:00:00','2027-12-30T07:00:00','2028-04-11T07:00:00','2028-04-20T07:00:00','P0Y0M0D','P0Y0M78D',.F.,$,$,$,$,$,0.00);
#365=IFCTASK('3462_Rfzl57UJYVdsrta7C',#6,'Install heating plant room',$,$,'6.1',$,$,$,.F.,$,#364,.INSTALLATION.);
#366=IFCTASKTIME('Connect main electrical distribution board Time',.PREDICTED.,$,.WORKTIME.,'P0Y0M4D','2027-03-01T07:00:00','2027-03-04T07:00:00','2027-12-31T07:00:00','2028-01-05T07:00:00','2028-04-21T07:00:00','2028-04-26T07:00:00','P0Y0M0D','P0Y0M78D',.F.,$,$,$,$,$,0.00);
#367=IFCTASK('2qzvftdUzJSqN9YdT0iW9n',#6,'Connect main electrical distribution board',$,$,'6.2',$,$,$,.F.,$,#366,.INSTALLATION.);
#368=IFCTASKTIME('Install & test emergency generator Time',.PREDICTED.,$,.WORKTIME.,'P0Y0M3D','2027-03-01T07:00:00','2027-03-03T07:00:00','2028-01-06T07:00:00','2028-01-10T07:00:00','2028-04-28T07:00:00','2028-05-02T07:00:00','P0Y0M0D','P0Y0M78D',.F.,$,$,$,$,$,0.00);
#369=IFCTASK('2$8BhUzCHoJfhB3RGt43mZ',#6,'Install & test emergency generator',$,$,'6.3',$,$,$,.F.,$,#368,.INSTALLATION.);
#370=IFCTASKTIME('Fit out data centre server room Time',.PREDICTED.,$,.WORKTIME.,'P0Y0M4D','2027-03-01T07:00:00','2027-03-04T07:00:00','2028-01-11T07:00:00','2028-01-14T07:00:00','2028-05-03T07:00:00','2028-05-09T07:00:00','P0Y0M78D','P0Y0M78D',.F.,$,$,$,$,$,0.00);
#371=IFCTASK('18ztD9AGmKQs2aljm5YBB1',#6,'Fit out data centre server room',$,$,'6.4',$,$,$,.F.,$,#370,.INSTALLATION.);
#372=IFCTASKTIME('Building services \X2\2014\X0\ Tower A Time',.PREDICTED.,$,.WORKTIME.,'P0Y0M37D','2027-03-01T07:00:00','2027-03-05T07:00:00','2027-12-17T07:00:00','2028-02-07T07:00:00','2027-12-17T07:00:00','2028-02-07T07:00:00','P0Y0M0D','P0Y0M0D',.T.,$,$,$,$,$,0.00);
#373=IFCTASK('2A6HoAnjtLxjos2KJDQ_Mw',#6,'Building services \X2\2014\X0\ Tower A',$,$,'6.5',$,$,$,.F.,$,#372,.CONSTRUCTION.);
#374=IFCTASKTIME('Mechanical services \X2\2014\X0\ Tower A Time',.PREDICTED.,$,.WORKTIME.,'P0Y0M8D','2027-03-01T07:00:00','2027-03-10T07:00:00','2027-12-17T07:00:00','2027-12-28T07:00:00','2027-12-17T07:00:00','2027-12-28T07:00:00','P0Y0M0D','P0Y0M0D',.T.,$,$,$,$,$,0.00);
#375=IFCTASK('1BVF$FIAqeLkyP2rb$u9fl',#6,'Mechanical services \X2\2014\X0\ Tower A',$,$,'6.5.1',$,$,$,.F.,$,#374,.INSTALLATION.);
#376=IFCTASKTIME('Install electrical services \X2\2014\X0\ Tower A Time',.PREDICTED.,$,.WORKTIME.,'P0Y0M7D','2027-03-01T07:00:00','2027-03-09T07:00:00','2027-12-21T07:00:00','2027-12-29T07:00:00','2027-12-21T07:00:00','2027-12-29T07:00:00','P0Y0M0D','P0Y0M0D',.T.,$,$,$,$,$,0.00);
#377=IFCTASK('0mWgUyHJoM8BmxxB0gua7D',#6,'Install electrical services \X2\2014\X0\ Tower A',$,$,'6.5.2',$,$,$,.F.,$,#376,.INSTALLATION.);
#378=IFCTASKTIME('Connect ventilation ductwork \X2\2014\X0\ Tower A Time',.PREDICTED.,$,.WORKTIME.,'P0Y0M5D','2027-03-01T07:00:00','2027-03-05T07:00:00','2027-12-30T07:00:00','2028-01-05T07:00:00','2027-12-30T07:00:00','2028-01-05T07:00:00','P0Y0M0D','P0Y0M0D',.T.,$,$,$,$,$,0.00);
#379=IFCTASK('0LG4bOula7h_wgioSlfMYd',#6,'Connect ventilation ductwork \X2\2014\X0\ Tower A',$,$,'6.5.3',$,$,$,.F.,$,#378,.INSTALLATION.);
#380=IFCTASKTIME('Install sprinkler system \X2\2014\X0\ Tower A Time',.PREDICTED.,$,.WORKTIME.,'P0Y0M5D','2027-03-01T07:00:00','2027-03-05T07:00:00','2028-01-06T07:00:00','2028-01-12T07:00:00','2028-01-06T07:00:00','2028-01-12T07:00:00','P0Y0M0D','P0Y0M0D',.T.,$,$,$,$,$,0.00);
#381=IFCTASK('1wXTRCGFSyn2JNo86zbp2J',#6,'Install sprinkler system \X2\2014\X0\ Tower A',$,$,'6.5.4',$,$,$,.F.,$,#380,.INSTALLATION.);
#382=IFCTASKTIME('Install data/ICT cabling \X2\2014\X0\ Tower A Time',.PREDICTED.,$,.WORKTIME.,'P0Y0M4D','2027-03-01T07:00:00','2027-03-04T07:00:00','2028-01-13T07:00:00','2028-01-18T07:00:00','2028-01-13T07:00:00','2028-01-18T07:00:00','P0Y0M0D','P0Y0M0D',.T.,$,$,$,$,$,0.00);
#383=IFCTASK('1JSCkaidQqb34vmmTO72q6',#6,'Install data/ICT cabling \X2\2014\X0\ Tower A',$,$,'6.5.5',$,$,$,.F.,$,#382,.INSTALLATION.);
#384=IFCTASKTIME('Install fire alarm system \X2\2014\X0\ Tower A Time',.PREDICTED.,$,.WORKTIME.,'P0Y0M4D','2027-03-01T07:00:00','2027-03-04T07:00:00','2028-01-19T07:00:00','2028-01-24T07:00:00','2028-01-19T07:00:00','2028-01-24T07:00:00','P0Y0M0D','P0Y0M0D',.T.,$,$,$,$,$,0.00);
#385=IFCTASK('1rHuPvE6OBf1LtTBCDuqmf',#6,'Install fire alarm system \X2\2014\X0\ Tower A',$,$,'6.5.6',$,$,$,.F.,$,#384,.INSTALLATION.);
#386=IFCTASKTIME('Lift supply & installation \X2\2014\X0\ Tower A Time',.PREDICTED.,$,.WORKTIME.,'P0Y0M10D','2027-03-01T07:00:00','2027-03-12T07:00:00','2028-01-25T07:00:00','2028-02-07T07:00:00','2028-01-25T07:00:00','2028-02-07T07:00:00','P0Y0M0D','P0Y0M0D',.T.,$,$,$,$,$,0.00);
#387=IFCTASK('0CjESex9EAaaiC5SjE14k1',#6,'Lift supply & installation \X2\2014\X0\ Tower A',$,$,'6.5.7',$,$,$,.F.,$,#386,.INSTALLATION.);
#388=IFCTASKTIME('Services commissioning inspection \X2\2014\X0\ Tower A Time',.PREDICTED.,$,.WORKTIME.,'P0Y0M0D','2027-03-01T07:00:00','2027-03-01T07:00:00','2028-02-07T07:00:00','2028-02-07T07:00:00','2028-02-07T07:00:00','2028-02-07T07:00:00','P0Y0M0D','P0Y0M0D',.T.,$,$,$,$,$,0.00);
#389=IFCTASK('0LlylC2P8yiNxWFP0uD03B',#6,'Services commissioning inspection \X2\2014\X0\ Tower A',$,$,'6.5.8',$,$,$,.T.,$,#388,.CONSTRUCTION.);
#390=IFCTASKTIME('Building services \X2\2014\X0\ Tower B Time',.PREDICTED.,$,.WORKTIME.,'P0Y0M37D','2027-03-01T07:00:00','2027-03-05T07:00:00','2027-12-17T07:00:00','2028-02-07T07:00:00','2027-12-17T07:00:00','2028-02-07T07:00:00','P0Y0M0D','P0Y0M0D',.T.,$,$,$,$,$,0.00);
#391=IFCTASK('2PWBF8YFJUFuCGi_mJsTL0',#6,'Building services \X2\2014\X0\ Tower B',$,$,'6.6',$,$,$,.F.,$,#390,.CONSTRUCTION.);
#392=IFCTASKTIME('Mechanical services \X2\2014\X0\ Tower B Time',.PREDICTED.,$,.WORKTIME.,'P0Y0M8D','2027-03-01T07:00:00','2027-03-10T07:00:00','2027-12-17T07:00:00','2027-12-28T07:00:00','2027-12-17T07:00:00','2027-12-28T07:00:00','P0Y0M0D','P0Y0M0D',.T.,$,$,$,$,$,0.00);
#393=IFCTASK('01rQtBE_0hekifRbdpXyK2',#6,'Mechanical services \X2\2014\X0\ Tower B',$,$,'6.6.1',$,$,$,.F.,$,#392,.INSTALLATION.);
#394=IFCTASKTIME('Install electrical services \X2\2014\X0\ Tower B Time',.PREDICTED.,$,.WORKTIME.,'P0Y0M7D','2027-03-01T07:00:00','2027-03-09T07:00:00','2027-12-21T07:00:00','2027-12-29T07:00:00','2027-12-21T07:00:00','2027-12-29T07:00:00','P0Y0M0D','P0Y0M0D',.T.,$,$,$,$,$,0.00);
#395=IFCTASK('0oK6oK$Kq7Tk8SUHl2wSzP',#6,'Install electrical services \X2\2014\X0\ Tower B',$,$,'6.6.2',$,$,$,.F.,$,#394,.INSTALLATION.);
#396=IFCTASKTIME('Connect ventilation ductwork \X2\2014\X0\ Tower B Time',.PREDICTED.,$,.WORKTIME.,'P0Y0M5D','2027-03-01T07:00:00','2027-03-05T07:00:00','2027-12-30T07:00:00','2028-01-05T07:00:00','2027-12-30T07:00:00','2028-01-05T07:00:00','P0Y0M0D','P0Y0M0D',.T.,$,$,$,$,$,0.00);
#397=IFCTASK('3SNsHBWCn4d5MhZPnNRtca',#6,'Connect ventilation ductwork \X2\2014\X0\ Tower B',$,$,'6.6.3',$,$,$,.F.,$,#396,.INSTALLATION.);
#398=IFCTASKTIME('Install sprinkler system \X2\2014\X0\ Tower B Time',.PREDICTED.,$,.WORKTIME.,'P0Y0M5D','2027-03-01T07:00:00','2027-03-05T07:00:00','2028-01-06T07:00:00','2028-01-12T07:00:00','2028-01-06T07:00:00','2028-01-12T07:00:00','P0Y0M0D','P0Y0M0D',.T.,$,$,$,$,$,0.00);
#399=IFCTASK('190IbPpLS3vhr_qrypAMuh',#6,'Install sprinkler system \X2\2014\X0\ Tower B',$,$,'6.6.4',$,$,$,.F.,$,#398,.INSTALLATION.);
#400=IFCTASKTIME('Install data/ICT cabling \X2\2014\X0\ Tower B Time',.PREDICTED.,$,.WORKTIME.,'P0Y0M4D','2027-03-01T07:00:00','2027-03-04T07:00:00','2028-01-13T07:00:00','2028-01-18T07:00:00','2028-01-13T07:00:00','2028-01-18T07:00:00','P0Y0M0D','P0Y0M0D',.T.,$,$,$,$,$,0.00);
#401=IFCTASK('1HVmLVTbHKBv2r7RTqWAef',#6,'Install data/ICT cabling \X2\2014\X0\ Tower B',$,$,'6.6.5',$,$,$,.F.,$,#400,.INSTALLATION.);
#402=IFCTASKTIME('Install fire alarm system \X2\2014\X0\ Tower B Time',.PREDICTED.,$,.WORKTIME.,'P0Y0M4D','2027-03-01T07:00:00','2027-03-04T07:00:00','2028-01-19T07:00:00','2028-01-24T07:00:00','2028-01-19T07:00:00','2028-01-24T07:00:00','P0Y0M0D','P0Y0M0D',.T.,$,$,$,$,$,0.00);
#403=IFCTASK('3$ktUe95qsuzXHHtdCUqN6',#6,'Install fire alarm system \X2\2014\X0\ Tower B',$,$,'6.6.6',$,$,$,.F.,$,#402,.INSTALLATION.);
#404=IFCTASKTIME('Lift supply & installation \X2\2014\X0\ Tower B Time',.PREDICTED.,$,.WORKTIME.,'P0Y0M10D','2027-03-01T07:00:00','2027-03-12T07:00:00','2028-01-25T07:00:00','2028-02-07T07:00:00','2028-01-25T07:00:00','2028-02-07T07:00:00','P0Y0M0D','P0Y0M0D',.T.,$,$,$,$,$,0.00);
#405=IFCTASK('31BIDDTGhfKnO7sxW$upU0',#6,'Lift supply & installation \X2\2014\X0\ Tower B',$,$,'6.6.7',$,$,$,.F.,$,#404,.INSTALLATION.);
#406=IFCTASKTIME('Services commissioning inspection \X2\2014\X0\ Tower B Time',.PREDICTED.,$,.WORKTIME.,'P0Y0M0D','2027-03-01T07:00:00','2027-03-01T07:00:00','2028-02-07T07:00:00','2028-02-07T07:00:00','2028-02-07T07:00:00','2028-02-07T07:00:00','P0Y0M0D','P0Y0M0D',.T.,$,$,$,$,$,0.00);
#407=IFCTASK('0Z091dv7rxr6YrKKC8sxRb',#6,'Services commissioning inspection \X2\2014\X0\ Tower B',$,$,'6.6.8',$,$,$,.T.,$,#406,.CONSTRUCTION.);
#408=IFCTASKTIME('Building services \X2\2014\X0\ Tower C Time',.PREDICTED.,$,.WORKTIME.,'P0Y0M37D','2027-03-01T07:00:00','2027-03-05T07:00:00','2027-12-17T07:00:00','2028-02-07T07:00:00','2027-12-22T07:00:00','2028-02-10T07:00:00','P0Y0M0D','P0Y0M3D',.F.,$,$,$,$,$,0.00);
#409=IFCTASK('1ff3g4jUQkDZrTe1isTdfG',#6,'Building services \X2\2014\X0\ Tower C',$,$,'6.7',$,$,$,.F.,$,#408,.CONSTRUCTION.);
#410=IFCTASKTIME('Mechanical services \X2\2014\X0\ Tower C Time',.PREDICTED.,$,.WORKTIME.,'P0Y0M8D','2027-03-01T07:00:00','2027-03-10T07:00:00','2027-12-17T07:00:00','2027-12-28T07:00:00','2027-12-22T07:00:00','2027-12-31T07:00:00','P0Y0M0D','P0Y0M3D',.F.,$,$,$,$,$,0.00);
#411=IFCTASK('0OB4moGKpoIsu$zXcotCu2',#6,'Mechanical services \X2\2014\X0\ Tower C',$,$,'6.7.1',$,$,$,.F.,$,#410,.INSTALLATION.);
#412=IFCTASKTIME('Install electrical services \X2\2014\X0\ Tower C Time',.PREDICTED.,$,.WORKTIME.,'P0Y0M7D','2027-03-01T07:00:00','2027-03-09T07:00:00','2027-12-21T07:00:00','2027-12-29T07:00:00','2027-12-24T07:00:00','2028-01-03T07:00:00','P0Y0M0D','P0Y0M3D',.F.,$,$,$,$,$,0.00);
#413=IFCTASK('3CHAuTswR_eQy81wJT1t$k',#6,'Install electrical services \X2\2014\X0\ Tower C',$,$,'6.7.2',$,$,$,.F.,$,#412,.INSTALLATION.);
#414=IFCTASKTIME('Connect ventilation ductwork \X2\2014\X0\ Tower C Time',.PREDICTED.,$,.WORKTIME.,'P0Y0M5D','2027-03-01T07:00:00','2027-03-05T07:00:00','2027-12-30T07:00:00','2028-01-05T07:00:00','2028-01-04T07:00:00','2028-01-10T07:00:00','P0Y0M0D','P0Y0M3D',.F.,$,$,$,$,$,0.00);
#415=IFCTASK('1rF79iCfKpqcYe94THHIGs',#6,'Connect ventilation ductwork \X2\2014\X0\ Tower C',$,$,'6.7.3',$,$,$,.F.,$,#414,.INSTALLATION.);
#416=IFCTASKTIME('Install sprinkler system \X2\2014\X0\ Tower C Time',.PREDICTED.,$,.WORKTIME.,'P0Y0M5D','2027-03-01T07:00:00','2027-03-05T07:00:00','2028-01-06T07:00:00','2028-01-12T07:00:00','2028-01-11T07:00:00','2028-01-17T07:00:00','P0Y0M0D','P0Y0M3D',.F.,$,$,$,$,$,0.00);
#417=IFCTASK('3CX3mQZrskCkriv$fxZbzG',#6,'Install sprinkler system \X2\2014\X0\ Tower C',$,$,'6.7.4',$,$,$,.F.,$,#416,.INSTALLATION.);
#418=IFCTASKTIME('Install data/ICT cabling \X2\2014\X0\ Tower C Time',.PREDICTED.,$,.WORKTIME.,'P0Y0M4D','2027-03-01T07:00:00','2027-03-04T07:00:00','2028-01-13T07:00:00','2028-01-18T07:00:00','2028-01-18T07:00:00','2028-01-21T07:00:00','P0Y0M0D','P0Y0M3D',.F.,$,$,$,$,$,0.00);
#419=IFCTASK('3U5F4JgWEOZ7oLG8OFSiKZ',#6,'Install data/ICT cabling \X2\2014\X0\ Tower C',$,$,'6.7.5',$,$,$,.F.,$,#418,.INSTALLATION.);
#420=IFCTASKTIME('Install fire alarm system \X2\2014\X0\ Tower C Time',.PREDICTED.,$,.WORKTIME.,'P0Y0M4D','2027-03-01T07:00:00','2027-03-04T07:00:00','2028-01-19T07:00:00','2028-01-24T07:00:00','2028-01-24T07:00:00','2028-01-27T07:00:00','P0Y0M0D','P0Y0M3D',.F.,$,$,$,$,$,0.00);
#421=IFCTASK('3YRsX8DN4U5JwnEPSASK1h',#6,'Install fire alarm system \X2\2014\X0\ Tower C',$,$,'6.7.6',$,$,$,.F.,$,#420,.INSTALLATION.);
#422=IFCTASKTIME('Lift supply & installation \X2\2014\X0\ Tower C Time',.PREDICTED.,$,.WORKTIME.,'P0Y0M10D','2027-03-01T07:00:00','2027-03-12T07:00:00','2028-01-25T07:00:00','2028-02-07T07:00:00','2028-01-28T07:00:00','2028-02-10T07:00:00','P0Y0M0D','P0Y0M3D',.F.,$,$,$,$,$,0.00);
#423=IFCTASK('0Ikm419p9n3qWmxpa1$Zyo',#6,'Lift supply & installation \X2\2014\X0\ Tower C',$,$,'6.7.7',$,$,$,.F.,$,#422,.INSTALLATION.);
#424=IFCTASKTIME('Services commissioning inspection \X2\2014\X0\ Tower C Time',.PREDICTED.,$,.WORKTIME.,'P0Y0M0D','2027-03-01T07:00:00','2027-03-01T07:00:00','2028-02-07T07:00:00','2028-02-07T07:00:00','2028-02-10T07:00:00','2028-02-10T07:00:00','P0Y0M0D','P0Y0M3D',.F.,$,$,$,$,$,0.00);
#425=IFCTASK('3eZU4ZS4suM4LVUA5IkHjY',#6,'Services commissioning inspection \X2\2014\X0\ Tower C',$,$,'6.7.8',$,$,$,.T.,$,#424,.CONSTRUCTION.);
#426=IFCTASKTIME('6. Fit-out Time',.PREDICTED.,$,.WORKTIME.,'P0Y0M95D','2027-03-01T07:00:00','2027-03-05T07:00:00','2027-12-23T07:00:00','2028-05-09T07:00:00','2028-02-08T07:00:00','2028-05-09T07:00:00','P0Y0M0D','P0Y0M0D',.T.,$,$,$,$,$,0.00);
#427=IFCTASK('3IuC5ZERJPfIVh3Ew0wgZN',#6,'6. Fit-out',$,$,'7',$,$,$,.F.,$,#426,.CONSTRUCTION.);
#428=IFCTASKTIME('Fit-out \X2\2014\X0\ Tower A Time',.PREDICTED.,$,.WORKTIME.,'P0Y0M62D','2027-03-01T07:00:00','2027-03-05T07:00:00','2028-02-08T07:00:00','2028-05-09T07:00:00','2028-02-08T07:00:00','2028-05-09T07:00:00','P0Y0M0D','P0Y0M0D',.T.,$,$,$,$,$,0.00);
#429=IFCTASK('005qoqLPIrW8tNIMbutwA9',#6,'Fit-out \X2\2014\X0\ Tower A',$,$,'7.1',$,$,$,.F.,$,#428,.CONSTRUCTION.);
#430=IFCTASKTIME('Plastering \X2\2014\X0\ Tower A Time',.PREDICTED.,$,.WORKTIME.,'P0Y0M15D','2027-03-01T07:00:00','2027-03-16T07:00:00','2028-02-08T07:00:00','2028-02-28T07:00:00','2028-02-08T07:00:00','2028-02-28T07:00:00','P0Y0M0D','P0Y0M0D',.T.,$,$,$,$,$,0.00);
#431=IFCTASK('2xjSQ_UtZW9YCsdUAb_lnw',#6,'Plastering \X2\2014\X0\ Tower A',$,$,'7.1.1',$,$,$,.F.,$,#430,.CONSTRUCTION.);
#432=IFCTASKTIME('Tiling \X2\2014\X0\ Tower A Time',.PREDICTED.,$,.WORKTIME.,'P0Y0M10D','2027-03-01T07:00:00','2027-03-12T07:00:00','2028-02-29T07:00:00','2028-03-13T07:00:00','2028-02-29T07:00:00','2028-03-13T07:00:00','P0Y0M0D','P0Y0M0D',.T.,$,$,$,$,$,0.00);
#433=IFCTASK('2Aj3kQPWG61FsqkQGPrFTA',#6,'Tiling \X2\2014\X0\ Tower A',$,$,'7.1.2',$,$,$,.F.,$,#432,.CONSTRUCTION.);
#434=IFCTASKTIME('Install kitchens \X2\2014\X0\ Tower A Time',.PREDICTED.,$,.WORKTIME.,'P0Y0M8D','2027-03-01T07:00:00','2027-03-10T07:00:00','2028-03-14T07:00:00','2028-03-23T07:00:00','2028-03-14T07:00:00','2028-03-23T07:00:00','P0Y0M0D','P0Y0M0D',.T.,$,$,$,$,$,0.00);
#435=IFCTASK('0U3C34$vVFTyljHgvKbFMB',#6,'Install kitchens \X2\2014\X0\ Tower A',$,$,'7.1.3',$,$,$,.F.,$,#434,.CONSTRUCTION.);
#436=IFCTASKTIME('Install sanitary fittings \X2\2014\X0\ Tower A Time',.PREDICTED.,$,.WORKTIME.,'P0Y0M7D','2027-03-01T07:00:00','2027-03-09T07:00:00','2028-03-24T07:00:00','2028-04-03T07:00:00','2028-03-24T07:00:00','2028-04-03T07:00:00','P0Y0M0D','P0Y0M0D',.T.,$,$,$,$,$,0.00);
#437=IFCTASK('0K9$94tMCfxOK8UlGrluQz',#6,'Install sanitary fittings \X2\2014\X0\ Tower A',$,$,'7.1.4',$,$,$,.F.,$,#436,.INSTALLATION.);
#438=IFCTASKTIME('Painting \X2\2014\X0\ Tower A Time',.PREDICTED.,$,.WORKTIME.,'P0Y0M8D','2027-03-01T07:00:00','2027-03-10T07:00:00','2028-04-04T07:00:00','2028-04-13T07:00:00','2028-04-04T07:00:00','2028-04-13T07:00:00','P0Y0M0D','P0Y0M0D',.T.,$,$,$,$,$,0.00);
#439=IFCTASK('2FY_tJPo3_FTf_xQjBOIDr',#6,'Painting \X2\2014\X0\ Tower A',$,$,'7.1.5',$,$,$,.F.,$,#438,.CONSTRUCTION.);
#440=IFCTASKTIME('Floor finishes \X2\2014\X0\ Tower A Time',.PREDICTED.,$,.WORKTIME.,'P0Y0M5D','2027-03-01T07:00:00','2027-03-05T07:00:00','2028-04-18T07:00:00','2028-04-24T07:00:00','2028-04-18T07:00:00','2028-04-24T07:00:00','P0Y0M0D','P0Y0M0D',.T.,$,$,$,$,$,0.00);
#441=IFCTASK('2Hk1SMBc$rkCt5qL40DVfw',#6,'Floor finishes \X2\2014\X0\ Tower A',$,$,'7.1.6',$,$,$,.F.,$,#440,.CONSTRUCTION.);
#442=IFCTASKTIME('Finish ceilings \X2\2014\X0\ Tower A Time',.PREDICTED.,$,.WORKTIME.,'P0Y0M5D','2027-03-01T07:00:00','2027-03-05T07:00:00','2028-04-25T07:00:00','2028-05-02T07:00:00','2028-04-25T07:00:00','2028-05-02T07:00:00','P0Y0M0D','P0Y0M0D',.T.,$,$,$,$,$,0.00);
#443=IFCTASK('0zAGt_uUjcBzrCmVLh9Q9w',#6,'Finish ceilings \X2\2014\X0\ Tower A',$,$,'7.1.7',$,$,$,.F.,$,#442,.CONSTRUCTION.);
#444=IFCTASKTIME('Doors and ironmongery \X2\2014\X0\ Tower A Time',.PREDICTED.,$,.WORKTIME.,'P0Y0M4D','2027-03-01T07:00:00','2027-03-04T07:00:00','2028-05-03T07:00:00','2028-05-09T07:00:00','2028-05-03T07:00:00','2028-05-09T07:00:00','P0Y0M0D','P0Y0M0D',.T.,$,$,$,$,$,0.00);
#445=IFCTASK('2KP4jgjuFYFemAdrQCS2do',#6,'Doors and ironmongery \X2\2014\X0\ Tower A',$,$,'7.1.8',$,$,$,.F.,$,#444,.CONSTRUCTION.);
#446=IFCTASKTIME('Fit-out \X2\2014\X0\ Tower B Time',.PREDICTED.,$,.WORKTIME.,'P0Y0M62D','2027-03-01T07:00:00','2027-03-05T07:00:00','2028-02-08T07:00:00','2028-05-09T07:00:00','2028-02-08T07:00:00','2028-05-09T07:00:00','P0Y0M0D','P0Y0M0D',.T.,$,$,$,$,$,0.00);
#447=IFCTASK('1oXpy3phnVCRSJBDOGAfL9',#6,'Fit-out \X2\2014\X0\ Tower B',$,$,'7.2',$,$,$,.F.,$,#446,.CONSTRUCTION.);
#448=IFCTASKTIME('Plastering \X2\2014\X0\ Tower B Time',.PREDICTED.,$,.WORKTIME.,'P0Y0M15D','2027-03-01T07:00:00','2027-03-16T07:00:00','2028-02-08T07:00:00','2028-02-28T07:00:00','2028-02-08T07:00:00','2028-02-28T07:00:00','P0Y0M0D','P0Y0M0D',.T.,$,$,$,$,$,0.00);
#449=IFCTASK('2nSSJWRnZn_GvSgh0tZUaW',#6,'Plastering \X2\2014\X0\ Tower B',$,$,'7.2.1',$,$,$,.F.,$,#448,.CONSTRUCTION.);
#450=IFCTASKTIME('Tiling \X2\2014\X0\ Tower B Time',.PREDICTED.,$,.WORKTIME.,'P0Y0M10D','2027-03-01T07:00:00','2027-03-12T07:00:00','2028-02-29T07:00:00','2028-03-13T07:00:00','2028-02-29T07:00:00','2028-03-13T07:00:00','P0Y0M0D','P0Y0M0D',.T.,$,$,$,$,$,0.00);
#451=IFCTASK('0jGwARPOrqM3bxi_10jwqK',#6,'Tiling \X2\2014\X0\ Tower B',$,$,'7.2.2',$,$,$,.F.,$,#450,.CONSTRUCTION.);
#452=IFCTASKTIME('Install kitchens \X2\2014\X0\ Tower B Time',.PREDICTED.,$,.WORKTIME.,'P0Y0M8D','2027-03-01T07:00:00','2027-03-10T07:00:00','2028-03-14T07:00:00','2028-03-23T07:00:00','2028-03-14T07:00:00','2028-03-23T07:00:00','P0Y0M0D','P0Y0M0D',.T.,$,$,$,$,$,0.00);
#453=IFCTASK('0okS7LxvWWMkOaKAjx7Qap',#6,'Install kitchens \X2\2014\X0\ Tower B',$,$,'7.2.3',$,$,$,.F.,$,#452,.CONSTRUCTION.);
#454=IFCTASKTIME('Install sanitary fittings \X2\2014\X0\ Tower B Time',.PREDICTED.,$,.WORKTIME.,'P0Y0M7D','2027-03-01T07:00:00','2027-03-09T07:00:00','2028-03-24T07:00:00','2028-04-03T07:00:00','2028-03-24T07:00:00','2028-04-03T07:00:00','P0Y0M0D','P0Y0M0D',.T.,$,$,$,$,$,0.00);
#455=IFCTASK('2OFO71IMV1p8_U8wpBEhrf',#6,'Install sanitary fittings \X2\2014\X0\ Tower B',$,$,'7.2.4',$,$,$,.F.,$,#454,.INSTALLATION.);
#456=IFCTASKTIME('Painting \X2\2014\X0\ Tower B Time',.PREDICTED.,$,.WORKTIME.,'P0Y0M8D','2027-03-01T07:00:00','2027-03-10T07:00:00','2028-04-04T07:00:00','2028-04-13T07:00:00','2028-04-04T07:00:00','2028-04-13T07:00:00','P0Y0M0D','P0Y0M0D',.T.,$,$,$,$,$,0.00);
#457=IFCTASK('3XUja$YXydz46u_C9yy$6O',#6,'Painting \X2\2014\X0\ Tower B',$,$,'7.2.5',$,$,$,.F.,$,#456,.CONSTRUCTION.);
#458=IFCTASKTIME('Floor finishes \X2\2014\X0\ Tower B Time',.PREDICTED.,$,.WORKTIME.,'P0Y0M5D','2027-03-01T07:00:00','2027-03-05T07:00:00','2028-04-18T07:00:00','2028-04-24T07:00:00','2028-04-18T07:00:00','2028-04-24T07:00:00','P0Y0M0D','P0Y0M0D',.T.,$,$,$,$,$,0.00);
#459=IFCTASK('2VPHxO61y7zyWlmrNd1yiS',#6,'Floor finishes \X2\2014\X0\ Tower B',$,$,'7.2.6',$,$,$,.F.,$,#458,.CONSTRUCTION.);
#460=IFCTASKTIME('Finish ceilings \X2\2014\X0\ Tower B Time',.PREDICTED.,$,.WORKTIME.,'P0Y0M5D','2027-03-01T07:00:00','2027-03-05T07:00:00','2028-04-25T07:00:00','2028-05-02T07:00:00','2028-04-25T07:00:00','2028-05-02T07:00:00','P0Y0M0D','P0Y0M0D',.T.,$,$,$,$,$,0.00);
#461=IFCTASK('1lEF1w$fcW_9S40TgETosu',#6,'Finish ceilings \X2\2014\X0\ Tower B',$,$,'7.2.7',$,$,$,.F.,$,#460,.CONSTRUCTION.);
#462=IFCTASKTIME('Doors and ironmongery \X2\2014\X0\ Tower B Time',.PREDICTED.,$,.WORKTIME.,'P0Y0M4D','2027-03-01T07:00:00','2027-03-04T07:00:00','2028-05-03T07:00:00','2028-05-09T07:00:00','2028-05-03T07:00:00','2028-05-09T07:00:00','P0Y0M0D','P0Y0M0D',.T.,$,$,$,$,$,0.00);
#463=IFCTASK('2a$8nZMl6nprLu$Hf0J0gj',#6,'Doors and ironmongery \X2\2014\X0\ Tower B',$,$,'7.2.8',$,$,$,.F.,$,#462,.CONSTRUCTION.);
#464=IFCTASKTIME('Fit-out \X2\2014\X0\ Tower C Time',.PREDICTED.,$,.WORKTIME.,'P0Y0M59D','2027-03-01T07:00:00','2027-03-05T07:00:00','2028-02-08T07:00:00','2028-05-03T07:00:00','2028-02-11T07:00:00','2028-05-09T07:00:00','P0Y0M0D','P0Y0M3D',.F.,$,$,$,$,$,0.00);
#465=IFCTASK('2NgHp9MT1KW6F9ditAv0MY',#6,'Fit-out \X2\2014\X0\ Tower C',$,$,'7.3',$,$,$,.F.,$,#464,.CONSTRUCTION.);
#466=IFCTASKTIME('Plastering \X2\2014\X0\ Tower C Time',.PREDICTED.,$,.WORKTIME.,'P0Y0M12D','2027-03-01T07:00:00','2027-03-16T07:00:00','2028-02-08T07:00:00','2028-02-23T07:00:00','2028-02-11T07:00:00','2028-02-28T07:00:00','P0Y0M0D','P0Y0M3D',.F.,$,$,$,$,$,0.00);
#467=IFCTASK('1SsRhPkK8diGkGZjeWnEjw',#6,'Plastering \X2\2014\X0\ Tower C',$,$,'7.3.1',$,$,$,.F.,$,#466,.CONSTRUCTION.);
#468=IFCTASKTIME('Tiling \X2\2014\X0\ Tower C Time',.PREDICTED.,$,.WORKTIME.,'P0Y0M10D','2027-03-01T07:00:00','2027-03-12T07:00:00','2028-02-24T07:00:00','2028-03-08T07:00:00','2028-02-29T07:00:00','2028-03-13T07:00:00','P0Y0M0D','P0Y0M3D',.F.,$,$,$,$,$,0.00);
#469=IFCTASK('0HxTR3Voy0NN6lqmA7I$0X',#6,'Tiling \X2\2014\X0\ Tower C',$,$,'7.3.2',$,$,$,.F.,$,#468,.CONSTRUCTION.);
#470=IFCTASKTIME('Install kitchens \X2\2014\X0\ Tower C Time',.PREDICTED.,$,.WORKTIME.,'P0Y0M8D','2027-03-01T07:00:00','2027-03-10T07:00:00','2028-03-09T07:00:00','2028-03-20T07:00:00','2028-03-14T07:00:00','2028-03-23T07:00:00','P0Y0M0D','P0Y0M3D',.F.,$,$,$,$,$,0.00);
#471=IFCTASK('2OKFUDYkUSzHWVl24V_8Nx',#6,'Install kitchens \X2\2014\X0\ Tower C',$,$,'7.3.3',$,$,$,.F.,$,#470,.CONSTRUCTION.);
#472=IFCTASKTIME('Install sanitary fittings \X2\2014\X0\ Tower C Time',.PREDICTED.,$,.WORKTIME.,'P0Y0M7D','2027-03-01T07:00:00','2027-03-09T07:00:00','2028-03-21T07:00:00','2028-03-29T07:00:00','2028-03-24T07:00:00','2028-04-03T07:00:00','P0Y0M0D','P0Y0M3D',.F.,$,$,$,$,$,0.00);
#473=IFCTASK('32LXjaUHp6xqcVBAFnQMPg',#6,'Install sanitary fittings \X2\2014\X0\ Tower C',$,$,'7.3.4',$,$,$,.F.,$,#472,.INSTALLATION.);
#474=IFCTASKTIME('Painting \X2\2014\X0\ Tower C Time',.PREDICTED.,$,.WORKTIME.,'P0Y0M8D','2027-03-01T07:00:00','2027-03-10T07:00:00','2028-03-30T07:00:00','2028-04-10T07:00:00','2028-04-04T07:00:00','2028-04-13T07:00:00','P0Y0M0D','P0Y0M3D',.F.,$,$,$,$,$,0.00);
#475=IFCTASK('2d2xtWYYRikKJk7tLJP1GW',#6,'Painting \X2\2014\X0\ Tower C',$,$,'7.3.5',$,$,$,.F.,$,#474,.CONSTRUCTION.);
#476=IFCTASKTIME('Floor finishes \X2\2014\X0\ Tower C Time',.PREDICTED.,$,.WORKTIME.,'P0Y0M5D','2027-03-01T07:00:00','2027-03-05T07:00:00','2028-04-11T07:00:00','2028-04-19T07:00:00','2028-04-18T07:00:00','2028-04-24T07:00:00','P0Y0M0D','P0Y0M3D',.F.,$,$,$,$,$,0.00);
#477=IFCTASK('0i7yGH8DWgRloon9$OXKm2',#6,'Floor finishes \X2\2014\X0\ Tower C',$,$,'7.3.6',$,$,$,.F.,$,#476,.CONSTRUCTION.);
#478=IFCTASKTIME('Finish ceilings \X2\2014\X0\ Tower C Time',.PREDICTED.,$,.WORKTIME.,'P0Y0M5D','2027-03-01T07:00:00','2027-03-05T07:00:00','2028-04-20T07:00:00','2028-04-26T07:00:00','2028-04-25T07:00:00','2028-05-02T07:00:00','P0Y0M0D','P0Y0M3D',.F.,$,$,$,$,$,0.00);
#479=IFCTASK('13hCSfZu5HnNNYEmR$qWld',#6,'Finish ceilings \X2\2014\X0\ Tower C',$,$,'7.3.7',$,$,$,.F.,$,#478,.CONSTRUCTION.);
#480=IFCTASKTIME('Doors and ironmongery \X2\2014\X0\ Tower C Time',.PREDICTED.,$,.WORKTIME.,'P0Y0M4D','2027-03-01T07:00:00','2027-03-04T07:00:00','2028-04-28T07:00:00','2028-05-03T07:00:00','2028-05-03T07:00:00','2028-05-09T07:00:00','P0Y0M0D','P0Y0M3D',.F.,$,$,$,$,$,0.00);
#481=IFCTASK('13$YxU2$i_Unalk$gLAYMJ',#6,'Doors and ironmongery \X2\2014\X0\ Tower C',$,$,'7.3.8',$,$,$,.F.,$,#480,.CONSTRUCTION.);
#482=IFCTASKTIME('Finish entrance hall Time',.PREDICTED.,$,.WORKTIME.,'P0Y0M6D','2027-03-01T07:00:00','2027-03-08T07:00:00','2027-12-23T07:00:00','2027-12-30T07:00:00','2028-03-31T07:00:00','2028-04-07T07:00:00','P0Y0M0D','P0Y0M71D',.F.,$,$,$,$,$,0.00);
#483=IFCTASK('1lhAWPars4pbQZ5VTyAJ$g',#6,'Finish entrance hall',$,$,'7.4',$,$,$,.F.,$,#482,.CONSTRUCTION.);
#484=IFCTASKTIME('Finish bicycle store Time',.PREDICTED.,$,.WORKTIME.,'P0Y0M4D','2027-03-01T07:00:00','2027-03-04T07:00:00','2027-12-31T07:00:00','2028-01-05T07:00:00','2028-05-03T07:00:00','2028-05-09T07:00:00','P0Y0M85D','P0Y0M85D',.F.,$,$,$,$,$,0.00);
#485=IFCTASK('3cDEUHzIerxkvGGZt_GsEA',#6,'Finish bicycle store',$,$,'7.5',$,$,$,.F.,$,#484,.CONSTRUCTION.);
#486=IFCTASKTIME('Finish lift lobbies Time',.PREDICTED.,$,.WORKTIME.,'P0Y0M4D','2027-03-01T07:00:00','2027-03-04T07:00:00','2027-12-31T07:00:00','2028-01-05T07:00:00','2028-04-10T07:00:00','2028-04-13T07:00:00','P0Y0M0D','P0Y0M71D',.F.,$,$,$,$,$,0.00);
#487=IFCTASK('24OEn5ZyPnT6PN3xOXU22Q',#6,'Finish lift lobbies',$,$,'7.6',$,$,$,.F.,$,#486,.CONSTRUCTION.);
#488=IFCTASKTIME('Finish communal stair cores Time',.PREDICTED.,$,.WORKTIME.,'P0Y0M5D','2027-03-01T07:00:00','2027-03-05T07:00:00','2028-01-06T07:00:00','2028-01-12T07:00:00','2028-04-18T07:00:00','2028-04-24T07:00:00','P0Y0M0D','P0Y0M71D',.F.,$,$,$,$,$,0.00);
#489=IFCTASK('2W6Sk0vEc6zirrXsjbGGqc',#6,'Finish communal stair cores',$,$,'7.7',$,$,$,.F.,$,#488,.CONSTRUCTION.);
#490=IFCTASKTIME('External painting, facade plinth Time',.PREDICTED.,$,.WORKTIME.,'P0Y0M4D','2027-03-01T07:00:00','2027-03-04T07:00:00','2028-01-13T07:00:00','2028-01-18T07:00:00','2028-04-25T07:00:00','2028-05-01T07:00:00','P0Y0M0D','P0Y0M71D',.F.,$,$,$,$,$,0.00);
#491=IFCTASK('1OBiWSC3vvo6hT30r2K3KG',#6,'External painting, facade plinth',$,$,'7.8',$,$,$,.F.,$,#490,.CONSTRUCTION.);
#492=IFCTASKTIME('Install signage & wayfinding Time',.PREDICTED.,$,.WORKTIME.,'P0Y0M2D','2027-03-01T07:00:00','2027-03-02T07:00:00','2028-01-19T07:00:00','2028-01-20T07:00:00','2028-05-02T07:00:00','2028-05-03T07:00:00','P0Y0M0D','P0Y0M71D',.F.,$,$,$,$,$,0.00);
#493=IFCTASK('1BhDxyinA02Ynhg5xiUwWU',#6,'Install signage & wayfinding',$,$,'7.9',$,$,$,.F.,$,#492,.CONSTRUCTION.);
#494=IFCTASKTIME('Final cleaning of communal areas Time',.PREDICTED.,$,.WORKTIME.,'P0Y0M3D','2027-03-01T07:00:00','2027-03-03T07:00:00','2028-01-21T07:00:00','2028-01-25T07:00:00','2028-05-04T07:00:00','2028-05-09T07:00:00','P0Y0M71D','P0Y0M71D',.F.,$,$,$,$,$,0.00);
#495=IFCTASK('1BrxW9mR$Oqw5sYfRJxRcx',#6,'Final cleaning of communal areas',$,$,'7.10',$,$,$,.F.,$,#494,.CONSTRUCTION.);
#496=IFCTASKTIME('7. Car park & site works Time',.PREDICTED.,$,.WORKTIME.,'P0Y0M189D','2027-03-01T07:00:00','2027-03-05T07:00:00','2027-07-12T07:00:00','2028-04-24T07:00:00','2027-07-12T07:00:00','2028-04-24T07:00:00','P0Y0M0D','P0Y0M0D',.T.,$,$,$,$,$,0.00);
#497=IFCTASK('3lk5l3EE1jFS3Lq3VwQ6$K',#6,'7. Car park & site works',$,$,'8',$,$,$,.F.,$,#496,.LOGISTIC.);
#498=IFCTASKTIME('Internal walls, storage units & stair cores, car park Time',.PREDICTED.,$,.WORKTIME.,'P0Y0M30D','2027-03-01T07:00:00','2027-04-09T07:00:00','2027-07-12T07:00:00','2027-09-10T07:00:00','2027-07-12T07:00:00','2027-09-10T07:00:00','P0Y0M0D','P0Y0M0D',.T.,$,$,$,$,$,0.00);
#499=IFCTASK('1s7XvX5QnPLFAt4Yz4tN0X',#6,'Internal walls, storage units & stair cores, car park',$,$,'8.1',$,$,$,.F.,$,#498,.CONSTRUCTION.);
#500=IFCTASKTIME('Pipework & cable trays, car park Time',.PREDICTED.,$,.WORKTIME.,'P0Y0M24D','2027-03-01T07:00:00','2027-04-01T07:00:00','2027-09-13T07:00:00','2027-10-14T07:00:00','2027-09-13T07:00:00','2027-10-14T07:00:00','P0Y0M0D','P0Y0M0D',.T.,$,$,$,$,$,0.00);
#501=IFCTASK('0zSbo5KSzFXl301rX9xeoe',#6,'Pipework & cable trays, car park',$,$,'8.2',$,$,$,.F.,$,#500,.INSTALLATION.);
#502=IFCTASKTIME('Ventilation & smoke extraction system, car park Time',.PREDICTED.,$,.WORKTIME.,'P0Y0M22D','2027-03-01T07:00:00','2027-03-30T07:00:00','2027-10-15T07:00:00','2027-11-15T07:00:00','2027-10-15T07:00:00','2027-11-15T07:00:00','P0Y0M0D','P0Y0M0D',.T.,$,$,$,$,$,0.00);
#503=IFCTASK('1yFcLj70KqsrAtfNVhyaxQ',#6,'Ventilation & smoke extraction system, car park',$,$,'8.3',$,$,$,.F.,$,#502,.INSTALLATION.);
#504=IFCTASKTIME('Sprinkler & dry riser, car park Time',.PREDICTED.,$,.WORKTIME.,'P0Y0M16D','2027-03-01T07:00:00','2027-03-22T07:00:00','2027-11-16T07:00:00','2027-12-07T07:00:00','2027-11-16T07:00:00','2027-12-07T07:00:00','P0Y0M0D','P0Y0M0D',.T.,$,$,$,$,$,0.00);
#505=IFCTASK('1OcpGPrRcLBI$AUY87awk$',#6,'Sprinkler & dry riser, car park',$,$,'8.4',$,$,$,.F.,$,#504,.INSTALLATION.);
#506=IFCTASKTIME('Power, lighting & emergency lighting, car park Time',.PREDICTED.,$,.WORKTIME.,'P0Y0M16D','2027-03-01T07:00:00','2027-03-22T07:00:00','2027-12-08T07:00:00','2027-12-29T07:00:00','2027-12-08T07:00:00','2027-12-29T07:00:00','P0Y0M0D','P0Y0M0D',.T.,$,$,$,$,$,0.00);
#507=IFCTASK('04KLW8V18PBXrx9nKhyRNJ',#6,'Power, lighting & emergency lighting, car park',$,$,'8.5',$,$,$,.F.,$,#506,.INSTALLATION.);
#508=IFCTASKTIME('Fire alarm & evacuation system, car park Time',.PREDICTED.,$,.WORKTIME.,'P0Y0M10D','2027-03-01T07:00:00','2027-03-12T07:00:00','2027-12-30T07:00:00','2028-01-12T07:00:00','2027-12-30T07:00:00','2028-01-12T07:00:00','P0Y0M0D','P0Y0M0D',.T.,$,$,$,$,$,0.00);
#509=IFCTASK('09QcRoz3Qd5x_I04fABLNn',#6,'Fire alarm & evacuation system, car park',$,$,'8.6',$,$,$,.F.,$,#508,.INSTALLATION.);
#510=IFCTASKTIME('EV charging infrastructure Time',.PREDICTED.,$,.WORKTIME.,'P0Y0M10D','2027-03-01T07:00:00','2027-03-12T07:00:00','2028-01-13T07:00:00','2028-01-26T07:00:00','2028-01-13T07:00:00','2028-01-26T07:00:00','P0Y0M0D','P0Y0M0D',.T.,$,$,$,$,$,0.00);
#511=IFCTASK('1Xk$2T$02cNZJ2WxtUGzpj',#6,'EV charging infrastructure',$,$,'8.7',$,$,$,.F.,$,#510,.INSTALLATION.);
#512=IFCTASKTIME('Floor coating & line marking, car park Time',.PREDICTED.,$,.WORKTIME.,'P0Y0M14D','2027-03-01T07:00:00','2027-03-18T07:00:00','2028-01-27T07:00:00','2028-02-15T07:00:00','2028-01-27T07:00:00','2028-02-15T07:00:00','P0Y0M0D','P0Y0M0D',.T.,$,$,$,$,$,0.00);
#513=IFCTASK('1MxBIhJ9uYLPH$2jmzcR8I',#6,'Floor coating & line marking, car park',$,$,'8.8',$,$,$,.F.,$,#512,.CONSTRUCTION.);
#514=IFCTASKTIME('Access control, barriers & parking management system Time',.PREDICTED.,$,.WORKTIME.,'P0Y0M10D','2027-03-01T07:00:00','2027-03-12T07:00:00','2028-02-16T07:00:00','2028-02-29T07:00:00','2028-02-16T07:00:00','2028-02-29T07:00:00','P0Y0M0D','P0Y0M0D',.T.,$,$,$,$,$,0.00);
#515=IFCTASK('0UJGOmPa2Ar0EEeapO_CJx',#6,'Access control, barriers & parking management system',$,$,'8.9',$,$,$,.F.,$,#514,.INSTALLATION.);
#516=IFCTASKTIME('Commission & test car park services Time',.PREDICTED.,$,.WORKTIME.,'P0Y0M12D','2027-03-01T07:00:00','2027-03-16T07:00:00','2028-03-01T07:00:00','2028-03-16T07:00:00','2028-03-01T07:00:00','2028-03-16T07:00:00','P0Y0M0D','P0Y0M0D',.T.,$,$,$,$,$,0.00);
#517=IFCTASK('2_f2lYGJiZdKNPXxY5ORTT',#6,'Commission & test car park services',$,$,'8.10',$,$,$,.F.,$,#516,.INSTALLATION.);
#518=IFCTASKTIME('Car park safety inspection Time',.PREDICTED.,$,.WORKTIME.,'P0Y0M0D','2027-03-01T07:00:00','2027-03-01T07:00:00','2028-03-16T07:00:00','2028-03-16T07:00:00','2028-03-16T07:00:00','2028-03-16T07:00:00','P0Y0M0D','P0Y0M0D',.T.,$,$,$,$,$,0.00);
#519=IFCTASK('05SJVLxvKrboXFbvWZjNYq',#6,'Car park safety inspection','Closes out the car park fit-out stream \X2\2014\X0\ the second critical chain in this project, independent of the towers.',$,'8.11',$,$,$,.T.,$,#518,.CONSTRUCTION.);
#520=IFCTASKTIME('Construct new main access road Time',.PREDICTED.,$,.WORKTIME.,'P0Y0M4D','2027-03-01T07:00:00','2027-03-04T07:00:00','2028-03-17T07:00:00','2028-03-22T07:00:00','2028-03-17T07:00:00','2028-03-22T07:00:00','P0Y0M0D','P0Y0M0D',.T.,$,$,$,$,$,0.00);
#521=IFCTASK('0JlH5xjrHGkuyPDLMV4bci',#6,'Construct new main access road',$,$,'8.12',$,$,$,.F.,$,#520,.CONSTRUCTION.);
#522=IFCTASKTIME('New main access road in use Time',.PREDICTED.,$,.WORKTIME.,'P0Y0M0D','2027-03-01T07:00:00','2027-03-01T07:00:00','2028-03-23T07:00:00','2028-03-23T07:00:00','2028-03-23T07:00:00','2028-03-23T07:00:00','P0Y0M0D','P0Y0M0D',.T.,$,$,$,$,$,0.00);
#523=IFCTASK('1RW56pAbRNZaNbjMx_EWr0',#6,'New main access road in use',$,$,'8.13',$,$,$,.T.,$,#522,.CONSTRUCTION.);
#524=IFCTASKTIME('Break up temporary site road Time',.PREDICTED.,$,.WORKTIME.,'P0Y0M3D','2027-03-01T07:00:00','2027-03-03T07:00:00','2028-03-21T07:00:00','2028-03-23T07:00:00','2028-04-20T07:00:00','2028-04-24T07:00:00','P0Y0M20D','P0Y0M20D',.F.,$,$,$,$,$,0.00);
#525=IFCTASK('08sfsU0C6A5Y17Gkt37twS',#6,'Break up temporary site road',$,$,'8.14',$,$,$,.F.,$,#524,.LOGISTIC.);
#526=IFCTASKTIME('Site sewer connection, main building Time',.PREDICTED.,$,.WORKTIME.,'P0Y0M4D','2027-03-01T07:00:00','2027-03-04T07:00:00','2028-03-23T07:00:00','2028-03-28T07:00:00','2028-03-23T07:00:00','2028-03-28T07:00:00','P0Y0M0D','P0Y0M0D',.T.,$,$,$,$,$,0.00);
#527=IFCTASK('1yAdLJCCByScpMsGRZg5Cf',#6,'Site sewer connection, main building',$,$,'8.15',$,$,$,.F.,$,#526,.CONSTRUCTION.);
#528=IFCTASKTIME('Car park paving Time',.PREDICTED.,$,.WORKTIME.,'P0Y0M6D','2027-03-01T07:00:00','2027-03-08T07:00:00','2028-03-29T07:00:00','2028-04-05T07:00:00','2028-03-29T07:00:00','2028-04-05T07:00:00','P0Y0M0D','P0Y0M0D',.T.,$,$,$,$,$,0.00);
#529=IFCTASK('0KturT6J5GpYsl69zLu8ZO',#6,'Car park paving',$,$,'8.16',$,$,$,.F.,$,#528,.CONSTRUCTION.);
#530=IFCTASKTIME('Install outdoor bicycle shelter Time',.PREDICTED.,$,.WORKTIME.,'P0Y0M3D','2027-03-01T07:00:00','2027-03-03T07:00:00','2028-04-06T07:00:00','2028-04-10T07:00:00','2028-04-20T07:00:00','2028-04-24T07:00:00','P0Y0M8D','P0Y0M8D',.F.,$,$,$,$,$,0.00);
#531=IFCTASK('2y4ul1rvaBOXDqGGK_UC5D',#6,'Install outdoor bicycle shelter',$,$,'8.17',$,$,$,.F.,$,#530,.CONSTRUCTION.);
#532=IFCTASKTIME('Install landscaping, main site Time',.PREDICTED.,$,.WORKTIME.,'P0Y0M5D','2027-03-01T07:00:00','2027-03-05T07:00:00','2028-04-06T07:00:00','2028-04-12T07:00:00','2028-04-06T07:00:00','2028-04-12T07:00:00','P0Y0M0D','P0Y0M0D',.T.,$,$,$,$,$,0.00);
#533=IFCTASK('26XokRTxHxjFvSV_BFyuou',#6,'Install landscaping, main site',$,$,'8.18',$,$,$,.F.,$,#532,.CONSTRUCTION.);
#534=IFCTASKTIME('Install external lighting Time',.PREDICTED.,$,.WORKTIME.,'P0Y0M3D','2027-03-01T07:00:00','2027-03-03T07:00:00','2028-04-13T07:00:00','2028-04-19T07:00:00','2028-04-13T07:00:00','2028-04-19T07:00:00','P0Y0M0D','P0Y0M0D',.T.,$,$,$,$,$,0.00);
#535=IFCTASK('0tTYDIUmlyrsLfIBTxtb6_',#6,'Install external lighting',$,$,'8.19',$,$,$,.F.,$,#534,.INSTALLATION.);
#536=IFCTASKTIME('Install boundary fencing Time',.PREDICTED.,$,.WORKTIME.,'P0Y0M2D','2027-03-01T07:00:00','2027-03-02T07:00:00','2028-04-20T07:00:00','2028-04-21T07:00:00','2028-04-20T07:00:00','2028-04-21T07:00:00','P0Y0M0D','P0Y0M0D',.T.,$,$,$,$,$,0.00);
#537=IFCTASK('29sGEsCwTylZ5g$2Cwdm8q',#6,'Install boundary fencing',$,$,'8.20',$,$,$,.F.,$,#536,.CONSTRUCTION.);
#538=IFCTASKTIME('Mark out parking bays Time',.PREDICTED.,$,.WORKTIME.,'P0Y0M1D','2027-03-01T07:00:00','2027-03-01T07:00:00','2028-04-24T07:00:00','2028-04-24T07:00:00','2028-04-24T07:00:00','2028-04-24T07:00:00','P0Y0M0D','P0Y0M0D',.T.,$,$,$,$,$,0.00);
#539=IFCTASK('3fC6tYZirBZgKKsegFAdNr',#6,'Mark out parking bays',$,$,'8.21',$,$,$,.F.,$,#538,.CONSTRUCTION.);
#540=IFCTASKTIME('Site handover \X2\2014\X0\ final inspection Time',.PREDICTED.,$,.WORKTIME.,'P0Y0M0D','2027-03-01T07:00:00','2027-03-01T07:00:00','2028-04-24T07:00:00','2028-04-24T07:00:00','2028-04-24T07:00:00','2028-04-24T07:00:00','P0Y0M0D','P0Y0M0D',.T.,$,$,$,$,$,0.00);
#541=IFCTASK('37yPiE2cOi417e44vPUct8',#6,'Site handover \X2\2014\X0\ final inspection',$,$,'8.22',$,$,$,.T.,$,#540,.CONSTRUCTION.);
#542=IFCTASKTIME('8. Handover Time',.PREDICTED.,$,.WORKTIME.,'P0Y0M9D','2027-03-01T07:00:00','2027-03-05T07:00:00','2028-04-25T07:00:00','2028-05-09T07:00:00','2028-04-25T07:00:00','2028-05-09T07:00:00','P0Y0M0D','P0Y0M0D',.T.,$,$,$,$,$,0.00);
#543=IFCTASK('15J0HbuVxYO_XgQJdy19Ku',#6,'8. Handover',$,$,'9',$,$,$,.F.,$,#542,.ATTENDANCE.);
#544=IFCTASKTIME('Handover inspection \X2\2014\X0\ Tower A Time',.PREDICTED.,$,.WORKTIME.,'P0Y0M0D','2027-03-01T07:00:00','2027-03-01T07:00:00','2028-05-09T07:00:00','2028-05-09T07:00:00','2028-05-09T07:00:00','2028-05-09T07:00:00','P0Y0M0D','P0Y0M0D',.T.,$,$,$,$,$,0.00);
#545=IFCTASK('0ZV9xLYMkM1fl_Ooac2ZQB',#6,'Handover inspection \X2\2014\X0\ Tower A','Contractual handover of Tower A to the owners'' association/residents \X2\2014\X0\ an independent end point (no shared final milestone with the other towers).',$,'9.1',$,$,$,.T.,$,#544,.CONSTRUCTION.);
#546=IFCTASKTIME('Handover inspection \X2\2014\X0\ Tower B Time',.PREDICTED.,$,.WORKTIME.,'P0Y0M0D','2027-03-01T07:00:00','2027-03-01T07:00:00','2028-05-09T07:00:00','2028-05-09T07:00:00','2028-05-09T07:00:00','2028-05-09T07:00:00','P0Y0M0D','P0Y0M0D',.T.,$,$,$,$,$,0.00);
#547=IFCTASK('2z3hgz2JfKU7cXTvHI6SNr',#6,'Handover inspection \X2\2014\X0\ Tower B','Contractual handover of Tower B to the owners'' association/residents \X2\2014\X0\ an independent end point (no shared final milestone with the other towers).',$,'9.2',$,$,$,.T.,$,#546,.CONSTRUCTION.);
#548=IFCTASKTIME('Handover inspection \X2\2014\X0\ Tower C Time',.PREDICTED.,$,.WORKTIME.,'P0Y0M0D','2027-03-01T07:00:00','2027-03-01T07:00:00','2028-05-03T07:00:00','2028-05-03T07:00:00','2028-05-09T07:00:00','2028-05-09T07:00:00','P0Y0M3D','P0Y0M3D',.F.,$,$,$,$,$,0.00);
#549=IFCTASK('14w7vmxo6yeTJnPmdyP03Q',#6,'Handover inspection \X2\2014\X0\ Tower C','Contractual handover of Tower C to the owners'' association/residents \X2\2014\X0\ an independent end point (no shared final milestone with the other towers).',$,'9.3',$,$,$,.T.,$,#548,.CONSTRUCTION.);
#550=IFCTASKTIME('Documentation handover (as-built drawings) Time',.PREDICTED.,$,.WORKTIME.,'P0Y0M3D','2027-03-01T07:00:00','2027-03-03T07:00:00','2028-04-25T07:00:00','2028-04-28T07:00:00','2028-04-25T07:00:00','2028-04-28T07:00:00','P0Y0M0D','P0Y0M0D',.T.,$,$,$,$,$,0.00);
#551=IFCTASK('3nDIx1OAW1mX7JiNy6mp6y',#6,'Documentation handover (as-built drawings)',$,$,'9.4',$,$,$,.F.,$,#550,.ATTENDANCE.);
#552=IFCTASKTIME('Key handover to the building manager Time',.PREDICTED.,$,.WORKTIME.,'P0Y0M2D','2027-03-01T07:00:00','2027-03-02T07:00:00','2028-05-04T07:00:00','2028-05-08T07:00:00','2028-05-04T07:00:00','2028-05-08T07:00:00','P0Y0M0D','P0Y0M0D',.T.,$,$,$,$,$,0.00);
#553=IFCTASK('1oiciYQFESoIZKaDs9SSNu',#6,'Key handover to the building manager',$,$,'9.5',$,$,$,.F.,$,#552,.ATTENDANCE.);
#554=IFCTASKTIME('Final cleaning of communal areas, building Time',.PREDICTED.,$,.WORKTIME.,'P0Y0M3D','2027-03-01T07:00:00','2027-03-03T07:00:00','2028-05-01T07:00:00','2028-05-03T07:00:00','2028-05-01T07:00:00','2028-05-03T07:00:00','P0Y0M0D','P0Y0M0D',.T.,$,$,$,$,$,0.00);
#555=IFCTASK('3ZcHgPpBTWvtRI0jdfgDd7',#6,'Final cleaning of communal areas, building',$,$,'9.6',$,$,$,.F.,$,#554,.LOGISTIC.);
#556=IFCTASKTIME('Project administration & contractual close-out Time',.PREDICTED.,$,.WORKTIME.,'P0Y0M0D','2027-03-01T07:00:00','2027-03-01T07:00:00','2028-05-08T07:00:00','2028-05-08T07:00:00','2028-05-08T07:00:00','2028-05-08T07:00:00','P0Y0M0D','P0Y0M0D',.T.,$,$,$,$,$,0.00);
#557=IFCTASK('0QQwUfmutbT3LOqZ0ljHI0',#6,'Project administration & contractual close-out','Contractual/administrative close-out (as-built dossier, handover to the building manager) \X2\2014\X0\ runs in parallel from site handover onwards, not gated by the towers (see phase notes).',$,'9.7',$,$,$,.T.,$,#556,.CONSTRUCTION.);
#558=IFCTASKTIME('Aftercare period started Time',.PREDICTED.,$,.WORKTIME.,'P0Y0M0D','2027-03-01T07:00:00','2027-03-01T07:00:00','2028-05-09T07:00:00','2028-05-09T07:00:00','2028-05-09T07:00:00','2028-05-09T07:00:00','P0Y0M0D','P0Y0M0D',.T.,$,$,$,$,$,0.00);
#559=IFCTASK('3jwCtg6FhlRzJM6Ts_0tAG',#6,'Aftercare period started',$,$,'9.8',$,$,$,.T.,$,#558,.CONSTRUCTION.);
#560=IFCTASKTIME('Start maintenance contract for building services Time',.PREDICTED.,$,.WORKTIME.,'P0Y0M1D','2027-03-01T07:00:00','2027-03-01T07:00:00','2028-05-09T07:00:00','2028-05-09T07:00:00','2028-05-09T07:00:00','2028-05-09T07:00:00','P0Y0M0D','P0Y0M0D',.T.,$,$,$,$,$,0.00);
#561=IFCTASK('0q5QrZtY4XwKn6l4NX8BOX',#6,'Start maintenance contract for building services',$,$,'9.9',$,$,$,.F.,$,#560,.ATTENDANCE.);
#562=IFCTASKTIME('Variation: additional basement storage units Time',.PREDICTED.,$,.WORKTIME.,'P0Y0M6D','2027-03-01T07:00:00','2027-03-08T07:00:00','2027-07-05T07:00:00','2027-07-12T07:00:00','2028-04-26T07:00:00','2028-05-04T07:00:00','P0Y0M64D','P0Y0M195D',.F.,$,$,$,$,$,0.00);
#563=IFCTASK('0aPU2l69CmSALsijRSo630',#6,'Variation: additional basement storage units','Variation order issued after the contract baseline: additional storage units in the basement.',$,'3.25',$,$,$,.F.,$,#562,.CONSTRUCTION.);
#564=IFCRELNESTS('2nWGqftnXBTwpl$tyxFFuj',#6,'WBS 1. Preparation & site clearance',$,#47,( #49,#51,#53,#55,#57,#59,#61,#63));
#565=IFCRELNESTS('3q8e$zJKEKRC49XMxFXp1G',#6,'WBS 2. Foundations & basement/car park',$,#65,( #67,#69,#71,#73,#75,#77,#79,#81,#83,#85,#87,#89,#91,#93,#95,#97,#99,#101,#103,#105,#107,#109,#111,#113,#563));
#566=IFCRELNESTS('0HDetYeL4XqJz6jbakUmyI',#6,'WBS 3. Structural works, towers A/B/C (parallel)',$,#115,( #117,#119,#177,#235,#295));
#567=IFCRELNESTS('1oyOy8IWTDZu8s3RjWbOAW',#6,'WBS Structural works \X2\2014\X0\ Tower A',$,#119,( #121,#123,#125,#127,#129,#131,#133,#135,#137,#139,#141,#143,#145,#147,#149,#151,#153,#155,#157,#159,#161,#163,#165,#167,#169,#171,#173,#175,#293));
#568=IFCRELNESTS('1yLztUCuuqdOd351WcWTN1',#6,'WBS Structural works \X2\2014\X0\ Tower B',$,#177,( #179,#181,#183,#185,#187,#189,#191,#193,#195,#197,#199,#201,#203,#205,#207,#209,#211,#213,#215,#217,#219,#221,#223,#225,#227,#229,#231,#233));
#569=IFCRELNESTS('1AeOPRbssi__gh$K99JUtE',#6,'WBS Structural works \X2\2014\X0\ Tower C',$,#235,( #237,#239,#241,#243,#245,#247,#249,#251,#253,#255,#257,#259,#261,#263,#265,#267,#269,#271,#273,#275,#277,#279,#281,#283,#285,#287,#289,#291));
#570=IFCRELNESTS('0chfCrZMxmVNR$TiH9GQJM',#6,'WBS 4. Facade & roof',$,#297,( #299,#319,#339,#359,#361));
#571=IFCRELNESTS('0NqIg8UxApRMh5CCUFmHfZ',#6,'WBS Facade & roof \X2\2014\X0\ Tower A',$,#299,( #301,#303,#305,#307,#309,#311,#313,#315,#317));
#572=IFCRELNESTS('2Dk14MGoXH0$hWojoftZL2',#6,'WBS Facade & roof \X2\2014\X0\ Tower B',$,#319,( #321,#323,#325,#327,#329,#331,#333,#335,#337));
#573=IFCRELNESTS('3_EjihdNxK$uQv8$$H2GIy',#6,'WBS Facade & roof \X2\2014\X0\ Tower C',$,#339,( #341,#343,#345,#347,#349,#351,#353,#355,#357));
#574=IFCRELNESTS('08A6$MXtZMJFhsFD_EMeZp',#6,'WBS 5. Building services (MEP)',$,#363,( #365,#367,#369,#371,#373,#391,#409));
#575=IFCRELNESTS('2fSZyWll40zXrM_J76Sa9Z',#6,'WBS Building services \X2\2014\X0\ Tower A',$,#373,( #375,#377,#379,#381,#383,#385,#387,#389));
#576=IFCRELNESTS('3W1SSI6rFoVBZ7YdIknjdq',#6,'WBS Building services \X2\2014\X0\ Tower B',$,#391,( #393,#395,#397,#399,#401,#403,#405,#407));
#577=IFCRELNESTS('2$53gQn1iuan3_3qQdTqrK',#6,'WBS Building services \X2\2014\X0\ Tower C',$,#409,( #411,#413,#415,#417,#419,#421,#423,#425));
#578=IFCRELNESTS('0cmcUGw3JbEIUbNyLqPWNP',#6,'WBS 6. Fit-out',$,#427,( #429,#447,#465,#483,#485,#487,#489,#491,#493,#495));
#579=IFCRELNESTS('0vzSrqOpN55u0ghxqQo0Rt',#6,'WBS Fit-out \X2\2014\X0\ Tower A',$,#429,( #431,#433,#435,#437,#439,#441,#443,#445));
#580=IFCRELNESTS('1pQKqm25XCNYu3EsBz4U5n',#6,'WBS Fit-out \X2\2014\X0\ Tower B',$,#447,( #449,#451,#453,#455,#457,#459,#461,#463));
#581=IFCRELNESTS('3DeHUJYvU_UtHo$tAwAPyB',#6,'WBS Fit-out \X2\2014\X0\ Tower C',$,#465,( #467,#469,#471,#473,#475,#477,#479,#481));
#582=IFCRELNESTS('1MwRbQnLrO1yCzzwOtYNDZ',#6,'WBS 7. Car park & site works',$,#497,( #499,#501,#503,#505,#507,#509,#511,#513,#515,#517,#519,#521,#523,#525,#527,#529,#531,#533,#535,#537,#539,#541));
#583=IFCRELNESTS('2xxGUONqJI$qGmbhzyZ7aA',#6,'WBS 8. Handover',$,#543,( #545,#547,#549,#551,#553,#555,#557,#559,#561));
#584=IFCRELNESTS('2mAkX0H7qJLnEpfuf3vD2L',#6,'WBS Hoofd',$,#40,(#45,#47,#65,#115,#297,#363,#427,#497,#543));
#585=IFCRELSEQUENCE('1ru4Wc2TJyTVh4DpQ$$Gss',#6,$,$,#45,#49,$,.FINISH_START.,$);
#586=IFCRELSEQUENCE('2PfCYNjVvbIBk7X0A9hmB0',#6,$,$,#45,#53,$,.FINISH_START.,$);
#587=IFCRELSEQUENCE('2gqARCBoQJoNSgYQUauA5r',#6,$,$,#49,#51,$,.FINISH_START.,$);
#588=IFCRELSEQUENCE('0kTtUGPgvxQ9U$FXlkgd0Y',#6,$,$,#51,#55,$,.FINISH_START.,$);
#589=IFCRELSEQUENCE('3i4ODZOh8wQ9mHQAOjqCXw',#6,$,$,#53,#55,$,.FINISH_START.,$);
#590=IFCRELSEQUENCE('0AAXCbf4kSRXwhdnXErbDm',#6,$,$,#55,#57,$,.FINISH_START.,$);
#591=IFCRELSEQUENCE('1HoKf$17vi0ESUNqBGk3K6',#6,$,$,#57,#59,$,.FINISH_START.,$);
#592=IFCRELSEQUENCE('02r1mIbpXmPhNHjj4Xx6gw',#6,$,$,#59,#61,$,.FINISH_START.,$);
#593=IFCRELSEQUENCE('3RfmnyOjBfWpcEuGmXQOtN',#6,$,$,#61,#63,$,.FINISH_START.,$);
#594=IFCRELSEQUENCE('1LXZTaJ3jG1Hr6931HvHcc',#6,$,$,#63,#67,$,.FINISH_START.,$);
#595=IFCRELSEQUENCE('08A7hh$sKwqvnebLh9sbd_',#6,$,$,#67,#69,$,.FINISH_START.,$);
#596=IFCRELSEQUENCE('2I_kSmBAnkt2PUPqLwlQ9T',#6,$,$,#69,#71,$,.FINISH_START.,$);
#597=IFCRELSEQUENCE('3Efcn2Jw2bV6tZSvCPPwRe',#6,$,$,#71,#73,$,.FINISH_START.,$);
#598=IFCRELSEQUENCE('3_P3AVFQzzUA3$ksDZePGq',#6,$,$,#73,#75,$,.FINISH_START.,$);
#599=IFCRELSEQUENCE('3zsEc3487F1Ur6BaTYa2f8',#6,$,$,#75,#77,$,.FINISH_START.,$);
#600=IFCRELSEQUENCE('2qtjZVgYE56G8YzHJC9re_',#6,$,$,#77,#79,$,.FINISH_START.,$);
#601=IFCRELSEQUENCE('1UF0Y7RBH3l__RvJJASXG7',#6,$,$,#79,#81,$,.FINISH_START.,$);
#602=IFCRELSEQUENCE('0Q_v3HGLNuh2pk2UqtV0Zs',#6,$,$,#81,#83,$,.FINISH_START.,$);
#603=IFCRELSEQUENCE('2quawuclvrm2pqyS8zWNaJ',#6,$,$,#73,#85,$,.FINISH_START.,$);
#604=IFCRELSEQUENCE('0GRUclkLceb__9XemRlaoQ',#6,$,$,#85,#87,$,.FINISH_START.,$);
#605=IFCRELSEQUENCE('008iiVu9JjM7ooleHdJ1ht',#6,$,$,#87,#89,$,.FINISH_START.,$);
#606=IFCRELSEQUENCE('2Njnf1ODMiAu4kd$AOp7by',#6,$,$,#89,#91,$,.FINISH_START.,$);
#607=IFCRELSEQUENCE('15_quFg_qzbvXUtcC5W$Of',#6,$,$,#91,#93,$,.FINISH_START.,$);
#608=IFCRELSEQUENCE('2e0a2kmTbYwKv42YczVy6x',#6,$,$,#73,#95,$,.FINISH_START.,$);
#609=IFCRELSEQUENCE('1n4HJfqNOtooUDFqPBhaeE',#6,$,$,#95,#97,$,.FINISH_START.,$);
#610=IFCRELSEQUENCE('3kgiWjZkB6jwyEjv8ALGz4',#6,$,$,#97,#99,$,.FINISH_START.,$);
#611=IFCRELSEQUENCE('1Y4VCzjjiHuV7AqAD8WuRe',#6,$,$,#99,#101,$,.FINISH_START.,$);
#612=IFCRELSEQUENCE('2mOM05kn664FlKw7D4MSJ3',#6,$,$,#101,#103,$,.FINISH_START.,$);
#613=IFCRELSEQUENCE('1qiyPcEiRfkuFZAwXue9zN',#6,$,$,#83,#105,$,.FINISH_START.,$);
#614=IFCRELSEQUENCE('0nNzhRj3sLZLDoSx4tdxhn',#6,$,$,#93,#105,$,.FINISH_START.,$);
#615=IFCRELSEQUENCE('1xnrAEZCOUS5QnDLMFSDaq',#6,$,$,#103,#105,$,.FINISH_START.,$);
#616=IFCRELSEQUENCE('1u9FI7qhGCLgMXbsQT93Jm',#6,$,$,#105,#107,$,.FINISH_START.,$);
#617=IFCRELSEQUENCE('37wRSIXlfhXQWq9AGvCqE_',#6,$,$,#107,#109,$,.FINISH_START.,$);
#618=IFCRELSEQUENCE('3FXdSYu4JgAg$UQOJCXJZK',#6,$,$,#109,#111,$,.FINISH_START.,$);
#619=IFCRELSEQUENCE('0MBRAI3v_UP89xmfzOviLf',#6,$,$,#111,#113,$,.FINISH_START.,$);
#620=IFCRELSEQUENCE('2AACs_zBiklOabGhByRZrt',#6,$,$,#113,#117,$,.FINISH_START.,$);
#621=IFCRELSEQUENCE('2AIjKI0tUWf6lNFBgHmnsL',#6,$,$,#117,#121,$,.FINISH_START.,$);
#622=IFCRELSEQUENCE('3GT09dfFaiHkM4VsIrc$dT',#6,$,$,#83,#121,$,.FINISH_START.,$);
#623=IFCRELSEQUENCE('0k8RlwlnexTKLs77armdlx',#6,$,$,#121,#123,$,.FINISH_START.,$);
#624=IFCLAGTIME('Lag',.PREDICTED.,$,IFCDURATION('P2D'),.WORKTIME.);
#625=IFCRELSEQUENCE('0wrPLT5C4dj3XW7CLpNRC5',#6,$,$,#123,#125,#624,.START_START.,$);
#626=IFCRELSEQUENCE('3uK7GsAIOGY0ykgTDUjV3N',#6,$,$,#125,#127,$,.FINISH_START.,$);
#627=IFCLAGTIME('Lag',.PREDICTED.,$,IFCDURATION('P2D'),.WORKTIME.);
#628=IFCRELSEQUENCE('0RBRntVmHAEp10iRe04jV4',#6,$,$,#127,#129,#627,.START_START.,$);
#629=IFCRELSEQUENCE('2gMy852UbyvggquUcCcGTI',#6,$,$,#129,#131,$,.FINISH_START.,$);
#630=IFCLAGTIME('Lag',.PREDICTED.,$,IFCDURATION('P2D'),.WORKTIME.);
#631=IFCRELSEQUENCE('0mrG1JVRga3L9erg3S8tGD',#6,$,$,#131,#133,#630,.START_START.,$);
#632=IFCRELSEQUENCE('1blYndhqmzI9zUMs8Df66h',#6,$,$,#133,#135,$,.FINISH_START.,$);
#633=IFCLAGTIME('Lag',.PREDICTED.,$,IFCDURATION('P2D'),.WORKTIME.);
#634=IFCRELSEQUENCE('2r5t3EBNkTEYvNw89BbXTa',#6,$,$,#135,#137,#633,.START_START.,$);
#635=IFCRELSEQUENCE('2bUPC1HQs5bron7QS22qS7',#6,$,$,#137,#139,$,.FINISH_START.,$);
#636=IFCLAGTIME('Lag',.PREDICTED.,$,IFCDURATION('P2D'),.WORKTIME.);
#637=IFCRELSEQUENCE('0QMMcprIkW_pSvu0KUTH40',#6,$,$,#139,#141,#636,.START_START.,$);
#638=IFCRELSEQUENCE('2jP$iv4_$Q$K0eOxqhDIzD',#6,$,$,#141,#143,$,.FINISH_START.,$);
#639=IFCLAGTIME('Lag',.PREDICTED.,$,IFCDURATION('P2D'),.WORKTIME.);
#640=IFCRELSEQUENCE('0g2skjP9LdUsc4ruV0sFAm',#6,$,$,#143,#145,#639,.START_START.,$);
#641=IFCRELSEQUENCE('2EwQ5Yq0MhhmpwY5poQUzH',#6,$,$,#145,#147,$,.FINISH_START.,$);
#642=IFCLAGTIME('Lag',.PREDICTED.,$,IFCDURATION('P2D'),.WORKTIME.);
#643=IFCRELSEQUENCE('3iYrdapm65NxjyRxL8tOUI',#6,$,$,#147,#149,#642,.START_START.,$);
#644=IFCRELSEQUENCE('2IF$KXP38vH8pK185T2ybY',#6,$,$,#149,#151,$,.FINISH_START.,$);
#645=IFCLAGTIME('Lag',.PREDICTED.,$,IFCDURATION('P2D'),.WORKTIME.);
#646=IFCRELSEQUENCE('3Hh6BT1hy_4YMPBS2K7I6x',#6,$,$,#151,#153,#645,.START_START.,$);
#647=IFCRELSEQUENCE('0oDiffRBYBDiCfgNHu1ijV',#6,$,$,#153,#155,$,.FINISH_START.,$);
#648=IFCLAGTIME('Lag',.PREDICTED.,$,IFCDURATION('P2D'),.WORKTIME.);
#649=IFCRELSEQUENCE('2ZFfkx4Py9EnsU$CLnByOZ',#6,$,$,#155,#157,#648,.START_START.,$);
#650=IFCRELSEQUENCE('3OEVl9Qvj5eJHq4503vBOa',#6,$,$,#157,#159,$,.FINISH_START.,$);
#651=IFCLAGTIME('Lag',.PREDICTED.,$,IFCDURATION('P2D'),.WORKTIME.);
#652=IFCRELSEQUENCE('3Ih3pCgGcJ0Wmr0CTxF2tY',#6,$,$,#159,#161,#651,.START_START.,$);
#653=IFCRELSEQUENCE('1cYnwkfNuT052XxueRBlbV',#6,$,$,#161,#163,$,.FINISH_START.,$);
#654=IFCLAGTIME('Lag',.PREDICTED.,$,IFCDURATION('P2D'),.WORKTIME.);
#655=IFCRELSEQUENCE('1bb4kVvhsggdhuIk0pNRl0',#6,$,$,#163,#165,#654,.START_START.,$);
#656=IFCRELSEQUENCE('1J5_DSn2ojS9gKFDUHQQ9S',#6,$,$,#165,#167,$,.FINISH_START.,$);
#657=IFCLAGTIME('Lag',.PREDICTED.,$,IFCDURATION('P2D'),.WORKTIME.);
#658=IFCRELSEQUENCE('0ICV3lhEqvhpk1Wdj__Ya4',#6,$,$,#167,#169,#657,.START_START.,$);
#659=IFCRELSEQUENCE('1R2z7K_8cPDtOVWyFaaeIW',#6,$,$,#121,#171,$,.START_START.,$);
#660=IFCRELSEQUENCE('0BbuvEaqPJtCCGl4bLmMKz',#6,$,$,#169,#173,$,.FINISH_START.,$);
#661=IFCRELSEQUENCE('1nTi6I5vcXoVo5wmrjwtUJ',#6,$,$,#171,#175,$,.FINISH_START.,$);
#662=IFCRELSEQUENCE('0ecN$BinjyrYsCdY3fSQ7a',#6,$,$,#173,#175,$,.FINISH_START.,$);
#663=IFCRELSEQUENCE('2b66usz$spY568vhMn3RVA',#6,$,$,#117,#179,$,.FINISH_START.,$);
#664=IFCRELSEQUENCE('2CCNpGOgGXN3XAaXVxWgUs',#6,$,$,#93,#179,$,.FINISH_START.,$);
#665=IFCRELSEQUENCE('0hSUorlDtFDvG59$eb98Eo',#6,$,$,#179,#181,$,.FINISH_START.,$);
#666=IFCLAGTIME('Lag',.PREDICTED.,$,IFCDURATION('P2D'),.WORKTIME.);
#667=IFCRELSEQUENCE('2b12oVnwTc0Uf0OKXTDn9w',#6,$,$,#181,#183,#666,.START_START.,$);
#668=IFCRELSEQUENCE('1Pg1HtTuc0fEgKElepl8EK',#6,$,$,#183,#185,$,.FINISH_START.,$);
#669=IFCLAGTIME('Lag',.PREDICTED.,$,IFCDURATION('P2D'),.WORKTIME.);
#670=IFCRELSEQUENCE('0WrkO9S_BxKwrtJmlysTJb',#6,$,$,#185,#187,#669,.START_START.,$);
#671=IFCRELSEQUENCE('2Px1Q8$wlRsaKBlqx4vTZq',#6,$,$,#187,#189,$,.FINISH_START.,$);
#672=IFCLAGTIME('Lag',.PREDICTED.,$,IFCDURATION('P2D'),.WORKTIME.);
#673=IFCRELSEQUENCE('1_fg3RUGax3ydq2NTbv$0u',#6,$,$,#189,#191,#672,.START_START.,$);
#674=IFCRELSEQUENCE('0cirUSTPwD63z7k2qGeiOq',#6,$,$,#191,#193,$,.FINISH_START.,$);
#675=IFCLAGTIME('Lag',.PREDICTED.,$,IFCDURATION('P2D'),.WORKTIME.);
#676=IFCRELSEQUENCE('3wDR9g2orzE7Vyz6qplMHH',#6,$,$,#193,#195,#675,.START_START.,$);
#677=IFCRELSEQUENCE('2h0u8tpG2co$t9X2rZHFSk',#6,$,$,#195,#197,$,.FINISH_START.,$);
#678=IFCLAGTIME('Lag',.PREDICTED.,$,IFCDURATION('P2D'),.WORKTIME.);
#679=IFCRELSEQUENCE('1JRIIwkwoYPF2dhA3rmiW2',#6,$,$,#197,#199,#678,.START_START.,$);
#680=IFCRELSEQUENCE('3zPV1mOMrN5FrlGTrJ0FXA',#6,$,$,#199,#201,$,.FINISH_START.,$);
#681=IFCLAGTIME('Lag',.PREDICTED.,$,IFCDURATION('P2D'),.WORKTIME.);
#682=IFCRELSEQUENCE('2ZcvOu$BLaX4PlTWA_O_vG',#6,$,$,#201,#203,#681,.START_START.,$);
#683=IFCRELSEQUENCE('0HZPvWDJj4NHzzHfelVg3g',#6,$,$,#203,#205,$,.FINISH_START.,$);
#684=IFCLAGTIME('Lag',.PREDICTED.,$,IFCDURATION('P2D'),.WORKTIME.);
#685=IFCRELSEQUENCE('1wmv5lLkjbP10FEjhywWc6',#6,$,$,#205,#207,#684,.START_START.,$);
#686=IFCRELSEQUENCE('2e_sSII1UzsDiKTDpfURAv',#6,$,$,#207,#209,$,.FINISH_START.,$);
#687=IFCLAGTIME('Lag',.PREDICTED.,$,IFCDURATION('P2D'),.WORKTIME.);
#688=IFCRELSEQUENCE('1oFzYNewgwEUgUUf8jD6Fb',#6,$,$,#209,#211,#687,.START_START.,$);
#689=IFCRELSEQUENCE('23hLyqNhQcjMRdrmzTdwZG',#6,$,$,#211,#213,$,.FINISH_START.,$);
#690=IFCLAGTIME('Lag',.PREDICTED.,$,IFCDURATION('P2D'),.WORKTIME.);
#691=IFCRELSEQUENCE('1ljQ6yDgnL9693K31BMcLp',#6,$,$,#213,#215,#690,.START_START.,$);
#692=IFCRELSEQUENCE('0G4xMoX6G58WC36Z4iROIC',#6,$,$,#215,#217,$,.FINISH_START.,$);
#693=IFCLAGTIME('Lag',.PREDICTED.,$,IFCDURATION('P2D'),.WORKTIME.);
#694=IFCRELSEQUENCE('3wRti$OtM1gwWqPQO0Y7HS',#6,$,$,#217,#219,#693,.START_START.,$);
#695=IFCRELSEQUENCE('2zkIy8MnXCGRseawT_7c7Q',#6,$,$,#219,#221,$,.FINISH_START.,$);
#696=IFCLAGTIME('Lag',.PREDICTED.,$,IFCDURATION('P2D'),.WORKTIME.);
#697=IFCRELSEQUENCE('3CKej$rDuZPhJmjRpnZ5v2',#6,$,$,#221,#223,#696,.START_START.,$);
#698=IFCRELSEQUENCE('369qlkCOlsT1DQSWJW6zea',#6,$,$,#223,#225,$,.FINISH_START.,$);
#699=IFCLAGTIME('Lag',.PREDICTED.,$,IFCDURATION('P2D'),.WORKTIME.);
#700=IFCRELSEQUENCE('3IZs3TWxx5aa0tp3n75n_8',#6,$,$,#225,#227,#699,.START_START.,$);
#701=IFCRELSEQUENCE('3hKalXwlnOvfDIx_3ITlx5',#6,$,$,#179,#229,$,.START_START.,$);
#702=IFCRELSEQUENCE('2CuTVF3qQQir2TQI5d_0bD',#6,$,$,#227,#231,$,.FINISH_START.,$);
#703=IFCRELSEQUENCE('21ElIfpcP9k2qUhdlXfAdl',#6,$,$,#229,#233,$,.FINISH_START.,$);
#704=IFCRELSEQUENCE('1mAzjz1KsgfetwADKvqr2C',#6,$,$,#231,#233,$,.FINISH_START.,$);
#705=IFCRELSEQUENCE('2weLj5r5WESLas16KnusUZ',#6,$,$,#117,#237,$,.FINISH_START.,$);
#706=IFCRELSEQUENCE('0ZImja1Aaatet4dnim8E5t',#6,$,$,#103,#237,$,.FINISH_START.,$);
#707=IFCRELSEQUENCE('2PCqPPbH_S6v_Rul9lrTgc',#6,$,$,#237,#239,$,.FINISH_START.,$);
#708=IFCLAGTIME('Lag',.PREDICTED.,$,IFCDURATION('P2D'),.WORKTIME.);
#709=IFCRELSEQUENCE('23YsHVeBi7NzVSKA4HSXex',#6,$,$,#239,#241,#708,.START_START.,$);
#710=IFCRELSEQUENCE('0Vbig_nEkkAVPXGoINZROv',#6,$,$,#241,#243,$,.FINISH_START.,$);
#711=IFCLAGTIME('Lag',.PREDICTED.,$,IFCDURATION('P2D'),.WORKTIME.);
#712=IFCRELSEQUENCE('052qH2q6_yqtzoygQgZBkZ',#6,$,$,#243,#245,#711,.START_START.,$);
#713=IFCRELSEQUENCE('0e$k3sCFlnD321WvQ6W_dF',#6,$,$,#245,#247,$,.FINISH_START.,$);
#714=IFCLAGTIME('Lag',.PREDICTED.,$,IFCDURATION('P2D'),.WORKTIME.);
#715=IFCRELSEQUENCE('1lmxFAhRsT10uinvdRZsqt',#6,$,$,#247,#249,#714,.START_START.,$);
#716=IFCRELSEQUENCE('2xU$CLWwm699UGKxld2aF3',#6,$,$,#249,#251,$,.FINISH_START.,$);
#717=IFCLAGTIME('Lag',.PREDICTED.,$,IFCDURATION('P2D'),.WORKTIME.);
#718=IFCRELSEQUENCE('39Vpqo_eX3hyNEKXoT9RPY',#6,$,$,#251,#253,#717,.START_START.,$);
#719=IFCRELSEQUENCE('1j4i7hz6YIyt1Noc1eGUZs',#6,$,$,#253,#255,$,.FINISH_START.,$);
#720=IFCLAGTIME('Lag',.PREDICTED.,$,IFCDURATION('P2D'),.WORKTIME.);
#721=IFCRELSEQUENCE('30VNz_WstG5TX7FCIO9tZ5',#6,$,$,#255,#257,#720,.START_START.,$);
#722=IFCRELSEQUENCE('1zmq5uiblClH3AEwULoRgw',#6,$,$,#257,#259,$,.FINISH_START.,$);
#723=IFCLAGTIME('Lag',.PREDICTED.,$,IFCDURATION('P2D'),.WORKTIME.);
#724=IFCRELSEQUENCE('0F5IQIjP1dEp6sFmR_3tn_',#6,$,$,#259,#261,#723,.START_START.,$);
#725=IFCRELSEQUENCE('0f1ppzGsXWV04Cgf0h0m0R',#6,$,$,#261,#263,$,.FINISH_START.,$);
#726=IFCLAGTIME('Lag',.PREDICTED.,$,IFCDURATION('P2D'),.WORKTIME.);
#727=IFCRELSEQUENCE('29bztHO_v$TfYSNH5pdQ8Y',#6,$,$,#263,#265,#726,.START_START.,$);
#728=IFCRELSEQUENCE('2OaVQNqtefnjF4O28gUx5x',#6,$,$,#265,#267,$,.FINISH_START.,$);
#729=IFCLAGTIME('Lag',.PREDICTED.,$,IFCDURATION('P2D'),.WORKTIME.);
#730=IFCRELSEQUENCE('1dT_ukCbxEjlW83gSxsQZT',#6,$,$,#267,#269,#729,.START_START.,$);
#731=IFCRELSEQUENCE('1lsdWdPrSOS9cccTTMQlqs',#6,$,$,#269,#271,$,.FINISH_START.,$);
#732=IFCLAGTIME('Lag',.PREDICTED.,$,IFCDURATION('P2D'),.WORKTIME.);
#733=IFCRELSEQUENCE('3gdmaXHt7fiAIlbu4vOYhD',#6,$,$,#271,#273,#732,.START_START.,$);
#734=IFCRELSEQUENCE('0F04RzmRjzAkk4pYuZnFpF',#6,$,$,#273,#275,$,.FINISH_START.,$);
#735=IFCLAGTIME('Lag',.PREDICTED.,$,IFCDURATION('P2D'),.WORKTIME.);
#736=IFCRELSEQUENCE('0jQLSY5$EBBAwHDzipg_xX',#6,$,$,#275,#277,#735,.START_START.,$);
#737=IFCRELSEQUENCE('2wHBAuKXicCpbEls6G1aXv',#6,$,$,#277,#279,$,.FINISH_START.,$);
#738=IFCLAGTIME('Lag',.PREDICTED.,$,IFCDURATION('P2D'),.WORKTIME.);
#739=IFCRELSEQUENCE('1QK1JP2T5RREQ6GJQS37tl',#6,$,$,#279,#281,#738,.START_START.,$);
#740=IFCRELSEQUENCE('2y059AJ18zIfkndcnkCsuk',#6,$,$,#281,#283,$,.FINISH_START.,$);
#741=IFCLAGTIME('Lag',.PREDICTED.,$,IFCDURATION('P2D'),.WORKTIME.);
#742=IFCRELSEQUENCE('2XhLG_6RaTjZgNtex3vpnk',#6,$,$,#283,#285,#741,.START_START.,$);
#743=IFCRELSEQUENCE('2vuBC5aH4NAm$GfLtoaxnF',#6,$,$,#237,#287,$,.START_START.,$);
#744=IFCRELSEQUENCE('0w3Vb7bVP9fBvHAJ2U9UOj',#6,$,$,#285,#289,$,.FINISH_START.,$);
#745=IFCRELSEQUENCE('1QGVYS2mTvPn_Ps$M7G1Ch',#6,$,$,#287,#291,$,.FINISH_START.,$);
#746=IFCRELSEQUENCE('1D7yAior0iMfKn1D9mEAwG',#6,$,$,#289,#291,$,.FINISH_START.,$);
#747=IFCRELSEQUENCE('3oYp6Mb_5NX7hvFu1WKsv7',#6,$,$,#121,#293,$,.START_START.,$);
#748=IFCRELSEQUENCE('3qs4cG6avtcNZWtHScAzDN',#6,$,$,#173,#293,$,.FINISH_FINISH.,$);
#749=IFCRELSEQUENCE('1E36pC7TZR0zO9nI_jVdRT',#6,$,$,#175,#295,$,.FINISH_START.,$);
#750=IFCRELSEQUENCE('3o2ly1P_nVJSfgfkeOGUeB',#6,$,$,#233,#295,$,.FINISH_START.,$);
#751=IFCRELSEQUENCE('1kAHVUwCQdWrrvSjmyjvH1',#6,$,$,#291,#295,$,.FINISH_START.,$);
#752=IFCRELSEQUENCE('0rPBbDEuxkHaXEqjsxCkKl',#6,$,$,#173,#301,$,.FINISH_START.,$);
#753=IFCRELSEQUENCE('3tCUQjP0aWdcb7tQFnxe6e',#6,$,$,#301,#303,$,.FINISH_START.,$);
#754=IFCRELSEQUENCE('31DPsFpHc1Fc$AKH_mJ1is',#6,$,$,#303,#305,$,.FINISH_START.,$);
#755=IFCRELSEQUENCE('11ZZsW5VZgRzea_mEwK0NA',#6,$,$,#305,#307,$,.FINISH_START.,$);
#756=IFCRELSEQUENCE('2rQ9qlkkg4LwKUMXJA5uiP',#6,$,$,#173,#309,$,.FINISH_START.,$);
#757=IFCRELSEQUENCE('2AfBdW_osmnFjkPlQCnMtc',#6,$,$,#309,#311,$,.FINISH_START.,$);
#758=IFCRELSEQUENCE('0kXptl767IvGr_yZhEiwOR',#6,$,$,#311,#315,$,.FINISH_START.,$);
#759=IFCRELSEQUENCE('0kllVZgsfSsR5MMkAp9fDW',#6,$,$,#307,#313,$,.FINISH_START.,$);
#760=IFCRELSEQUENCE('3wFN_x8Q3OuSDsrMRSswzz',#6,$,$,#313,#317,$,.FINISH_START.,$);
#761=IFCRELSEQUENCE('1OOnv2nAj$l35lf8itHM5O',#6,$,$,#315,#317,$,.FINISH_START.,$);
#762=IFCRELSEQUENCE('0n3tCBLYgkd9zUzzwNNSou',#6,$,$,#231,#321,$,.FINISH_START.,$);
#763=IFCRELSEQUENCE('1StRljZg6GVV2Jib3cesJc',#6,$,$,#321,#323,$,.FINISH_START.,$);
#764=IFCRELSEQUENCE('2yH0bLrhbCCvV5NF_uIphh',#6,$,$,#323,#325,$,.FINISH_START.,$);
#765=IFCRELSEQUENCE('240sO0wxWxKEC9PFbwaKCw',#6,$,$,#325,#327,$,.FINISH_START.,$);
#766=IFCRELSEQUENCE('2b5$OZJA6v0ca$CJA4SX_W',#6,$,$,#231,#329,$,.FINISH_START.,$);
#767=IFCRELSEQUENCE('2m2KFwIQ1COJo9aZ73a2QB',#6,$,$,#329,#331,$,.FINISH_START.,$);
#768=IFCRELSEQUENCE('01xAVMoZFAoZW2ZINvvwQI',#6,$,$,#331,#335,$,.FINISH_START.,$);
#769=IFCRELSEQUENCE('2VYI4chah5e46do_jqXDNq',#6,$,$,#327,#333,$,.FINISH_START.,$);
#770=IFCRELSEQUENCE('2QkUwAosS$eyqDIvxCf5Hn',#6,$,$,#333,#337,$,.FINISH_START.,$);
#771=IFCRELSEQUENCE('2AEpFS8OM6KGlYJevqfU2j',#6,$,$,#335,#337,$,.FINISH_START.,$);
#772=IFCRELSEQUENCE('0nqpUyuKM2XK9PR04nqSFq',#6,$,$,#289,#341,$,.FINISH_START.,$);
#773=IFCRELSEQUENCE('36rHlBlRsurCFPJAJJYR8q',#6,$,$,#341,#343,$,.FINISH_START.,$);
#774=IFCRELSEQUENCE('3dv6xbDqWTTmnckNXlRHbR',#6,$,$,#343,#345,$,.FINISH_START.,$);
#775=IFCRELSEQUENCE('2p$jrDH10uFCrhFDO4l4DK',#6,$,$,#345,#347,$,.FINISH_START.,$);
#776=IFCRELSEQUENCE('2_j3sI$1bKW9p0$T$$4XE8',#6,$,$,#289,#349,$,.FINISH_START.,$);
#777=IFCRELSEQUENCE('22A7rXqqnMkRpUYhL$S7_7',#6,$,$,#349,#351,$,.FINISH_START.,$);
#778=IFCRELSEQUENCE('0YjoeJ$yFZwQF$i0w0yVVC',#6,$,$,#351,#355,$,.FINISH_START.,$);
#779=IFCRELSEQUENCE('1m0psqnzg8hbKFAjSjM1fP',#6,$,$,#347,#353,$,.FINISH_START.,$);
#780=IFCRELSEQUENCE('0CYuhZpOhy8k7SGEVxBIia',#6,$,$,#353,#357,$,.FINISH_START.,$);
#781=IFCRELSEQUENCE('2Ph3HOD8ywKFLpV73swNi2',#6,$,$,#355,#357,$,.FINISH_START.,$);
#782=IFCRELSEQUENCE('1ST6oeQzvvw4fo5VPxA5f6',#6,$,$,#317,#359,$,.FINISH_START.,$);
#783=IFCRELSEQUENCE('1Hr4a1XNokpxm32ShBGpYh',#6,$,$,#109,#361,$,.FINISH_START.,$);
#784=IFCRELSEQUENCE('28doSSZAY$wKAkQu1c4Jww',#6,$,$,#359,#365,$,.FINISH_START.,$);
#785=IFCRELSEQUENCE('0YQxLKWdgrfYDIgQQPJ2Gr',#6,$,$,#365,#367,$,.FINISH_START.,$);
#786=IFCRELSEQUENCE('38F6v5P_0SWiQsYe23rwGX',#6,$,$,#367,#369,$,.FINISH_START.,$);
#787=IFCRELSEQUENCE('2MRh7sKIQag$4JJ7P_cpEU',#6,$,$,#369,#371,$,.FINISH_START.,$);
#788=IFCRELSEQUENCE('1CCdTneI$Ess7VdKSQoYvt',#6,$,$,#317,#375,$,.FINISH_START.,$);
#789=IFCLAGTIME('Lag',.PREDICTED.,$,IFCDURATION('P2D'),.WORKTIME.);
#790=IFCRELSEQUENCE('0e_58yaeNho8Jsotlp2Y_i',#6,$,$,#375,#377,#789,.START_START.,$);
#791=IFCRELSEQUENCE('1gIJHRSEDVXcTcV5mg9NkI',#6,$,$,#377,#379,$,.FINISH_START.,$);
#792=IFCRELSEQUENCE('1$vzmzF1sO_kZn5KG970CC',#6,$,$,#379,#381,$,.FINISH_START.,$);
#793=IFCRELSEQUENCE('292UjsBvg6OcdTeruSeJgd',#6,$,$,#381,#383,$,.FINISH_START.,$);
#794=IFCRELSEQUENCE('0hlQ9KjGPwqh6Olm2yQ8C1',#6,$,$,#383,#385,$,.FINISH_START.,$);
#795=IFCRELSEQUENCE('0101UYX0rcoKkAWVa90yao',#6,$,$,#385,#387,$,.FINISH_START.,$);
#796=IFCRELSEQUENCE('25GQlWTOhtyHlozeAjnF1x',#6,$,$,#387,#389,$,.FINISH_START.,$);
#797=IFCRELSEQUENCE('3NODN8xfuuq$ZhR0TmyH1l',#6,$,$,#337,#393,$,.FINISH_START.,$);
#798=IFCLAGTIME('Lag',.PREDICTED.,$,IFCDURATION('P2D'),.WORKTIME.);
#799=IFCRELSEQUENCE('1PFYNWh22WXugv8kVTO$de',#6,$,$,#393,#395,#798,.START_START.,$);
#800=IFCRELSEQUENCE('1MCnMSBcdTR89uV467$ayR',#6,$,$,#395,#397,$,.FINISH_START.,$);
#801=IFCRELSEQUENCE('2IJC5dwrR5H9JdKMkmAKUN',#6,$,$,#397,#399,$,.FINISH_START.,$);
#802=IFCRELSEQUENCE('03t9iJ5D5g3VlJo1fhCvFm',#6,$,$,#399,#401,$,.FINISH_START.,$);
#803=IFCRELSEQUENCE('3rsoUOf5fxgjG8EaWh3Z7N',#6,$,$,#401,#403,$,.FINISH_START.,$);
#804=IFCRELSEQUENCE('1u_t16Cp_DmpaJuHPZGsBZ',#6,$,$,#403,#405,$,.FINISH_START.,$);
#805=IFCRELSEQUENCE('1gcG4R_hGNY3cEI4nWK5at',#6,$,$,#405,#407,$,.FINISH_START.,$);
#806=IFCRELSEQUENCE('0LCMIWnWPij_fimNqAe$3_',#6,$,$,#357,#411,$,.FINISH_START.,$);
#807=IFCLAGTIME('Lag',.PREDICTED.,$,IFCDURATION('P2D'),.WORKTIME.);
#808=IFCRELSEQUENCE('06hdLOCQF2o3cOauhicrQK',#6,$,$,#411,#413,#807,.START_START.,$);
#809=IFCRELSEQUENCE('2zK$mJrw2I1HJxKwDzjwl$',#6,$,$,#413,#415,$,.FINISH_START.,$);
#810=IFCRELSEQUENCE('0CD47HcNkx8xHGhHf_5_iM',#6,$,$,#415,#417,$,.FINISH_START.,$);
#811=IFCRELSEQUENCE('1NsgDWfVqQIto7bOnRYFQH',#6,$,$,#417,#419,$,.FINISH_START.,$);
#812=IFCRELSEQUENCE('3R$54lGxh_dBUdUc2a7fgB',#6,$,$,#419,#421,$,.FINISH_START.,$);
#813=IFCRELSEQUENCE('1dvtLpAC4wSfbSR_6_JbKg',#6,$,$,#421,#423,$,.FINISH_START.,$);
#814=IFCRELSEQUENCE('1ox1UcoDXVGzy$JLit$pK1',#6,$,$,#423,#425,$,.FINISH_START.,$);
#815=IFCRELSEQUENCE('0g0rC0FAW1uJrAqqn4AczW',#6,$,$,#389,#431,$,.FINISH_START.,$);
#816=IFCRELSEQUENCE('0JCHumo47f_mfe9iO8dWYf',#6,$,$,#431,#433,$,.FINISH_START.,$);
#817=IFCRELSEQUENCE('0krLIKh87bCLgwgJn7irJK',#6,$,$,#433,#435,$,.FINISH_START.,$);
#818=IFCRELSEQUENCE('3mSHYewBHqvRH_jMSKtu64',#6,$,$,#435,#437,$,.FINISH_START.,$);
#819=IFCRELSEQUENCE('2_H8oXm1kB7D7ajDj$tRNR',#6,$,$,#437,#439,$,.FINISH_START.,$);
#820=IFCRELSEQUENCE('0eg6JqaZnLF3uuKolvQsgp',#6,$,$,#439,#441,$,.FINISH_START.,$);
#821=IFCRELSEQUENCE('1y5L0FSrzr66s84JcK2mGe',#6,$,$,#441,#443,$,.FINISH_START.,$);
#822=IFCRELSEQUENCE('1TvkGsjR_vvQvKTuRejyWU',#6,$,$,#443,#445,$,.FINISH_START.,$);
#823=IFCRELSEQUENCE('1JcNi6xXfzPxui8iifQhPK',#6,$,$,#407,#449,$,.FINISH_START.,$);
#824=IFCRELSEQUENCE('18QLfDkgfWFI4Ei7KSkOtB',#6,$,$,#449,#451,$,.FINISH_START.,$);
#825=IFCRELSEQUENCE('3CijOhwWwmp095_UWIpAJ5',#6,$,$,#451,#453,$,.FINISH_START.,$);
#826=IFCRELSEQUENCE('1z1trYwmIBtysjwi7gow9X',#6,$,$,#453,#455,$,.FINISH_START.,$);
#827=IFCRELSEQUENCE('0P6G$clmA4D4H7ETZzJdV4',#6,$,$,#455,#457,$,.FINISH_START.,$);
#828=IFCRELSEQUENCE('0_EyXw6hQVVqYZqk7hilKj',#6,$,$,#457,#459,$,.FINISH_START.,$);
#829=IFCRELSEQUENCE('3QayogYB21CbgEt2DTIjRn',#6,$,$,#459,#461,$,.FINISH_START.,$);
#830=IFCRELSEQUENCE('14FOOMXjFHENLtiajAybzs',#6,$,$,#461,#463,$,.FINISH_START.,$);
#831=IFCRELSEQUENCE('3zZssC0GeLRQ_myyJ$Xunt',#6,$,$,#425,#467,$,.FINISH_START.,$);
#832=IFCRELSEQUENCE('0kcWRalFaVmVlPFSjopSyo',#6,$,$,#467,#469,$,.FINISH_START.,$);
#833=IFCRELSEQUENCE('0m_fgn2MUBAsXpoO3QvfbZ',#6,$,$,#469,#471,$,.FINISH_START.,$);
#834=IFCRELSEQUENCE('18DoKy4_Bi4k6CwfQQO76r',#6,$,$,#471,#473,$,.FINISH_START.,$);
#835=IFCRELSEQUENCE('36Hn4dt2b0nLz1_U8pi5C0',#6,$,$,#473,#475,$,.FINISH_START.,$);
#836=IFCRELSEQUENCE('10$s4chiH3CXFlswzlDkY4',#6,$,$,#475,#477,$,.FINISH_START.,$);
#837=IFCRELSEQUENCE('0_Jm2bh3bIkaIGfXhym$wd',#6,$,$,#477,#479,$,.FINISH_START.,$);
#838=IFCRELSEQUENCE('2nqLfIFEqayWJCrg2DuPrY',#6,$,$,#479,#481,$,.FINISH_START.,$);
#839=IFCRELSEQUENCE('2n6ZzBaTHz_wr4ummz$TyJ',#6,$,$,#359,#483,$,.FINISH_START.,$);
#840=IFCRELSEQUENCE('0uiqh5im3FNrFKhlpZa5Fv',#6,$,$,#483,#485,$,.FINISH_START.,$);
#841=IFCRELSEQUENCE('243Bclw2WobK3pmhhBeJEV',#6,$,$,#483,#487,$,.FINISH_START.,$);
#842=IFCRELSEQUENCE('2Tkufdyr4O4F7wKqgTcc1p',#6,$,$,#487,#489,$,.FINISH_START.,$);
#843=IFCRELSEQUENCE('17qHQidIuZaa_z6c1A7jrC',#6,$,$,#489,#491,$,.FINISH_START.,$);
#844=IFCRELSEQUENCE('1HWboeQkgEoKflDr2Qv3lL',#6,$,$,#491,#493,$,.FINISH_START.,$);
#845=IFCRELSEQUENCE('0z1IgusSN_dwphLA8$RcUC',#6,$,$,#493,#495,$,.FINISH_START.,$);
#846=IFCRELSEQUENCE('0tgs8vMh8$jaTLFIWYFV1J',#6,$,$,#361,#499,$,.FINISH_START.,$);
#847=IFCRELSEQUENCE('1zZE7jsJKK9X93VIA1DGsO',#6,$,$,#499,#501,$,.FINISH_START.,$);
#848=IFCRELSEQUENCE('1NE9L1kjqLcmGn5jxyLQc9',#6,$,$,#501,#503,$,.FINISH_START.,$);
#849=IFCRELSEQUENCE('06GHMPSQa5PxAWA3y8vlbw',#6,$,$,#503,#505,$,.FINISH_START.,$);
#850=IFCRELSEQUENCE('2hd5bQ9MgGkjeSrOMX0TpQ',#6,$,$,#505,#507,$,.FINISH_START.,$);
#851=IFCRELSEQUENCE('2vyRazQwxFWCpV4cKiVUug',#6,$,$,#507,#509,$,.FINISH_START.,$);
#852=IFCRELSEQUENCE('3sSMyA7v9LFp16csVBevK7',#6,$,$,#509,#511,$,.FINISH_START.,$);
#853=IFCRELSEQUENCE('12vX__88Sz2lrY$TBYjq0G',#6,$,$,#511,#513,$,.FINISH_START.,$);
#854=IFCRELSEQUENCE('1Myi_frlExWA4$cq0J7Czi',#6,$,$,#513,#515,$,.FINISH_START.,$);
#855=IFCRELSEQUENCE('2HXvAWJNXROIqcVDKAL9Wb',#6,$,$,#515,#517,$,.FINISH_START.,$);
#856=IFCRELSEQUENCE('1vYCHYVPrIYpPuDBrvANxr',#6,$,$,#517,#519,$,.FINISH_START.,$);
#857=IFCRELSEQUENCE('0a7TWNXEGXGmTVe72nKmhx',#6,$,$,#519,#521,$,.FINISH_START.,$);
#858=IFCRELSEQUENCE('0B_VJolRy4F_Y8V9aXIntf',#6,$,$,#521,#523,$,.FINISH_START.,$);
#859=IFCRELSEQUENCE('1PxEP_NyrBKJQ$FckUNIGC',#6,$,$,#523,#525,$,.START_FINISH.,$);
#860=IFCRELSEQUENCE('3gGhTqFTbrE0jY4DX2i79s',#6,$,$,#523,#527,$,.FINISH_START.,$);
#861=IFCRELSEQUENCE('1QrYkY$hxcl$R1DB$ibnbu',#6,$,$,#527,#529,$,.FINISH_START.,$);
#862=IFCRELSEQUENCE('2M_SNyV1Rsmj7jO6z3d72U',#6,$,$,#529,#531,$,.FINISH_START.,$);
#863=IFCRELSEQUENCE('1PkKKRUTHZJetL84iGemGF',#6,$,$,#529,#533,$,.FINISH_START.,$);
#864=IFCRELSEQUENCE('2s9l6wMMmTXZvxmBO$kjM_',#6,$,$,#533,#535,$,.FINISH_START.,$);
#865=IFCRELSEQUENCE('0D2na2HJeb1ghVrFdFOHzn',#6,$,$,#535,#537,$,.FINISH_START.,$);
#866=IFCRELSEQUENCE('028lPhVzRzRedsLpZYe$Os',#6,$,$,#537,#539,$,.FINISH_START.,$);
#867=IFCRELSEQUENCE('0ihXPOgemvGiEfF5uRhLsC',#6,$,$,#539,#541,$,.FINISH_START.,$);
#868=IFCRELSEQUENCE('2iuYGOPbmSlSb0P4xxEWAC',#6,$,$,#525,#541,$,.FINISH_START.,$);
#869=IFCRELSEQUENCE('0ujCSMtA3SpPGZUg$fK9N0',#6,$,$,#531,#541,$,.FINISH_START.,$);
#870=IFCRELSEQUENCE('0xkow4tB2OWdUwBNk72ih3',#6,$,$,#445,#545,$,.FINISH_START.,$);
#871=IFCRELSEQUENCE('1cSyOdPSbbwUPfL4vwVSOm',#6,$,$,#541,#545,$,.FINISH_START.,$);
#872=IFCRELSEQUENCE('003g19a3MP6DETEraJAYmq',#6,$,$,#463,#547,$,.FINISH_START.,$);
#873=IFCRELSEQUENCE('2ncWTzv4mmBkNZsERekfeP',#6,$,$,#541,#547,$,.FINISH_START.,$);
#874=IFCRELSEQUENCE('0lxm7FMP8QERILlobCWJ4$',#6,$,$,#481,#549,$,.FINISH_START.,$);
#875=IFCRELSEQUENCE('3XwMSgzaMyZFe_hi68GjXv',#6,$,$,#541,#549,$,.FINISH_START.,$);
#876=IFCRELSEQUENCE('3foz$nuFjh8J7KvVxT1VHH',#6,$,$,#541,#551,$,.FINISH_START.,$);
#877=IFCRELSEQUENCE('3TGv0a9$uP3QPJpQI4N7$$',#6,$,$,#551,#555,$,.FINISH_START.,$);
#878=IFCRELSEQUENCE('3SNfS3fbtlHwOcuTtFR1Q3',#6,$,$,#555,#553,$,.FINISH_START.,$);
#879=IFCRELSEQUENCE('3XJBt$oitw3mxbygvMEtAm',#6,$,$,#553,#557,$,.FINISH_START.,$);
#880=IFCRELSEQUENCE('2kBv7mZdHNND5cOR2SUQKc',#6,$,$,#557,#559,$,.FINISH_START.,$);
#881=IFCRELSEQUENCE('1dgf5X$n_rhrVmqMUYCBcv',#6,$,$,#559,#561,$,.FINISH_START.,$);
#882=IFCRELSEQUENCE('2zK5Ypavmv9tCkAbhazzVl',#6,$,$,#113,#563,$,.FINISH_START.,$);
#883=IFCRELSEQUENCE('2CpOE5E5rZGg9UCiFZPBo8',#6,$,$,#563,#295,$,.FINISH_START.,$);
#884=IFCCREWRESOURCE('0qYdwmTamAJvyjB6qQMG_e',#6,'Structural works crew','Overarching structural works crew',$,$,$,$,.USERDEFINED.);
#885=IFCLABORRESOURCE('1UhnMb0VYTdcjsNGrSDZx_',#6,'Steel fixers',$,$,$,$,$,.USERDEFINED.);
#886=IFCLABORRESOURCE('1EcbEkMsl6TN1fpVSytQv0',#6,'Carpenters',$,$,$,$,$,.USERDEFINED.);
#887=IFCCONSTRUCTIONEQUIPMENTRESOURCE('3Iyfd4CEO3TbQjA4OjC5sT',#6,'Tower crane','One tower crane; a second crane is added later',$,$,$,$,.USERDEFINED.);
#888=IFCCONSTRUCTIONMATERIALRESOURCE('07OVSTb8Mt5oKqD671wkgv',#6,'Concrete C30/37',$,$,$,$,$,.USERDEFINED.);
#889=IFCSUBCONTRACTRESOURCE('11wb1ym0cymsFXuTTX5jhZ',#6,'Facade contractor',$,$,$,$,$,.USERDEFINED.);
#890=IFCSUBCONTRACTRESOURCE('3AeB8GkheF2mp$Q84s9Vkw',#6,'Lift supplier',$,$,$,$,$,.USERDEFINED.);
#891=IFCLABORRESOURCE('0D6RrzBDIFExREjcfD1WME',#6,'Plasterers','One plastering crew for three towers \X2\2014\X0\ deliberately tight (bottleneck 2 of 2)',$,$,$,$,.USERDEFINED.);
#892=IFCLABORRESOURCE('0BkrIxY07RtTw0XGUOIa68',#6,'Tilers',$,$,$,$,$,.USERDEFINED.);
#893=IFCLABORRESOURCE('31qiP54EsCy5vFIrzFhHcY',#6,'Kitchen fitters',$,$,$,$,$,.USERDEFINED.);
#894=IFCLABORRESOURCE('2FvbmqkpF6Ys9NQ4uTCA9P',#6,'MEP fitters',$,$,$,$,$,.USERDEFINED.);
#895=IFCLABORRESOURCE('0VbYnBLcQdxoNwBd8_4r_x',#6,'Painters',$,$,$,$,$,.USERDEFINED.);
#896=IFCPROPERTYSINGLEVALUE('Color',$,IFCTEXT('#1E293B'),$);
#897=IFCPROPERTYSET('3PgXcoRUS9tRgsrmAy6mEz',#6,'OPS_Resource',$,(#896));
#898=IFCRELDEFINESBYPROPERTIES('3KQvXLUKcW_Mqmn9ILzvQO',#6,$,$,(#884),#897);
#899=IFCPROPERTYSINGLEVALUE('MaxUnits',$,IFCREAL(6),$);
#900=IFCPROPERTYSINGLEVALUE('CostPerHour',$,IFCMONETARYMEASURE(44),$);
#901=IFCPROPERTYSINGLEVALUE('Color',$,IFCTEXT('#B91C1C'),$);
#902=IFCPROPERTYSINGLEVALUE('ParentGuid',$,IFCTEXT('0qYdwmTamAJvyjB6qQMG_e'),$);
#903=IFCPROPERTYSET('3LqGeWwFwbnwkgjuLZA$N0',#6,'OPS_Resource',$,(#899,#900,#901,#902));
#904=IFCRELDEFINESBYPROPERTIES('2WsfqtAvVEVa4rncZ6kvzX',#6,$,$,(#885),#903);
#905=IFCPROPERTYSINGLEVALUE('MaxUnits',$,IFCREAL(12),$);
#906=IFCPROPERTYSINGLEVALUE('CostPerHour',$,IFCMONETARYMEASURE(45),$);
#907=IFCPROPERTYSINGLEVALUE('Color',$,IFCTEXT('#DB2777'),$);
#908=IFCPROPERTYSET('3yvyDmHy5MENKW52qKwkhr',#6,'OPS_Resource',$,(#905,#906,#907));
#909=IFCRELDEFINESBYPROPERTIES('1$s1PH_GFPYmB46VHHY26J',#6,$,$,(#886),#908);
#910=IFCPROPERTYSINGLEVALUE('CostPerHour',$,IFCMONETARYMEASURE(120),$);
#911=IFCPROPERTYSINGLEVALUE('Color',$,IFCTEXT('#C2410C'),$);
#912=IFCPROPERTYSINGLEVALUE('AvailabilitySteps',$,IFCTEXT('2027-08-30:2'),$);
#913=IFCPROPERTYSET('20VXl_FMDaltTTVU_kyOmO',#6,'OPS_Resource',$,(#910,#911,#912));
#914=IFCRELDEFINESBYPROPERTIES('36ms8XVEL8r$h_QzceY46n',#6,$,$,(#887),#913);
#915=IFCPROPERTYSINGLEVALUE('MaxUnits',$,IFCREAL(999),$);
#916=IFCPROPERTYSINGLEVALUE('UnitOfMeasure',$,IFCLABEL('m\X2\00B3\X0\'),$);
#917=IFCPROPERTYSINGLEVALUE('Color',$,IFCTEXT('#6366F1'),$);
#918=IFCPROPERTYSET('1e4$odYcjcH063XOpQeW83',#6,'OPS_Resource',$,(#915,#916,#917));
#919=IFCRELDEFINESBYPROPERTIES('3KBjAMmOUj5$yR8XN_zG7M',#6,$,$,(#888),#918);
#920=IFCPROPERTYSINGLEVALUE('MaxUnits',$,IFCREAL(6),$);
#921=IFCPROPERTYSINGLEVALUE('CostPerHour',$,IFCMONETARYMEASURE(60),$);
#922=IFCPROPERTYSINGLEVALUE('Color',$,IFCTEXT('#0D9488'),$);
#923=IFCPROPERTYSET('32EjY54tt46Vyz94Clk2UI',#6,'OPS_Resource',$,(#920,#921,#922));
#924=IFCRELDEFINESBYPROPERTIES('1zpO16$BfbsPBh4YyngELB',#6,$,$,(#889),#923);
#925=IFCPROPERTYSINGLEVALUE('MaxUnits',$,IFCREAL(3),$);
#926=IFCPROPERTYSINGLEVALUE('CostPerHour',$,IFCMONETARYMEASURE(90),$);
#927=IFCPROPERTYSINGLEVALUE('Color',$,IFCTEXT('#D97706'),$);
#928=IFCPROPERTYSET('0nr$WaNwHp1qDWxVSy1Hxh',#6,'OPS_Resource',$,(#925,#926,#927));
#929=IFCRELDEFINESBYPROPERTIES('2Z_JVGjMcH8XhbLngCZbq3',#6,$,$,(#890),#928);
#930=IFCPROPERTYSINGLEVALUE('MaxUnits',$,IFCREAL(3),$);
#931=IFCPROPERTYSINGLEVALUE('CostPerHour',$,IFCMONETARYMEASURE(42),$);
#932=IFCPROPERTYSINGLEVALUE('Color',$,IFCTEXT('#A78BFA'),$);
#933=IFCPROPERTYSET('0QsSVDQiZJySw_1d7uBeQD',#6,'OPS_Resource',$,(#930,#931,#932));
#934=IFCRELDEFINESBYPROPERTIES('1vTctQLzUdDaGPX6V$Oy5z',#6,$,$,(#891),#933);
#935=IFCPROPERTYSINGLEVALUE('MaxUnits',$,IFCREAL(15),$);
#936=IFCPROPERTYSINGLEVALUE('CostPerHour',$,IFCMONETARYMEASURE(43),$);
#937=IFCPROPERTYSINGLEVALUE('Color',$,IFCTEXT('#38BDF8'),$);
#938=IFCPROPERTYSET('3LunluY27fp1a3VcVG3aP9',#6,'OPS_Resource',$,(#935,#936,#937));
#939=IFCRELDEFINESBYPROPERTIES('25Jb2uN8HjThmEG3j0WpP4',#6,$,$,(#892),#938);
#940=IFCPROPERTYSINGLEVALUE('MaxUnits',$,IFCREAL(9),$);
#941=IFCPROPERTYSINGLEVALUE('CostPerHour',$,IFCMONETARYMEASURE(46),$);
#942=IFCPROPERTYSINGLEVALUE('Color',$,IFCTEXT('#4ADE80'),$);
#943=IFCPROPERTYSET('3px045xyPvZ0wecS1wEaR0',#6,'OPS_Resource',$,(#940,#941,#942));
#944=IFCRELDEFINESBYPROPERTIES('09usxFct0Mi8sex0bm7qGu',#6,$,$,(#893),#943);
#945=IFCPROPERTYSINGLEVALUE('MaxUnits',$,IFCREAL(18),$);
#946=IFCPROPERTYSINGLEVALUE('CostPerHour',$,IFCMONETARYMEASURE(48),$);
#947=IFCPROPERTYSINGLEVALUE('Color',$,IFCTEXT('#FBBF24'),$);
#948=IFCPROPERTYSET('3vMJcvKCw6AuGoSj38byrE',#6,'OPS_Resource',$,(#945,#946,#947));
#949=IFCRELDEFINESBYPROPERTIES('0wIUoWfEtF9V_$FkoUyr0u',#6,$,$,(#894),#948);
#950=IFCPROPERTYSINGLEVALUE('MaxUnits',$,IFCREAL(15),$);
#951=IFCPROPERTYSINGLEVALUE('CostPerHour',$,IFCMONETARYMEASURE(38),$);
#952=IFCPROPERTYSINGLEVALUE('Color',$,IFCTEXT('#BEF264'),$);
#953=IFCPROPERTYSET('24ZGKyRlH_IzTkxycfKB$e',#6,'OPS_Resource',$,(#950,#951,#952));
#954=IFCRELDEFINESBYPROPERTIES('0ewcFLfwPUNiDEHdTjfjRS',#6,$,$,(#895),#953);
#955=IFCRELNESTS('2rX73TFkbEm8ma9cQiXlpB',#6,'Ploeg Structural works crew',$,#884,(#885));
#956=IFCTIMEPERIOD('07:00:00','15:00:00');
#957=IFCRECURRENCEPATTERN(.WEEKLY.,$,(1,2,3,4,5),$,$,$,$,(#956));
#958=IFCWORKTIME('Standard work week',.PREDICTED.,$,#957,$,$);
#959=IFCWORKTIME('New Year''s Day',.PREDICTED.,$,$,'2027-01-01','2027-01-01');
#960=IFCWORKTIME('Good Friday',.PREDICTED.,$,$,'2027-03-26','2027-03-26');
#961=IFCWORKTIME('Easter',.PREDICTED.,$,$,'2027-03-28','2027-03-29');
#962=IFCWORKTIME('King''s Day',.PREDICTED.,$,$,'2027-04-27','2027-04-27');
#963=IFCWORKTIME('Liberation Day',.PREDICTED.,$,$,'2027-05-05','2027-05-05');
#964=IFCWORKTIME('Ascension Day',.PREDICTED.,$,$,'2027-05-06','2027-05-06');
#965=IFCWORKTIME('Whitsun',.PREDICTED.,$,$,'2027-05-16','2027-05-17');
#966=IFCWORKTIME('Christmas',.PREDICTED.,$,$,'2027-12-25','2027-12-26');
#967=IFCWORKTIME('Construction holiday (northern region)',.PREDICTED.,$,$,'2027-07-26','2027-08-15');
#968=IFCWORKTIME('New Year''s Day',.PREDICTED.,$,$,'2028-01-01','2028-01-01');
#969=IFCWORKTIME('Good Friday',.PREDICTED.,$,$,'2028-04-14','2028-04-14');
#970=IFCWORKTIME('Easter',.PREDICTED.,$,$,'2028-04-16','2028-04-17');
#971=IFCWORKTIME('King''s Day',.PREDICTED.,$,$,'2028-04-27','2028-04-27');
#972=IFCWORKTIME('Liberation Day',.PREDICTED.,$,$,'2028-05-05','2028-05-05');
#973=IFCWORKTIME('Ascension Day',.PREDICTED.,$,$,'2028-05-25','2028-05-25');
#974=IFCWORKTIME('Whitsun',.PREDICTED.,$,$,'2028-06-04','2028-06-05');
#975=IFCWORKTIME('Christmas',.PREDICTED.,$,$,'2028-12-25','2028-12-26');
#976=IFCWORKTIME('Construction holiday (northern region)',.PREDICTED.,$,$,'2028-07-24','2028-08-13');
#977=IFCWORKCALENDAR('2Tb6TONk4q2OJI7ogd_cps',#6,'Hourly calendar, rebar fixing & pouring','Mon-Fri 07:00-15:00, hourly precision for reinforcement/concrete (phase 2.10, wave 2).',$,(#958),(#959,#960,#961,#962,#963,#964,#965,#966,#967,#968,#969,#970,#971,#972,#973,#974,#975,#976),.FIRSTSHIFT.);
#978=IFCPROPERTYSINGLEVALUE('WorkEndHour',$,IFCREAL(16),$);
#979=IFCPROPERTYSINGLEVALUE('IsHourCalendar',$,IFCBOOLEAN(.T.),$);
#980=IFCPROPERTYSET('38lnYcp2siSYTTpTHBLMv6',#6,'OPS_Calendar',$,(#978,#979));
#981=IFCRELDEFINESBYPROPERTIES('19idmNcge3rpUBS6r$vYCj',#6,$,$,(#977),#980);
#982=IFCRELASSIGNSTOCONTROL('2hFLQQTD75GU5lhWPUfU4C',#6,$,$,(#77,#79,#81,#83,#87,#89,#91,#93,#97,#99,#101,#103),$,#977);
#983=IFCRELASSIGNSTOPROCESS('0HJPpzgBo$gqvQPfa32_$n',#6,$,$,(#888),$,#73,$);
#984=IFCRELASSIGNSTOPROCESS('3Er5lK4ZD7EDKkc$22Z3df',#6,$,$,(#888),$,#79,$);
#985=IFCRELASSIGNSTOPROCESS('3K3v$TzUz1TSnAXu4$pt$P',#6,$,$,(#888),$,#83,$);
#986=IFCRELASSIGNSTOPROCESS('0c2qZ8ubMnpeL8vlIDPZ4O',#6,$,$,(#888),$,#89,$);
#987=IFCRELASSIGNSTOPROCESS('3S0M2g8SPNVxfGqqIhWYQN',#6,$,$,(#888),$,#93,$);
#988=IFCRELASSIGNSTOPROCESS('39D_YZ2_ulGZHxZqZEERhm',#6,$,$,(#888),$,#99,$);
#989=IFCRELASSIGNSTOPROCESS('1GnQC8WchhwjVtANdEN81L',#6,$,$,(#888),$,#103,$);
#990=IFCRELASSIGNSTOPROCESS('3pwoV9DPSdxzoPuLoU476n',#6,$,$,(#888),$,#109,$);
#991=IFCRELASSIGNSTOPROCESS('1l43W_m$XAZYiEU22YQilG',#6,$,$,(#888),$,#121,$);
#992=IFCRELASSIGNSTOPROCESS('1HefVyeUDfa2$gG3kJMAHn',#6,$,$,(#885,#887),$,#123,$);
#993=IFCRELASSIGNSTOPROCESS('2LlbAIO$RapyqNv3upIhrY',#6,$,$,(#886,#887),$,#125,$);
#994=IFCRELASSIGNSTOPROCESS('0Ihbm5bxVCPMTpW7Hb11au',#6,$,$,(#885,#887),$,#127,$);
#995=IFCRELASSIGNSTOPROCESS('2TQR2vVxhdo8MDrF$8bBKE',#6,$,$,(#886,#887),$,#129,$);
#996=IFCRELASSIGNSTOPROCESS('1vAgAJYiqpUBHUSmioCIyw',#6,$,$,(#885,#887),$,#131,$);
#997=IFCRELASSIGNSTOPROCESS('36Ux3cRUbqnNjHQyKAG4ex',#6,$,$,(#886,#887),$,#133,$);
#998=IFCRELASSIGNSTOPROCESS('28PGbHJ0ocjPw_dszlR_7A',#6,$,$,(#885,#887),$,#135,$);
#999=IFCRELASSIGNSTOPROCESS('02QdL1tAY6To9NwxLyklon',#6,$,$,(#886,#887),$,#137,$);
#1000=IFCRELASSIGNSTOPROCESS('1GGU3PGMnKBtgJ693bR9SG',#6,$,$,(#885,#887),$,#139,$);
#1001=IFCRELASSIGNSTOPROCESS('3Gx7j5PyuiHvJvrRrAUWDg',#6,$,$,(#886,#887),$,#141,$);
#1002=IFCRELASSIGNSTOPROCESS('0nymqYw$3ZO3JX30SyOkoC',#6,$,$,(#885,#887),$,#143,$);
#1003=IFCRELASSIGNSTOPROCESS('1z0v1_5RF3j92tDumS$lVH',#6,$,$,(#886,#887),$,#145,$);
#1004=IFCRELASSIGNSTOPROCESS('3lrMalzK7YgaRZ250Ba1vL',#6,$,$,(#885,#887),$,#147,$);
#1005=IFCRELASSIGNSTOPROCESS('1DLBt01ar7UPa2z7GdDiZj',#6,$,$,(#886,#887),$,#149,$);
#1006=IFCRELASSIGNSTOPROCESS('3O6GzDAVQbH8IKbCYZc$B9',#6,$,$,(#885,#887),$,#151,$);
#1007=IFCRELASSIGNSTOPROCESS('39pHWB7NHY7tIvse0jT80T',#6,$,$,(#886,#887),$,#153,$);
#1008=IFCRELASSIGNSTOPROCESS('2Yk2hCMQZI4rLPxqBGnNIQ',#6,$,$,(#885,#887),$,#155,$);
#1009=IFCRELASSIGNSTOPROCESS('11EV81iCP0hEnoR56Bg4FI',#6,$,$,(#886,#887),$,#157,$);
#1010=IFCRELASSIGNSTOPROCESS('0xFM3p5vYR84nK4SIyS10U',#6,$,$,(#885,#887),$,#159,$);
#1011=IFCRELASSIGNSTOPROCESS('3AvtiyH0CEScKdiLIYa_Rv',#6,$,$,(#886,#887),$,#161,$);
#1012=IFCRELASSIGNSTOPROCESS('0zONFLMJNxvoAxLd8gA7xw',#6,$,$,(#885,#887),$,#163,$);
#1013=IFCRELASSIGNSTOPROCESS('2CI5zfqVSXV9AagHgwyuMq',#6,$,$,(#886,#887),$,#165,$);
#1014=IFCRELASSIGNSTOPROCESS('3V943QiPoHjzU3p8dle$QG',#6,$,$,(#885,#887),$,#167,$);
#1015=IFCRELASSIGNSTOPROCESS('2eiVUKAdwlJbvMbAaav2Ic',#6,$,$,(#886,#887),$,#169,$);
#1016=IFCRELASSIGNSTOPROCESS('0gLQutClMZays496zoGmBL',#6,$,$,(#886),$,#171,$);
#1017=IFCRELASSIGNSTOPROCESS('2Ebo2H0XBZz8Y2j6FK$whB',#6,$,$,(#886,#887),$,#173,$);
#1018=IFCRELASSIGNSTOPROCESS('1mYa95odWOXyKu5uwXMNzJ',#6,$,$,(#888),$,#179,$);
#1019=IFCRELASSIGNSTOPROCESS('0JiY9SWj0AfAxnrNfYUPu2',#6,$,$,(#885,#887),$,#181,$);
#1020=IFCRELASSIGNSTOPROCESS('3871D0otxBZ3sQHaCPgnNp',#6,$,$,(#886,#887),$,#183,$);
#1021=IFCRELASSIGNSTOPROCESS('3f09WQZPnPP1haoz7YvP2o',#6,$,$,(#885,#887),$,#185,$);
#1022=IFCRELASSIGNSTOPROCESS('24ZljZ3hNQmLaWgkUiuBsW',#6,$,$,(#886,#887),$,#187,$);
#1023=IFCRELASSIGNSTOPROCESS('3aAnXtP1KsQgjk1Of4T92z',#6,$,$,(#885,#887),$,#189,$);
#1024=IFCRELASSIGNSTOPROCESS('09tTndrQIx4PYuJABHrgkn',#6,$,$,(#886,#887),$,#191,$);
#1025=IFCRELASSIGNSTOPROCESS('03aNfpU$JZOabbB0W0Pk0Z',#6,$,$,(#885,#887),$,#193,$);
#1026=IFCRELASSIGNSTOPROCESS('2T3Ry3iu2qAU2$swR9EJyP',#6,$,$,(#886,#887),$,#195,$);
#1027=IFCRELASSIGNSTOPROCESS('2qaDuqT7Oqk_dLyAbFtusB',#6,$,$,(#885,#887),$,#197,$);
#1028=IFCRELASSIGNSTOPROCESS('18fqAYmcLvIML2hwJoJrX9',#6,$,$,(#886,#887),$,#199,$);
#1029=IFCRELASSIGNSTOPROCESS('2Bio9G7uCLAnYwBfUuj7oH',#6,$,$,(#885,#887),$,#201,$);
#1030=IFCRELASSIGNSTOPROCESS('0HWTo0reZzhdTRDMP3ro9y',#6,$,$,(#886,#887),$,#203,$);
#1031=IFCRELASSIGNSTOPROCESS('2VIPWZuwF6bCfTDB06ufAA',#6,$,$,(#885,#887),$,#205,$);
#1032=IFCRELASSIGNSTOPROCESS('2RdCfAaHz5Cs5hczGkCTWL',#6,$,$,(#886,#887),$,#207,$);
#1033=IFCRELASSIGNSTOPROCESS('2Dhjpz$vbQja_5YAsj$ng3',#6,$,$,(#885,#887),$,#209,$);
#1034=IFCRELASSIGNSTOPROCESS('1oD7lNZI7NFfLduUvGOSVx',#6,$,$,(#886,#887),$,#211,$);
#1035=IFCRELASSIGNSTOPROCESS('1WoeQmw3YW9EDI7cvri1ZI',#6,$,$,(#885,#887),$,#213,$);
#1036=IFCRELASSIGNSTOPROCESS('1qdsv09PPQ2ZMIkHILcdq_',#6,$,$,(#886,#887),$,#215,$);
#1037=IFCRELASSIGNSTOPROCESS('3axkg3pS6loUJFXt4rTmil',#6,$,$,(#885,#887),$,#217,$);
#1038=IFCRELASSIGNSTOPROCESS('1in0SAXhuTiu24Tkf2UraM',#6,$,$,(#886,#887),$,#219,$);
#1039=IFCRELASSIGNSTOPROCESS('21KYFcnrh8Mse_aXacA1C4',#6,$,$,(#885,#887),$,#221,$);
#1040=IFCRELASSIGNSTOPROCESS('0kGOt0TsKsmtY5kosS9M3q',#6,$,$,(#886,#887),$,#223,$);
#1041=IFCRELASSIGNSTOPROCESS('2NyHkJcxj6LhaGb8cvOlqD',#6,$,$,(#885,#887),$,#225,$);
#1042=IFCRELASSIGNSTOPROCESS('1aKv6JrpTr1zKdp4NAvYJx',#6,$,$,(#886,#887),$,#227,$);
#1043=IFCRELASSIGNSTOPROCESS('0TznztXcfq0mdfHRezT$s_',#6,$,$,(#886),$,#229,$);
#1044=IFCRELASSIGNSTOPROCESS('3$u5usUXrlMFt34WjPglOA',#6,$,$,(#886,#887),$,#231,$);
#1045=IFCRELASSIGNSTOPROCESS('1H64FCTK8uqgT94xiVrWaZ',#6,$,$,(#888),$,#237,$);
#1046=IFCRELASSIGNSTOPROCESS('1Q0j$WMuhAAE0EujSn3uqi',#6,$,$,(#885,#887),$,#239,$);
#1047=IFCRELASSIGNSTOPROCESS('3rfIFbLJopWRL1COt2ZMjo',#6,$,$,(#886,#887),$,#241,$);
#1048=IFCRELASSIGNSTOPROCESS('1EEgERFnH9743_sYTTT4_h',#6,$,$,(#885,#887),$,#243,$);
#1049=IFCRELASSIGNSTOPROCESS('0QBQb49wCrZmdT_uMTtE2Z',#6,$,$,(#886,#887),$,#245,$);
#1050=IFCRELASSIGNSTOPROCESS('3ySIvYJGenTvxOP5Ire4cK',#6,$,$,(#885,#887),$,#247,$);
#1051=IFCRELASSIGNSTOPROCESS('10W_rNXtbvdBjlAyWuqfSn',#6,$,$,(#886,#887),$,#249,$);
#1052=IFCRELASSIGNSTOPROCESS('2PAqlV$ivPVNutFqyzZc6l',#6,$,$,(#885,#887),$,#251,$);
#1053=IFCRELASSIGNSTOPROCESS('0IMy8fRFLHZT2hJSfYR78n',#6,$,$,(#886,#887),$,#253,$);
#1054=IFCRELASSIGNSTOPROCESS('23XWrlS6RNzA27krvxhNkG',#6,$,$,(#885,#887),$,#255,$);
#1055=IFCRELASSIGNSTOPROCESS('00QD6h8BHvZQyjbYcwwmm0',#6,$,$,(#886,#887),$,#257,$);
#1056=IFCRELASSIGNSTOPROCESS('1GsIVDTpf9DyKjY_0aanTI',#6,$,$,(#885,#887),$,#259,$);
#1057=IFCRELASSIGNSTOPROCESS('0ONSoEsFBdbW_bvqnB9wVp',#6,$,$,(#886,#887),$,#261,$);
#1058=IFCRELASSIGNSTOPROCESS('28O5qA_$$zPLkls88VhCcc',#6,$,$,(#885,#887),$,#263,$);
#1059=IFCRELASSIGNSTOPROCESS('1SBhebrQ6kVQD1rv3a7uZ_',#6,$,$,(#886,#887),$,#265,$);
#1060=IFCRELASSIGNSTOPROCESS('0VTnQ6D6I7STnQx09XQH8T',#6,$,$,(#885,#887),$,#267,$);
#1061=IFCRELASSIGNSTOPROCESS('1Z$C9TVzXLB9cyytOk0qSB',#6,$,$,(#886,#887),$,#269,$);
#1062=IFCRELASSIGNSTOPROCESS('3bJtsFa5FQS9eOVu6AhU3G',#6,$,$,(#885,#887),$,#271,$);
#1063=IFCRELASSIGNSTOPROCESS('2lFGiPRWx2WAmMd99cdjsP',#6,$,$,(#886,#887),$,#273,$);
#1064=IFCRELASSIGNSTOPROCESS('3Z2KI3WVM5ORkUQyrIoLdw',#6,$,$,(#885,#887),$,#275,$);
#1065=IFCRELASSIGNSTOPROCESS('0rmozql_PYCI2RDohWZxeG',#6,$,$,(#886,#887),$,#277,$);
#1066=IFCRELASSIGNSTOPROCESS('1Wh1fQFZONjHw1hF3NMAdL',#6,$,$,(#885,#887),$,#279,$);
#1067=IFCRELASSIGNSTOPROCESS('2vo3UhRAyTmuJ$aAAo$$i5',#6,$,$,(#886,#887),$,#281,$);
#1068=IFCRELASSIGNSTOPROCESS('0MEFAS7c_DVi$5NxtMFLMx',#6,$,$,(#885,#887),$,#283,$);
#1069=IFCRELASSIGNSTOPROCESS('0AT_1T7XnsRchb9adrx1wn',#6,$,$,(#886,#887),$,#285,$);
#1070=IFCRELASSIGNSTOPROCESS('3rX6v6n_J_JsiVjKmOA8iV',#6,$,$,(#886),$,#287,$);
#1071=IFCRELASSIGNSTOPROCESS('1QyY$NQt8i$jDD$IQoSMPD',#6,$,$,(#886,#887),$,#289,$);
#1072=IFCRELASSIGNSTOPROCESS('1jwgXNZ6hsYXhPOF7b8w6r',#6,$,$,(#889),$,#303,$);
#1073=IFCRELASSIGNSTOPROCESS('1B74O96f3JKuXVE0gRxqzr',#6,$,$,(#889),$,#305,$);
#1074=IFCRELASSIGNSTOPROCESS('3Z8ovKZeClSY863BPaBfDM',#6,$,$,(#889),$,#323,$);
#1075=IFCRELASSIGNSTOPROCESS('0fXe3PZGJAQeBXKn37Z_A0',#6,$,$,(#889),$,#325,$);
#1076=IFCRELASSIGNSTOPROCESS('1xXIjRTLo7FCGAHhBeHMkA',#6,$,$,(#889),$,#343,$);
#1077=IFCRELASSIGNSTOPROCESS('30eLFOfyu8jCVO94N0mufX',#6,$,$,(#889),$,#345,$);
#1078=IFCRELASSIGNSTOPROCESS('2WyoJQW3wfu4nlnSJrA8w2',#6,$,$,(#894),$,#375,$);
#1079=IFCRELASSIGNSTOPROCESS('02HMCeW47j0nyJb344W0lH',#6,$,$,(#894),$,#377,$);
#1080=IFCRELASSIGNSTOPROCESS('0uBpgJ9VkuxciloDVQgbKr',#6,$,$,(#890),$,#387,$);
#1081=IFCRELASSIGNSTOPROCESS('2i2izIwOSkyUwnSDUsJrjr',#6,$,$,(#894),$,#393,$);
#1082=IFCRELASSIGNSTOPROCESS('2PXqm4Pg8vsirTD9N3dYNt',#6,$,$,(#894),$,#395,$);
#1083=IFCRELASSIGNSTOPROCESS('1CcVNdAlw9vMp_ry7oNGvx',#6,$,$,(#890),$,#405,$);
#1084=IFCRELASSIGNSTOPROCESS('1tucqR5b2qIiQN2F7OfLaK',#6,$,$,(#894),$,#411,$);
#1085=IFCRELASSIGNSTOPROCESS('1JJIV3TuOdX0ER2Px7lOMB',#6,$,$,(#894),$,#413,$);
#1086=IFCRELASSIGNSTOPROCESS('0ulTbw4YEu$UfGu0vhZ_gW',#6,$,$,(#890),$,#423,$);
#1087=IFCRELASSIGNSTOPROCESS('3FbjLLQnFM6v0OkaPHGK0H',#6,$,$,(#891),$,#431,$);
#1088=IFCRELASSIGNSTOPROCESS('0m9iIlLoK4OHhu6xd1rxc2',#6,$,$,(#892),$,#433,$);
#1089=IFCRELASSIGNSTOPROCESS('23I5GK8S$RdLGP$lq_bazM',#6,$,$,(#893),$,#435,$);
#1090=IFCRELASSIGNSTOPROCESS('0WovcUZ41Iz_pqDfszw3Jh',#6,$,$,(#894),$,#437,$);
#1091=IFCRELASSIGNSTOPROCESS('1oes8WOtN8c1jbpSbza0AX',#6,$,$,(#895),$,#439,$);
#1092=IFCRELASSIGNSTOPROCESS('0taCm2OwhQy7kA0m45M1q_',#6,$,$,(#892),$,#441,$);
#1093=IFCRELASSIGNSTOPROCESS('1kU9zbIXA0tOXQLlryw6GB',#6,$,$,(#891),$,#449,$);
#1094=IFCRELASSIGNSTOPROCESS('0sggciLMMT0piCZfBKWLPu',#6,$,$,(#892),$,#451,$);
#1095=IFCRELASSIGNSTOPROCESS('3ED1y8Boih9snN9MDp7bB1',#6,$,$,(#893),$,#453,$);
#1096=IFCRELASSIGNSTOPROCESS('2WgkWsHKP2GfhJkwGtLTI8',#6,$,$,(#894),$,#455,$);
#1097=IFCRELASSIGNSTOPROCESS('13mLXnmyGxCn4zyv31rhPE',#6,$,$,(#895),$,#457,$);
#1098=IFCRELASSIGNSTOPROCESS('2OlskxmhYXmjyG0wNqvXd$',#6,$,$,(#892),$,#459,$);
#1099=IFCRELASSIGNSTOPROCESS('0V3XmoHiNGkctaWW8nOuz9',#6,$,$,(#891),$,#467,$);
#1100=IFCRELASSIGNSTOPROCESS('3tXTe4$xR7RY8M4$AjqhT1',#6,$,$,(#892),$,#469,$);
#1101=IFCRELASSIGNSTOPROCESS('0CVstbrFRKK_tWtiohiBIr',#6,$,$,(#893),$,#471,$);
#1102=IFCRELASSIGNSTOPROCESS('3UpLWMeb$f3IsavvLwPMz1',#6,$,$,(#894),$,#473,$);
#1103=IFCRELASSIGNSTOPROCESS('24u_ZO7u$roLTIYpDzV7so',#6,$,$,(#895),$,#475,$);
#1104=IFCRELASSIGNSTOPROCESS('1YrKsyojSFnNVtei$toN86',#6,$,$,(#892),$,#477,$);
#1105=IFCPROPERTYSINGLEVALUE('07OVSTb8Mt5oKqD671wkgv#0',$,IFCTEXT('60|FRONT_LOADED'),$);
#1106=IFCPROPERTYSET('2sqpOKeybgR2kWoukIQNsy',#6,'OPS_Assignments',$,(#1105));
#1107=IFCRELDEFINESBYPROPERTIES('2TaXRXDOyyclpGQZFXcg3m',#6,$,$,(#73),#1106);
#1108=IFCPROPERTYSINGLEVALUE('07OVSTb8Mt5oKqD671wkgv#0',$,IFCTEXT('30|UNIFORM'),$);
#1109=IFCPROPERTYSET('2TxWznpwZyhQ6q8VnrUxbt',#6,'OPS_Assignments',$,(#1108));
#1110=IFCRELDEFINESBYPROPERTIES('1ou5RhpzWX0L_liHoX_Rci',#6,$,$,(#79),#1109);
#1111=IFCPROPERTYSINGLEVALUE('07OVSTb8Mt5oKqD671wkgv#0',$,IFCTEXT('25|UNIFORM'),$);
#1112=IFCPROPERTYSET('28SVT7ha4BF1O2uBm18DF4',#6,'OPS_Assignments',$,(#1111));
#1113=IFCRELDEFINESBYPROPERTIES('1hJM0Ll8PvNHDulpMljmYm',#6,$,$,(#83),#1112);
#1114=IFCPROPERTYSINGLEVALUE('07OVSTb8Mt5oKqD671wkgv#0',$,IFCTEXT('30|UNIFORM'),$);
#1115=IFCPROPERTYSET('106mgbzleBXwZjGKEUzNw0',#6,'OPS_Assignments',$,(#1114));
#1116=IFCRELDEFINESBYPROPERTIES('2Ms9FBt6BkylKs7Ke$YyXj',#6,$,$,(#89),#1115);
#1117=IFCPROPERTYSINGLEVALUE('07OVSTb8Mt5oKqD671wkgv#0',$,IFCTEXT('25|UNIFORM'),$);
#1118=IFCPROPERTYSET('05mmeFaY_0A_FX2SfgY2Oy',#6,'OPS_Assignments',$,(#1117));
#1119=IFCRELDEFINESBYPROPERTIES('1SUZdH7iuVEpGlnvZZpRaS',#6,$,$,(#93),#1118);
#1120=IFCPROPERTYSINGLEVALUE('07OVSTb8Mt5oKqD671wkgv#0',$,IFCTEXT('30|UNIFORM'),$);
#1121=IFCPROPERTYSET('0gYZMwhc6v$Z$jQFiTKA2K',#6,'OPS_Assignments',$,(#1120));
#1122=IFCRELDEFINESBYPROPERTIES('1tZRhUG5c6ViCa7HB9aUf8',#6,$,$,(#99),#1121);
#1123=IFCPROPERTYSINGLEVALUE('07OVSTb8Mt5oKqD671wkgv#0',$,IFCTEXT('25|UNIFORM'),$);
#1124=IFCPROPERTYSET('3TG2DDkfiTVUq4nghNZFev',#6,'OPS_Assignments',$,(#1123));
#1125=IFCRELDEFINESBYPROPERTIES('2pnSdlQfPAhV3eCOV16Bno',#6,$,$,(#103),#1124);
#1126=IFCPROPERTYSINGLEVALUE('07OVSTb8Mt5oKqD671wkgv#0',$,IFCTEXT('50|FRONT_LOADED'),$);
#1127=IFCPROPERTYSET('1vnSKPeB9SX7T9PR5hYbFl',#6,'OPS_Assignments',$,(#1126));
#1128=IFCRELDEFINESBYPROPERTIES('0erzEGueJvHYlB63iIXzC4',#6,$,$,(#109),#1127);
#1129=IFCPROPERTYSINGLEVALUE('07OVSTb8Mt5oKqD671wkgv#0',$,IFCTEXT('40|FRONT_LOADED'),$);
#1130=IFCPROPERTYSET('2ONb_8iqcHA8pU3K9EkZ8i',#6,'OPS_Assignments',$,(#1129));
#1131=IFCRELDEFINESBYPROPERTIES('2XQoe$RaPjou6282Ud7wix',#6,$,$,(#121),#1130);
#1132=IFCPROPERTYSINGLEVALUE('1UhnMb0VYTdcjsNGrSDZx_#0',$,IFCTEXT('2|UNIFORM'),$);
#1133=IFCPROPERTYSINGLEVALUE('3Iyfd4CEO3TbQjA4OjC5sT#1',$,IFCTEXT('1|UNIFORM'),$);
#1134=IFCPROPERTYSET('0H04NxTEnbpJhCF$SsXTOw',#6,'OPS_Assignments',$,(#1132,#1133));
#1135=IFCRELDEFINESBYPROPERTIES('1Tp6ERmOVmGPD$dgAOiHl9',#6,$,$,(#123),#1134);
#1136=IFCPROPERTYSINGLEVALUE('1EcbEkMsl6TN1fpVSytQv0#0',$,IFCTEXT('2|UNIFORM'),$);
#1137=IFCPROPERTYSINGLEVALUE('3Iyfd4CEO3TbQjA4OjC5sT#1',$,IFCTEXT('1|UNIFORM'),$);
#1138=IFCPROPERTYSET('3qPiE3OEbuo_Cp1nu_cK9n',#6,'OPS_Assignments',$,(#1136,#1137));
#1139=IFCRELDEFINESBYPROPERTIES('01L02nCrf7Bhku_xGxDinB',#6,$,$,(#125),#1138);
#1140=IFCPROPERTYSINGLEVALUE('1UhnMb0VYTdcjsNGrSDZx_#0',$,IFCTEXT('2|UNIFORM'),$);
#1141=IFCPROPERTYSINGLEVALUE('3Iyfd4CEO3TbQjA4OjC5sT#1',$,IFCTEXT('1|UNIFORM'),$);
#1142=IFCPROPERTYSET('0LgDx5v50vNSr0CqQ2w0p3',#6,'OPS_Assignments',$,(#1140,#1141));
#1143=IFCRELDEFINESBYPROPERTIES('2C0mWAX5EUt7I5O8DiVVcj',#6,$,$,(#127),#1142);
#1144=IFCPROPERTYSINGLEVALUE('1EcbEkMsl6TN1fpVSytQv0#0',$,IFCTEXT('2|UNIFORM'),$);
#1145=IFCPROPERTYSINGLEVALUE('3Iyfd4CEO3TbQjA4OjC5sT#1',$,IFCTEXT('1|UNIFORM'),$);
#1146=IFCPROPERTYSET('1pKbRtvnxdIy5FA$gN4ZwQ',#6,'OPS_Assignments',$,(#1144,#1145));
#1147=IFCRELDEFINESBYPROPERTIES('28LWta$siaCs_BCIism8zV',#6,$,$,(#129),#1146);
#1148=IFCPROPERTYSINGLEVALUE('1UhnMb0VYTdcjsNGrSDZx_#0',$,IFCTEXT('2|UNIFORM'),$);
#1149=IFCPROPERTYSINGLEVALUE('3Iyfd4CEO3TbQjA4OjC5sT#1',$,IFCTEXT('1|UNIFORM'),$);
#1150=IFCPROPERTYSET('3gVuTHikJBOMw_psPs1fFR',#6,'OPS_Assignments',$,(#1148,#1149));
#1151=IFCRELDEFINESBYPROPERTIES('2kl852ZiaKfRCAZvzp5yBL',#6,$,$,(#131),#1150);
#1152=IFCPROPERTYSINGLEVALUE('1EcbEkMsl6TN1fpVSytQv0#0',$,IFCTEXT('2|UNIFORM'),$);
#1153=IFCPROPERTYSINGLEVALUE('3Iyfd4CEO3TbQjA4OjC5sT#1',$,IFCTEXT('1|UNIFORM'),$);
#1154=IFCPROPERTYSET('075nqtNBxAqLm2hrGRT1au',#6,'OPS_Assignments',$,(#1152,#1153));
#1155=IFCRELDEFINESBYPROPERTIES('0dM3RCzbL5wuWKSb6tDhfY',#6,$,$,(#133),#1154);
#1156=IFCPROPERTYSINGLEVALUE('1UhnMb0VYTdcjsNGrSDZx_#0',$,IFCTEXT('2|UNIFORM'),$);
#1157=IFCPROPERTYSINGLEVALUE('3Iyfd4CEO3TbQjA4OjC5sT#1',$,IFCTEXT('1|UNIFORM'),$);
#1158=IFCPROPERTYSET('3Ioi86X$yJQR3jOCV_PTrX',#6,'OPS_Assignments',$,(#1156,#1157));
#1159=IFCRELDEFINESBYPROPERTIES('2oPoeucZTTpgCLS8QtY9nJ',#6,$,$,(#135),#1158);
#1160=IFCPROPERTYSINGLEVALUE('1EcbEkMsl6TN1fpVSytQv0#0',$,IFCTEXT('2|UNIFORM'),$);
#1161=IFCPROPERTYSINGLEVALUE('3Iyfd4CEO3TbQjA4OjC5sT#1',$,IFCTEXT('1|UNIFORM'),$);
#1162=IFCPROPERTYSET('3ZuydqirYiY$CZoU1RNBFz',#6,'OPS_Assignments',$,(#1160,#1161));
#1163=IFCRELDEFINESBYPROPERTIES('3AjYyBG22E2wK0mezy1dr4',#6,$,$,(#137),#1162);
#1164=IFCPROPERTYSINGLEVALUE('1UhnMb0VYTdcjsNGrSDZx_#0',$,IFCTEXT('2|UNIFORM'),$);
#1165=IFCPROPERTYSINGLEVALUE('3Iyfd4CEO3TbQjA4OjC5sT#1',$,IFCTEXT('1|UNIFORM'),$);
#1166=IFCPROPERTYSET('15zPf6pGCTGkn3OrdT2duy',#6,'OPS_Assignments',$,(#1164,#1165));
#1167=IFCRELDEFINESBYPROPERTIES('0Djr7yAqW34HORvN3myn6d',#6,$,$,(#139),#1166);
#1168=IFCPROPERTYSINGLEVALUE('1EcbEkMsl6TN1fpVSytQv0#0',$,IFCTEXT('2|UNIFORM'),$);
#1169=IFCPROPERTYSINGLEVALUE('3Iyfd4CEO3TbQjA4OjC5sT#1',$,IFCTEXT('1|UNIFORM'),$);
#1170=IFCPROPERTYSET('3wxkcSS0ZXJoUlzPMjdG$n',#6,'OPS_Assignments',$,(#1168,#1169));
#1171=IFCRELDEFINESBYPROPERTIES('37dzkLeoxIRc_2OgYngJWT',#6,$,$,(#141),#1170);
#1172=IFCPROPERTYSINGLEVALUE('1UhnMb0VYTdcjsNGrSDZx_#0',$,IFCTEXT('2|UNIFORM'),$);
#1173=IFCPROPERTYSINGLEVALUE('3Iyfd4CEO3TbQjA4OjC5sT#1',$,IFCTEXT('1|UNIFORM'),$);
#1174=IFCPROPERTYSET('2gb37084m34xIvh5vqLF6I',#6,'OPS_Assignments',$,(#1172,#1173));
#1175=IFCRELDEFINESBYPROPERTIES('2ij$JEyF_TayIIJAgk35te',#6,$,$,(#143),#1174);
#1176=IFCPROPERTYSINGLEVALUE('1EcbEkMsl6TN1fpVSytQv0#0',$,IFCTEXT('2|UNIFORM'),$);
#1177=IFCPROPERTYSINGLEVALUE('3Iyfd4CEO3TbQjA4OjC5sT#1',$,IFCTEXT('1|UNIFORM'),$);
#1178=IFCPROPERTYSET('12QKr1OnOzYwQKMDhuk4td',#6,'OPS_Assignments',$,(#1176,#1177));
#1179=IFCRELDEFINESBYPROPERTIES('3htNXh_wGdYfBcUuhnrFna',#6,$,$,(#145),#1178);
#1180=IFCPROPERTYSINGLEVALUE('1UhnMb0VYTdcjsNGrSDZx_#0',$,IFCTEXT('2|UNIFORM'),$);
#1181=IFCPROPERTYSINGLEVALUE('3Iyfd4CEO3TbQjA4OjC5sT#1',$,IFCTEXT('1|UNIFORM'),$);
#1182=IFCPROPERTYSET('0QoVwXuywiz6NYNSNG$cn3',#6,'OPS_Assignments',$,(#1180,#1181));
#1183=IFCRELDEFINESBYPROPERTIES('2AuJ00Lcjs8pw9N5C9xaAO',#6,$,$,(#147),#1182);
#1184=IFCPROPERTYSINGLEVALUE('1EcbEkMsl6TN1fpVSytQv0#0',$,IFCTEXT('2|UNIFORM'),$);
#1185=IFCPROPERTYSINGLEVALUE('3Iyfd4CEO3TbQjA4OjC5sT#1',$,IFCTEXT('1|UNIFORM'),$);
#1186=IFCPROPERTYSET('27Z5ajLGsz7xFeQCUlQ0va',#6,'OPS_Assignments',$,(#1184,#1185));
#1187=IFCRELDEFINESBYPROPERTIES('3TKsU8xQ7KWcHXdJYpQLyz',#6,$,$,(#149),#1186);
#1188=IFCPROPERTYSINGLEVALUE('1UhnMb0VYTdcjsNGrSDZx_#0',$,IFCTEXT('2|UNIFORM'),$);
#1189=IFCPROPERTYSINGLEVALUE('3Iyfd4CEO3TbQjA4OjC5sT#1',$,IFCTEXT('1|UNIFORM'),$);
#1190=IFCPROPERTYSET('2UCIoHdlO1OzYQeE9C4VJS',#6,'OPS_Assignments',$,(#1188,#1189));
#1191=IFCRELDEFINESBYPROPERTIES('0m8PareOy8zkdYovQ$i7Nb',#6,$,$,(#151),#1190);
#1192=IFCPROPERTYSINGLEVALUE('1EcbEkMsl6TN1fpVSytQv0#0',$,IFCTEXT('2|UNIFORM'),$);
#1193=IFCPROPERTYSINGLEVALUE('3Iyfd4CEO3TbQjA4OjC5sT#1',$,IFCTEXT('1|UNIFORM'),$);
#1194=IFCPROPERTYSET('2SfzwDEXLYm2ulO5pJffKL',#6,'OPS_Assignments',$,(#1192,#1193));
#1195=IFCRELDEFINESBYPROPERTIES('38MoSYly4_A9X1OKQXfLQT',#6,$,$,(#153),#1194);
#1196=IFCPROPERTYSINGLEVALUE('1UhnMb0VYTdcjsNGrSDZx_#0',$,IFCTEXT('2|UNIFORM'),$);
#1197=IFCPROPERTYSINGLEVALUE('3Iyfd4CEO3TbQjA4OjC5sT#1',$,IFCTEXT('1|UNIFORM'),$);
#1198=IFCPROPERTYSET('1cneI9BkHvWi36sjnWQN8c',#6,'OPS_Assignments',$,(#1196,#1197));
#1199=IFCRELDEFINESBYPROPERTIES('0byifWQczVMENUsfKna8iw',#6,$,$,(#155),#1198);
#1200=IFCPROPERTYSINGLEVALUE('1EcbEkMsl6TN1fpVSytQv0#0',$,IFCTEXT('2|UNIFORM'),$);
#1201=IFCPROPERTYSINGLEVALUE('3Iyfd4CEO3TbQjA4OjC5sT#1',$,IFCTEXT('1|UNIFORM'),$);
#1202=IFCPROPERTYSET('04j4IfKOTZqGem1oTFQOnI',#6,'OPS_Assignments',$,(#1200,#1201));
#1203=IFCRELDEFINESBYPROPERTIES('1ohBlxSN2kIuQPJUR8AXVW',#6,$,$,(#157),#1202);
#1204=IFCPROPERTYSINGLEVALUE('1UhnMb0VYTdcjsNGrSDZx_#0',$,IFCTEXT('2|UNIFORM'),$);
#1205=IFCPROPERTYSINGLEVALUE('3Iyfd4CEO3TbQjA4OjC5sT#1',$,IFCTEXT('1|UNIFORM'),$);
#1206=IFCPROPERTYSET('1uwk88kE90BvawhhXSQeqD',#6,'OPS_Assignments',$,(#1204,#1205));
#1207=IFCRELDEFINESBYPROPERTIES('1lTHnudHYepAPgCTb3lZ4K',#6,$,$,(#159),#1206);
#1208=IFCPROPERTYSINGLEVALUE('1EcbEkMsl6TN1fpVSytQv0#0',$,IFCTEXT('2|UNIFORM'),$);
#1209=IFCPROPERTYSINGLEVALUE('3Iyfd4CEO3TbQjA4OjC5sT#1',$,IFCTEXT('1|UNIFORM'),$);
#1210=IFCPROPERTYSET('3pO4O5RoD8LbMgsl2g28C8',#6,'OPS_Assignments',$,(#1208,#1209));
#1211=IFCRELDEFINESBYPROPERTIES('3TliPZ4zv$uicNeRNoBFjL',#6,$,$,(#161),#1210);
#1212=IFCPROPERTYSINGLEVALUE('1UhnMb0VYTdcjsNGrSDZx_#0',$,IFCTEXT('2|UNIFORM'),$);
#1213=IFCPROPERTYSINGLEVALUE('3Iyfd4CEO3TbQjA4OjC5sT#1',$,IFCTEXT('1|UNIFORM'),$);
#1214=IFCPROPERTYSET('2L3DryyxoGxv2MWpPXcxNQ',#6,'OPS_Assignments',$,(#1212,#1213));
#1215=IFCRELDEFINESBYPROPERTIES('1wJuDzhuhtX14r0uoq0Y9i',#6,$,$,(#163),#1214);
#1216=IFCPROPERTYSINGLEVALUE('1EcbEkMsl6TN1fpVSytQv0#0',$,IFCTEXT('2|UNIFORM'),$);
#1217=IFCPROPERTYSINGLEVALUE('3Iyfd4CEO3TbQjA4OjC5sT#1',$,IFCTEXT('1|UNIFORM'),$);
#1218=IFCPROPERTYSET('2ZZO8eeu4jKH2F8vZssnwY',#6,'OPS_Assignments',$,(#1216,#1217));
#1219=IFCRELDEFINESBYPROPERTIES('0dNtfuyUOVQDnLeagYZgPg',#6,$,$,(#165),#1218);
#1220=IFCPROPERTYSINGLEVALUE('1UhnMb0VYTdcjsNGrSDZx_#0',$,IFCTEXT('2|UNIFORM'),$);
#1221=IFCPROPERTYSINGLEVALUE('3Iyfd4CEO3TbQjA4OjC5sT#1',$,IFCTEXT('1|UNIFORM'),$);
#1222=IFCPROPERTYSET('257YoFLm2J1udtculOkjwi',#6,'OPS_Assignments',$,(#1220,#1221));
#1223=IFCRELDEFINESBYPROPERTIES('3Sw3VkdpaJR3vc9jkLgnKF',#6,$,$,(#167),#1222);
#1224=IFCPROPERTYSINGLEVALUE('1EcbEkMsl6TN1fpVSytQv0#0',$,IFCTEXT('2|UNIFORM'),$);
#1225=IFCPROPERTYSINGLEVALUE('3Iyfd4CEO3TbQjA4OjC5sT#1',$,IFCTEXT('1|UNIFORM'),$);
#1226=IFCPROPERTYSET('0tDQhyPWdTRsBymxyztpH9',#6,'OPS_Assignments',$,(#1224,#1225));
#1227=IFCRELDEFINESBYPROPERTIES('3Zk2rYBI9ItqSlF$S4t3BQ',#6,$,$,(#169),#1226);
#1228=IFCPROPERTYSINGLEVALUE('1EcbEkMsl6TN1fpVSytQv0#0',$,IFCTEXT('2|UNIFORM'),$);
#1229=IFCPROPERTYSET('14p751JB0xh1VpH7wUBLq6',#6,'OPS_Assignments',$,(#1228));
#1230=IFCRELDEFINESBYPROPERTIES('23nO1ms3$yCZRmCuAznTxi',#6,$,$,(#171),#1229);
#1231=IFCPROPERTYSINGLEVALUE('1EcbEkMsl6TN1fpVSytQv0#0',$,IFCTEXT('2|UNIFORM'),$);
#1232=IFCPROPERTYSINGLEVALUE('3Iyfd4CEO3TbQjA4OjC5sT#1',$,IFCTEXT('1|UNIFORM'),$);
#1233=IFCPROPERTYSET('3XAq8JC62Kcea406GddkjU',#6,'OPS_Assignments',$,(#1231,#1232));
#1234=IFCRELDEFINESBYPROPERTIES('0nET8gFpZsRH92Nh3u7elL',#6,$,$,(#173),#1233);
#1235=IFCPROPERTYSINGLEVALUE('07OVSTb8Mt5oKqD671wkgv#0',$,IFCTEXT('40|FRONT_LOADED'),$);
#1236=IFCPROPERTYSET('0_UvoE62GrXO4hF1r52$IP',#6,'OPS_Assignments',$,(#1235));
#1237=IFCRELDEFINESBYPROPERTIES('0CpzrZJRExyDMrlz8$2oiP',#6,$,$,(#179),#1236);
#1238=IFCPROPERTYSINGLEVALUE('1UhnMb0VYTdcjsNGrSDZx_#0',$,IFCTEXT('2|UNIFORM'),$);
#1239=IFCPROPERTYSINGLEVALUE('3Iyfd4CEO3TbQjA4OjC5sT#1',$,IFCTEXT('1|UNIFORM'),$);
#1240=IFCPROPERTYSET('1yeclnh9wALZYCGilnflxX',#6,'OPS_Assignments',$,(#1238,#1239));
#1241=IFCRELDEFINESBYPROPERTIES('3Wq2QQm$sSAD3qPzPj9WAE',#6,$,$,(#181),#1240);
#1242=IFCPROPERTYSINGLEVALUE('1EcbEkMsl6TN1fpVSytQv0#0',$,IFCTEXT('2|UNIFORM'),$);
#1243=IFCPROPERTYSINGLEVALUE('3Iyfd4CEO3TbQjA4OjC5sT#1',$,IFCTEXT('1|UNIFORM'),$);
#1244=IFCPROPERTYSET('085fnuGwpVTXsyGv3JkCET',#6,'OPS_Assignments',$,(#1242,#1243));
#1245=IFCRELDEFINESBYPROPERTIES('3_hO_zXrvolfj6hQFlrlJ0',#6,$,$,(#183),#1244);
#1246=IFCPROPERTYSINGLEVALUE('1UhnMb0VYTdcjsNGrSDZx_#0',$,IFCTEXT('2|UNIFORM'),$);
#1247=IFCPROPERTYSINGLEVALUE('3Iyfd4CEO3TbQjA4OjC5sT#1',$,IFCTEXT('1|UNIFORM'),$);
#1248=IFCPROPERTYSET('2rxFmecuhsCz_y4VLFf4YU',#6,'OPS_Assignments',$,(#1246,#1247));
#1249=IFCRELDEFINESBYPROPERTIES('1JZZM9XMHiZB3pdFmScqpy',#6,$,$,(#185),#1248);
#1250=IFCPROPERTYSINGLEVALUE('1EcbEkMsl6TN1fpVSytQv0#0',$,IFCTEXT('2|UNIFORM'),$);
#1251=IFCPROPERTYSINGLEVALUE('3Iyfd4CEO3TbQjA4OjC5sT#1',$,IFCTEXT('1|UNIFORM'),$);
#1252=IFCPROPERTYSET('13nSwrKprYDs5oiG7zQ_kq',#6,'OPS_Assignments',$,(#1250,#1251));
#1253=IFCRELDEFINESBYPROPERTIES('3$HcGdvAsPYOwyqsXINhQh',#6,$,$,(#187),#1252);
#1254=IFCPROPERTYSINGLEVALUE('1UhnMb0VYTdcjsNGrSDZx_#0',$,IFCTEXT('2|UNIFORM'),$);
#1255=IFCPROPERTYSINGLEVALUE('3Iyfd4CEO3TbQjA4OjC5sT#1',$,IFCTEXT('1|UNIFORM'),$);
#1256=IFCPROPERTYSET('0qmH51TKtNVjQVBALK0Y_9',#6,'OPS_Assignments',$,(#1254,#1255));
#1257=IFCRELDEFINESBYPROPERTIES('2paSGIFqMYJRp1kNQNu7Wp',#6,$,$,(#189),#1256);
#1258=IFCPROPERTYSINGLEVALUE('1EcbEkMsl6TN1fpVSytQv0#0',$,IFCTEXT('2|UNIFORM'),$);
#1259=IFCPROPERTYSINGLEVALUE('3Iyfd4CEO3TbQjA4OjC5sT#1',$,IFCTEXT('1|UNIFORM'),$);
#1260=IFCPROPERTYSET('2VsM4uSzbVN$tXTCP3N_fO',#6,'OPS_Assignments',$,(#1258,#1259));
#1261=IFCRELDEFINESBYPROPERTIES('2updSUZTFAh5V3hnfqSeCk',#6,$,$,(#191),#1260);
#1262=IFCPROPERTYSINGLEVALUE('1UhnMb0VYTdcjsNGrSDZx_#0',$,IFCTEXT('2|UNIFORM'),$);
#1263=IFCPROPERTYSINGLEVALUE('3Iyfd4CEO3TbQjA4OjC5sT#1',$,IFCTEXT('1|UNIFORM'),$);
#1264=IFCPROPERTYSET('1ILUdEzrl2ESX$Jv_8EbyM',#6,'OPS_Assignments',$,(#1262,#1263));
#1265=IFCRELDEFINESBYPROPERTIES('03QuZYjqFQ235X4UcThqep',#6,$,$,(#193),#1264);
#1266=IFCPROPERTYSINGLEVALUE('1EcbEkMsl6TN1fpVSytQv0#0',$,IFCTEXT('2|UNIFORM'),$);
#1267=IFCPROPERTYSINGLEVALUE('3Iyfd4CEO3TbQjA4OjC5sT#1',$,IFCTEXT('1|UNIFORM'),$);
#1268=IFCPROPERTYSET('00wL0t9a8SMf2kBRcK8uTJ',#6,'OPS_Assignments',$,(#1266,#1267));
#1269=IFCRELDEFINESBYPROPERTIES('0wiezEFNvwNrlUCRi$Fig5',#6,$,$,(#195),#1268);
#1270=IFCPROPERTYSINGLEVALUE('1UhnMb0VYTdcjsNGrSDZx_#0',$,IFCTEXT('2|UNIFORM'),$);
#1271=IFCPROPERTYSINGLEVALUE('3Iyfd4CEO3TbQjA4OjC5sT#1',$,IFCTEXT('1|UNIFORM'),$);
#1272=IFCPROPERTYSET('3EhIjV$S_xtSS9vgzsBiSH',#6,'OPS_Assignments',$,(#1270,#1271));
#1273=IFCRELDEFINESBYPROPERTIES('0sDdysJdlGmlJN6AXaovHB',#6,$,$,(#197),#1272);
#1274=IFCPROPERTYSINGLEVALUE('1EcbEkMsl6TN1fpVSytQv0#0',$,IFCTEXT('2|UNIFORM'),$);
#1275=IFCPROPERTYSINGLEVALUE('3Iyfd4CEO3TbQjA4OjC5sT#1',$,IFCTEXT('1|UNIFORM'),$);
#1276=IFCPROPERTYSET('2gFXe4lAZ1NpnV1JxH_VoT',#6,'OPS_Assignments',$,(#1274,#1275));
#1277=IFCRELDEFINESBYPROPERTIES('0npRXc1IkCOUxghwpNFHCM',#6,$,$,(#199),#1276);
#1278=IFCPROPERTYSINGLEVALUE('1UhnMb0VYTdcjsNGrSDZx_#0',$,IFCTEXT('2|UNIFORM'),$);
#1279=IFCPROPERTYSINGLEVALUE('3Iyfd4CEO3TbQjA4OjC5sT#1',$,IFCTEXT('1|UNIFORM'),$);
#1280=IFCPROPERTYSET('0Ts3MsU8cBbHQJfmerMC85',#6,'OPS_Assignments',$,(#1278,#1279));
#1281=IFCRELDEFINESBYPROPERTIES('3uuLg4lkpx9G1iGU3xVa7h',#6,$,$,(#201),#1280);
#1282=IFCPROPERTYSINGLEVALUE('1EcbEkMsl6TN1fpVSytQv0#0',$,IFCTEXT('2|UNIFORM'),$);
#1283=IFCPROPERTYSINGLEVALUE('3Iyfd4CEO3TbQjA4OjC5sT#1',$,IFCTEXT('1|UNIFORM'),$);
#1284=IFCPROPERTYSET('30psZB5Ja9v6kvTQZeWKzt',#6,'OPS_Assignments',$,(#1282,#1283));
#1285=IFCRELDEFINESBYPROPERTIES('2CFPQO19O5D_ptUkWsljwI',#6,$,$,(#203),#1284);
#1286=IFCPROPERTYSINGLEVALUE('1UhnMb0VYTdcjsNGrSDZx_#0',$,IFCTEXT('2|UNIFORM'),$);
#1287=IFCPROPERTYSINGLEVALUE('3Iyfd4CEO3TbQjA4OjC5sT#1',$,IFCTEXT('1|UNIFORM'),$);
#1288=IFCPROPERTYSET('0WgWrpz9HBInL1ogmBXkRM',#6,'OPS_Assignments',$,(#1286,#1287));
#1289=IFCRELDEFINESBYPROPERTIES('0DvHFYO$2F0wlgiUScp9T5',#6,$,$,(#205),#1288);
#1290=IFCPROPERTYSINGLEVALUE('1EcbEkMsl6TN1fpVSytQv0#0',$,IFCTEXT('2|UNIFORM'),$);
#1291=IFCPROPERTYSINGLEVALUE('3Iyfd4CEO3TbQjA4OjC5sT#1',$,IFCTEXT('1|UNIFORM'),$);
#1292=IFCPROPERTYSET('0azXxJW1uzwZdjBSN$$usV',#6,'OPS_Assignments',$,(#1290,#1291));
#1293=IFCRELDEFINESBYPROPERTIES('0qxl0UOuIda6_2LNmaqWeF',#6,$,$,(#207),#1292);
#1294=IFCPROPERTYSINGLEVALUE('1UhnMb0VYTdcjsNGrSDZx_#0',$,IFCTEXT('2|UNIFORM'),$);
#1295=IFCPROPERTYSINGLEVALUE('3Iyfd4CEO3TbQjA4OjC5sT#1',$,IFCTEXT('1|UNIFORM'),$);
#1296=IFCPROPERTYSET('2tjGFuD0PP8Nci6uhBhHpS',#6,'OPS_Assignments',$,(#1294,#1295));
#1297=IFCRELDEFINESBYPROPERTIES('0itUCHRFa1KPvJz1V7WJhv',#6,$,$,(#209),#1296);
#1298=IFCPROPERTYSINGLEVALUE('1EcbEkMsl6TN1fpVSytQv0#0',$,IFCTEXT('2|UNIFORM'),$);
#1299=IFCPROPERTYSINGLEVALUE('3Iyfd4CEO3TbQjA4OjC5sT#1',$,IFCTEXT('1|UNIFORM'),$);
#1300=IFCPROPERTYSET('1SrjYGufDIOU_U$CIY74K2',#6,'OPS_Assignments',$,(#1298,#1299));
#1301=IFCRELDEFINESBYPROPERTIES('1iyhUXgRL_tTrVj48J_z0C',#6,$,$,(#211),#1300);
#1302=IFCPROPERTYSINGLEVALUE('1UhnMb0VYTdcjsNGrSDZx_#0',$,IFCTEXT('2|UNIFORM'),$);
#1303=IFCPROPERTYSINGLEVALUE('3Iyfd4CEO3TbQjA4OjC5sT#1',$,IFCTEXT('1|UNIFORM'),$);
#1304=IFCPROPERTYSET('2iE$1vc$bsGlciw40WYhGF',#6,'OPS_Assignments',$,(#1302,#1303));
#1305=IFCRELDEFINESBYPROPERTIES('0X9M9E0jJVYQvuL8lqDvyQ',#6,$,$,(#213),#1304);
#1306=IFCPROPERTYSINGLEVALUE('1EcbEkMsl6TN1fpVSytQv0#0',$,IFCTEXT('2|UNIFORM'),$);
#1307=IFCPROPERTYSINGLEVALUE('3Iyfd4CEO3TbQjA4OjC5sT#1',$,IFCTEXT('1|UNIFORM'),$);
#1308=IFCPROPERTYSET('3XcWTFGHAdfk1wiPqy7Uuc',#6,'OPS_Assignments',$,(#1306,#1307));
#1309=IFCRELDEFINESBYPROPERTIES('2I1mc4Vlsi3kQvWbphT7tX',#6,$,$,(#215),#1308);
#1310=IFCPROPERTYSINGLEVALUE('1UhnMb0VYTdcjsNGrSDZx_#0',$,IFCTEXT('2|UNIFORM'),$);
#1311=IFCPROPERTYSINGLEVALUE('3Iyfd4CEO3TbQjA4OjC5sT#1',$,IFCTEXT('1|UNIFORM'),$);
#1312=IFCPROPERTYSET('3rjiFFDnTXjDPrEH6pwW_S',#6,'OPS_Assignments',$,(#1310,#1311));
#1313=IFCRELDEFINESBYPROPERTIES('1afTZHgAFTXfQggqalnm8D',#6,$,$,(#217),#1312);
#1314=IFCPROPERTYSINGLEVALUE('1EcbEkMsl6TN1fpVSytQv0#0',$,IFCTEXT('2|UNIFORM'),$);
#1315=IFCPROPERTYSINGLEVALUE('3Iyfd4CEO3TbQjA4OjC5sT#1',$,IFCTEXT('1|UNIFORM'),$);
#1316=IFCPROPERTYSET('0BJRignrMBVn65oC0pSht2',#6,'OPS_Assignments',$,(#1314,#1315));
#1317=IFCRELDEFINESBYPROPERTIES('0IsfDx$2zmb702E8nm7h$I',#6,$,$,(#219),#1316);
#1318=IFCPROPERTYSINGLEVALUE('1UhnMb0VYTdcjsNGrSDZx_#0',$,IFCTEXT('2|UNIFORM'),$);
#1319=IFCPROPERTYSINGLEVALUE('3Iyfd4CEO3TbQjA4OjC5sT#1',$,IFCTEXT('1|UNIFORM'),$);
#1320=IFCPROPERTYSET('2GxgmMgNPra7lRL4vXvUtB',#6,'OPS_Assignments',$,(#1318,#1319));
#1321=IFCRELDEFINESBYPROPERTIES('3XPHxkXn2tgb5JG_EYIC1a',#6,$,$,(#221),#1320);
#1322=IFCPROPERTYSINGLEVALUE('1EcbEkMsl6TN1fpVSytQv0#0',$,IFCTEXT('2|UNIFORM'),$);
#1323=IFCPROPERTYSINGLEVALUE('3Iyfd4CEO3TbQjA4OjC5sT#1',$,IFCTEXT('1|UNIFORM'),$);
#1324=IFCPROPERTYSET('0p3NmYLWgdZ6F6EqWg_tAb',#6,'OPS_Assignments',$,(#1322,#1323));
#1325=IFCRELDEFINESBYPROPERTIES('1mHFJJerHvx24k7NJzpZpl',#6,$,$,(#223),#1324);
#1326=IFCPROPERTYSINGLEVALUE('1UhnMb0VYTdcjsNGrSDZx_#0',$,IFCTEXT('2|UNIFORM'),$);
#1327=IFCPROPERTYSINGLEVALUE('3Iyfd4CEO3TbQjA4OjC5sT#1',$,IFCTEXT('1|UNIFORM'),$);
#1328=IFCPROPERTYSET('2JHK0_xy6scXsRjT8dT6iN',#6,'OPS_Assignments',$,(#1326,#1327));
#1329=IFCRELDEFINESBYPROPERTIES('1ZSSd6R0lEOt51QGTUJ34y',#6,$,$,(#225),#1328);
#1330=IFCPROPERTYSINGLEVALUE('1EcbEkMsl6TN1fpVSytQv0#0',$,IFCTEXT('2|UNIFORM'),$);
#1331=IFCPROPERTYSINGLEVALUE('3Iyfd4CEO3TbQjA4OjC5sT#1',$,IFCTEXT('1|UNIFORM'),$);
#1332=IFCPROPERTYSET('1HlMAco0ki99U2egDfLzVV',#6,'OPS_Assignments',$,(#1330,#1331));
#1333=IFCRELDEFINESBYPROPERTIES('0A$RMiU9kpGHCHjVbe$fzD',#6,$,$,(#227),#1332);
#1334=IFCPROPERTYSINGLEVALUE('1EcbEkMsl6TN1fpVSytQv0#0',$,IFCTEXT('2|UNIFORM'),$);
#1335=IFCPROPERTYSET('3kBh$Fz7ZU24lvpm65itwj',#6,'OPS_Assignments',$,(#1334));
#1336=IFCRELDEFINESBYPROPERTIES('1DPzSuyA_nhECVJgZuNy1Z',#6,$,$,(#229),#1335);
#1337=IFCPROPERTYSINGLEVALUE('1EcbEkMsl6TN1fpVSytQv0#0',$,IFCTEXT('2|UNIFORM'),$);
#1338=IFCPROPERTYSINGLEVALUE('3Iyfd4CEO3TbQjA4OjC5sT#1',$,IFCTEXT('1|UNIFORM'),$);
#1339=IFCPROPERTYSET('2KNNVOhqMNoDkvZVKp9AU$',#6,'OPS_Assignments',$,(#1337,#1338));
#1340=IFCRELDEFINESBYPROPERTIES('28gCQ3G4lfg3Ryqh9uFX0C',#6,$,$,(#231),#1339);
#1341=IFCPROPERTYSINGLEVALUE('07OVSTb8Mt5oKqD671wkgv#0',$,IFCTEXT('40|FRONT_LOADED'),$);
#1342=IFCPROPERTYSET('2M7IB0n4KeBmoQIqLeng9Z',#6,'OPS_Assignments',$,(#1341));
#1343=IFCRELDEFINESBYPROPERTIES('0sNve0J1a7eNnmXi8fvboM',#6,$,$,(#237),#1342);
#1344=IFCPROPERTYSINGLEVALUE('1UhnMb0VYTdcjsNGrSDZx_#0',$,IFCTEXT('2|UNIFORM'),$);
#1345=IFCPROPERTYSINGLEVALUE('3Iyfd4CEO3TbQjA4OjC5sT#1',$,IFCTEXT('1|UNIFORM'),$);
#1346=IFCPROPERTYSET('3wKsXN7ox3cvH952OGHvwo',#6,'OPS_Assignments',$,(#1344,#1345));
#1347=IFCRELDEFINESBYPROPERTIES('0LuE4NKS2L6h7BwPalfY9u',#6,$,$,(#239),#1346);
#1348=IFCPROPERTYSINGLEVALUE('1EcbEkMsl6TN1fpVSytQv0#0',$,IFCTEXT('2|UNIFORM'),$);
#1349=IFCPROPERTYSINGLEVALUE('3Iyfd4CEO3TbQjA4OjC5sT#1',$,IFCTEXT('1|UNIFORM'),$);
#1350=IFCPROPERTYSET('0JYZZm5L9bKSyHk8rx$WAK',#6,'OPS_Assignments',$,(#1348,#1349));
#1351=IFCRELDEFINESBYPROPERTIES('2SaPpl2G1SdujynXR_D0nW',#6,$,$,(#241),#1350);
#1352=IFCPROPERTYSINGLEVALUE('1UhnMb0VYTdcjsNGrSDZx_#0',$,IFCTEXT('2|UNIFORM'),$);
#1353=IFCPROPERTYSINGLEVALUE('3Iyfd4CEO3TbQjA4OjC5sT#1',$,IFCTEXT('1|UNIFORM'),$);
#1354=IFCPROPERTYSET('0aUHqrXGpjFndhT6nUS7eU',#6,'OPS_Assignments',$,(#1352,#1353));
#1355=IFCRELDEFINESBYPROPERTIES('1VeLgI$p6E5SQH8Azev6Ou',#6,$,$,(#243),#1354);
#1356=IFCPROPERTYSINGLEVALUE('1EcbEkMsl6TN1fpVSytQv0#0',$,IFCTEXT('2|UNIFORM'),$);
#1357=IFCPROPERTYSINGLEVALUE('3Iyfd4CEO3TbQjA4OjC5sT#1',$,IFCTEXT('1|UNIFORM'),$);
#1358=IFCPROPERTYSET('145uuDdGftVfUUWbrOWxg6',#6,'OPS_Assignments',$,(#1356,#1357));
#1359=IFCRELDEFINESBYPROPERTIES('2Kx6y22RTAs5ApQPyV7IYP',#6,$,$,(#245),#1358);
#1360=IFCPROPERTYSINGLEVALUE('1UhnMb0VYTdcjsNGrSDZx_#0',$,IFCTEXT('2|UNIFORM'),$);
#1361=IFCPROPERTYSINGLEVALUE('3Iyfd4CEO3TbQjA4OjC5sT#1',$,IFCTEXT('1|UNIFORM'),$);
#1362=IFCPROPERTYSET('0wvlBVGGx$BE_y4DCR_IcB',#6,'OPS_Assignments',$,(#1360,#1361));
#1363=IFCRELDEFINESBYPROPERTIES('0kVnWmShIOSmMHWyTyHwKM',#6,$,$,(#247),#1362);
#1364=IFCPROPERTYSINGLEVALUE('1EcbEkMsl6TN1fpVSytQv0#0',$,IFCTEXT('2|UNIFORM'),$);
#1365=IFCPROPERTYSINGLEVALUE('3Iyfd4CEO3TbQjA4OjC5sT#1',$,IFCTEXT('1|UNIFORM'),$);
#1366=IFCPROPERTYSET('3Ix9tZT8ooMFF8v8vp77cl',#6,'OPS_Assignments',$,(#1364,#1365));
#1367=IFCRELDEFINESBYPROPERTIES('04tQmn4ddbL7ccyfLvZdet',#6,$,$,(#249),#1366);
#1368=IFCPROPERTYSINGLEVALUE('1UhnMb0VYTdcjsNGrSDZx_#0',$,IFCTEXT('2|UNIFORM'),$);
#1369=IFCPROPERTYSINGLEVALUE('3Iyfd4CEO3TbQjA4OjC5sT#1',$,IFCTEXT('1|UNIFORM'),$);
#1370=IFCPROPERTYSET('1kjVl2zi$qGnyZ5HX7jY6D',#6,'OPS_Assignments',$,(#1368,#1369));
#1371=IFCRELDEFINESBYPROPERTIES('2F_z9u5cW6LRf7rTs$Ty6t',#6,$,$,(#251),#1370);
#1372=IFCPROPERTYSINGLEVALUE('1EcbEkMsl6TN1fpVSytQv0#0',$,IFCTEXT('2|UNIFORM'),$);
#1373=IFCPROPERTYSINGLEVALUE('3Iyfd4CEO3TbQjA4OjC5sT#1',$,IFCTEXT('1|UNIFORM'),$);
#1374=IFCPROPERTYSET('2ifc$1_7GiEyNYK2O9Uykc',#6,'OPS_Assignments',$,(#1372,#1373));
#1375=IFCRELDEFINESBYPROPERTIES('1qA90g4hzwyQSfY__ubf8F',#6,$,$,(#253),#1374);
#1376=IFCPROPERTYSINGLEVALUE('1UhnMb0VYTdcjsNGrSDZx_#0',$,IFCTEXT('2|UNIFORM'),$);
#1377=IFCPROPERTYSINGLEVALUE('3Iyfd4CEO3TbQjA4OjC5sT#1',$,IFCTEXT('1|UNIFORM'),$);
#1378=IFCPROPERTYSET('03hxIMtDpF3TqpStpOipRX',#6,'OPS_Assignments',$,(#1376,#1377));
#1379=IFCRELDEFINESBYPROPERTIES('03bdSLlmqRe1DQ$5YcdzAC',#6,$,$,(#255),#1378);
#1380=IFCPROPERTYSINGLEVALUE('1EcbEkMsl6TN1fpVSytQv0#0',$,IFCTEXT('2|UNIFORM'),$);
#1381=IFCPROPERTYSINGLEVALUE('3Iyfd4CEO3TbQjA4OjC5sT#1',$,IFCTEXT('1|UNIFORM'),$);
#1382=IFCPROPERTYSET('2YJZ33VL8vjiGVNe_mSJaY',#6,'OPS_Assignments',$,(#1380,#1381));
#1383=IFCRELDEFINESBYPROPERTIES('0uqu5Em2NGTYvClYFef7KV',#6,$,$,(#257),#1382);
#1384=IFCPROPERTYSINGLEVALUE('1UhnMb0VYTdcjsNGrSDZx_#0',$,IFCTEXT('2|UNIFORM'),$);
#1385=IFCPROPERTYSINGLEVALUE('3Iyfd4CEO3TbQjA4OjC5sT#1',$,IFCTEXT('1|UNIFORM'),$);
#1386=IFCPROPERTYSET('07_HO_i6QQzKlqZ2VMtopL',#6,'OPS_Assignments',$,(#1384,#1385));
#1387=IFCRELDEFINESBYPROPERTIES('3tv_I_G7zxuMvxxM9kNzKa',#6,$,$,(#259),#1386);
#1388=IFCPROPERTYSINGLEVALUE('1EcbEkMsl6TN1fpVSytQv0#0',$,IFCTEXT('2|UNIFORM'),$);
#1389=IFCPROPERTYSINGLEVALUE('3Iyfd4CEO3TbQjA4OjC5sT#1',$,IFCTEXT('1|UNIFORM'),$);
#1390=IFCPROPERTYSET('1LJjNkAsTvfEieu8V21c7m',#6,'OPS_Assignments',$,(#1388,#1389));
#1391=IFCRELDEFINESBYPROPERTIES('36y2EAsOT6gga1AmOfZ9xr',#6,$,$,(#261),#1390);
#1392=IFCPROPERTYSINGLEVALUE('1UhnMb0VYTdcjsNGrSDZx_#0',$,IFCTEXT('2|UNIFORM'),$);
#1393=IFCPROPERTYSINGLEVALUE('3Iyfd4CEO3TbQjA4OjC5sT#1',$,IFCTEXT('1|UNIFORM'),$);
#1394=IFCPROPERTYSET('1tS1N4QsqQ_oSFn8nYKCzv',#6,'OPS_Assignments',$,(#1392,#1393));
#1395=IFCRELDEFINESBYPROPERTIES('2EQPEmpe6FWpIK8ssyFA7J',#6,$,$,(#263),#1394);
#1396=IFCPROPERTYSINGLEVALUE('1EcbEkMsl6TN1fpVSytQv0#0',$,IFCTEXT('2|UNIFORM'),$);
#1397=IFCPROPERTYSINGLEVALUE('3Iyfd4CEO3TbQjA4OjC5sT#1',$,IFCTEXT('1|UNIFORM'),$);
#1398=IFCPROPERTYSET('2KPSFtmTBU28BWxGpLmjrE',#6,'OPS_Assignments',$,(#1396,#1397));
#1399=IFCRELDEFINESBYPROPERTIES('2WFYdJHm8GYyvV3$QClmx9',#6,$,$,(#265),#1398);
#1400=IFCPROPERTYSINGLEVALUE('1UhnMb0VYTdcjsNGrSDZx_#0',$,IFCTEXT('2|UNIFORM'),$);
#1401=IFCPROPERTYSINGLEVALUE('3Iyfd4CEO3TbQjA4OjC5sT#1',$,IFCTEXT('1|UNIFORM'),$);
#1402=IFCPROPERTYSET('2hTkauZGjggC$B7rOL0qa_',#6,'OPS_Assignments',$,(#1400,#1401));
#1403=IFCRELDEFINESBYPROPERTIES('0J9A6aJ9sJtIZmHKsWdDBr',#6,$,$,(#267),#1402);
#1404=IFCPROPERTYSINGLEVALUE('1EcbEkMsl6TN1fpVSytQv0#0',$,IFCTEXT('2|UNIFORM'),$);
#1405=IFCPROPERTYSINGLEVALUE('3Iyfd4CEO3TbQjA4OjC5sT#1',$,IFCTEXT('1|UNIFORM'),$);
#1406=IFCPROPERTYSET('2ZkY3hB8QJejOiCHWk7mkw',#6,'OPS_Assignments',$,(#1404,#1405));
#1407=IFCRELDEFINESBYPROPERTIES('18$C9LLq961mEfjHmWwl73',#6,$,$,(#269),#1406);
#1408=IFCPROPERTYSINGLEVALUE('1UhnMb0VYTdcjsNGrSDZx_#0',$,IFCTEXT('2|UNIFORM'),$);
#1409=IFCPROPERTYSINGLEVALUE('3Iyfd4CEO3TbQjA4OjC5sT#1',$,IFCTEXT('1|UNIFORM'),$);
#1410=IFCPROPERTYSET('3UBUFmfCo2DWdPe4Urm_6H',#6,'OPS_Assignments',$,(#1408,#1409));
#1411=IFCRELDEFINESBYPROPERTIES('2kiBIDOxt$vSWIF9c_G3Q$',#6,$,$,(#271),#1410);
#1412=IFCPROPERTYSINGLEVALUE('1EcbEkMsl6TN1fpVSytQv0#0',$,IFCTEXT('2|UNIFORM'),$);
#1413=IFCPROPERTYSINGLEVALUE('3Iyfd4CEO3TbQjA4OjC5sT#1',$,IFCTEXT('1|UNIFORM'),$);
#1414=IFCPROPERTYSET('3aVKnH6UjZTEKZaGdA1d4B',#6,'OPS_Assignments',$,(#1412,#1413));
#1415=IFCRELDEFINESBYPROPERTIES('1T33nE7hHm$37GRWw24DOE',#6,$,$,(#273),#1414);
#1416=IFCPROPERTYSINGLEVALUE('1UhnMb0VYTdcjsNGrSDZx_#0',$,IFCTEXT('2|UNIFORM'),$);
#1417=IFCPROPERTYSINGLEVALUE('3Iyfd4CEO3TbQjA4OjC5sT#1',$,IFCTEXT('1|UNIFORM'),$);
#1418=IFCPROPERTYSET('0AiA84Hq89tofhjcGujq75',#6,'OPS_Assignments',$,(#1416,#1417));
#1419=IFCRELDEFINESBYPROPERTIES('3xvAt$exkDvRZ8$I00zmxA',#6,$,$,(#275),#1418);
#1420=IFCPROPERTYSINGLEVALUE('1EcbEkMsl6TN1fpVSytQv0#0',$,IFCTEXT('2|UNIFORM'),$);
#1421=IFCPROPERTYSINGLEVALUE('3Iyfd4CEO3TbQjA4OjC5sT#1',$,IFCTEXT('1|UNIFORM'),$);
#1422=IFCPROPERTYSET('3vINgYleBfpQm1wXGQOAAa',#6,'OPS_Assignments',$,(#1420,#1421));
#1423=IFCRELDEFINESBYPROPERTIES('36n6csQ7OV1JfZWB1pOeZw',#6,$,$,(#277),#1422);
#1424=IFCPROPERTYSINGLEVALUE('1UhnMb0VYTdcjsNGrSDZx_#0',$,IFCTEXT('2|UNIFORM'),$);
#1425=IFCPROPERTYSINGLEVALUE('3Iyfd4CEO3TbQjA4OjC5sT#1',$,IFCTEXT('1|UNIFORM'),$);
#1426=IFCPROPERTYSET('3j3V_hYVFtOlh$38fhUIbf',#6,'OPS_Assignments',$,(#1424,#1425));
#1427=IFCRELDEFINESBYPROPERTIES('0dfo_HbekEA45A2r9_n7Ie',#6,$,$,(#279),#1426);
#1428=IFCPROPERTYSINGLEVALUE('1EcbEkMsl6TN1fpVSytQv0#0',$,IFCTEXT('2|UNIFORM'),$);
#1429=IFCPROPERTYSINGLEVALUE('3Iyfd4CEO3TbQjA4OjC5sT#1',$,IFCTEXT('1|UNIFORM'),$);
#1430=IFCPROPERTYSET('0aXIaQcdhZEl2SVrInw5DY',#6,'OPS_Assignments',$,(#1428,#1429));
#1431=IFCRELDEFINESBYPROPERTIES('2UADRrMuy0GDaA4mkGYVXK',#6,$,$,(#281),#1430);
#1432=IFCPROPERTYSINGLEVALUE('1UhnMb0VYTdcjsNGrSDZx_#0',$,IFCTEXT('2|UNIFORM'),$);
#1433=IFCPROPERTYSINGLEVALUE('3Iyfd4CEO3TbQjA4OjC5sT#1',$,IFCTEXT('1|UNIFORM'),$);
#1434=IFCPROPERTYSET('0ipQsJXN2XKzNfurLX3Vf5',#6,'OPS_Assignments',$,(#1432,#1433));
#1435=IFCRELDEFINESBYPROPERTIES('28dhE8qgE8XZTm9GOLm6pI',#6,$,$,(#283),#1434);
#1436=IFCPROPERTYSINGLEVALUE('1EcbEkMsl6TN1fpVSytQv0#0',$,IFCTEXT('2|UNIFORM'),$);
#1437=IFCPROPERTYSINGLEVALUE('3Iyfd4CEO3TbQjA4OjC5sT#1',$,IFCTEXT('1|UNIFORM'),$);
#1438=IFCPROPERTYSET('2N9tNIQXwsHZc5puqp7Owf',#6,'OPS_Assignments',$,(#1436,#1437));
#1439=IFCRELDEFINESBYPROPERTIES('0ZNjzsa7Wf5iW705orBjF_',#6,$,$,(#285),#1438);
#1440=IFCPROPERTYSINGLEVALUE('1EcbEkMsl6TN1fpVSytQv0#0',$,IFCTEXT('2|UNIFORM'),$);
#1441=IFCPROPERTYSET('2l_Yiwh5Nznt8DPLguhEem',#6,'OPS_Assignments',$,(#1440));
#1442=IFCRELDEFINESBYPROPERTIES('18c_v7pooiHoG9GR5rNFrq',#6,$,$,(#287),#1441);
#1443=IFCPROPERTYSINGLEVALUE('1EcbEkMsl6TN1fpVSytQv0#0',$,IFCTEXT('2|UNIFORM'),$);
#1444=IFCPROPERTYSINGLEVALUE('3Iyfd4CEO3TbQjA4OjC5sT#1',$,IFCTEXT('1|UNIFORM'),$);
#1445=IFCPROPERTYSET('0xeRki6968oBMZlj2jAemU',#6,'OPS_Assignments',$,(#1443,#1444));
#1446=IFCRELDEFINESBYPROPERTIES('1wwIon44y3CZzxaH13tOYx',#6,$,$,(#289),#1445);
#1447=IFCPROPERTYSINGLEVALUE('11wb1ym0cymsFXuTTX5jhZ#0',$,IFCTEXT('2|UNIFORM'),$);
#1448=IFCPROPERTYSET('0BfpcR3WW$9DHsOcR6tpaM',#6,'OPS_Assignments',$,(#1447));
#1449=IFCRELDEFINESBYPROPERTIES('3CwiGc3RuQpYm_2o7o35gh',#6,$,$,(#303),#1448);
#1450=IFCPROPERTYSINGLEVALUE('11wb1ym0cymsFXuTTX5jhZ#0',$,IFCTEXT('2|UNIFORM'),$);
#1451=IFCPROPERTYSET('0_kOMYqeJPOBoYPU7rDh8A',#6,'OPS_Assignments',$,(#1450));
#1452=IFCRELDEFINESBYPROPERTIES('0onLHRCfb7HTjIsXU0h3rU',#6,$,$,(#305),#1451);
#1453=IFCPROPERTYSINGLEVALUE('11wb1ym0cymsFXuTTX5jhZ#0',$,IFCTEXT('2|UNIFORM'),$);
#1454=IFCPROPERTYSET('0tAG1U1sLhdGt8QI1IZPGz',#6,'OPS_Assignments',$,(#1453));
#1455=IFCRELDEFINESBYPROPERTIES('2YXwXShmTi_UggXlSyT09m',#6,$,$,(#323),#1454);
#1456=IFCPROPERTYSINGLEVALUE('11wb1ym0cymsFXuTTX5jhZ#0',$,IFCTEXT('2|UNIFORM'),$);
#1457=IFCPROPERTYSET('27Hew7tEdVndz$0_93LYJA',#6,'OPS_Assignments',$,(#1456));
#1458=IFCRELDEFINESBYPROPERTIES('3eeKGBkI8VB5yHaJtFbzRn',#6,$,$,(#325),#1457);
#1459=IFCPROPERTYSINGLEVALUE('11wb1ym0cymsFXuTTX5jhZ#0',$,IFCTEXT('2|UNIFORM'),$);
#1460=IFCPROPERTYSET('2IXLozpOsexXPfFFGQ3Tkv',#6,'OPS_Assignments',$,(#1459));
#1461=IFCRELDEFINESBYPROPERTIES('3gsMvAYYzj5DkIFpersXwg',#6,$,$,(#343),#1460);
#1462=IFCPROPERTYSINGLEVALUE('11wb1ym0cymsFXuTTX5jhZ#0',$,IFCTEXT('2|UNIFORM'),$);
#1463=IFCPROPERTYSET('2B88KOgIMJNQ03HUw2OL6d',#6,'OPS_Assignments',$,(#1462));
#1464=IFCRELDEFINESBYPROPERTIES('1vvAX$TxjbcrO8uP$Ikuuq',#6,$,$,(#345),#1463);
#1465=IFCPROPERTYSINGLEVALUE('2FvbmqkpF6Ys9NQ4uTCA9P#0',$,IFCTEXT('3|UNIFORM'),$);
#1466=IFCPROPERTYSET('39DVgO7wypS2QxsZjkRcu9',#6,'OPS_Assignments',$,(#1465));
#1467=IFCRELDEFINESBYPROPERTIES('2odMgRQwGXg6PpmPHqhyyL',#6,$,$,(#375),#1466);
#1468=IFCPROPERTYSINGLEVALUE('2FvbmqkpF6Ys9NQ4uTCA9P#0',$,IFCTEXT('3|UNIFORM'),$);
#1469=IFCPROPERTYSET('2gTxeUIkoQnzifqZa7I6yb',#6,'OPS_Assignments',$,(#1468));
#1470=IFCRELDEFINESBYPROPERTIES('1k7LdsmhNOMpiSznoadUot',#6,$,$,(#377),#1469);
#1471=IFCPROPERTYSINGLEVALUE('3AeB8GkheF2mp$Q84s9Vkw#0',$,IFCTEXT('1|UNIFORM'),$);
#1472=IFCPROPERTYSET('1tyLIYcEvQn_jGzwFDFEbK',#6,'OPS_Assignments',$,(#1471));
#1473=IFCRELDEFINESBYPROPERTIES('2nk4_QEKQDCYaXoSu2YlKG',#6,$,$,(#387),#1472);
#1474=IFCPROPERTYSINGLEVALUE('2FvbmqkpF6Ys9NQ4uTCA9P#0',$,IFCTEXT('3|UNIFORM'),$);
#1475=IFCPROPERTYSET('18j2N0OViUrGm9WEYgUQQS',#6,'OPS_Assignments',$,(#1474));
#1476=IFCRELDEFINESBYPROPERTIES('2kPHSBLEw63aPF48HET2_h',#6,$,$,(#393),#1475);
#1477=IFCPROPERTYSINGLEVALUE('2FvbmqkpF6Ys9NQ4uTCA9P#0',$,IFCTEXT('3|UNIFORM'),$);
#1478=IFCPROPERTYSET('3HzKMMIJ0fetYFRbdEMER9',#6,'OPS_Assignments',$,(#1477));
#1479=IFCRELDEFINESBYPROPERTIES('3eY1Q9Xe5S58iQO2H8XIe0',#6,$,$,(#395),#1478);
#1480=IFCPROPERTYSINGLEVALUE('3AeB8GkheF2mp$Q84s9Vkw#0',$,IFCTEXT('1|UNIFORM'),$);
#1481=IFCPROPERTYSET('3E1trQa1nF03PHa7cLvKEo',#6,'OPS_Assignments',$,(#1480));
#1482=IFCRELDEFINESBYPROPERTIES('2zZ63K85Eu$5l4Ds3rUwbF',#6,$,$,(#405),#1481);
#1483=IFCPROPERTYSINGLEVALUE('2FvbmqkpF6Ys9NQ4uTCA9P#0',$,IFCTEXT('3|UNIFORM'),$);
#1484=IFCPROPERTYSET('2fPlqbfvql3R2T7_z6iZYt',#6,'OPS_Assignments',$,(#1483));
#1485=IFCRELDEFINESBYPROPERTIES('114mEn56QBFN$4QRsY1sRU',#6,$,$,(#411),#1484);
#1486=IFCPROPERTYSINGLEVALUE('2FvbmqkpF6Ys9NQ4uTCA9P#0',$,IFCTEXT('3|UNIFORM'),$);
#1487=IFCPROPERTYSET('2Ph2H5APm9jSC$65OMbfsP',#6,'OPS_Assignments',$,(#1486));
#1488=IFCRELDEFINESBYPROPERTIES('1UsgDGU17sr0JgwovnU3Lx',#6,$,$,(#413),#1487);
#1489=IFCPROPERTYSINGLEVALUE('3AeB8GkheF2mp$Q84s9Vkw#0',$,IFCTEXT('1|UNIFORM'),$);
#1490=IFCPROPERTYSET('0kzBZRvEzudAt4$psI8owy',#6,'OPS_Assignments',$,(#1489));
#1491=IFCRELDEFINESBYPROPERTIES('1eKooGrFSGIg$pf43UUe$4',#6,$,$,(#423),#1490);
#1492=IFCPROPERTYSINGLEVALUE('0D6RrzBDIFExREjcfD1WME#0',$,IFCTEXT('3|UNIFORM'),$);
#1493=IFCPROPERTYSET('3NCNtZGrO8lrpDvIod_q$N',#6,'OPS_Assignments',$,(#1492));
#1494=IFCRELDEFINESBYPROPERTIES('30yT$82bFgTHH8tRTdsDXf',#6,$,$,(#431),#1493);
#1495=IFCPROPERTYSINGLEVALUE('0BkrIxY07RtTw0XGUOIa68#0',$,IFCTEXT('3|FRONT_LOADED'),$);
#1496=IFCPROPERTYSET('3lpndLgRkLqdCGGLbsuG8a',#6,'OPS_Assignments',$,(#1495));
#1497=IFCRELDEFINESBYPROPERTIES('33bmKNOCOILlN0i1kb9x72',#6,$,$,(#433),#1496);
#1498=IFCPROPERTYSINGLEVALUE('31qiP54EsCy5vFIrzFhHcY#0',$,IFCTEXT('2|BACK_LOADED'),$);
#1499=IFCPROPERTYSET('3tB_I4zN6YYMuuwDy8y6hK',#6,'OPS_Assignments',$,(#1498));
#1500=IFCRELDEFINESBYPROPERTIES('11mIfxD$pEW5UWm0kukCZU',#6,$,$,(#435),#1499);
#1501=IFCPROPERTYSINGLEVALUE('2FvbmqkpF6Ys9NQ4uTCA9P#0',$,IFCTEXT('3|BELL'),$);
#1502=IFCPROPERTYSET('3peDOeqZOFq$OSAY186aZZ',#6,'OPS_Assignments',$,(#1501));
#1503=IFCRELDEFINESBYPROPERTIES('2oyTgVXekr3q0TbhX_foCN',#6,$,$,(#437),#1502);
#1504=IFCPROPERTYSINGLEVALUE('0VbYnBLcQdxoNwBd8_4r_x#0',$,IFCTEXT('3|EARLY_PEAK'),$);
#1505=IFCPROPERTYSET('2JPynMHXNhcI$NH2pj7yQy',#6,'OPS_Assignments',$,(#1504));
#1506=IFCRELDEFINESBYPROPERTIES('003Y38K_baHpgaDirhSLBe',#6,$,$,(#439),#1505);
#1507=IFCPROPERTYSINGLEVALUE('0BkrIxY07RtTw0XGUOIa68#0',$,IFCTEXT('2|LATE_PEAK'),$);
#1508=IFCPROPERTYSET('0S0NYUsFmK6hAx8XVt8MJJ',#6,'OPS_Assignments',$,(#1507));
#1509=IFCRELDEFINESBYPROPERTIES('1avqtyZopovxV5MAYg$Y5B',#6,$,$,(#441),#1508);
#1510=IFCPROPERTYSINGLEVALUE('0D6RrzBDIFExREjcfD1WME#0',$,IFCTEXT('3|UNIFORM'),$);
#1511=IFCPROPERTYSET('1bsgknIp2pakdJ2V9YasV2',#6,'OPS_Assignments',$,(#1510));
#1512=IFCRELDEFINESBYPROPERTIES('3TtoTcrKaKOHrfu4mD1EgI',#6,$,$,(#449),#1511);
#1513=IFCPROPERTYSINGLEVALUE('0BkrIxY07RtTw0XGUOIa68#0',$,IFCTEXT('3|FRONT_LOADED'),$);
#1514=IFCPROPERTYSET('0XmLdSn8EEpmqvXcwYmp78',#6,'OPS_Assignments',$,(#1513));
#1515=IFCRELDEFINESBYPROPERTIES('0UblnRRllyv9$W48ZniTOR',#6,$,$,(#451),#1514);
#1516=IFCPROPERTYSINGLEVALUE('31qiP54EsCy5vFIrzFhHcY#0',$,IFCTEXT('2|BACK_LOADED'),$);
#1517=IFCPROPERTYSET('2b3DyVgcsVbj0_KiYuiWVT',#6,'OPS_Assignments',$,(#1516));
#1518=IFCRELDEFINESBYPROPERTIES('3YyBi2_qIM0qZgoTybegl0',#6,$,$,(#453),#1517);
#1519=IFCPROPERTYSINGLEVALUE('2FvbmqkpF6Ys9NQ4uTCA9P#0',$,IFCTEXT('3|BELL'),$);
#1520=IFCPROPERTYSET('3AMU3R1lfpgH5RVnp4GHm4',#6,'OPS_Assignments',$,(#1519));
#1521=IFCRELDEFINESBYPROPERTIES('33HIjWONSaT5hXRHfAgTy1',#6,$,$,(#455),#1520);
#1522=IFCPROPERTYSINGLEVALUE('0VbYnBLcQdxoNwBd8_4r_x#0',$,IFCTEXT('3|EARLY_PEAK'),$);
#1523=IFCPROPERTYSET('3MVdQIzk4FRlZ$if7sZIxF',#6,'OPS_Assignments',$,(#1522));
#1524=IFCRELDEFINESBYPROPERTIES('3HhomRwo87D2tMmrnvDpRd',#6,$,$,(#457),#1523);
#1525=IFCPROPERTYSINGLEVALUE('0BkrIxY07RtTw0XGUOIa68#0',$,IFCTEXT('2|LATE_PEAK'),$);
#1526=IFCPROPERTYSET('2Kz59Vx_oGhUmB8vV0BJcv',#6,'OPS_Assignments',$,(#1525));
#1527=IFCRELDEFINESBYPROPERTIES('1QRf9qo2llix0mXzvL3Wm0',#6,$,$,(#459),#1526);
#1528=IFCPROPERTYSINGLEVALUE('0D6RrzBDIFExREjcfD1WME#0',$,IFCTEXT('3|UNIFORM'),$);
#1529=IFCPROPERTYSET('27PQoTQqgYD1ewvkSjcfVR',#6,'OPS_Assignments',$,(#1528));
#1530=IFCRELDEFINESBYPROPERTIES('05gP$lvLRKTxu1rWUmW6XZ',#6,$,$,(#467),#1529);
#1531=IFCPROPERTYSINGLEVALUE('0BkrIxY07RtTw0XGUOIa68#0',$,IFCTEXT('3|FRONT_LOADED'),$);
#1532=IFCPROPERTYSET('1r___w$5aW6qiyIrhZb2nt',#6,'OPS_Assignments',$,(#1531));
#1533=IFCRELDEFINESBYPROPERTIES('3Eu6tGHjt8ndQZnAmlsm2W',#6,$,$,(#469),#1532);
#1534=IFCPROPERTYSINGLEVALUE('31qiP54EsCy5vFIrzFhHcY#0',$,IFCTEXT('2|BACK_LOADED'),$);
#1535=IFCPROPERTYSET('1vHPeuD0zLqXQvfsK1BADn',#6,'OPS_Assignments',$,(#1534));
#1536=IFCRELDEFINESBYPROPERTIES('3$GLHoUQdofTDFNxwBmuWn',#6,$,$,(#471),#1535);
#1537=IFCPROPERTYSINGLEVALUE('2FvbmqkpF6Ys9NQ4uTCA9P#0',$,IFCTEXT('3|BELL'),$);
#1538=IFCPROPERTYSET('0NxpGMDzrrwmxQ5r5R$Pfd',#6,'OPS_Assignments',$,(#1537));
#1539=IFCRELDEFINESBYPROPERTIES('1ZBiRY$Ug96bRisXIq7BO6',#6,$,$,(#473),#1538);
#1540=IFCPROPERTYSINGLEVALUE('0VbYnBLcQdxoNwBd8_4r_x#0',$,IFCTEXT('3|EARLY_PEAK'),$);
#1541=IFCPROPERTYSET('3rBL8DU0a6P8Ill6lHxpVv',#6,'OPS_Assignments',$,(#1540));
#1542=IFCRELDEFINESBYPROPERTIES('0frWNAfH5bHmA4XgrIREf$',#6,$,$,(#475),#1541);
#1543=IFCPROPERTYSINGLEVALUE('0BkrIxY07RtTw0XGUOIa68#0',$,IFCTEXT('2|LATE_PEAK'),$);
#1544=IFCPROPERTYSET('1MoWOmzGU6N2x$XmG_fgtt',#6,'OPS_Assignments',$,(#1543));
#1545=IFCRELDEFINESBYPROPERTIES('0ydxtqE$umSYwlyy4KqNUD',#6,$,$,(#477),#1544);
#1546=IFCRELASSIGNSTOCONTROL('2$_$DrqDfvILn1ssMIjkf9',#6,$,$,(#45,#47,#49,#51,#53,#55,#57,#59,#61,#63,#65,#67,#69,#71,#73,#75,#77,#79,#81,#83,#85,#87,#89,#91,#93,#95,#97,#99,#101,#103,#105,#107,#109,#111,#113,#115,#117,#119,#121,#123,#125,#127,#129,#131,#133,#135,#137,#139,#141,#143,#145,#147,#149,#151,#153,#155,#157,#159,#161,#163,#165,#167,#169,#171,#173,#175,#177,#179,#181,#183,#185,#187,#189,#191,#193,#195,#197,#199,#201,#203,#205,#207,#209,#211,#213,#215,#217,#219,#221,#223,#225,#227,#229,#231,#233,#235,#237,#239,#241,#243,#245,#247,#249,#251,#253,#255,#257,#259,#261,#263,#265,#267,#269,#271,#273,#275,#277,#279,#281,#283,#285,#287,#289,#291,#293,#295,#297,#299,#301,#303,#305,#307,#309,#311,#313,#315,#317,#319,#321,#323,#325,#327,#329,#331,#333,#335,#337,#339,#341,#343,#345,#347,#349,#351,#353,#355,#357,#359,#361,#363,#365,#367,#369,#371,#373,#375,#377,#379,#381,#383,#385,#387,#389,#391,#393,#395,#397,#399,#401,#403,#405,#407,#409,#411,#413,#415,#417,#419,#421,#423,#425,#427,#429,#431,#433,#435,#437,#439,#441,#443,#445,#447,#449,#451,#453,#455,#457,#459,#461,#463,#465,#467,#469,#471,#473,#475,#477,#479,#481,#483,#485,#487,#489,#491,#493,#495,#497,#499,#501,#503,#505,#507,#509,#511,#513,#515,#517,#519,#521,#523,#525,#527,#529,#531,#533,#535,#537,#539,#541,#543,#545,#547,#549,#551,#553,#555,#557,#559,#561,#563),$,#40);
#1547=IFCPROPERTYSINGLEVALUE('InternalProjectId',$,IFCTEXT('proj-mula7wq5l8gf335'),$);
#1548=IFCPROPERTYSINGLEVALUE('wbsAutoNumber',$,IFCBOOLEAN(.T.),$);
#1549=IFCPROPERTYSINGLEVALUE('DefaultTaskDurationUnit',$,IFCLABEL('days'),$);
#1550=IFCPROPERTYSINGLEVALUE('StatusDate',$,IFCDATE('2027-07-05'),$);
#1551=IFCPROPERTYSINGLEVALUE('ProjectStartDate',$,IFCDATE('2027-03-01'),$);
#1552=IFCPROPERTYSINGLEVALUE('ProjectEndDate',$,$,$);
#1553=IFCPROPERTYSINGLEVALUE('CreatedAt',$,IFCTEXT('2026-09-28T13:27:15.053Z'),$);
#1554=IFCPROPERTYSINGLEVALUE('ModifiedAt',$,IFCTEXT('2026-09-28T13:27:18.928Z'),$);
#1555=IFCPROPERTYSET('2CwYf6A01J0RH$ofch8G92',#6,'OPS_ProjectSettings',$,(#1547,#1548,#1549,#1550,#1551,#1552,#1553,#1554));
#1556=IFCRELDEFINESBYPROPERTIES('0WIWO6ORYwTB0f$WLVTCdp',#6,$,$,(#13),#1555);
#1557=IFCPROPERTYSINGLEVALUE('structure',$,IFCTEXT('{"activityCodeTypes":[{"id":"act-mula7wq89hp2336","name":"Tower","values":[{"code":"A","description":"Tower A","id":"acv-mula7wq9cigq337"},{"code":"B","description":"Tower B","id":"acv-mula7wqa7zsp338"},{"code":"C","description":"Tower C","id":"acv-mula7wqbe67k339"},{"code":"GEN","description":"General / shared","color":"#6b7280","id":"acv-mula7wqcf4ce340"}]},{"id":"act-mula7wqdz6ko341","name":"Discipline","values":[{"code":"CIV","description":"Civil works","color":"#78350f","id":"acv-mula7wqf60a9342"},{"code":"STR","description":"Structural works","color":"#b45309","id":"acv-mula7wqgd27w343"},{"code":"MEP","description":"Building services","color":"#0891b2","id":"acv-mula7wqhxoah344"},{"code":"FIT","description":"Fit-out","color":"#7c3aed","id":"acv-mula7wqjin6a345"}]}],"customFieldDefs":[{"id":"cfd-mula7wql901u346","name":"Cost estimate","type":"cost"},{"id":"cfd-mula7wqmsz26347","name":"Permit number","type":"text"},{"id":"cfd-mula7wqol9bf348","name":"Critical delivery","type":"boolean"}]}'),$);
#1558=IFCPROPERTYSET('3i8vHxPnNpTiwHni7OTT3B',#6,'OPS_StructureMeta',$,(#1557));
#1559=IFCRELDEFINESBYPROPERTIES('12_HoSHDuYwSY2CHA2LQXT',#6,$,$,(#13),#1558);
#1560=IFCSIMPLEPROPERTYTEMPLATE('1VS9gRQgkO_qdsWGoe8ZqB',#6,'Cost estimate',$,.P_SINGLEVALUE.,'IfcMonetaryMeasure',$,$,$,$,$,$);
#1561=IFCSIMPLEPROPERTYTEMPLATE('2bCfSScHOh_$dhKEOvflWP',#6,'Permit number',$,.P_SINGLEVALUE.,'IfcText',$,$,$,$,$,$);
#1562=IFCSIMPLEPROPERTYTEMPLATE('0sqUAMtSCREMjTLbm9jhaQ',#6,'Critical delivery',$,.P_SINGLEVALUE.,'IfcBoolean',$,$,$,$,$,$);
#1563=IFCPROPERTYSETTEMPLATE('1QpplE43BY9K0Sg48zrLUu',#6,'OPS_CustomFields',$,.PSET_OCCURRENCEDRIVEN.,'IfcTask',(#1560,#1561,#1562));
#1564=IFCPROPERTYENUMERATION('Tower',(IFCLABEL('A'),IFCLABEL('B'),IFCLABEL('C'),IFCLABEL('GEN')),$);
#1565=IFCSIMPLEPROPERTYTEMPLATE('0He3FdleSkrgdMupLR3bbz',#6,'Tower',$,.P_ENUMERATEDVALUE.,$,$,#1564,$,$,$,$);
#1566=IFCPROPERTYENUMERATION('Discipline',(IFCLABEL('CIV'),IFCLABEL('STR'),IFCLABEL('MEP'),IFCLABEL('FIT')),$);
#1567=IFCSIMPLEPROPERTYTEMPLATE('3ms6rGKtZpSmSZcFGfS6Tx',#6,'Discipline',$,.P_ENUMERATEDVALUE.,$,$,#1566,$,$,$,$);
#1568=IFCPROPERTYSETTEMPLATE('0ppF9ZhCuKUsnp1fdz42tX',#6,'OPS_ActivityCodes',$,.PSET_OCCURRENCEDRIVEN.,'IfcTask',(#1565,#1567));
#1569=IFCRELDECLARES('3dt1GzrA7xbfSbblZeuN0h',#6,$,$,#13,(#1563,#1568));
#1570=IFCPROPERTYENUMERATEDVALUE('Tower',$,(IFCLABEL('GEN')),$);
#1571=IFCPROPERTYENUMERATEDVALUE('Discipline',$,(IFCLABEL('CIV')),$);
#1572=IFCPROPERTYSET('1rX9lYYGUDKvQp2ArcQozK',#6,'OPS_ActivityCodes',$,(#1570,#1571));
#1573=IFCRELDEFINESBYPROPERTIES('2UhXWEcCi$y3mqDYu9cvGW',#6,$,$,(#47),#1572);
#1574=IFCPROPERTYENUMERATEDVALUE('Tower',$,(IFCLABEL('GEN')),$);
#1575=IFCPROPERTYENUMERATEDVALUE('Discipline',$,(IFCLABEL('CIV')),$);
#1576=IFCPROPERTYSET('1ZDFxqHhpTllfMiN6G9kzz',#6,'OPS_ActivityCodes',$,(#1574,#1575));
#1577=IFCRELDEFINESBYPROPERTIES('0kH71qCCZcODJfYXHjoCgp',#6,$,$,(#49),#1576);
#1578=IFCPROPERTYSINGLEVALUE('Permit number',$,IFCTEXT('OV-2026-00417'),$);
#1579=IFCPROPERTYSET('0rxhh$MJAhZy24c622lD0a',#6,'OPS_CustomFields',$,(#1578));
#1580=IFCRELDEFINESBYPROPERTIES('2pSNiyTZ$LSX_X0_krbDhD',#6,$,$,(#51),#1579);
#1581=IFCPROPERTYENUMERATEDVALUE('Tower',$,(IFCLABEL('GEN')),$);
#1582=IFCPROPERTYENUMERATEDVALUE('Discipline',$,(IFCLABEL('CIV')),$);
#1583=IFCPROPERTYSET('16fd_HsUk_GtXysuY3P07h',#6,'OPS_ActivityCodes',$,(#1581,#1582));
#1584=IFCRELDEFINESBYPROPERTIES('3ow5WvaPZUGGO$WuPCsecd',#6,$,$,(#51),#1583);
#1585=IFCPROPERTYENUMERATEDVALUE('Tower',$,(IFCLABEL('GEN')),$);
#1586=IFCPROPERTYENUMERATEDVALUE('Discipline',$,(IFCLABEL('CIV')),$);
#1587=IFCPROPERTYSET('1Y1$6W8jWz7pDUdVmNucCK',#6,'OPS_ActivityCodes',$,(#1585,#1586));
#1588=IFCRELDEFINESBYPROPERTIES('3ay5VAGYu5$cpULQc76aKs',#6,$,$,(#53),#1587);
#1589=IFCPROPERTYENUMERATEDVALUE('Tower',$,(IFCLABEL('GEN')),$);
#1590=IFCPROPERTYENUMERATEDVALUE('Discipline',$,(IFCLABEL('CIV')),$);
#1591=IFCPROPERTYSET('0AGnTO9vHpfZeSuyBf8FiY',#6,'OPS_ActivityCodes',$,(#1589,#1590));
#1592=IFCRELDEFINESBYPROPERTIES('09NdGAWP$SzWGP1VKbrkTA',#6,$,$,(#55),#1591);
#1593=IFCPROPERTYENUMERATEDVALUE('Tower',$,(IFCLABEL('GEN')),$);
#1594=IFCPROPERTYENUMERATEDVALUE('Discipline',$,(IFCLABEL('CIV')),$);
#1595=IFCPROPERTYSET('3RJo0Wd3rkaAcyax0KM_PT',#6,'OPS_ActivityCodes',$,(#1593,#1594));
#1596=IFCRELDEFINESBYPROPERTIES('2htbDF9vPaWopcM5ll3wAl',#6,$,$,(#57),#1595);
#1597=IFCPROPERTYENUMERATEDVALUE('Tower',$,(IFCLABEL('GEN')),$);
#1598=IFCPROPERTYENUMERATEDVALUE('Discipline',$,(IFCLABEL('CIV')),$);
#1599=IFCPROPERTYSET('3mbatomES0DEv0waLi4hK6',#6,'OPS_ActivityCodes',$,(#1597,#1598));
#1600=IFCRELDEFINESBYPROPERTIES('1WVb94PI5EF7$RohB6rapU',#6,$,$,(#59),#1599);
#1601=IFCPROPERTYENUMERATEDVALUE('Tower',$,(IFCLABEL('GEN')),$);
#1602=IFCPROPERTYENUMERATEDVALUE('Discipline',$,(IFCLABEL('CIV')),$);
#1603=IFCPROPERTYSET('2W1APauG$4bXCXUt81BgsN',#6,'OPS_ActivityCodes',$,(#1601,#1602));
#1604=IFCRELDEFINESBYPROPERTIES('0CWg5bZP4fulnTl89fXUTv',#6,$,$,(#61),#1603);
#1605=IFCPROPERTYENUMERATEDVALUE('Tower',$,(IFCLABEL('GEN')),$);
#1606=IFCPROPERTYENUMERATEDVALUE('Discipline',$,(IFCLABEL('CIV')),$);
#1607=IFCPROPERTYSET('0sFWDs26lMFOkUK7EOUKhl',#6,'OPS_ActivityCodes',$,(#1605,#1606));
#1608=IFCRELDEFINESBYPROPERTIES('3v8kk9sRFPVGTXvHy3Azn3',#6,$,$,(#63),#1607);
#1609=IFCPROPERTYENUMERATEDVALUE('Tower',$,(IFCLABEL('GEN')),$);
#1610=IFCPROPERTYENUMERATEDVALUE('Discipline',$,(IFCLABEL('CIV')),$);
#1611=IFCPROPERTYSET('3uVZojIrSrNzgujjaumMMu',#6,'OPS_ActivityCodes',$,(#1609,#1610));
#1612=IFCRELDEFINESBYPROPERTIES('3pNEdqiFAzctBQNuZtcjyR',#6,$,$,(#65),#1611);
#1613=IFCPROPERTYENUMERATEDVALUE('Tower',$,(IFCLABEL('GEN')),$);
#1614=IFCPROPERTYENUMERATEDVALUE('Discipline',$,(IFCLABEL('CIV')),$);
#1615=IFCPROPERTYSET('18DEGp1ZXwqnenqwPZ_kXa',#6,'OPS_ActivityCodes',$,(#1613,#1614));
#1616=IFCRELDEFINESBYPROPERTIES('2XwT$Y6mrrAsHIf$0zghdv',#6,$,$,(#67),#1615);
#1617=IFCPROPERTYENUMERATEDVALUE('Tower',$,(IFCLABEL('GEN')),$);
#1618=IFCPROPERTYENUMERATEDVALUE('Discipline',$,(IFCLABEL('CIV')),$);
#1619=IFCPROPERTYSET('2C6oX_TtwqlyprIrgS3ZLl',#6,'OPS_ActivityCodes',$,(#1617,#1618));
#1620=IFCRELDEFINESBYPROPERTIES('3Dd66bsNX47Szin6dfzHhR',#6,$,$,(#69),#1619);
#1621=IFCPROPERTYENUMERATEDVALUE('Tower',$,(IFCLABEL('GEN')),$);
#1622=IFCPROPERTYENUMERATEDVALUE('Discipline',$,(IFCLABEL('CIV')),$);
#1623=IFCPROPERTYSET('1bre$iDwGMswSqk8K1Iu8X',#6,'OPS_ActivityCodes',$,(#1621,#1622));
#1624=IFCRELDEFINESBYPROPERTIES('1eomeFdHSfL_iKlSucxtR4',#6,$,$,(#71),#1623);
#1625=IFCPROPERTYSINGLEVALUE('Cost estimate',$,IFCMONETARYMEASURE(340000),$);
#1626=IFCPROPERTYSET('108PE65rsugOVi1A96eJ_1',#6,'OPS_CustomFields',$,(#1625));
#1627=IFCRELDEFINESBYPROPERTIES('16BWUsOt_CG6rIWg19fDbo',#6,$,$,(#73),#1626);
#1628=IFCPROPERTYENUMERATEDVALUE('Tower',$,(IFCLABEL('GEN')),$);
#1629=IFCPROPERTYENUMERATEDVALUE('Discipline',$,(IFCLABEL('CIV')),$);
#1630=IFCPROPERTYSET('2BCGU2$Qn6JTVL$XS39wnM',#6,'OPS_ActivityCodes',$,(#1628,#1629));
#1631=IFCRELDEFINESBYPROPERTIES('0aKgVtnFj08ouzQhYLvmAX',#6,$,$,(#73),#1630);
#1632=IFCPROPERTYENUMERATEDVALUE('Tower',$,(IFCLABEL('A')),$);
#1633=IFCPROPERTYENUMERATEDVALUE('Discipline',$,(IFCLABEL('CIV')),$);
#1634=IFCPROPERTYSET('2GNSW8r_GrwY9v6UCJ1pa8',#6,'OPS_ActivityCodes',$,(#1632,#1633));
#1635=IFCRELDEFINESBYPROPERTIES('0XUxKhdXHLat$LPPl7__Nu',#6,$,$,(#75),#1634);
#1636=IFCPROPERTYENUMERATEDVALUE('Tower',$,(IFCLABEL('A')),$);
#1637=IFCPROPERTYENUMERATEDVALUE('Discipline',$,(IFCLABEL('CIV')),$);
#1638=IFCPROPERTYSET('2o6q1wl4OjkaIVgpBy1e8o',#6,'OPS_ActivityCodes',$,(#1636,#1637));
#1639=IFCRELDEFINESBYPROPERTIES('2w7Va0DDsOOJ1sh6_GiU2m',#6,$,$,(#77),#1638);
#1640=IFCPROPERTYENUMERATEDVALUE('Tower',$,(IFCLABEL('A')),$);
#1641=IFCPROPERTYENUMERATEDVALUE('Discipline',$,(IFCLABEL('CIV')),$);
#1642=IFCPROPERTYSET('0qHXmXJvLFsIC5Iol9oIZh',#6,'OPS_ActivityCodes',$,(#1640,#1641));
#1643=IFCRELDEFINESBYPROPERTIES('0TKUYO3HIemWwUzXZlva7$',#6,$,$,(#79),#1642);
#1644=IFCPROPERTYENUMERATEDVALUE('Tower',$,(IFCLABEL('A')),$);
#1645=IFCPROPERTYENUMERATEDVALUE('Discipline',$,(IFCLABEL('CIV')),$);
#1646=IFCPROPERTYSET('3DcdmKbLR8Net4cdP9ReLD',#6,'OPS_ActivityCodes',$,(#1644,#1645));
#1647=IFCRELDEFINESBYPROPERTIES('2Npb71X19_oBe7D0Arsk17',#6,$,$,(#81),#1646);
#1648=IFCPROPERTYENUMERATEDVALUE('Tower',$,(IFCLABEL('A')),$);
#1649=IFCPROPERTYENUMERATEDVALUE('Discipline',$,(IFCLABEL('CIV')),$);
#1650=IFCPROPERTYSET('0v0IUtEdI3gDbCWs5_SxPL',#6,'OPS_ActivityCodes',$,(#1648,#1649));
#1651=IFCRELDEFINESBYPROPERTIES('08Od6uUJ31z4aM$3dFh6SF',#6,$,$,(#83),#1650);
#1652=IFCPROPERTYENUMERATEDVALUE('Tower',$,(IFCLABEL('B')),$);
#1653=IFCPROPERTYENUMERATEDVALUE('Discipline',$,(IFCLABEL('CIV')),$);
#1654=IFCPROPERTYSET('3Wc$H3$BXSrsVJFc9KK8Go',#6,'OPS_ActivityCodes',$,(#1652,#1653));
#1655=IFCRELDEFINESBYPROPERTIES('2sXe8ogJouUspNLxu_oPRs',#6,$,$,(#85),#1654);
#1656=IFCPROPERTYENUMERATEDVALUE('Tower',$,(IFCLABEL('B')),$);
#1657=IFCPROPERTYENUMERATEDVALUE('Discipline',$,(IFCLABEL('CIV')),$);
#1658=IFCPROPERTYSET('2V5oITzeYdFA7j7n_o1KFv',#6,'OPS_ActivityCodes',$,(#1656,#1657));
#1659=IFCRELDEFINESBYPROPERTIES('0cpcQwKTnz_G5TkBnPCqOi',#6,$,$,(#87),#1658);
#1660=IFCPROPERTYENUMERATEDVALUE('Tower',$,(IFCLABEL('B')),$);
#1661=IFCPROPERTYENUMERATEDVALUE('Discipline',$,(IFCLABEL('CIV')),$);
#1662=IFCPROPERTYSET('3P_TELE41qChPj0HAkYxk5',#6,'OPS_ActivityCodes',$,(#1660,#1661));
#1663=IFCRELDEFINESBYPROPERTIES('27$nns5nTGz0tcB6z7Wcpg',#6,$,$,(#89),#1662);
#1664=IFCPROPERTYENUMERATEDVALUE('Tower',$,(IFCLABEL('B')),$);
#1665=IFCPROPERTYENUMERATEDVALUE('Discipline',$,(IFCLABEL('CIV')),$);
#1666=IFCPROPERTYSET('3oCMsdAwUCyolta_NXBgDr',#6,'OPS_ActivityCodes',$,(#1664,#1665));
#1667=IFCRELDEFINESBYPROPERTIES('2r7PDnFGaUl25qw0t5SGFa',#6,$,$,(#91),#1666);
#1668=IFCPROPERTYENUMERATEDVALUE('Tower',$,(IFCLABEL('B')),$);
#1669=IFCPROPERTYENUMERATEDVALUE('Discipline',$,(IFCLABEL('CIV')),$);
#1670=IFCPROPERTYSET('14eGwKroINyi6FkJ$K76yM',#6,'OPS_ActivityCodes',$,(#1668,#1669));
#1671=IFCRELDEFINESBYPROPERTIES('3rpg45UYtM7epMh_fh$W_W',#6,$,$,(#93),#1670);
#1672=IFCPROPERTYENUMERATEDVALUE('Tower',$,(IFCLABEL('C')),$);
#1673=IFCPROPERTYENUMERATEDVALUE('Discipline',$,(IFCLABEL('CIV')),$);
#1674=IFCPROPERTYSET('2yXHMPOSImHmnJq68Lq4NA',#6,'OPS_ActivityCodes',$,(#1672,#1673));
#1675=IFCRELDEFINESBYPROPERTIES('0D4MmObpB8R64delBPjbvL',#6,$,$,(#95),#1674);
#1676=IFCPROPERTYENUMERATEDVALUE('Tower',$,(IFCLABEL('C')),$);
#1677=IFCPROPERTYENUMERATEDVALUE('Discipline',$,(IFCLABEL('CIV')),$);
#1678=IFCPROPERTYSET('2CmCeGwpuoso3qVDveaZLo',#6,'OPS_ActivityCodes',$,(#1676,#1677));
#1679=IFCRELDEFINESBYPROPERTIES('3Se$hW1zSS8QFP7vCUYWCa',#6,$,$,(#97),#1678);
#1680=IFCPROPERTYENUMERATEDVALUE('Tower',$,(IFCLABEL('C')),$);
#1681=IFCPROPERTYENUMERATEDVALUE('Discipline',$,(IFCLABEL('CIV')),$);
#1682=IFCPROPERTYSET('1a78qAaA9oHCnXlQq_3Yhe',#6,'OPS_ActivityCodes',$,(#1680,#1681));
#1683=IFCRELDEFINESBYPROPERTIES('0B6M$_rsDVV2FqIUKmNSlz',#6,$,$,(#99),#1682);
#1684=IFCPROPERTYENUMERATEDVALUE('Tower',$,(IFCLABEL('C')),$);
#1685=IFCPROPERTYENUMERATEDVALUE('Discipline',$,(IFCLABEL('CIV')),$);
#1686=IFCPROPERTYSET('2lXj1QRZZ0pJqwd5WbMG2X',#6,'OPS_ActivityCodes',$,(#1684,#1685));
#1687=IFCRELDEFINESBYPROPERTIES('1kg$mMgGFvbrgeZpq2ss4E',#6,$,$,(#101),#1686);
#1688=IFCPROPERTYENUMERATEDVALUE('Tower',$,(IFCLABEL('C')),$);
#1689=IFCPROPERTYENUMERATEDVALUE('Discipline',$,(IFCLABEL('CIV')),$);
#1690=IFCPROPERTYSET('2o4X_bXwo$o2mQTJQyo2_$',#6,'OPS_ActivityCodes',$,(#1688,#1689));
#1691=IFCRELDEFINESBYPROPERTIES('2Qld0NbopSmHXtzC7wueU3',#6,$,$,(#103),#1690);
#1692=IFCPROPERTYENUMERATEDVALUE('Tower',$,(IFCLABEL('GEN')),$);
#1693=IFCPROPERTYENUMERATEDVALUE('Discipline',$,(IFCLABEL('CIV')),$);
#1694=IFCPROPERTYSET('0mcbPi4VjNV$fA2tFIfM_$',#6,'OPS_ActivityCodes',$,(#1692,#1693));
#1695=IFCRELDEFINESBYPROPERTIES('1JyXf2wsZUk0J$l1Gk2CuF',#6,$,$,(#105),#1694);
#1696=IFCPROPERTYENUMERATEDVALUE('Tower',$,(IFCLABEL('GEN')),$);
#1697=IFCPROPERTYENUMERATEDVALUE('Discipline',$,(IFCLABEL('CIV')),$);
#1698=IFCPROPERTYSET('33WDG4p__1bLBn7QKnuSaJ',#6,'OPS_ActivityCodes',$,(#1696,#1697));
#1699=IFCRELDEFINESBYPROPERTIES('24TkPMJXDen2_3IAQUUe80',#6,$,$,(#107),#1698);
#1700=IFCPROPERTYENUMERATEDVALUE('Tower',$,(IFCLABEL('GEN')),$);
#1701=IFCPROPERTYENUMERATEDVALUE('Discipline',$,(IFCLABEL('CIV')),$);
#1702=IFCPROPERTYSET('1UUZgfH8KEwRci9QwjIZ$w',#6,'OPS_ActivityCodes',$,(#1700,#1701));
#1703=IFCRELDEFINESBYPROPERTIES('30hPTGQfmC1nk3rmsV4iOQ',#6,$,$,(#109),#1702);
#1704=IFCPROPERTYENUMERATEDVALUE('Tower',$,(IFCLABEL('GEN')),$);
#1705=IFCPROPERTYENUMERATEDVALUE('Discipline',$,(IFCLABEL('CIV')),$);
#1706=IFCPROPERTYSET('3EZF6tB9rGQSsPcNjzbF13',#6,'OPS_ActivityCodes',$,(#1704,#1705));
#1707=IFCRELDEFINESBYPROPERTIES('2vfTz3trFdJEErkwDCBG47',#6,$,$,(#111),#1706);
#1708=IFCPROPERTYENUMERATEDVALUE('Tower',$,(IFCLABEL('GEN')),$);
#1709=IFCPROPERTYENUMERATEDVALUE('Discipline',$,(IFCLABEL('CIV')),$);
#1710=IFCPROPERTYSET('0T6PkS3MzZuB1YbmnaD3nm',#6,'OPS_ActivityCodes',$,(#1708,#1709));
#1711=IFCRELDEFINESBYPROPERTIES('25D67J$5wptJ00X1BaEej8',#6,$,$,(#113),#1710);
#1712=IFCPROPERTYENUMERATEDVALUE('Tower',$,(IFCLABEL('GEN')),$);
#1713=IFCPROPERTYENUMERATEDVALUE('Discipline',$,(IFCLABEL('STR')),$);
#1714=IFCPROPERTYSET('0HfMO0TiIIK3WHSGVD11os',#6,'OPS_ActivityCodes',$,(#1712,#1713));
#1715=IFCRELDEFINESBYPROPERTIES('2LxDOA65SQz0xq0q4ORpfO',#6,$,$,(#117),#1714);
#1716=IFCPROPERTYENUMERATEDVALUE('Tower',$,(IFCLABEL('A')),$);
#1717=IFCPROPERTYENUMERATEDVALUE('Discipline',$,(IFCLABEL('STR')),$);
#1718=IFCPROPERTYSET('2jvdL$dJOn6w6o$68CtCFy',#6,'OPS_ActivityCodes',$,(#1716,#1717));
#1719=IFCRELDEFINESBYPROPERTIES('2Msj1S1QxGn4PHAimO$PC8',#6,$,$,(#119),#1718);
#1720=IFCPROPERTYENUMERATEDVALUE('Tower',$,(IFCLABEL('A')),$);
#1721=IFCPROPERTYENUMERATEDVALUE('Discipline',$,(IFCLABEL('STR')),$);
#1722=IFCPROPERTYSET('0TaF86jDq5MP2OFCC4u$n0',#6,'OPS_ActivityCodes',$,(#1720,#1721));
#1723=IFCRELDEFINESBYPROPERTIES('1OQXTlZ2$3t6b2GIKBVR_2',#6,$,$,(#121),#1722);
#1724=IFCPROPERTYENUMERATEDVALUE('Tower',$,(IFCLABEL('A')),$);
#1725=IFCPROPERTYENUMERATEDVALUE('Discipline',$,(IFCLABEL('STR')),$);
#1726=IFCPROPERTYSET('3WACH_hCx_TR0D3Qf9NDYU',#6,'OPS_ActivityCodes',$,(#1724,#1725));
#1727=IFCRELDEFINESBYPROPERTIES('2nV1DlMPt5pmxRVgXm23RX',#6,$,$,(#123),#1726);
#1728=IFCPROPERTYENUMERATEDVALUE('Tower',$,(IFCLABEL('A')),$);
#1729=IFCPROPERTYENUMERATEDVALUE('Discipline',$,(IFCLABEL('STR')),$);
#1730=IFCPROPERTYSET('0rHpgB4Y2UH_hBby3_K7Uy',#6,'OPS_ActivityCodes',$,(#1728,#1729));
#1731=IFCRELDEFINESBYPROPERTIES('2GzMLoJ48IAAKnSTHLJQdB',#6,$,$,(#125),#1730);
#1732=IFCPROPERTYENUMERATEDVALUE('Tower',$,(IFCLABEL('A')),$);
#1733=IFCPROPERTYENUMERATEDVALUE('Discipline',$,(IFCLABEL('STR')),$);
#1734=IFCPROPERTYSET('31Yy3Cc0lTjPz1cpIpXauu',#6,'OPS_ActivityCodes',$,(#1732,#1733));
#1735=IFCRELDEFINESBYPROPERTIES('0LmsH2WlmTaPFVk0rNDSnj',#6,$,$,(#127),#1734);
#1736=IFCPROPERTYENUMERATEDVALUE('Tower',$,(IFCLABEL('A')),$);
#1737=IFCPROPERTYENUMERATEDVALUE('Discipline',$,(IFCLABEL('STR')),$);
#1738=IFCPROPERTYSET('2UUubo5e09OjgHvEOqIwZO',#6,'OPS_ActivityCodes',$,(#1736,#1737));
#1739=IFCRELDEFINESBYPROPERTIES('2lIoACRhDP67nLcZ$qwpBB',#6,$,$,(#129),#1738);
#1740=IFCPROPERTYENUMERATEDVALUE('Tower',$,(IFCLABEL('A')),$);
#1741=IFCPROPERTYENUMERATEDVALUE('Discipline',$,(IFCLABEL('STR')),$);
#1742=IFCPROPERTYSET('2sSQH963evvsYc1xgWqOKO',#6,'OPS_ActivityCodes',$,(#1740,#1741));
#1743=IFCRELDEFINESBYPROPERTIES('24zXIP5RPBrPvMTmHfrXpy',#6,$,$,(#131),#1742);
#1744=IFCPROPERTYENUMERATEDVALUE('Tower',$,(IFCLABEL('A')),$);
#1745=IFCPROPERTYENUMERATEDVALUE('Discipline',$,(IFCLABEL('STR')),$);
#1746=IFCPROPERTYSET('252pRAmGHQsU$7k$Wg61dD',#6,'OPS_ActivityCodes',$,(#1744,#1745));
#1747=IFCRELDEFINESBYPROPERTIES('0cWwqWEg2sGJ_EhogjhBBv',#6,$,$,(#133),#1746);
#1748=IFCPROPERTYENUMERATEDVALUE('Tower',$,(IFCLABEL('A')),$);
#1749=IFCPROPERTYENUMERATEDVALUE('Discipline',$,(IFCLABEL('STR')),$);
#1750=IFCPROPERTYSET('3G2kDAe4yP_WHYTsCGxUia',#6,'OPS_ActivityCodes',$,(#1748,#1749));
#1751=IFCRELDEFINESBYPROPERTIES('1uJ0tozbt9ipn8WgBkW0yb',#6,$,$,(#135),#1750);
#1752=IFCPROPERTYENUMERATEDVALUE('Tower',$,(IFCLABEL('A')),$);
#1753=IFCPROPERTYENUMERATEDVALUE('Discipline',$,(IFCLABEL('STR')),$);
#1754=IFCPROPERTYSET('1$zPecuGm9ABQwllyJhjIc',#6,'OPS_ActivityCodes',$,(#1752,#1753));
#1755=IFCRELDEFINESBYPROPERTIES('2$dpQfKGZjfa3YryL3drmc',#6,$,$,(#137),#1754);
#1756=IFCPROPERTYENUMERATEDVALUE('Tower',$,(IFCLABEL('A')),$);
#1757=IFCPROPERTYENUMERATEDVALUE('Discipline',$,(IFCLABEL('STR')),$);
#1758=IFCPROPERTYSET('0jECIfx$KMESgp19AMsQeZ',#6,'OPS_ActivityCodes',$,(#1756,#1757));
#1759=IFCRELDEFINESBYPROPERTIES('0MjebQbxth48kUlgMp42Dn',#6,$,$,(#139),#1758);
#1760=IFCPROPERTYENUMERATEDVALUE('Tower',$,(IFCLABEL('A')),$);
#1761=IFCPROPERTYENUMERATEDVALUE('Discipline',$,(IFCLABEL('STR')),$);
#1762=IFCPROPERTYSET('2KG_np4UwIikTy0zLFBEPy',#6,'OPS_ActivityCodes',$,(#1760,#1761));
#1763=IFCRELDEFINESBYPROPERTIES('3g3L$n2gfinmPGaMyY_b7t',#6,$,$,(#141),#1762);
#1764=IFCPROPERTYENUMERATEDVALUE('Tower',$,(IFCLABEL('A')),$);
#1765=IFCPROPERTYENUMERATEDVALUE('Discipline',$,(IFCLABEL('STR')),$);
#1766=IFCPROPERTYSET('1CaZ$jboo649QKGsSzvk2o',#6,'OPS_ActivityCodes',$,(#1764,#1765));
#1767=IFCRELDEFINESBYPROPERTIES('0l8ANV5$ohKIB0ZlgJM550',#6,$,$,(#143),#1766);
#1768=IFCPROPERTYENUMERATEDVALUE('Tower',$,(IFCLABEL('A')),$);
#1769=IFCPROPERTYENUMERATEDVALUE('Discipline',$,(IFCLABEL('STR')),$);
#1770=IFCPROPERTYSET('2DIxEgtJshf3actuu9YRm2',#6,'OPS_ActivityCodes',$,(#1768,#1769));
#1771=IFCRELDEFINESBYPROPERTIES('3Ywf7P76g4kUFgAAMfJV6O',#6,$,$,(#145),#1770);
#1772=IFCPROPERTYENUMERATEDVALUE('Tower',$,(IFCLABEL('A')),$);
#1773=IFCPROPERTYENUMERATEDVALUE('Discipline',$,(IFCLABEL('STR')),$);
#1774=IFCPROPERTYSET('0rnHjyWJkL5mnb_B_TrR5c',#6,'OPS_ActivityCodes',$,(#1772,#1773));
#1775=IFCRELDEFINESBYPROPERTIES('2OYSd19SW5eoF6kvEMpfbd',#6,$,$,(#147),#1774);
#1776=IFCPROPERTYENUMERATEDVALUE('Tower',$,(IFCLABEL('A')),$);
#1777=IFCPROPERTYENUMERATEDVALUE('Discipline',$,(IFCLABEL('STR')),$);
#1778=IFCPROPERTYSET('3nXPrd_rDHLaXI3KF1ds7a',#6,'OPS_ActivityCodes',$,(#1776,#1777));
#1779=IFCRELDEFINESBYPROPERTIES('13uSrUqxzJjLBGLS_U9ksV',#6,$,$,(#149),#1778);
#1780=IFCPROPERTYENUMERATEDVALUE('Tower',$,(IFCLABEL('A')),$);
#1781=IFCPROPERTYENUMERATEDVALUE('Discipline',$,(IFCLABEL('STR')),$);
#1782=IFCPROPERTYSET('34w$WSGu_9EEznjOOxGDBY',#6,'OPS_ActivityCodes',$,(#1780,#1781));
#1783=IFCRELDEFINESBYPROPERTIES('3QHfuk_Ns2jdcfBfOy6Qo5',#6,$,$,(#151),#1782);
#1784=IFCPROPERTYENUMERATEDVALUE('Tower',$,(IFCLABEL('A')),$);
#1785=IFCPROPERTYENUMERATEDVALUE('Discipline',$,(IFCLABEL('STR')),$);
#1786=IFCPROPERTYSET('3mQ49vdiKJwYx_xgyBp03v',#6,'OPS_ActivityCodes',$,(#1784,#1785));
#1787=IFCRELDEFINESBYPROPERTIES('2DE$PNX_AL$3NNUKDH4ykp',#6,$,$,(#153),#1786);
#1788=IFCPROPERTYENUMERATEDVALUE('Tower',$,(IFCLABEL('A')),$);
#1789=IFCPROPERTYENUMERATEDVALUE('Discipline',$,(IFCLABEL('STR')),$);
#1790=IFCPROPERTYSET('3siePaDKpUpsorZck5MIXa',#6,'OPS_ActivityCodes',$,(#1788,#1789));
#1791=IFCRELDEFINESBYPROPERTIES('0vKdhwz1jQm9QGiXpEXzS$',#6,$,$,(#155),#1790);
#1792=IFCPROPERTYENUMERATEDVALUE('Tower',$,(IFCLABEL('A')),$);
#1793=IFCPROPERTYENUMERATEDVALUE('Discipline',$,(IFCLABEL('STR')),$);
#1794=IFCPROPERTYSET('2xuA_WyQVWquWzYCE6etUw',#6,'OPS_ActivityCodes',$,(#1792,#1793));
#1795=IFCRELDEFINESBYPROPERTIES('1Xtw9bktxKj5x4JH24vOw0',#6,$,$,(#157),#1794);
#1796=IFCPROPERTYENUMERATEDVALUE('Tower',$,(IFCLABEL('A')),$);
#1797=IFCPROPERTYENUMERATEDVALUE('Discipline',$,(IFCLABEL('STR')),$);
#1798=IFCPROPERTYSET('1jDWxInxRpPDq_PXjubJtD',#6,'OPS_ActivityCodes',$,(#1796,#1797));
#1799=IFCRELDEFINESBYPROPERTIES('0ORBqmtKw$zj2zwsdNO6wX',#6,$,$,(#159),#1798);
#1800=IFCPROPERTYENUMERATEDVALUE('Tower',$,(IFCLABEL('A')),$);
#1801=IFCPROPERTYENUMERATEDVALUE('Discipline',$,(IFCLABEL('STR')),$);
#1802=IFCPROPERTYSET('1JnjMyHhgOD9bbn2JxB3$B',#6,'OPS_ActivityCodes',$,(#1800,#1801));
#1803=IFCRELDEFINESBYPROPERTIES('0nbewx1kRBvDcPmPRixBox',#6,$,$,(#161),#1802);
#1804=IFCPROPERTYENUMERATEDVALUE('Tower',$,(IFCLABEL('A')),$);
#1805=IFCPROPERTYENUMERATEDVALUE('Discipline',$,(IFCLABEL('STR')),$);
#1806=IFCPROPERTYSET('1rNDZsV9AAq0SfQCqdgMUd',#6,'OPS_ActivityCodes',$,(#1804,#1805));
#1807=IFCRELDEFINESBYPROPERTIES('1J2pyJcBxIIxzVxUxg1GMM',#6,$,$,(#163),#1806);
#1808=IFCPROPERTYENUMERATEDVALUE('Tower',$,(IFCLABEL('A')),$);
#1809=IFCPROPERTYENUMERATEDVALUE('Discipline',$,(IFCLABEL('STR')),$);
#1810=IFCPROPERTYSET('1nzDFiUX$cTt9INundeLjk',#6,'OPS_ActivityCodes',$,(#1808,#1809));
#1811=IFCRELDEFINESBYPROPERTIES('1cbKhr7sJ09V06RjHovzfJ',#6,$,$,(#165),#1810);
#1812=IFCPROPERTYENUMERATEDVALUE('Tower',$,(IFCLABEL('A')),$);
#1813=IFCPROPERTYENUMERATEDVALUE('Discipline',$,(IFCLABEL('STR')),$);
#1814=IFCPROPERTYSET('1m$XwBJAsjufO8eSzb8cXw',#6,'OPS_ActivityCodes',$,(#1812,#1813));
#1815=IFCRELDEFINESBYPROPERTIES('3bUAIJ1XKd$jcnLsMs3mAJ',#6,$,$,(#167),#1814);
#1816=IFCPROPERTYENUMERATEDVALUE('Tower',$,(IFCLABEL('A')),$);
#1817=IFCPROPERTYENUMERATEDVALUE('Discipline',$,(IFCLABEL('STR')),$);
#1818=IFCPROPERTYSET('3SZT6Xqleyn50Ov_PWqC9o',#6,'OPS_ActivityCodes',$,(#1816,#1817));
#1819=IFCRELDEFINESBYPROPERTIES('3egjNHmpUg1zJTB_9RADsH',#6,$,$,(#169),#1818);
#1820=IFCPROPERTYENUMERATEDVALUE('Tower',$,(IFCLABEL('A')),$);
#1821=IFCPROPERTYENUMERATEDVALUE('Discipline',$,(IFCLABEL('STR')),$);
#1822=IFCPROPERTYSET('2tZC3xWeNE5UFl22wQSFHH',#6,'OPS_ActivityCodes',$,(#1820,#1821));
#1823=IFCRELDEFINESBYPROPERTIES('0UmNr7GJ9rYay6uVAMbOYY',#6,$,$,(#171),#1822);
#1824=IFCPROPERTYENUMERATEDVALUE('Tower',$,(IFCLABEL('A')),$);
#1825=IFCPROPERTYENUMERATEDVALUE('Discipline',$,(IFCLABEL('STR')),$);
#1826=IFCPROPERTYSET('0cpbSqJgyd5hhscLkR$27q',#6,'OPS_ActivityCodes',$,(#1824,#1825));
#1827=IFCRELDEFINESBYPROPERTIES('2ajjFfnUEuoXGsKTAnhlhR',#6,$,$,(#173),#1826);
#1828=IFCPROPERTYENUMERATEDVALUE('Tower',$,(IFCLABEL('A')),$);
#1829=IFCPROPERTYENUMERATEDVALUE('Discipline',$,(IFCLABEL('STR')),$);
#1830=IFCPROPERTYSET('0RX9Vhck9gRlNu5_yhFdSB',#6,'OPS_ActivityCodes',$,(#1828,#1829));
#1831=IFCRELDEFINESBYPROPERTIES('3LTlak$dDoSRIa$ivjefbm',#6,$,$,(#175),#1830);
#1832=IFCPROPERTYENUMERATEDVALUE('Tower',$,(IFCLABEL('B')),$);
#1833=IFCPROPERTYENUMERATEDVALUE('Discipline',$,(IFCLABEL('STR')),$);
#1834=IFCPROPERTYSET('37bPKG3X_d7pSbEfdhnbfh',#6,'OPS_ActivityCodes',$,(#1832,#1833));
#1835=IFCRELDEFINESBYPROPERTIES('1byVtk7BnKRURWZ9XHkO6k',#6,$,$,(#177),#1834);
#1836=IFCPROPERTYENUMERATEDVALUE('Tower',$,(IFCLABEL('B')),$);
#1837=IFCPROPERTYENUMERATEDVALUE('Discipline',$,(IFCLABEL('STR')),$);
#1838=IFCPROPERTYSET('2L2lmTKm7_ol5$$dTMaSro',#6,'OPS_ActivityCodes',$,(#1836,#1837));
#1839=IFCRELDEFINESBYPROPERTIES('1URXqb9JmDUw44pgHtRSNa',#6,$,$,(#179),#1838);
#1840=IFCPROPERTYENUMERATEDVALUE('Tower',$,(IFCLABEL('B')),$);
#1841=IFCPROPERTYENUMERATEDVALUE('Discipline',$,(IFCLABEL('STR')),$);
#1842=IFCPROPERTYSET('24NAcAwLtnYvCZ3q0lo7C4',#6,'OPS_ActivityCodes',$,(#1840,#1841));
#1843=IFCRELDEFINESBYPROPERTIES('1qd7bk5NWLPQYsh3i0vBTO',#6,$,$,(#181),#1842);
#1844=IFCPROPERTYENUMERATEDVALUE('Tower',$,(IFCLABEL('B')),$);
#1845=IFCPROPERTYENUMERATEDVALUE('Discipline',$,(IFCLABEL('STR')),$);
#1846=IFCPROPERTYSET('2NHoGpBuT7jH6couQ3vxA2',#6,'OPS_ActivityCodes',$,(#1844,#1845));
#1847=IFCRELDEFINESBYPROPERTIES('1GBklb5urhKyUoyupoBJ3b',#6,$,$,(#183),#1846);
#1848=IFCPROPERTYENUMERATEDVALUE('Tower',$,(IFCLABEL('B')),$);
#1849=IFCPROPERTYENUMERATEDVALUE('Discipline',$,(IFCLABEL('STR')),$);
#1850=IFCPROPERTYSET('2wCmKN8GNHoflciKLgh3il',#6,'OPS_ActivityCodes',$,(#1848,#1849));
#1851=IFCRELDEFINESBYPROPERTIES('3pChXK5pLIoG9qMKU8xeIr',#6,$,$,(#185),#1850);
#1852=IFCPROPERTYENUMERATEDVALUE('Tower',$,(IFCLABEL('B')),$);
#1853=IFCPROPERTYENUMERATEDVALUE('Discipline',$,(IFCLABEL('STR')),$);
#1854=IFCPROPERTYSET('0uLULLEuzLSFgVUiWTLzuj',#6,'OPS_ActivityCodes',$,(#1852,#1853));
#1855=IFCRELDEFINESBYPROPERTIES('0s4oeFNuX97DpmoAemQty$',#6,$,$,(#187),#1854);
#1856=IFCPROPERTYENUMERATEDVALUE('Tower',$,(IFCLABEL('B')),$);
#1857=IFCPROPERTYENUMERATEDVALUE('Discipline',$,(IFCLABEL('STR')),$);
#1858=IFCPROPERTYSET('32ndUdf$AoqG1Nj61uYIqd',#6,'OPS_ActivityCodes',$,(#1856,#1857));
#1859=IFCRELDEFINESBYPROPERTIES('29M3lEt4l6QXh82LK21VK$',#6,$,$,(#189),#1858);
#1860=IFCPROPERTYENUMERATEDVALUE('Tower',$,(IFCLABEL('B')),$);
#1861=IFCPROPERTYENUMERATEDVALUE('Discipline',$,(IFCLABEL('STR')),$);
#1862=IFCPROPERTYSET('1u3DVkQ0bknk4n7OcOpz5J',#6,'OPS_ActivityCodes',$,(#1860,#1861));
#1863=IFCRELDEFINESBYPROPERTIES('0mFcbQJvbVdT6xcq5MTOqc',#6,$,$,(#191),#1862);
#1864=IFCPROPERTYENUMERATEDVALUE('Tower',$,(IFCLABEL('B')),$);
#1865=IFCPROPERTYENUMERATEDVALUE('Discipline',$,(IFCLABEL('STR')),$);
#1866=IFCPROPERTYSET('1U3ZD4OdJ55KAN9Q8ehO1b',#6,'OPS_ActivityCodes',$,(#1864,#1865));
#1867=IFCRELDEFINESBYPROPERTIES('0VaiXcWK8qdED0tiMHaxDJ',#6,$,$,(#193),#1866);
#1868=IFCPROPERTYENUMERATEDVALUE('Tower',$,(IFCLABEL('B')),$);
#1869=IFCPROPERTYENUMERATEDVALUE('Discipline',$,(IFCLABEL('STR')),$);
#1870=IFCPROPERTYSET('3dnI8pvz1fVvqO7ODnVJdh',#6,'OPS_ActivityCodes',$,(#1868,#1869));
#1871=IFCRELDEFINESBYPROPERTIES('3R5uqU8cfptCC$cpaYYjiK',#6,$,$,(#195),#1870);
#1872=IFCPROPERTYENUMERATEDVALUE('Tower',$,(IFCLABEL('B')),$);
#1873=IFCPROPERTYENUMERATEDVALUE('Discipline',$,(IFCLABEL('STR')),$);
#1874=IFCPROPERTYSET('1ublPXhddCqyDNK2NUuXHW',#6,'OPS_ActivityCodes',$,(#1872,#1873));
#1875=IFCRELDEFINESBYPROPERTIES('2fiqlWg6qoWZD5n9GyfU8r',#6,$,$,(#197),#1874);
#1876=IFCPROPERTYENUMERATEDVALUE('Tower',$,(IFCLABEL('B')),$);
#1877=IFCPROPERTYENUMERATEDVALUE('Discipline',$,(IFCLABEL('STR')),$);
#1878=IFCPROPERTYSET('0chSn2o2UXiTze7KtMVT3X',#6,'OPS_ActivityCodes',$,(#1876,#1877));
#1879=IFCRELDEFINESBYPROPERTIES('08J5dRNZW4Z5hMedUod3w2',#6,$,$,(#199),#1878);
#1880=IFCPROPERTYENUMERATEDVALUE('Tower',$,(IFCLABEL('B')),$);
#1881=IFCPROPERTYENUMERATEDVALUE('Discipline',$,(IFCLABEL('STR')),$);
#1882=IFCPROPERTYSET('3DrpK6PsP29H6nZU0tPjTU',#6,'OPS_ActivityCodes',$,(#1880,#1881));
#1883=IFCRELDEFINESBYPROPERTIES('0_bUv9m29p3ZZNHFLnmKVh',#6,$,$,(#201),#1882);
#1884=IFCPROPERTYENUMERATEDVALUE('Tower',$,(IFCLABEL('B')),$);
#1885=IFCPROPERTYENUMERATEDVALUE('Discipline',$,(IFCLABEL('STR')),$);
#1886=IFCPROPERTYSET('0wtoRmz0fNEIgYsbuMHLeF',#6,'OPS_ActivityCodes',$,(#1884,#1885));
#1887=IFCRELDEFINESBYPROPERTIES('0o1xS29LuzLhQzSQ9e40Nk',#6,$,$,(#203),#1886);
#1888=IFCPROPERTYENUMERATEDVALUE('Tower',$,(IFCLABEL('B')),$);
#1889=IFCPROPERTYENUMERATEDVALUE('Discipline',$,(IFCLABEL('STR')),$);
#1890=IFCPROPERTYSET('3LTKFS4uZ6ZiY6XSV_8iry',#6,'OPS_ActivityCodes',$,(#1888,#1889));
#1891=IFCRELDEFINESBYPROPERTIES('3hvKdZxMrUgU9PmpR7lhN8',#6,$,$,(#205),#1890);
#1892=IFCPROPERTYENUMERATEDVALUE('Tower',$,(IFCLABEL('B')),$);
#1893=IFCPROPERTYENUMERATEDVALUE('Discipline',$,(IFCLABEL('STR')),$);
#1894=IFCPROPERTYSET('0fxp9XZLhwFFEAmYVn_cUF',#6,'OPS_ActivityCodes',$,(#1892,#1893));
#1895=IFCRELDEFINESBYPROPERTIES('2RTOMxi4qVelB5ZOAhNUcF',#6,$,$,(#207),#1894);
#1896=IFCPROPERTYENUMERATEDVALUE('Tower',$,(IFCLABEL('B')),$);
#1897=IFCPROPERTYENUMERATEDVALUE('Discipline',$,(IFCLABEL('STR')),$);
#1898=IFCPROPERTYSET('21NFLIZfOuOE2Q3m7D$Qxr',#6,'OPS_ActivityCodes',$,(#1896,#1897));
#1899=IFCRELDEFINESBYPROPERTIES('2ZryvLbCx2g6avO7P7$qo8',#6,$,$,(#209),#1898);
#1900=IFCPROPERTYENUMERATEDVALUE('Tower',$,(IFCLABEL('B')),$);
#1901=IFCPROPERTYENUMERATEDVALUE('Discipline',$,(IFCLABEL('STR')),$);
#1902=IFCPROPERTYSET('3WS2BHiGZX1251PEhFOG8r',#6,'OPS_ActivityCodes',$,(#1900,#1901));
#1903=IFCRELDEFINESBYPROPERTIES('01AHR5dushQEtsOVzppZOw',#6,$,$,(#211),#1902);
#1904=IFCPROPERTYENUMERATEDVALUE('Tower',$,(IFCLABEL('B')),$);
#1905=IFCPROPERTYENUMERATEDVALUE('Discipline',$,(IFCLABEL('STR')),$);
#1906=IFCPROPERTYSET('11OpkoOVtv9ZzHqCqSVlK$',#6,'OPS_ActivityCodes',$,(#1904,#1905));
#1907=IFCRELDEFINESBYPROPERTIES('2bGuA3JacamWwbxCUQXZee',#6,$,$,(#213),#1906);
#1908=IFCPROPERTYENUMERATEDVALUE('Tower',$,(IFCLABEL('B')),$);
#1909=IFCPROPERTYENUMERATEDVALUE('Discipline',$,(IFCLABEL('STR')),$);
#1910=IFCPROPERTYSET('0RWS6E$dWVGNhIl4M7CQDg',#6,'OPS_ActivityCodes',$,(#1908,#1909));
#1911=IFCRELDEFINESBYPROPERTIES('3ihTzvM8fh$EGUN1wsKco1',#6,$,$,(#215),#1910);
#1912=IFCPROPERTYENUMERATEDVALUE('Tower',$,(IFCLABEL('B')),$);
#1913=IFCPROPERTYENUMERATEDVALUE('Discipline',$,(IFCLABEL('STR')),$);
#1914=IFCPROPERTYSET('2z4am_EpOmWihhwabcVHVs',#6,'OPS_ActivityCodes',$,(#1912,#1913));
#1915=IFCRELDEFINESBYPROPERTIES('0vSZgvHFbm$_7VnraGPMnu',#6,$,$,(#217),#1914);
#1916=IFCPROPERTYENUMERATEDVALUE('Tower',$,(IFCLABEL('B')),$);
#1917=IFCPROPERTYENUMERATEDVALUE('Discipline',$,(IFCLABEL('STR')),$);
#1918=IFCPROPERTYSET('1BpKalsL6mQGFyvhC6z4P5',#6,'OPS_ActivityCodes',$,(#1916,#1917));
#1919=IFCRELDEFINESBYPROPERTIES('1c6_3JGfD3z_r9BBaeJRkP',#6,$,$,(#219),#1918);
#1920=IFCPROPERTYENUMERATEDVALUE('Tower',$,(IFCLABEL('B')),$);
#1921=IFCPROPERTYENUMERATEDVALUE('Discipline',$,(IFCLABEL('STR')),$);
#1922=IFCPROPERTYSET('3INhKG$su$XRrrBuruFG19',#6,'OPS_ActivityCodes',$,(#1920,#1921));
#1923=IFCRELDEFINESBYPROPERTIES('2DAflxveZowxE_3mrEqjLW',#6,$,$,(#221),#1922);
#1924=IFCPROPERTYENUMERATEDVALUE('Tower',$,(IFCLABEL('B')),$);
#1925=IFCPROPERTYENUMERATEDVALUE('Discipline',$,(IFCLABEL('STR')),$);
#1926=IFCPROPERTYSET('0rJLPj9ac9xUpDtjCBupQ8',#6,'OPS_ActivityCodes',$,(#1924,#1925));
#1927=IFCRELDEFINESBYPROPERTIES('2ffj43VHdI10jH_E7mWbVp',#6,$,$,(#223),#1926);
#1928=IFCPROPERTYENUMERATEDVALUE('Tower',$,(IFCLABEL('B')),$);
#1929=IFCPROPERTYENUMERATEDVALUE('Discipline',$,(IFCLABEL('STR')),$);
#1930=IFCPROPERTYSET('3BfQ0XOs7Ps44sfg$VU276',#6,'OPS_ActivityCodes',$,(#1928,#1929));
#1931=IFCRELDEFINESBYPROPERTIES('3aoxkfGo0CKOa7AjMI4piQ',#6,$,$,(#225),#1930);
#1932=IFCPROPERTYENUMERATEDVALUE('Tower',$,(IFCLABEL('B')),$);
#1933=IFCPROPERTYENUMERATEDVALUE('Discipline',$,(IFCLABEL('STR')),$);
#1934=IFCPROPERTYSET('0FDULiCO0Ef7N5XzzoVaUc',#6,'OPS_ActivityCodes',$,(#1932,#1933));
#1935=IFCRELDEFINESBYPROPERTIES('2HNM97ZepaguZmM1z8Y6eO',#6,$,$,(#227),#1934);
#1936=IFCPROPERTYENUMERATEDVALUE('Tower',$,(IFCLABEL('B')),$);
#1937=IFCPROPERTYENUMERATEDVALUE('Discipline',$,(IFCLABEL('STR')),$);
#1938=IFCPROPERTYSET('2UZWNoid3mhZ0pYLyeBXux',#6,'OPS_ActivityCodes',$,(#1936,#1937));
#1939=IFCRELDEFINESBYPROPERTIES('0Lmtq_HB38EK3S3GufuS3i',#6,$,$,(#229),#1938);
#1940=IFCPROPERTYENUMERATEDVALUE('Tower',$,(IFCLABEL('B')),$);
#1941=IFCPROPERTYENUMERATEDVALUE('Discipline',$,(IFCLABEL('STR')),$);
#1942=IFCPROPERTYSET('0TzoIRQnYJUmziB4FyNLbS',#6,'OPS_ActivityCodes',$,(#1940,#1941));
#1943=IFCRELDEFINESBYPROPERTIES('1CwvK$3FeDUkca5MpP$$nV',#6,$,$,(#231),#1942);
#1944=IFCPROPERTYENUMERATEDVALUE('Tower',$,(IFCLABEL('B')),$);
#1945=IFCPROPERTYENUMERATEDVALUE('Discipline',$,(IFCLABEL('STR')),$);
#1946=IFCPROPERTYSET('05JIdklU16ItMPCU2CPhNU',#6,'OPS_ActivityCodes',$,(#1944,#1945));
#1947=IFCRELDEFINESBYPROPERTIES('10VdlXVBcumvM0y5nRXE7e',#6,$,$,(#233),#1946);
#1948=IFCPROPERTYENUMERATEDVALUE('Tower',$,(IFCLABEL('C')),$);
#1949=IFCPROPERTYENUMERATEDVALUE('Discipline',$,(IFCLABEL('STR')),$);
#1950=IFCPROPERTYSET('0J4HOzaLLlDjpGjQxoJovV',#6,'OPS_ActivityCodes',$,(#1948,#1949));
#1951=IFCRELDEFINESBYPROPERTIES('1GXOUCYZfk5agKgqvNLbCU',#6,$,$,(#235),#1950);
#1952=IFCPROPERTYENUMERATEDVALUE('Tower',$,(IFCLABEL('C')),$);
#1953=IFCPROPERTYENUMERATEDVALUE('Discipline',$,(IFCLABEL('STR')),$);
#1954=IFCPROPERTYSET('0y4Z$OanKbsXlG$IrC3R14',#6,'OPS_ActivityCodes',$,(#1952,#1953));
#1955=IFCRELDEFINESBYPROPERTIES('2kb2cgkJ8QkCOsx26yVA$b',#6,$,$,(#237),#1954);
#1956=IFCPROPERTYENUMERATEDVALUE('Tower',$,(IFCLABEL('C')),$);
#1957=IFCPROPERTYENUMERATEDVALUE('Discipline',$,(IFCLABEL('STR')),$);
#1958=IFCPROPERTYSET('3N799wFipzSKgzVNzEiv7x',#6,'OPS_ActivityCodes',$,(#1956,#1957));
#1959=IFCRELDEFINESBYPROPERTIES('1c6JuHBJx0VnmiCaBbhfBI',#6,$,$,(#239),#1958);
#1960=IFCPROPERTYENUMERATEDVALUE('Tower',$,(IFCLABEL('C')),$);
#1961=IFCPROPERTYENUMERATEDVALUE('Discipline',$,(IFCLABEL('STR')),$);
#1962=IFCPROPERTYSET('2oZGePd$ZJ0F67qDTF82Hc',#6,'OPS_ActivityCodes',$,(#1960,#1961));
#1963=IFCRELDEFINESBYPROPERTIES('3CbvPYQwCBE6ya2gI0dEbh',#6,$,$,(#241),#1962);
#1964=IFCPROPERTYENUMERATEDVALUE('Tower',$,(IFCLABEL('C')),$);
#1965=IFCPROPERTYENUMERATEDVALUE('Discipline',$,(IFCLABEL('STR')),$);
#1966=IFCPROPERTYSET('0jswAd6H2uJ53wEuY7B2oW',#6,'OPS_ActivityCodes',$,(#1964,#1965));
#1967=IFCRELDEFINESBYPROPERTIES('0_9ithQLnc3df84XVfbvd7',#6,$,$,(#243),#1966);
#1968=IFCPROPERTYENUMERATEDVALUE('Tower',$,(IFCLABEL('C')),$);
#1969=IFCPROPERTYENUMERATEDVALUE('Discipline',$,(IFCLABEL('STR')),$);
#1970=IFCPROPERTYSET('0Tt1ehUmP3ozytm3rK5Czr',#6,'OPS_ActivityCodes',$,(#1968,#1969));
#1971=IFCRELDEFINESBYPROPERTIES('2IsyM08eLE$s9XC8pyPsPf',#6,$,$,(#245),#1970);
#1972=IFCPROPERTYENUMERATEDVALUE('Tower',$,(IFCLABEL('C')),$);
#1973=IFCPROPERTYENUMERATEDVALUE('Discipline',$,(IFCLABEL('STR')),$);
#1974=IFCPROPERTYSET('1ajpVJ1Qzn96zFHxLzDm$E',#6,'OPS_ActivityCodes',$,(#1972,#1973));
#1975=IFCRELDEFINESBYPROPERTIES('0Eyy_3uFaDI69frh3sfcVF',#6,$,$,(#247),#1974);
#1976=IFCPROPERTYENUMERATEDVALUE('Tower',$,(IFCLABEL('C')),$);
#1977=IFCPROPERTYENUMERATEDVALUE('Discipline',$,(IFCLABEL('STR')),$);
#1978=IFCPROPERTYSET('0KZejp2HA44aaoVqCJoCyo',#6,'OPS_ActivityCodes',$,(#1976,#1977));
#1979=IFCRELDEFINESBYPROPERTIES('3x$Z475XLFKuS3LBDYy0bz',#6,$,$,(#249),#1978);
#1980=IFCPROPERTYENUMERATEDVALUE('Tower',$,(IFCLABEL('C')),$);
#1981=IFCPROPERTYENUMERATEDVALUE('Discipline',$,(IFCLABEL('STR')),$);
#1982=IFCPROPERTYSET('2IEKX5A4dG$9v7iM_sa8fG',#6,'OPS_ActivityCodes',$,(#1980,#1981));
#1983=IFCRELDEFINESBYPROPERTIES('24pvslZPRNAvqVUljEtU0N',#6,$,$,(#251),#1982);
#1984=IFCPROPERTYENUMERATEDVALUE('Tower',$,(IFCLABEL('C')),$);
#1985=IFCPROPERTYENUMERATEDVALUE('Discipline',$,(IFCLABEL('STR')),$);
#1986=IFCPROPERTYSET('3pibtMKmhJg6Xcnji2AlMy',#6,'OPS_ActivityCodes',$,(#1984,#1985));
#1987=IFCRELDEFINESBYPROPERTIES('3Ft3facbK5NCfFIgvHHexN',#6,$,$,(#253),#1986);
#1988=IFCPROPERTYENUMERATEDVALUE('Tower',$,(IFCLABEL('C')),$);
#1989=IFCPROPERTYENUMERATEDVALUE('Discipline',$,(IFCLABEL('STR')),$);
#1990=IFCPROPERTYSET('04bzf4oyI5bFExmzCO64up',#6,'OPS_ActivityCodes',$,(#1988,#1989));
#1991=IFCRELDEFINESBYPROPERTIES('2Azpg7SwjwYI7DbF5f2adV',#6,$,$,(#255),#1990);
#1992=IFCPROPERTYENUMERATEDVALUE('Tower',$,(IFCLABEL('C')),$);
#1993=IFCPROPERTYENUMERATEDVALUE('Discipline',$,(IFCLABEL('STR')),$);
#1994=IFCPROPERTYSET('14TlnWW1cAXOhbzQJXGKAi',#6,'OPS_ActivityCodes',$,(#1992,#1993));
#1995=IFCRELDEFINESBYPROPERTIES('1KWrlvgVowrhtjcX3kxUoI',#6,$,$,(#257),#1994);
#1996=IFCPROPERTYENUMERATEDVALUE('Tower',$,(IFCLABEL('C')),$);
#1997=IFCPROPERTYENUMERATEDVALUE('Discipline',$,(IFCLABEL('STR')),$);
#1998=IFCPROPERTYSET('16kCpjUkHS9HeMcA4TkwlP',#6,'OPS_ActivityCodes',$,(#1996,#1997));
#1999=IFCRELDEFINESBYPROPERTIES('2BbZf2uEwB$wFA3mBScsex',#6,$,$,(#259),#1998);
#2000=IFCPROPERTYENUMERATEDVALUE('Tower',$,(IFCLABEL('C')),$);
#2001=IFCPROPERTYENUMERATEDVALUE('Discipline',$,(IFCLABEL('STR')),$);
#2002=IFCPROPERTYSET('29SM$qm_VlozkyM2Vc6Cpt',#6,'OPS_ActivityCodes',$,(#2000,#2001));
#2003=IFCRELDEFINESBYPROPERTIES('3i3MXt5MO_SW4s3IKNPWZq',#6,$,$,(#261),#2002);
#2004=IFCPROPERTYENUMERATEDVALUE('Tower',$,(IFCLABEL('C')),$);
#2005=IFCPROPERTYENUMERATEDVALUE('Discipline',$,(IFCLABEL('STR')),$);
#2006=IFCPROPERTYSET('3rw8i13_e6E6niW2sxe_81',#6,'OPS_ActivityCodes',$,(#2004,#2005));
#2007=IFCRELDEFINESBYPROPERTIES('0K18RpGs1btbd1TUeLg91x',#6,$,$,(#263),#2006);
#2008=IFCPROPERTYENUMERATEDVALUE('Tower',$,(IFCLABEL('C')),$);
#2009=IFCPROPERTYENUMERATEDVALUE('Discipline',$,(IFCLABEL('STR')),$);
#2010=IFCPROPERTYSET('1rVRLoD$BuGyMrGb6$LyDc',#6,'OPS_ActivityCodes',$,(#2008,#2009));
#2011=IFCRELDEFINESBYPROPERTIES('2KUT30JmzeN9xShKqYZjpM',#6,$,$,(#265),#2010);
#2012=IFCPROPERTYENUMERATEDVALUE('Tower',$,(IFCLABEL('C')),$);
#2013=IFCPROPERTYENUMERATEDVALUE('Discipline',$,(IFCLABEL('STR')),$);
#2014=IFCPROPERTYSET('0IKA7QsDgUrbTk4IBWl1Wh',#6,'OPS_ActivityCodes',$,(#2012,#2013));
#2015=IFCRELDEFINESBYPROPERTIES('1sPzrlAihvC8b1Ku5pSgZX',#6,$,$,(#267),#2014);
#2016=IFCPROPERTYENUMERATEDVALUE('Tower',$,(IFCLABEL('C')),$);
#2017=IFCPROPERTYENUMERATEDVALUE('Discipline',$,(IFCLABEL('STR')),$);
#2018=IFCPROPERTYSET('1tKZ9tRfZHbWTP33JwP$yC',#6,'OPS_ActivityCodes',$,(#2016,#2017));
#2019=IFCRELDEFINESBYPROPERTIES('233wLc4VfGoHT4iPmY1FPu',#6,$,$,(#269),#2018);
#2020=IFCPROPERTYENUMERATEDVALUE('Tower',$,(IFCLABEL('C')),$);
#2021=IFCPROPERTYENUMERATEDVALUE('Discipline',$,(IFCLABEL('STR')),$);
#2022=IFCPROPERTYSET('1kyr4Twugo7dt74AWFBTT1',#6,'OPS_ActivityCodes',$,(#2020,#2021));
#2023=IFCRELDEFINESBYPROPERTIES('0Ou31xRooM0tXBxJTY5P1N',#6,$,$,(#271),#2022);
#2024=IFCPROPERTYENUMERATEDVALUE('Tower',$,(IFCLABEL('C')),$);
#2025=IFCPROPERTYENUMERATEDVALUE('Discipline',$,(IFCLABEL('STR')),$);
#2026=IFCPROPERTYSET('2e9IDlW8Rp9BnxkXTUQLry',#6,'OPS_ActivityCodes',$,(#2024,#2025));
#2027=IFCRELDEFINESBYPROPERTIES('08HtonknzBplCNWFHcwtag',#6,$,$,(#273),#2026);
#2028=IFCPROPERTYENUMERATEDVALUE('Tower',$,(IFCLABEL('C')),$);
#2029=IFCPROPERTYENUMERATEDVALUE('Discipline',$,(IFCLABEL('STR')),$);
#2030=IFCPROPERTYSET('2Z_V5JdeEkwJXYcweWR2wS',#6,'OPS_ActivityCodes',$,(#2028,#2029));
#2031=IFCRELDEFINESBYPROPERTIES('0OwsfQhIMC6F3BzsbpgLAy',#6,$,$,(#275),#2030);
#2032=IFCPROPERTYENUMERATEDVALUE('Tower',$,(IFCLABEL('C')),$);
#2033=IFCPROPERTYENUMERATEDVALUE('Discipline',$,(IFCLABEL('STR')),$);
#2034=IFCPROPERTYSET('0qQ1gGy8xbUf1ojaEXFkzf',#6,'OPS_ActivityCodes',$,(#2032,#2033));
#2035=IFCRELDEFINESBYPROPERTIES('3k3urRdJMBzEVsxmIcqq6f',#6,$,$,(#277),#2034);
#2036=IFCPROPERTYENUMERATEDVALUE('Tower',$,(IFCLABEL('C')),$);
#2037=IFCPROPERTYENUMERATEDVALUE('Discipline',$,(IFCLABEL('STR')),$);
#2038=IFCPROPERTYSET('3cKGWeuvkGNfLWlc55$k9w',#6,'OPS_ActivityCodes',$,(#2036,#2037));
#2039=IFCRELDEFINESBYPROPERTIES('3zbLJd6rpLBiH506Dh0JqW',#6,$,$,(#279),#2038);
#2040=IFCPROPERTYENUMERATEDVALUE('Tower',$,(IFCLABEL('C')),$);
#2041=IFCPROPERTYENUMERATEDVALUE('Discipline',$,(IFCLABEL('STR')),$);
#2042=IFCPROPERTYSET('25re8iIsOlQ7NOx0pSEhyg',#6,'OPS_ActivityCodes',$,(#2040,#2041));
#2043=IFCRELDEFINESBYPROPERTIES('0ulr6bbDhAgGTt6O5BHNpA',#6,$,$,(#281),#2042);
#2044=IFCPROPERTYENUMERATEDVALUE('Tower',$,(IFCLABEL('C')),$);
#2045=IFCPROPERTYENUMERATEDVALUE('Discipline',$,(IFCLABEL('STR')),$);
#2046=IFCPROPERTYSET('2LTKsNSs1L4yT6_UOPpvfF',#6,'OPS_ActivityCodes',$,(#2044,#2045));
#2047=IFCRELDEFINESBYPROPERTIES('2f7jnW1BwXlkP8iojICP9y',#6,$,$,(#283),#2046);
#2048=IFCPROPERTYENUMERATEDVALUE('Tower',$,(IFCLABEL('C')),$);
#2049=IFCPROPERTYENUMERATEDVALUE('Discipline',$,(IFCLABEL('STR')),$);
#2050=IFCPROPERTYSET('0rPQ6yQ8GHLUKV$d4hbFjD',#6,'OPS_ActivityCodes',$,(#2048,#2049));
#2051=IFCRELDEFINESBYPROPERTIES('1W0uKi2MLOqSmN7ANxOkw3',#6,$,$,(#285),#2050);
#2052=IFCPROPERTYENUMERATEDVALUE('Tower',$,(IFCLABEL('C')),$);
#2053=IFCPROPERTYENUMERATEDVALUE('Discipline',$,(IFCLABEL('STR')),$);
#2054=IFCPROPERTYSET('07xDhfxtL8MpVnM9PMIb5r',#6,'OPS_ActivityCodes',$,(#2052,#2053));
#2055=IFCRELDEFINESBYPROPERTIES('0b4pdfg2zG6IUTDIq5ziQX',#6,$,$,(#287),#2054);
#2056=IFCPROPERTYENUMERATEDVALUE('Tower',$,(IFCLABEL('C')),$);
#2057=IFCPROPERTYENUMERATEDVALUE('Discipline',$,(IFCLABEL('STR')),$);
#2058=IFCPROPERTYSET('1paDypGr1UMJOquqCPocjY',#6,'OPS_ActivityCodes',$,(#2056,#2057));
#2059=IFCRELDEFINESBYPROPERTIES('2TItX827B30zhZlmrDSTJ9',#6,$,$,(#289),#2058);
#2060=IFCPROPERTYENUMERATEDVALUE('Tower',$,(IFCLABEL('C')),$);
#2061=IFCPROPERTYENUMERATEDVALUE('Discipline',$,(IFCLABEL('STR')),$);
#2062=IFCPROPERTYSET('1UA01GOZBnRq0bg$LbeXXV',#6,'OPS_ActivityCodes',$,(#2060,#2061));
#2063=IFCRELDEFINESBYPROPERTIES('0tTg$k5PY0yD7SgXU6B8Xt',#6,$,$,(#291),#2062);
#2064=IFCPROPERTYENUMERATEDVALUE('Tower',$,(IFCLABEL('GEN')),$);
#2065=IFCPROPERTYENUMERATEDVALUE('Discipline',$,(IFCLABEL('STR')),$);
#2066=IFCPROPERTYSET('34AChMGAKecvtxQkEKIS1C',#6,'OPS_ActivityCodes',$,(#2064,#2065));
#2067=IFCRELDEFINESBYPROPERTIES('0G$BgCrlDtws7dklDahBnc',#6,$,$,(#295),#2066);
#2068=IFCPROPERTYENUMERATEDVALUE('Tower',$,(IFCLABEL('A')),$);
#2069=IFCPROPERTYENUMERATEDVALUE('Discipline',$,(IFCLABEL('STR')),$);
#2070=IFCPROPERTYSET('0S_EhZiKqQhVyoP6cBkPVw',#6,'OPS_ActivityCodes',$,(#2068,#2069));
#2071=IFCRELDEFINESBYPROPERTIES('3Q$K95zphMf5kS0Db73Bby',#6,$,$,(#299),#2070);
#2072=IFCPROPERTYENUMERATEDVALUE('Tower',$,(IFCLABEL('A')),$);
#2073=IFCPROPERTYENUMERATEDVALUE('Discipline',$,(IFCLABEL('STR')),$);
#2074=IFCPROPERTYSET('3OVtiHhRFiMuKdJONyUzPg',#6,'OPS_ActivityCodes',$,(#2072,#2073));
#2075=IFCRELDEFINESBYPROPERTIES('30Hhlht0gfKx7AZl9l6EPF',#6,$,$,(#301),#2074);
#2076=IFCPROPERTYENUMERATEDVALUE('Tower',$,(IFCLABEL('A')),$);
#2077=IFCPROPERTYENUMERATEDVALUE('Discipline',$,(IFCLABEL('STR')),$);
#2078=IFCPROPERTYSET('28ZqcuxFmrkL1SKqLg$CK0',#6,'OPS_ActivityCodes',$,(#2076,#2077));
#2079=IFCRELDEFINESBYPROPERTIES('3TjrGDvfZzRgbV7lVRDhzB',#6,$,$,(#303),#2078);
#2080=IFCPROPERTYENUMERATEDVALUE('Tower',$,(IFCLABEL('A')),$);
#2081=IFCPROPERTYENUMERATEDVALUE('Discipline',$,(IFCLABEL('STR')),$);
#2082=IFCPROPERTYSET('2gfRYxol6W6duj8zLrL9U2',#6,'OPS_ActivityCodes',$,(#2080,#2081));
#2083=IFCRELDEFINESBYPROPERTIES('0hUfWdFoCc_7uR4poI3X6h',#6,$,$,(#305),#2082);
#2084=IFCPROPERTYENUMERATEDVALUE('Tower',$,(IFCLABEL('A')),$);
#2085=IFCPROPERTYENUMERATEDVALUE('Discipline',$,(IFCLABEL('STR')),$);
#2086=IFCPROPERTYSET('3U9zJvsnb5FQG6_2bwGPOm',#6,'OPS_ActivityCodes',$,(#2084,#2085));
#2087=IFCRELDEFINESBYPROPERTIES('1l1hkaVOVmrJirMzL_MANv',#6,$,$,(#307),#2086);
#2088=IFCPROPERTYENUMERATEDVALUE('Tower',$,(IFCLABEL('A')),$);
#2089=IFCPROPERTYENUMERATEDVALUE('Discipline',$,(IFCLABEL('STR')),$);
#2090=IFCPROPERTYSET('03ZjLvjjuvXR8Ec$UOkucn',#6,'OPS_ActivityCodes',$,(#2088,#2089));
#2091=IFCRELDEFINESBYPROPERTIES('2LiKHFzyngTSMy9L5hq3gc',#6,$,$,(#309),#2090);
#2092=IFCPROPERTYENUMERATEDVALUE('Tower',$,(IFCLABEL('A')),$);
#2093=IFCPROPERTYENUMERATEDVALUE('Discipline',$,(IFCLABEL('STR')),$);
#2094=IFCPROPERTYSET('1KBETz9qd8PXgi_XUqQDuA',#6,'OPS_ActivityCodes',$,(#2092,#2093));
#2095=IFCRELDEFINESBYPROPERTIES('2icilRDDGRHgg6d3Q2hDGS',#6,$,$,(#311),#2094);
#2096=IFCPROPERTYENUMERATEDVALUE('Tower',$,(IFCLABEL('A')),$);
#2097=IFCPROPERTYENUMERATEDVALUE('Discipline',$,(IFCLABEL('STR')),$);
#2098=IFCPROPERTYSET('28NXh_NWXPxRF0EWu7I6sa',#6,'OPS_ActivityCodes',$,(#2096,#2097));
#2099=IFCRELDEFINESBYPROPERTIES('3gpJZMMS5GPlJ1cthz_uzk',#6,$,$,(#313),#2098);
#2100=IFCPROPERTYENUMERATEDVALUE('Tower',$,(IFCLABEL('A')),$);
#2101=IFCPROPERTYENUMERATEDVALUE('Discipline',$,(IFCLABEL('STR')),$);
#2102=IFCPROPERTYSET('0KKpGODprB91EY$sHOGLma',#6,'OPS_ActivityCodes',$,(#2100,#2101));
#2103=IFCRELDEFINESBYPROPERTIES('0GrQ_FzyWZfhZlkGLSC6Lt',#6,$,$,(#315),#2102);
#2104=IFCPROPERTYENUMERATEDVALUE('Tower',$,(IFCLABEL('A')),$);
#2105=IFCPROPERTYENUMERATEDVALUE('Discipline',$,(IFCLABEL('STR')),$);
#2106=IFCPROPERTYSET('0KKwPNOdapeJgDhrxhptYq',#6,'OPS_ActivityCodes',$,(#2104,#2105));
#2107=IFCRELDEFINESBYPROPERTIES('3tZuI6Lx_1LMw$19QJR6Fq',#6,$,$,(#317),#2106);
#2108=IFCPROPERTYENUMERATEDVALUE('Tower',$,(IFCLABEL('B')),$);
#2109=IFCPROPERTYENUMERATEDVALUE('Discipline',$,(IFCLABEL('STR')),$);
#2110=IFCPROPERTYSET('0Bk5r4NMRpk7HJkoY73Apg',#6,'OPS_ActivityCodes',$,(#2108,#2109));
#2111=IFCRELDEFINESBYPROPERTIES('0ZLYe1itFu4mH11M2D8sDZ',#6,$,$,(#319),#2110);
#2112=IFCPROPERTYENUMERATEDVALUE('Tower',$,(IFCLABEL('B')),$);
#2113=IFCPROPERTYENUMERATEDVALUE('Discipline',$,(IFCLABEL('STR')),$);
#2114=IFCPROPERTYSET('2S6mJlCrahblZOvX3oHtI0',#6,'OPS_ActivityCodes',$,(#2112,#2113));
#2115=IFCRELDEFINESBYPROPERTIES('3yTGR$Vzq9g4ptaKX3w5hV',#6,$,$,(#321),#2114);
#2116=IFCPROPERTYENUMERATEDVALUE('Tower',$,(IFCLABEL('B')),$);
#2117=IFCPROPERTYENUMERATEDVALUE('Discipline',$,(IFCLABEL('STR')),$);
#2118=IFCPROPERTYSET('0bUGZALbV53he_2ENel9MV',#6,'OPS_ActivityCodes',$,(#2116,#2117));
#2119=IFCRELDEFINESBYPROPERTIES('1Z333rDvGcU7pY9xpv_v6F',#6,$,$,(#323),#2118);
#2120=IFCPROPERTYENUMERATEDVALUE('Tower',$,(IFCLABEL('B')),$);
#2121=IFCPROPERTYENUMERATEDVALUE('Discipline',$,(IFCLABEL('STR')),$);
#2122=IFCPROPERTYSET('3WnGAPj8HEVfcu97EAJegx',#6,'OPS_ActivityCodes',$,(#2120,#2121));
#2123=IFCRELDEFINESBYPROPERTIES('13VfYnp5Muan_QfQShCQYr',#6,$,$,(#325),#2122);
#2124=IFCPROPERTYENUMERATEDVALUE('Tower',$,(IFCLABEL('B')),$);
#2125=IFCPROPERTYENUMERATEDVALUE('Discipline',$,(IFCLABEL('STR')),$);
#2126=IFCPROPERTYSET('2FltZRQj14i1lsPG0Eu2WM',#6,'OPS_ActivityCodes',$,(#2124,#2125));
#2127=IFCRELDEFINESBYPROPERTIES('0ZTUXG39tKHyzsTGPQ200d',#6,$,$,(#327),#2126);
#2128=IFCPROPERTYENUMERATEDVALUE('Tower',$,(IFCLABEL('B')),$);
#2129=IFCPROPERTYENUMERATEDVALUE('Discipline',$,(IFCLABEL('STR')),$);
#2130=IFCPROPERTYSET('2mBgu6VfMVTbCvoJPz1iET',#6,'OPS_ActivityCodes',$,(#2128,#2129));
#2131=IFCRELDEFINESBYPROPERTIES('0n_p_KQ3SwTzE$54kLvxBa',#6,$,$,(#329),#2130);
#2132=IFCPROPERTYENUMERATEDVALUE('Tower',$,(IFCLABEL('B')),$);
#2133=IFCPROPERTYENUMERATEDVALUE('Discipline',$,(IFCLABEL('STR')),$);
#2134=IFCPROPERTYSET('2SeT0oszERwmpZsGHAoJNq',#6,'OPS_ActivityCodes',$,(#2132,#2133));
#2135=IFCRELDEFINESBYPROPERTIES('2XYEirrBAdTDGiCbo2aTKp',#6,$,$,(#331),#2134);
#2136=IFCPROPERTYENUMERATEDVALUE('Tower',$,(IFCLABEL('B')),$);
#2137=IFCPROPERTYENUMERATEDVALUE('Discipline',$,(IFCLABEL('STR')),$);
#2138=IFCPROPERTYSET('13sfJOn8_kwCz98bm5k4Vs',#6,'OPS_ActivityCodes',$,(#2136,#2137));
#2139=IFCRELDEFINESBYPROPERTIES('0MJM7oIKlRKQZHCbyAGm40',#6,$,$,(#333),#2138);
#2140=IFCPROPERTYENUMERATEDVALUE('Tower',$,(IFCLABEL('B')),$);
#2141=IFCPROPERTYENUMERATEDVALUE('Discipline',$,(IFCLABEL('STR')),$);
#2142=IFCPROPERTYSET('2jNjNErocPrnnTF0dg4KsK',#6,'OPS_ActivityCodes',$,(#2140,#2141));
#2143=IFCRELDEFINESBYPROPERTIES('3CAlJVu$rfz0bXYj2QiTDt',#6,$,$,(#335),#2142);
#2144=IFCPROPERTYENUMERATEDVALUE('Tower',$,(IFCLABEL('B')),$);
#2145=IFCPROPERTYENUMERATEDVALUE('Discipline',$,(IFCLABEL('STR')),$);
#2146=IFCPROPERTYSET('0oOKlZJjSrVzycjmFIWsJJ',#6,'OPS_ActivityCodes',$,(#2144,#2145));
#2147=IFCRELDEFINESBYPROPERTIES('2Mgq9bs60Ybm5JAhqNQ9lA',#6,$,$,(#337),#2146);
#2148=IFCPROPERTYENUMERATEDVALUE('Tower',$,(IFCLABEL('C')),$);
#2149=IFCPROPERTYENUMERATEDVALUE('Discipline',$,(IFCLABEL('STR')),$);
#2150=IFCPROPERTYSET('01XvOgstdcW7NFZyDNLHrm',#6,'OPS_ActivityCodes',$,(#2148,#2149));
#2151=IFCRELDEFINESBYPROPERTIES('0gMuvYYFuSw54B97NePm$t',#6,$,$,(#339),#2150);
#2152=IFCPROPERTYENUMERATEDVALUE('Tower',$,(IFCLABEL('C')),$);
#2153=IFCPROPERTYENUMERATEDVALUE('Discipline',$,(IFCLABEL('STR')),$);
#2154=IFCPROPERTYSET('3Xw$LzR4SZzGdcF3wgbz3G',#6,'OPS_ActivityCodes',$,(#2152,#2153));
#2155=IFCRELDEFINESBYPROPERTIES('27nVQrLilUXq5W7yM0tddN',#6,$,$,(#341),#2154);
#2156=IFCPROPERTYENUMERATEDVALUE('Tower',$,(IFCLABEL('C')),$);
#2157=IFCPROPERTYENUMERATEDVALUE('Discipline',$,(IFCLABEL('STR')),$);
#2158=IFCPROPERTYSET('069JNxi8tM$hXUE75R6SWs',#6,'OPS_ActivityCodes',$,(#2156,#2157));
#2159=IFCRELDEFINESBYPROPERTIES('2MeLYk5_05Bk7HdSBFgv6F',#6,$,$,(#343),#2158);
#2160=IFCPROPERTYENUMERATEDVALUE('Tower',$,(IFCLABEL('C')),$);
#2161=IFCPROPERTYENUMERATEDVALUE('Discipline',$,(IFCLABEL('STR')),$);
#2162=IFCPROPERTYSET('2itDZjIFYS5$sse_8e_S9S',#6,'OPS_ActivityCodes',$,(#2160,#2161));
#2163=IFCRELDEFINESBYPROPERTIES('11ZFF0bD9ot4XGU_PBcg9Z',#6,$,$,(#345),#2162);
#2164=IFCPROPERTYENUMERATEDVALUE('Tower',$,(IFCLABEL('C')),$);
#2165=IFCPROPERTYENUMERATEDVALUE('Discipline',$,(IFCLABEL('STR')),$);
#2166=IFCPROPERTYSET('2_i1a$FEtx8cb7SN8xk_Rz',#6,'OPS_ActivityCodes',$,(#2164,#2165));
#2167=IFCRELDEFINESBYPROPERTIES('2UAPqGzbG2N6AJU3QoIOf8',#6,$,$,(#347),#2166);
#2168=IFCPROPERTYENUMERATEDVALUE('Tower',$,(IFCLABEL('C')),$);
#2169=IFCPROPERTYENUMERATEDVALUE('Discipline',$,(IFCLABEL('STR')),$);
#2170=IFCPROPERTYSET('3h0UZIJ1XaLM3DIkVZjquq',#6,'OPS_ActivityCodes',$,(#2168,#2169));
#2171=IFCRELDEFINESBYPROPERTIES('1j2Z2VkX18YYeRzzxaFzEO',#6,$,$,(#349),#2170);
#2172=IFCPROPERTYENUMERATEDVALUE('Tower',$,(IFCLABEL('C')),$);
#2173=IFCPROPERTYENUMERATEDVALUE('Discipline',$,(IFCLABEL('STR')),$);
#2174=IFCPROPERTYSET('0hUYoyI0MBnXTQlzVdu3xW',#6,'OPS_ActivityCodes',$,(#2172,#2173));
#2175=IFCRELDEFINESBYPROPERTIES('31nKkcDZc5WQrFa3MszU8I',#6,$,$,(#351),#2174);
#2176=IFCPROPERTYENUMERATEDVALUE('Tower',$,(IFCLABEL('C')),$);
#2177=IFCPROPERTYENUMERATEDVALUE('Discipline',$,(IFCLABEL('STR')),$);
#2178=IFCPROPERTYSET('2L3ai0up$QnHggLirJvOfO',#6,'OPS_ActivityCodes',$,(#2176,#2177));
#2179=IFCRELDEFINESBYPROPERTIES('3R8mI56In9RwC_cMXEvJVH',#6,$,$,(#353),#2178);
#2180=IFCPROPERTYENUMERATEDVALUE('Tower',$,(IFCLABEL('C')),$);
#2181=IFCPROPERTYENUMERATEDVALUE('Discipline',$,(IFCLABEL('STR')),$);
#2182=IFCPROPERTYSET('3AZs4u99JYxn9PvCRoE6lw',#6,'OPS_ActivityCodes',$,(#2180,#2181));
#2183=IFCRELDEFINESBYPROPERTIES('0ALYyGV60vFY7XYMG0d0lO',#6,$,$,(#355),#2182);
#2184=IFCPROPERTYENUMERATEDVALUE('Tower',$,(IFCLABEL('C')),$);
#2185=IFCPROPERTYENUMERATEDVALUE('Discipline',$,(IFCLABEL('STR')),$);
#2186=IFCPROPERTYSET('2Ob2ZS0wVW7dVu$XLWRBtz',#6,'OPS_ActivityCodes',$,(#2184,#2185));
#2187=IFCRELDEFINESBYPROPERTIES('0VKRhXLqBPNCYDKNadEVtt',#6,$,$,(#357),#2186);
#2188=IFCPROPERTYENUMERATEDVALUE('Tower',$,(IFCLABEL('GEN')),$);
#2189=IFCPROPERTYENUMERATEDVALUE('Discipline',$,(IFCLABEL('STR')),$);
#2190=IFCPROPERTYSET('1L_fehPNj8mrLHkX$v2dDb',#6,'OPS_ActivityCodes',$,(#2188,#2189));
#2191=IFCRELDEFINESBYPROPERTIES('1KaMDbR26qOgOln5KV3nBw',#6,$,$,(#359),#2190);
#2192=IFCPROPERTYENUMERATEDVALUE('Tower',$,(IFCLABEL('GEN')),$);
#2193=IFCPROPERTYENUMERATEDVALUE('Discipline',$,(IFCLABEL('STR')),$);
#2194=IFCPROPERTYSET('0qQDcYwRcen_4pGrIw_a2E',#6,'OPS_ActivityCodes',$,(#2192,#2193));
#2195=IFCRELDEFINESBYPROPERTIES('1T9awxdQ_sfeKILxcY04KB',#6,$,$,(#361),#2194);
#2196=IFCPROPERTYENUMERATEDVALUE('Tower',$,(IFCLABEL('GEN')),$);
#2197=IFCPROPERTYENUMERATEDVALUE('Discipline',$,(IFCLABEL('MEP')),$);
#2198=IFCPROPERTYSET('1vPb4s8xdoSbIiUYhQtqLK',#6,'OPS_ActivityCodes',$,(#2196,#2197));
#2199=IFCRELDEFINESBYPROPERTIES('15CofGpOn$z2xjct9lY86r',#6,$,$,(#365),#2198);
#2200=IFCPROPERTYENUMERATEDVALUE('Tower',$,(IFCLABEL('GEN')),$);
#2201=IFCPROPERTYENUMERATEDVALUE('Discipline',$,(IFCLABEL('MEP')),$);
#2202=IFCPROPERTYSET('3KkICHooEOqiTMqF_COBld',#6,'OPS_ActivityCodes',$,(#2200,#2201));
#2203=IFCRELDEFINESBYPROPERTIES('0eT3T5E4gr5Jd4CEEHEZam',#6,$,$,(#367),#2202);
#2204=IFCPROPERTYENUMERATEDVALUE('Tower',$,(IFCLABEL('GEN')),$);
#2205=IFCPROPERTYENUMERATEDVALUE('Discipline',$,(IFCLABEL('MEP')),$);
#2206=IFCPROPERTYSET('2jYH_cYPqyqY1$RjUCRZip',#6,'OPS_ActivityCodes',$,(#2204,#2205));
#2207=IFCRELDEFINESBYPROPERTIES('3fJiV1w_Rba1CyZYcO0pIc',#6,$,$,(#369),#2206);
#2208=IFCPROPERTYENUMERATEDVALUE('Tower',$,(IFCLABEL('GEN')),$);
#2209=IFCPROPERTYENUMERATEDVALUE('Discipline',$,(IFCLABEL('MEP')),$);
#2210=IFCPROPERTYSET('1t5oaaLpqvg2CV6Y5fLKJg',#6,'OPS_ActivityCodes',$,(#2208,#2209));
#2211=IFCRELDEFINESBYPROPERTIES('2vXisiXbx9$6IIUUHO8kd4',#6,$,$,(#371),#2210);
#2212=IFCPROPERTYENUMERATEDVALUE('Tower',$,(IFCLABEL('A')),$);
#2213=IFCPROPERTYENUMERATEDVALUE('Discipline',$,(IFCLABEL('MEP')),$);
#2214=IFCPROPERTYSET('2t9o7Chx3TzwncWKXgmWgD',#6,'OPS_ActivityCodes',$,(#2212,#2213));
#2215=IFCRELDEFINESBYPROPERTIES('3N7ZCFkkhjW9uZEuy225Rd',#6,$,$,(#373),#2214);
#2216=IFCPROPERTYENUMERATEDVALUE('Tower',$,(IFCLABEL('A')),$);
#2217=IFCPROPERTYENUMERATEDVALUE('Discipline',$,(IFCLABEL('MEP')),$);
#2218=IFCPROPERTYSET('3SFAONyoWeFlBGGMlLzzi3',#6,'OPS_ActivityCodes',$,(#2216,#2217));
#2219=IFCRELDEFINESBYPROPERTIES('1qt23bn6KwMXx$0W0FeB1i',#6,$,$,(#375),#2218);
#2220=IFCPROPERTYENUMERATEDVALUE('Tower',$,(IFCLABEL('A')),$);
#2221=IFCPROPERTYENUMERATEDVALUE('Discipline',$,(IFCLABEL('MEP')),$);
#2222=IFCPROPERTYSET('3Ek4IdOdKz8whT$S7ANMKS',#6,'OPS_ActivityCodes',$,(#2220,#2221));
#2223=IFCRELDEFINESBYPROPERTIES('3qfHJQ4rQUYXRuO2AE8gFN',#6,$,$,(#377),#2222);
#2224=IFCPROPERTYENUMERATEDVALUE('Tower',$,(IFCLABEL('A')),$);
#2225=IFCPROPERTYENUMERATEDVALUE('Discipline',$,(IFCLABEL('MEP')),$);
#2226=IFCPROPERTYSET('2rVEeBLBH4hzKbFYi4p87Y',#6,'OPS_ActivityCodes',$,(#2224,#2225));
#2227=IFCRELDEFINESBYPROPERTIES('1LfdGzlurEhWfaHdorb23r',#6,$,$,(#379),#2226);
#2228=IFCPROPERTYENUMERATEDVALUE('Tower',$,(IFCLABEL('A')),$);
#2229=IFCPROPERTYENUMERATEDVALUE('Discipline',$,(IFCLABEL('MEP')),$);
#2230=IFCPROPERTYSET('0TR$FpudNiiUWYHzoJfZga',#6,'OPS_ActivityCodes',$,(#2228,#2229));
#2231=IFCRELDEFINESBYPROPERTIES('2WsOCfLe5vB8el77yB3a5K',#6,$,$,(#381),#2230);
#2232=IFCPROPERTYENUMERATEDVALUE('Tower',$,(IFCLABEL('A')),$);
#2233=IFCPROPERTYENUMERATEDVALUE('Discipline',$,(IFCLABEL('MEP')),$);
#2234=IFCPROPERTYSET('2BCkloW$K45BfbURXtKieR',#6,'OPS_ActivityCodes',$,(#2232,#2233));
#2235=IFCRELDEFINESBYPROPERTIES('0qhVMvTIXECA$hrTXZ2gJe',#6,$,$,(#383),#2234);
#2236=IFCPROPERTYENUMERATEDVALUE('Tower',$,(IFCLABEL('A')),$);
#2237=IFCPROPERTYENUMERATEDVALUE('Discipline',$,(IFCLABEL('MEP')),$);
#2238=IFCPROPERTYSET('1$ZQQSFioJ9fPONyztvHbF',#6,'OPS_ActivityCodes',$,(#2236,#2237));
#2239=IFCRELDEFINESBYPROPERTIES('2zpZYGnBalJFQVUbTzDNeE',#6,$,$,(#385),#2238);
#2240=IFCPROPERTYSINGLEVALUE('Critical delivery',$,IFCBOOLEAN(.T.),$);
#2241=IFCPROPERTYSET('3BdrHlUS0WWMdbeno8NDRo',#6,'OPS_CustomFields',$,(#2240));
#2242=IFCRELDEFINESBYPROPERTIES('2VjAfmEfKFS8jaYHU7T_Yk',#6,$,$,(#387),#2241);
#2243=IFCPROPERTYENUMERATEDVALUE('Tower',$,(IFCLABEL('A')),$);
#2244=IFCPROPERTYENUMERATEDVALUE('Discipline',$,(IFCLABEL('MEP')),$);
#2245=IFCPROPERTYSET('0IQdo047wgW_bl0IqoM4sq',#6,'OPS_ActivityCodes',$,(#2243,#2244));
#2246=IFCRELDEFINESBYPROPERTIES('2HNtNUewTvObAQaauzOJwU',#6,$,$,(#387),#2245);
#2247=IFCPROPERTYENUMERATEDVALUE('Tower',$,(IFCLABEL('A')),$);
#2248=IFCPROPERTYENUMERATEDVALUE('Discipline',$,(IFCLABEL('MEP')),$);
#2249=IFCPROPERTYSET('20Jlg$RODaPKvlx8TgZ_03',#6,'OPS_ActivityCodes',$,(#2247,#2248));
#2250=IFCRELDEFINESBYPROPERTIES('1EMszZyr4oPJFuSHTOeirn',#6,$,$,(#389),#2249);
#2251=IFCPROPERTYENUMERATEDVALUE('Tower',$,(IFCLABEL('B')),$);
#2252=IFCPROPERTYENUMERATEDVALUE('Discipline',$,(IFCLABEL('MEP')),$);
#2253=IFCPROPERTYSET('2Y_Jegq0$23eekpAw03AyS',#6,'OPS_ActivityCodes',$,(#2251,#2252));
#2254=IFCRELDEFINESBYPROPERTIES('3xsxQl32hG$dtIv$PiX4HV',#6,$,$,(#391),#2253);
#2255=IFCPROPERTYENUMERATEDVALUE('Tower',$,(IFCLABEL('B')),$);
#2256=IFCPROPERTYENUMERATEDVALUE('Discipline',$,(IFCLABEL('MEP')),$);
#2257=IFCPROPERTYSET('2hbsWhEdjbQOMdrsrozKJd',#6,'OPS_ActivityCodes',$,(#2255,#2256));
#2258=IFCRELDEFINESBYPROPERTIES('1CpXqYV0PfaWw4VOMWeKuP',#6,$,$,(#393),#2257);
#2259=IFCPROPERTYENUMERATEDVALUE('Tower',$,(IFCLABEL('B')),$);
#2260=IFCPROPERTYENUMERATEDVALUE('Discipline',$,(IFCLABEL('MEP')),$);
#2261=IFCPROPERTYSET('2fBFL1IVg5qut_QYu42jS5',#6,'OPS_ActivityCodes',$,(#2259,#2260));
#2262=IFCRELDEFINESBYPROPERTIES('3iAFBy1IMgs5dcP$B77AGS',#6,$,$,(#395),#2261);
#2263=IFCPROPERTYENUMERATEDVALUE('Tower',$,(IFCLABEL('B')),$);
#2264=IFCPROPERTYENUMERATEDVALUE('Discipline',$,(IFCLABEL('MEP')),$);
#2265=IFCPROPERTYSET('2Ih4R_XVHknE4Izd7IpjGg',#6,'OPS_ActivityCodes',$,(#2263,#2264));
#2266=IFCRELDEFINESBYPROPERTIES('0shle0zw8GMt_iYnhQi0t5',#6,$,$,(#397),#2265);
#2267=IFCPROPERTYENUMERATEDVALUE('Tower',$,(IFCLABEL('B')),$);
#2268=IFCPROPERTYENUMERATEDVALUE('Discipline',$,(IFCLABEL('MEP')),$);
#2269=IFCPROPERTYSET('2JrjHAyzHK5NfLjrOMCl_p',#6,'OPS_ActivityCodes',$,(#2267,#2268));
#2270=IFCRELDEFINESBYPROPERTIES('23cTQ_XEp13$N3$qsgGFqk',#6,$,$,(#399),#2269);
#2271=IFCPROPERTYENUMERATEDVALUE('Tower',$,(IFCLABEL('B')),$);
#2272=IFCPROPERTYENUMERATEDVALUE('Discipline',$,(IFCLABEL('MEP')),$);
#2273=IFCPROPERTYSET('1FoSzUyrPiPkHJVe6Lqmcy',#6,'OPS_ActivityCodes',$,(#2271,#2272));
#2274=IFCRELDEFINESBYPROPERTIES('2_Z5meC_N8HajE$5aNEhLy',#6,$,$,(#401),#2273);
#2275=IFCPROPERTYENUMERATEDVALUE('Tower',$,(IFCLABEL('B')),$);
#2276=IFCPROPERTYENUMERATEDVALUE('Discipline',$,(IFCLABEL('MEP')),$);
#2277=IFCPROPERTYSET('1zGMqi7hOSrF2dzQAHO2uE',#6,'OPS_ActivityCodes',$,(#2275,#2276));
#2278=IFCRELDEFINESBYPROPERTIES('1DWRDV_xYKx_lZdJD14ITC',#6,$,$,(#403),#2277);
#2279=IFCPROPERTYSINGLEVALUE('Critical delivery',$,IFCBOOLEAN(.T.),$);
#2280=IFCPROPERTYSET('1vGX4gJ8zKTz2EgpEzV3X_',#6,'OPS_CustomFields',$,(#2279));
#2281=IFCRELDEFINESBYPROPERTIES('0X_lCN$cFFjCXLC5cpFGfo',#6,$,$,(#405),#2280);
#2282=IFCPROPERTYENUMERATEDVALUE('Tower',$,(IFCLABEL('B')),$);
#2283=IFCPROPERTYENUMERATEDVALUE('Discipline',$,(IFCLABEL('MEP')),$);
#2284=IFCPROPERTYSET('1XlFRgk3ewDKJIkRZB13Ma',#6,'OPS_ActivityCodes',$,(#2282,#2283));
#2285=IFCRELDEFINESBYPROPERTIES('3m7wgbcGTUDITRYJgWOq6i',#6,$,$,(#405),#2284);
#2286=IFCPROPERTYENUMERATEDVALUE('Tower',$,(IFCLABEL('B')),$);
#2287=IFCPROPERTYENUMERATEDVALUE('Discipline',$,(IFCLABEL('MEP')),$);
#2288=IFCPROPERTYSET('1TTTy7vDJH$Y$J10lgz8AQ',#6,'OPS_ActivityCodes',$,(#2286,#2287));
#2289=IFCRELDEFINESBYPROPERTIES('1pmPOQiF3e0JZHufZ7vD_G',#6,$,$,(#407),#2288);
#2290=IFCPROPERTYENUMERATEDVALUE('Tower',$,(IFCLABEL('C')),$);
#2291=IFCPROPERTYENUMERATEDVALUE('Discipline',$,(IFCLABEL('MEP')),$);
#2292=IFCPROPERTYSET('0qIODmOJ1MnACtXJLmRTiI',#6,'OPS_ActivityCodes',$,(#2290,#2291));
#2293=IFCRELDEFINESBYPROPERTIES('10No7UWSWr6e5Q7qbs2fNp',#6,$,$,(#409),#2292);
#2294=IFCPROPERTYENUMERATEDVALUE('Tower',$,(IFCLABEL('C')),$);
#2295=IFCPROPERTYENUMERATEDVALUE('Discipline',$,(IFCLABEL('MEP')),$);
#2296=IFCPROPERTYSET('0t71MgIwiB6TwoQ39qns9a',#6,'OPS_ActivityCodes',$,(#2294,#2295));
#2297=IFCRELDEFINESBYPROPERTIES('0ZZtOvTiZ0uMF0M9nlYSg0',#6,$,$,(#411),#2296);
#2298=IFCPROPERTYENUMERATEDVALUE('Tower',$,(IFCLABEL('C')),$);
#2299=IFCPROPERTYENUMERATEDVALUE('Discipline',$,(IFCLABEL('MEP')),$);
#2300=IFCPROPERTYSET('17lBuDQlzwbZDjp4suCPav',#6,'OPS_ActivityCodes',$,(#2298,#2299));
#2301=IFCRELDEFINESBYPROPERTIES('3w$gADeP6Qazy_aETHH6XS',#6,$,$,(#413),#2300);
#2302=IFCPROPERTYENUMERATEDVALUE('Tower',$,(IFCLABEL('C')),$);
#2303=IFCPROPERTYENUMERATEDVALUE('Discipline',$,(IFCLABEL('MEP')),$);
#2304=IFCPROPERTYSET('0RhdAbovX04zuVk4r7Wd6j',#6,'OPS_ActivityCodes',$,(#2302,#2303));
#2305=IFCRELDEFINESBYPROPERTIES('0$f67X_czXoUxjxnqBTtvc',#6,$,$,(#415),#2304);
#2306=IFCPROPERTYENUMERATEDVALUE('Tower',$,(IFCLABEL('C')),$);
#2307=IFCPROPERTYENUMERATEDVALUE('Discipline',$,(IFCLABEL('MEP')),$);
#2308=IFCPROPERTYSET('1a59Gm4QMCheON6EGx85iz',#6,'OPS_ActivityCodes',$,(#2306,#2307));
#2309=IFCRELDEFINESBYPROPERTIES('0R2jDfmZpJAwM4tMazPlGa',#6,$,$,(#417),#2308);
#2310=IFCPROPERTYENUMERATEDVALUE('Tower',$,(IFCLABEL('C')),$);
#2311=IFCPROPERTYENUMERATEDVALUE('Discipline',$,(IFCLABEL('MEP')),$);
#2312=IFCPROPERTYSET('3k8shwgC4VIW_T6WzyE2cc',#6,'OPS_ActivityCodes',$,(#2310,#2311));
#2313=IFCRELDEFINESBYPROPERTIES('0KmT$dtveFmtbAhE$nCXX$',#6,$,$,(#419),#2312);
#2314=IFCPROPERTYENUMERATEDVALUE('Tower',$,(IFCLABEL('C')),$);
#2315=IFCPROPERTYENUMERATEDVALUE('Discipline',$,(IFCLABEL('MEP')),$);
#2316=IFCPROPERTYSET('2v9hB09oXgpQKdeB6j2kVd',#6,'OPS_ActivityCodes',$,(#2314,#2315));
#2317=IFCRELDEFINESBYPROPERTIES('3bteprySAj8sf$Wn9Rntyf',#6,$,$,(#421),#2316);
#2318=IFCPROPERTYSINGLEVALUE('Critical delivery',$,IFCBOOLEAN(.T.),$);
#2319=IFCPROPERTYSET('03uByhKsxobPGMrjQHChJ3',#6,'OPS_CustomFields',$,(#2318));
#2320=IFCRELDEFINESBYPROPERTIES('3kpz1fBXnLeMz1d5CiHr_n',#6,$,$,(#423),#2319);
#2321=IFCPROPERTYENUMERATEDVALUE('Tower',$,(IFCLABEL('C')),$);
#2322=IFCPROPERTYENUMERATEDVALUE('Discipline',$,(IFCLABEL('MEP')),$);
#2323=IFCPROPERTYSET('2nyH0wtvJD0F85FkibOjsK',#6,'OPS_ActivityCodes',$,(#2321,#2322));
#2324=IFCRELDEFINESBYPROPERTIES('166nDajOyuVsxMXqQBhft6',#6,$,$,(#423),#2323);
#2325=IFCPROPERTYENUMERATEDVALUE('Tower',$,(IFCLABEL('C')),$);
#2326=IFCPROPERTYENUMERATEDVALUE('Discipline',$,(IFCLABEL('MEP')),$);
#2327=IFCPROPERTYSET('3$CFpS1UyifHtpayQ3kGHo',#6,'OPS_ActivityCodes',$,(#2325,#2326));
#2328=IFCRELDEFINESBYPROPERTIES('1RRuiGdo0uu7nOFO_gVDhu',#6,$,$,(#425),#2327);
#2329=IFCPROPERTYENUMERATEDVALUE('Tower',$,(IFCLABEL('A')),$);
#2330=IFCPROPERTYENUMERATEDVALUE('Discipline',$,(IFCLABEL('FIT')),$);
#2331=IFCPROPERTYSET('1_ze7d0XrxQAfdJ91$48zx',#6,'OPS_ActivityCodes',$,(#2329,#2330));
#2332=IFCRELDEFINESBYPROPERTIES('18ftEopNypur9qWdNb1lGA',#6,$,$,(#429),#2331);
#2333=IFCPROPERTYENUMERATEDVALUE('Tower',$,(IFCLABEL('A')),$);
#2334=IFCPROPERTYENUMERATEDVALUE('Discipline',$,(IFCLABEL('FIT')),$);
#2335=IFCPROPERTYSET('0MC9xMcSm3njjKPtqGhjhu',#6,'OPS_ActivityCodes',$,(#2333,#2334));
#2336=IFCRELDEFINESBYPROPERTIES('0CZ5179Fnhr6z7tYcWCqsc',#6,$,$,(#431),#2335);
#2337=IFCPROPERTYENUMERATEDVALUE('Tower',$,(IFCLABEL('A')),$);
#2338=IFCPROPERTYENUMERATEDVALUE('Discipline',$,(IFCLABEL('FIT')),$);
#2339=IFCPROPERTYSET('09cnVy1w_1WqT32oP7elKY',#6,'OPS_ActivityCodes',$,(#2337,#2338));
#2340=IFCRELDEFINESBYPROPERTIES('00C5NBYNYbicBmAxBItxhI',#6,$,$,(#433),#2339);
#2341=IFCPROPERTYENUMERATEDVALUE('Tower',$,(IFCLABEL('A')),$);
#2342=IFCPROPERTYENUMERATEDVALUE('Discipline',$,(IFCLABEL('FIT')),$);
#2343=IFCPROPERTYSET('1bVOpMrmWWXwLmSwuxUNJC',#6,'OPS_ActivityCodes',$,(#2341,#2342));
#2344=IFCRELDEFINESBYPROPERTIES('1fYm7kQ1Oo60bSXLRVtejE',#6,$,$,(#435),#2343);
#2345=IFCPROPERTYENUMERATEDVALUE('Tower',$,(IFCLABEL('A')),$);
#2346=IFCPROPERTYENUMERATEDVALUE('Discipline',$,(IFCLABEL('FIT')),$);
#2347=IFCPROPERTYSET('255LW3F3r0WhzemuLPzvN4',#6,'OPS_ActivityCodes',$,(#2345,#2346));
#2348=IFCRELDEFINESBYPROPERTIES('3QOZgyOZVKjq8H4AmG7jKU',#6,$,$,(#437),#2347);
#2349=IFCPROPERTYENUMERATEDVALUE('Tower',$,(IFCLABEL('A')),$);
#2350=IFCPROPERTYENUMERATEDVALUE('Discipline',$,(IFCLABEL('FIT')),$);
#2351=IFCPROPERTYSET('3Xu_x$CeLU02sThDqHFBR0',#6,'OPS_ActivityCodes',$,(#2349,#2350));
#2352=IFCRELDEFINESBYPROPERTIES('12nRWF3spzWWX305N4L9iY',#6,$,$,(#439),#2351);
#2353=IFCPROPERTYENUMERATEDVALUE('Tower',$,(IFCLABEL('A')),$);
#2354=IFCPROPERTYENUMERATEDVALUE('Discipline',$,(IFCLABEL('FIT')),$);
#2355=IFCPROPERTYSET('0YsP7qVF7LVC1aGzD_u$HM',#6,'OPS_ActivityCodes',$,(#2353,#2354));
#2356=IFCRELDEFINESBYPROPERTIES('3W8h6y8yzRClGuIxPwbZIv',#6,$,$,(#441),#2355);
#2357=IFCPROPERTYENUMERATEDVALUE('Tower',$,(IFCLABEL('A')),$);
#2358=IFCPROPERTYENUMERATEDVALUE('Discipline',$,(IFCLABEL('FIT')),$);
#2359=IFCPROPERTYSET('18vGRdX0cGEtgDk0fPes9m',#6,'OPS_ActivityCodes',$,(#2357,#2358));
#2360=IFCRELDEFINESBYPROPERTIES('1as$svtsZqncjh5LHd2QiM',#6,$,$,(#443),#2359);
#2361=IFCPROPERTYENUMERATEDVALUE('Tower',$,(IFCLABEL('A')),$);
#2362=IFCPROPERTYENUMERATEDVALUE('Discipline',$,(IFCLABEL('FIT')),$);
#2363=IFCPROPERTYSET('2fIUdOgArfpD_ZdvnlEtaT',#6,'OPS_ActivityCodes',$,(#2361,#2362));
#2364=IFCRELDEFINESBYPROPERTIES('3xM2CBoOMITq4Fye3U9W4c',#6,$,$,(#445),#2363);
#2365=IFCPROPERTYENUMERATEDVALUE('Tower',$,(IFCLABEL('B')),$);
#2366=IFCPROPERTYENUMERATEDVALUE('Discipline',$,(IFCLABEL('FIT')),$);
#2367=IFCPROPERTYSET('3lXX$U81d9jHFIj5eA87PK',#6,'OPS_ActivityCodes',$,(#2365,#2366));
#2368=IFCRELDEFINESBYPROPERTIES('1mHwR6wDHt2GSHyhqpBkm8',#6,$,$,(#447),#2367);
#2369=IFCPROPERTYENUMERATEDVALUE('Tower',$,(IFCLABEL('B')),$);
#2370=IFCPROPERTYENUMERATEDVALUE('Discipline',$,(IFCLABEL('FIT')),$);
#2371=IFCPROPERTYSET('3GfOZott3zr81Sr5imfoZP',#6,'OPS_ActivityCodes',$,(#2369,#2370));
#2372=IFCRELDEFINESBYPROPERTIES('0F74v8HQEOZrzdWcVo2Yen',#6,$,$,(#449),#2371);
#2373=IFCPROPERTYENUMERATEDVALUE('Tower',$,(IFCLABEL('B')),$);
#2374=IFCPROPERTYENUMERATEDVALUE('Discipline',$,(IFCLABEL('FIT')),$);
#2375=IFCPROPERTYSET('0rvd1B4UeNlZlXPuQLpiZs',#6,'OPS_ActivityCodes',$,(#2373,#2374));
#2376=IFCRELDEFINESBYPROPERTIES('0DzQKiLYf2EBjX6mg$1V8d',#6,$,$,(#451),#2375);
#2377=IFCPROPERTYENUMERATEDVALUE('Tower',$,(IFCLABEL('B')),$);
#2378=IFCPROPERTYENUMERATEDVALUE('Discipline',$,(IFCLABEL('FIT')),$);
#2379=IFCPROPERTYSET('0eqn_aR7YN9wZq8H93AWKX',#6,'OPS_ActivityCodes',$,(#2377,#2378));
#2380=IFCRELDEFINESBYPROPERTIES('19S1OU0dG2$rvfqUWefxIs',#6,$,$,(#453),#2379);
#2381=IFCPROPERTYENUMERATEDVALUE('Tower',$,(IFCLABEL('B')),$);
#2382=IFCPROPERTYENUMERATEDVALUE('Discipline',$,(IFCLABEL('FIT')),$);
#2383=IFCPROPERTYSET('2en2lEpy7fCbo3l5L9kl9A',#6,'OPS_ActivityCodes',$,(#2381,#2382));
#2384=IFCRELDEFINESBYPROPERTIES('0eL2sj0Q2KKwk689tB97uB',#6,$,$,(#455),#2383);
#2385=IFCPROPERTYENUMERATEDVALUE('Tower',$,(IFCLABEL('B')),$);
#2386=IFCPROPERTYENUMERATEDVALUE('Discipline',$,(IFCLABEL('FIT')),$);
#2387=IFCPROPERTYSET('2uMsTsMdOJT9zjZHyDqFAE',#6,'OPS_ActivityCodes',$,(#2385,#2386));
#2388=IFCRELDEFINESBYPROPERTIES('2hI9mOmCnj_ne_T413jFTT',#6,$,$,(#457),#2387);
#2389=IFCPROPERTYENUMERATEDVALUE('Tower',$,(IFCLABEL('B')),$);
#2390=IFCPROPERTYENUMERATEDVALUE('Discipline',$,(IFCLABEL('FIT')),$);
#2391=IFCPROPERTYSET('2371BzHgMbQCNxPtWQmd4f',#6,'OPS_ActivityCodes',$,(#2389,#2390));
#2392=IFCRELDEFINESBYPROPERTIES('0s_c834MQcd03aIIXF7lDy',#6,$,$,(#459),#2391);
#2393=IFCPROPERTYENUMERATEDVALUE('Tower',$,(IFCLABEL('B')),$);
#2394=IFCPROPERTYENUMERATEDVALUE('Discipline',$,(IFCLABEL('FIT')),$);
#2395=IFCPROPERTYSET('33ZKbPVMDF0FXA71Rg4mNy',#6,'OPS_ActivityCodes',$,(#2393,#2394));
#2396=IFCRELDEFINESBYPROPERTIES('0hgCDzpjhrsNJBy2M3hrHB',#6,$,$,(#461),#2395);
#2397=IFCPROPERTYENUMERATEDVALUE('Tower',$,(IFCLABEL('B')),$);
#2398=IFCPROPERTYENUMERATEDVALUE('Discipline',$,(IFCLABEL('FIT')),$);
#2399=IFCPROPERTYSET('1rJ0oMq9MFecPnT5r5gZ3V',#6,'OPS_ActivityCodes',$,(#2397,#2398));
#2400=IFCRELDEFINESBYPROPERTIES('3pgtSGMgYU3MdxNA_fB0Dk',#6,$,$,(#463),#2399);
#2401=IFCPROPERTYENUMERATEDVALUE('Tower',$,(IFCLABEL('C')),$);
#2402=IFCPROPERTYENUMERATEDVALUE('Discipline',$,(IFCLABEL('FIT')),$);
#2403=IFCPROPERTYSET('23dDmIHKX0SBpeVZNgzLOb',#6,'OPS_ActivityCodes',$,(#2401,#2402));
#2404=IFCRELDEFINESBYPROPERTIES('0eDkCL0tPA56qMiqfuLblr',#6,$,$,(#465),#2403);
#2405=IFCPROPERTYENUMERATEDVALUE('Tower',$,(IFCLABEL('C')),$);
#2406=IFCPROPERTYENUMERATEDVALUE('Discipline',$,(IFCLABEL('FIT')),$);
#2407=IFCPROPERTYSET('0JyuQXfrZt4ucBLF2YXYP9',#6,'OPS_ActivityCodes',$,(#2405,#2406));
#2408=IFCRELDEFINESBYPROPERTIES('1k0R5L5ySv8RkzeETzA0gg',#6,$,$,(#467),#2407);
#2409=IFCPROPERTYENUMERATEDVALUE('Tower',$,(IFCLABEL('C')),$);
#2410=IFCPROPERTYENUMERATEDVALUE('Discipline',$,(IFCLABEL('FIT')),$);
#2411=IFCPROPERTYSET('3R9HHzaj5qJaR$szezTkGu',#6,'OPS_ActivityCodes',$,(#2409,#2410));
#2412=IFCRELDEFINESBYPROPERTIES('2aUDfUoEicevvVaa7iDKRQ',#6,$,$,(#469),#2411);
#2413=IFCPROPERTYENUMERATEDVALUE('Tower',$,(IFCLABEL('C')),$);
#2414=IFCPROPERTYENUMERATEDVALUE('Discipline',$,(IFCLABEL('FIT')),$);
#2415=IFCPROPERTYSET('28BPdqQDrlPKwzVemBOaCp',#6,'OPS_ActivityCodes',$,(#2413,#2414));
#2416=IFCRELDEFINESBYPROPERTIES('1Eg$wwVVzGgo66vS6IbYUG',#6,$,$,(#471),#2415);
#2417=IFCPROPERTYENUMERATEDVALUE('Tower',$,(IFCLABEL('C')),$);
#2418=IFCPROPERTYENUMERATEDVALUE('Discipline',$,(IFCLABEL('FIT')),$);
#2419=IFCPROPERTYSET('3gApn3uXjsuaWTduK_4TIN',#6,'OPS_ActivityCodes',$,(#2417,#2418));
#2420=IFCRELDEFINESBYPROPERTIES('2cQhlbrEby_VQq7fv5VIEh',#6,$,$,(#473),#2419);
#2421=IFCPROPERTYENUMERATEDVALUE('Tower',$,(IFCLABEL('C')),$);
#2422=IFCPROPERTYENUMERATEDVALUE('Discipline',$,(IFCLABEL('FIT')),$);
#2423=IFCPROPERTYSET('1937yFXm72MpiOgv3nB8TZ',#6,'OPS_ActivityCodes',$,(#2421,#2422));
#2424=IFCRELDEFINESBYPROPERTIES('1i3X20jSnNVAl_zbIBy45d',#6,$,$,(#475),#2423);
#2425=IFCPROPERTYENUMERATEDVALUE('Tower',$,(IFCLABEL('C')),$);
#2426=IFCPROPERTYENUMERATEDVALUE('Discipline',$,(IFCLABEL('FIT')),$);
#2427=IFCPROPERTYSET('2cNgRYRYOqARlLai_f0m5c',#6,'OPS_ActivityCodes',$,(#2425,#2426));
#2428=IFCRELDEFINESBYPROPERTIES('02ZVJyT0zQ6F2PFCuLnZC7',#6,$,$,(#477),#2427);
#2429=IFCPROPERTYENUMERATEDVALUE('Tower',$,(IFCLABEL('C')),$);
#2430=IFCPROPERTYENUMERATEDVALUE('Discipline',$,(IFCLABEL('FIT')),$);
#2431=IFCPROPERTYSET('03giIqWA$SF_Gdys5uV797',#6,'OPS_ActivityCodes',$,(#2429,#2430));
#2432=IFCRELDEFINESBYPROPERTIES('0BJp7I0lt5Sc6z9PF35Mb4',#6,$,$,(#479),#2431);
#2433=IFCPROPERTYENUMERATEDVALUE('Tower',$,(IFCLABEL('C')),$);
#2434=IFCPROPERTYENUMERATEDVALUE('Discipline',$,(IFCLABEL('FIT')),$);
#2435=IFCPROPERTYSET('28QiQBnEOnr8iw$Nwepxg8',#6,'OPS_ActivityCodes',$,(#2433,#2434));
#2436=IFCRELDEFINESBYPROPERTIES('1XyGmwve613V8JxIRinHlp',#6,$,$,(#481),#2435);
#2437=IFCPROPERTYENUMERATEDVALUE('Tower',$,(IFCLABEL('GEN')),$);
#2438=IFCPROPERTYENUMERATEDVALUE('Discipline',$,(IFCLABEL('FIT')),$);
#2439=IFCPROPERTYSET('3B8Z$GgXopm2vnE1wJ1lQp',#6,'OPS_ActivityCodes',$,(#2437,#2438));
#2440=IFCRELDEFINESBYPROPERTIES('2t7q1kDhPd$5foZRWd1ws1',#6,$,$,(#483),#2439);
#2441=IFCPROPERTYENUMERATEDVALUE('Tower',$,(IFCLABEL('GEN')),$);
#2442=IFCPROPERTYENUMERATEDVALUE('Discipline',$,(IFCLABEL('FIT')),$);
#2443=IFCPROPERTYSET('3bbgI70im_Ql6wrL9ZvYYJ',#6,'OPS_ActivityCodes',$,(#2441,#2442));
#2444=IFCRELDEFINESBYPROPERTIES('2xSyDuk9OiB6N4bqdLkMgP',#6,$,$,(#485),#2443);
#2445=IFCPROPERTYENUMERATEDVALUE('Tower',$,(IFCLABEL('GEN')),$);
#2446=IFCPROPERTYENUMERATEDVALUE('Discipline',$,(IFCLABEL('FIT')),$);
#2447=IFCPROPERTYSET('1KUd7Lm$KoA19sUMAdmJRo',#6,'OPS_ActivityCodes',$,(#2445,#2446));
#2448=IFCRELDEFINESBYPROPERTIES('1PmM5jY1USTwxK1E9mT5rt',#6,$,$,(#487),#2447);
#2449=IFCPROPERTYENUMERATEDVALUE('Tower',$,(IFCLABEL('GEN')),$);
#2450=IFCPROPERTYENUMERATEDVALUE('Discipline',$,(IFCLABEL('FIT')),$);
#2451=IFCPROPERTYSET('0d0uuJz$ubGZwS4YR61UTM',#6,'OPS_ActivityCodes',$,(#2449,#2450));
#2452=IFCRELDEFINESBYPROPERTIES('0wFZzY9w8Za0DcMyrFh5Mv',#6,$,$,(#489),#2451);
#2453=IFCPROPERTYENUMERATEDVALUE('Tower',$,(IFCLABEL('GEN')),$);
#2454=IFCPROPERTYENUMERATEDVALUE('Discipline',$,(IFCLABEL('FIT')),$);
#2455=IFCPROPERTYSET('0Qq8LnAMeHz5mYdY_zvRpy',#6,'OPS_ActivityCodes',$,(#2453,#2454));
#2456=IFCRELDEFINESBYPROPERTIES('0EbiV_LoIM3MynkRXN8xaJ',#6,$,$,(#491),#2455);
#2457=IFCPROPERTYENUMERATEDVALUE('Tower',$,(IFCLABEL('GEN')),$);
#2458=IFCPROPERTYENUMERATEDVALUE('Discipline',$,(IFCLABEL('FIT')),$);
#2459=IFCPROPERTYSET('0K3yslXiCMaqvrcyWCAzu6',#6,'OPS_ActivityCodes',$,(#2457,#2458));
#2460=IFCRELDEFINESBYPROPERTIES('1iuzaaq4WHaRHwrJ4k6jXe',#6,$,$,(#493),#2459);
#2461=IFCPROPERTYENUMERATEDVALUE('Tower',$,(IFCLABEL('GEN')),$);
#2462=IFCPROPERTYENUMERATEDVALUE('Discipline',$,(IFCLABEL('FIT')),$);
#2463=IFCPROPERTYSET('2Y$oIGt4k8th0R0MVdrmxI',#6,'OPS_ActivityCodes',$,(#2461,#2462));
#2464=IFCRELDEFINESBYPROPERTIES('2avAfAv$gZMCu1iZaIe9yJ',#6,$,$,(#495),#2463);
#2465=IFCPROPERTYENUMERATEDVALUE('Tower',$,(IFCLABEL('GEN')),$);
#2466=IFCPROPERTYENUMERATEDVALUE('Discipline',$,(IFCLABEL('CIV')),$);
#2467=IFCPROPERTYSET('0COM0tXVYASR0R8_tKkUTa',#6,'OPS_ActivityCodes',$,(#2465,#2466));
#2468=IFCRELDEFINESBYPROPERTIES('0FkjjGkSA9tv1$LnGmoK97',#6,$,$,(#497),#2467);
#2469=IFCPROPERTYENUMERATEDVALUE('Tower',$,(IFCLABEL('GEN')),$);
#2470=IFCPROPERTYENUMERATEDVALUE('Discipline',$,(IFCLABEL('CIV')),$);
#2471=IFCPROPERTYSET('3j0ZdgddTBQ_D_2RzYM0wV',#6,'OPS_ActivityCodes',$,(#2469,#2470));
#2472=IFCRELDEFINESBYPROPERTIES('3fwgr9T8vu1kMg$2Y13kJG',#6,$,$,(#499),#2471);
#2473=IFCPROPERTYENUMERATEDVALUE('Tower',$,(IFCLABEL('GEN')),$);
#2474=IFCPROPERTYENUMERATEDVALUE('Discipline',$,(IFCLABEL('MEP')),$);
#2475=IFCPROPERTYSET('1F3n0IdOoWWBIS5Z72pint',#6,'OPS_ActivityCodes',$,(#2473,#2474));
#2476=IFCRELDEFINESBYPROPERTIES('2qgEd34qLzQdpvT4Su1p75',#6,$,$,(#501),#2475);
#2477=IFCPROPERTYENUMERATEDVALUE('Tower',$,(IFCLABEL('GEN')),$);
#2478=IFCPROPERTYENUMERATEDVALUE('Discipline',$,(IFCLABEL('MEP')),$);
#2479=IFCPROPERTYSET('3g3yggApIApyvIr8IeDEXd',#6,'OPS_ActivityCodes',$,(#2477,#2478));
#2480=IFCRELDEFINESBYPROPERTIES('15zttszHQ0ponl_RXO4KFv',#6,$,$,(#503),#2479);
#2481=IFCPROPERTYENUMERATEDVALUE('Tower',$,(IFCLABEL('GEN')),$);
#2482=IFCPROPERTYENUMERATEDVALUE('Discipline',$,(IFCLABEL('MEP')),$);
#2483=IFCPROPERTYSET('35fuIXz_b0BbHefc9C_7$p',#6,'OPS_ActivityCodes',$,(#2481,#2482));
#2484=IFCRELDEFINESBYPROPERTIES('1Ca2CbNTDSBmnLTJTJbRsf',#6,$,$,(#505),#2483);
#2485=IFCPROPERTYENUMERATEDVALUE('Tower',$,(IFCLABEL('GEN')),$);
#2486=IFCPROPERTYENUMERATEDVALUE('Discipline',$,(IFCLABEL('MEP')),$);
#2487=IFCPROPERTYSET('1eG2czf3KEIg7wnRtrgy4h',#6,'OPS_ActivityCodes',$,(#2485,#2486));
#2488=IFCRELDEFINESBYPROPERTIES('2ZfSspP1rTelpXQ6VTb86W',#6,$,$,(#507),#2487);
#2489=IFCPROPERTYENUMERATEDVALUE('Tower',$,(IFCLABEL('GEN')),$);
#2490=IFCPROPERTYENUMERATEDVALUE('Discipline',$,(IFCLABEL('MEP')),$);
#2491=IFCPROPERTYSET('1eG1JugGkmhlYvuYY8rnNj',#6,'OPS_ActivityCodes',$,(#2489,#2490));
#2492=IFCRELDEFINESBYPROPERTIES('018KJv9YrwPt74tYbikbug',#6,$,$,(#509),#2491);
#2493=IFCPROPERTYENUMERATEDVALUE('Tower',$,(IFCLABEL('GEN')),$);
#2494=IFCPROPERTYENUMERATEDVALUE('Discipline',$,(IFCLABEL('MEP')),$);
#2495=IFCPROPERTYSET('1aqrzvsqT0uVjhGlRVu1mY',#6,'OPS_ActivityCodes',$,(#2493,#2494));
#2496=IFCRELDEFINESBYPROPERTIES('17IXibhHw7umckT4DFG8Kq',#6,$,$,(#511),#2495);
#2497=IFCPROPERTYENUMERATEDVALUE('Tower',$,(IFCLABEL('GEN')),$);
#2498=IFCPROPERTYENUMERATEDVALUE('Discipline',$,(IFCLABEL('FIT')),$);
#2499=IFCPROPERTYSET('1LW7U3rA_6gUWz2g$oPGAV',#6,'OPS_ActivityCodes',$,(#2497,#2498));
#2500=IFCRELDEFINESBYPROPERTIES('3Pg8zJNOAbccL8okHeqhYf',#6,$,$,(#513),#2499);
#2501=IFCPROPERTYENUMERATEDVALUE('Tower',$,(IFCLABEL('GEN')),$);
#2502=IFCPROPERTYENUMERATEDVALUE('Discipline',$,(IFCLABEL('MEP')),$);
#2503=IFCPROPERTYSET('3J69XV9fO6O3BxT0aqf_mM',#6,'OPS_ActivityCodes',$,(#2501,#2502));
#2504=IFCRELDEFINESBYPROPERTIES('3FZly9ER41TugUhWC0$pB3',#6,$,$,(#515),#2503);
#2505=IFCPROPERTYENUMERATEDVALUE('Tower',$,(IFCLABEL('GEN')),$);
#2506=IFCPROPERTYENUMERATEDVALUE('Discipline',$,(IFCLABEL('MEP')),$);
#2507=IFCPROPERTYSET('2eNcoMULPHSkMEuu73UyBI',#6,'OPS_ActivityCodes',$,(#2505,#2506));
#2508=IFCRELDEFINESBYPROPERTIES('1sppwm4W3pn6793p4hxl3C',#6,$,$,(#517),#2507);
#2509=IFCPROPERTYENUMERATEDVALUE('Tower',$,(IFCLABEL('GEN')),$);
#2510=IFCPROPERTYENUMERATEDVALUE('Discipline',$,(IFCLABEL('MEP')),$);
#2511=IFCPROPERTYSET('2T0zyKRsDduKz8mn7siIRz',#6,'OPS_ActivityCodes',$,(#2509,#2510));
#2512=IFCRELDEFINESBYPROPERTIES('01OUy5Ge4n0bsDhcrVZgC3',#6,$,$,(#519),#2511);
#2513=IFCPROPERTYENUMERATEDVALUE('Tower',$,(IFCLABEL('GEN')),$);
#2514=IFCPROPERTYENUMERATEDVALUE('Discipline',$,(IFCLABEL('CIV')),$);
#2515=IFCPROPERTYSET('27AWPBLcYJEmvgizP412GI',#6,'OPS_ActivityCodes',$,(#2513,#2514));
#2516=IFCRELDEFINESBYPROPERTIES('1SvzIXmai367_veYxxB4dz',#6,$,$,(#521),#2515);
#2517=IFCPROPERTYENUMERATEDVALUE('Tower',$,(IFCLABEL('GEN')),$);
#2518=IFCPROPERTYENUMERATEDVALUE('Discipline',$,(IFCLABEL('CIV')),$);
#2519=IFCPROPERTYSET('1yQtRQWmHIYx5I8fXb4bSR',#6,'OPS_ActivityCodes',$,(#2517,#2518));
#2520=IFCRELDEFINESBYPROPERTIES('2nO2a9e1aJiIFEmIwyn7Ky',#6,$,$,(#523),#2519);
#2521=IFCPROPERTYENUMERATEDVALUE('Tower',$,(IFCLABEL('GEN')),$);
#2522=IFCPROPERTYENUMERATEDVALUE('Discipline',$,(IFCLABEL('CIV')),$);
#2523=IFCPROPERTYSET('33LBc71S_rOFiHUa103knc',#6,'OPS_ActivityCodes',$,(#2521,#2522));
#2524=IFCRELDEFINESBYPROPERTIES('1W4bVc1DL6fICs3kCsyKy7',#6,$,$,(#525),#2523);
#2525=IFCPROPERTYENUMERATEDVALUE('Tower',$,(IFCLABEL('GEN')),$);
#2526=IFCPROPERTYENUMERATEDVALUE('Discipline',$,(IFCLABEL('CIV')),$);
#2527=IFCPROPERTYSET('1_oQP5_i3zSmFqVdmqYYUl',#6,'OPS_ActivityCodes',$,(#2525,#2526));
#2528=IFCRELDEFINESBYPROPERTIES('2THfMQRw69KohtV69oq4J1',#6,$,$,(#527),#2527);
#2529=IFCPROPERTYENUMERATEDVALUE('Tower',$,(IFCLABEL('GEN')),$);
#2530=IFCPROPERTYENUMERATEDVALUE('Discipline',$,(IFCLABEL('CIV')),$);
#2531=IFCPROPERTYSET('297eTy_stI$WN6kExUK_q9',#6,'OPS_ActivityCodes',$,(#2529,#2530));
#2532=IFCRELDEFINESBYPROPERTIES('31lwLZtWdi5eP6l3orbUZh',#6,$,$,(#529),#2531);
#2533=IFCPROPERTYENUMERATEDVALUE('Tower',$,(IFCLABEL('GEN')),$);
#2534=IFCPROPERTYENUMERATEDVALUE('Discipline',$,(IFCLABEL('CIV')),$);
#2535=IFCPROPERTYSET('0PdALR53FOSm140IKRxoll',#6,'OPS_ActivityCodes',$,(#2533,#2534));
#2536=IFCRELDEFINESBYPROPERTIES('1RgQxKJWcHL6CoRvcbSgRS',#6,$,$,(#531),#2535);
#2537=IFCPROPERTYENUMERATEDVALUE('Tower',$,(IFCLABEL('GEN')),$);
#2538=IFCPROPERTYENUMERATEDVALUE('Discipline',$,(IFCLABEL('CIV')),$);
#2539=IFCPROPERTYSET('3dW7bORMrV1XSA01K8tgMe',#6,'OPS_ActivityCodes',$,(#2537,#2538));
#2540=IFCRELDEFINESBYPROPERTIES('3yolp0B9fMnSA8guP7iMl1',#6,$,$,(#533),#2539);
#2541=IFCPROPERTYENUMERATEDVALUE('Tower',$,(IFCLABEL('GEN')),$);
#2542=IFCPROPERTYENUMERATEDVALUE('Discipline',$,(IFCLABEL('CIV')),$);
#2543=IFCPROPERTYSET('2SZFZRrgwFsyabAVWh9Qti',#6,'OPS_ActivityCodes',$,(#2541,#2542));
#2544=IFCRELDEFINESBYPROPERTIES('2yF3K2SwEsT$PLjZ3geQVX',#6,$,$,(#535),#2543);
#2545=IFCPROPERTYENUMERATEDVALUE('Tower',$,(IFCLABEL('GEN')),$);
#2546=IFCPROPERTYENUMERATEDVALUE('Discipline',$,(IFCLABEL('CIV')),$);
#2547=IFCPROPERTYSET('1c4_BMBnLhUtdHBlcjJLKh',#6,'OPS_ActivityCodes',$,(#2545,#2546));
#2548=IFCRELDEFINESBYPROPERTIES('0ThE2BE7N2rX04B4MqJTVw',#6,$,$,(#537),#2547);
#2549=IFCPROPERTYENUMERATEDVALUE('Tower',$,(IFCLABEL('GEN')),$);
#2550=IFCPROPERTYENUMERATEDVALUE('Discipline',$,(IFCLABEL('CIV')),$);
#2551=IFCPROPERTYSET('0QGootJiFW50hKIhGwYMcl',#6,'OPS_ActivityCodes',$,(#2549,#2550));
#2552=IFCRELDEFINESBYPROPERTIES('2L2PjdA9J9BGivJaBnYBcg',#6,$,$,(#539),#2551);
#2553=IFCPROPERTYENUMERATEDVALUE('Tower',$,(IFCLABEL('GEN')),$);
#2554=IFCPROPERTYENUMERATEDVALUE('Discipline',$,(IFCLABEL('CIV')),$);
#2555=IFCPROPERTYSET('02g3Omvxluyp5g_tr8reem',#6,'OPS_ActivityCodes',$,(#2553,#2554));
#2556=IFCRELDEFINESBYPROPERTIES('3hp_Q8v1Wo3m_9T77vm6KK',#6,$,$,(#541),#2555);
#2557=IFCPROPERTYENUMERATEDVALUE('Tower',$,(IFCLABEL('GEN')),$);
#2558=IFCPROPERTYENUMERATEDVALUE('Discipline',$,(IFCLABEL('FIT')),$);
#2559=IFCPROPERTYSET('3GPDAQ8wNKnoVvAjzU$Oha',#6,'OPS_ActivityCodes',$,(#2557,#2558));
#2560=IFCRELDEFINESBYPROPERTIES('0Bff$ipTbHIPMBptUL95H4',#6,$,$,(#543),#2559);
#2561=IFCPROPERTYENUMERATEDVALUE('Tower',$,(IFCLABEL('A')),$);
#2562=IFCPROPERTYENUMERATEDVALUE('Discipline',$,(IFCLABEL('FIT')),$);
#2563=IFCPROPERTYSET('0l_Y8hE$eZzhEzdwz2aIVS',#6,'OPS_ActivityCodes',$,(#2561,#2562));
#2564=IFCRELDEFINESBYPROPERTIES('1o8nb2tvNILcL4OcT$cDEH',#6,$,$,(#545),#2563);
#2565=IFCPROPERTYENUMERATEDVALUE('Tower',$,(IFCLABEL('B')),$);
#2566=IFCPROPERTYENUMERATEDVALUE('Discipline',$,(IFCLABEL('FIT')),$);
#2567=IFCPROPERTYSET('0g920bI_rNDUX7JdlvztWU',#6,'OPS_ActivityCodes',$,(#2565,#2566));
#2568=IFCRELDEFINESBYPROPERTIES('0Ua8hQy4kNdIYKpABLy3pf',#6,$,$,(#547),#2567);
#2569=IFCPROPERTYENUMERATEDVALUE('Tower',$,(IFCLABEL('C')),$);
#2570=IFCPROPERTYENUMERATEDVALUE('Discipline',$,(IFCLABEL('FIT')),$);
#2571=IFCPROPERTYSET('0XbMkB3f46WYEyqxJFWZwY',#6,'OPS_ActivityCodes',$,(#2569,#2570));
#2572=IFCRELDEFINESBYPROPERTIES('1LztcYPELtTGrNYINzw90r',#6,$,$,(#549),#2571);
#2573=IFCPROPERTYENUMERATEDVALUE('Tower',$,(IFCLABEL('GEN')),$);
#2574=IFCPROPERTYENUMERATEDVALUE('Discipline',$,(IFCLABEL('FIT')),$);
#2575=IFCPROPERTYSET('1wXuFCMTt$Lx1fRK_MN23R',#6,'OPS_ActivityCodes',$,(#2573,#2574));
#2576=IFCRELDEFINESBYPROPERTIES('39ya3zdjoYX0owoIhZrV97',#6,$,$,(#551),#2575);
#2577=IFCPROPERTYENUMERATEDVALUE('Tower',$,(IFCLABEL('GEN')),$);
#2578=IFCPROPERTYENUMERATEDVALUE('Discipline',$,(IFCLABEL('FIT')),$);
#2579=IFCPROPERTYSET('3rF3fE_VTZVmszUU$7JLN3',#6,'OPS_ActivityCodes',$,(#2577,#2578));
#2580=IFCRELDEFINESBYPROPERTIES('3qYEQerV5sQAZZ7oM_X7E8',#6,$,$,(#553),#2579);
#2581=IFCPROPERTYENUMERATEDVALUE('Tower',$,(IFCLABEL('GEN')),$);
#2582=IFCPROPERTYENUMERATEDVALUE('Discipline',$,(IFCLABEL('FIT')),$);
#2583=IFCPROPERTYSET('1rOVQHxd7ECdcKE9dRonbB',#6,'OPS_ActivityCodes',$,(#2581,#2582));
#2584=IFCRELDEFINESBYPROPERTIES('3otcvPtVrvVXCbxg9W1e9C',#6,$,$,(#555),#2583);
#2585=IFCPROPERTYENUMERATEDVALUE('Tower',$,(IFCLABEL('GEN')),$);
#2586=IFCPROPERTYENUMERATEDVALUE('Discipline',$,(IFCLABEL('FIT')),$);
#2587=IFCPROPERTYSET('3lEYnZ1rbGAT2zG4RA_K0_',#6,'OPS_ActivityCodes',$,(#2585,#2586));
#2588=IFCRELDEFINESBYPROPERTIES('2jBJjiZryrS8oCaU7VtrQm',#6,$,$,(#557),#2587);
#2589=IFCPROPERTYENUMERATEDVALUE('Tower',$,(IFCLABEL('GEN')),$);
#2590=IFCPROPERTYENUMERATEDVALUE('Discipline',$,(IFCLABEL('FIT')),$);
#2591=IFCPROPERTYSET('3kVU$jSq0rnjl8SNV8Wiuk',#6,'OPS_ActivityCodes',$,(#2589,#2590));
#2592=IFCRELDEFINESBYPROPERTIES('244BanrUI9q$ruqGr1Cs6S',#6,$,$,(#559),#2591);
#2593=IFCPROPERTYENUMERATEDVALUE('Tower',$,(IFCLABEL('GEN')),$);
#2594=IFCPROPERTYENUMERATEDVALUE('Discipline',$,(IFCLABEL('FIT')),$);
#2595=IFCPROPERTYSET('31vGYMRLRfAdmRf7tyRI0P',#6,'OPS_ActivityCodes',$,(#2593,#2594));
#2596=IFCRELDEFINESBYPROPERTIES('0NV_vevUClCVHbfnfrPG3T',#6,$,$,(#561),#2595);
#2597=IFCPROPERTYENUMERATEDVALUE('Tower',$,(IFCLABEL('GEN')),$);
#2598=IFCPROPERTYENUMERATEDVALUE('Discipline',$,(IFCLABEL('CIV')),$);
#2599=IFCPROPERTYSET('3h_VRifSnDN_Vrs0KWJJD1',#6,'OPS_ActivityCodes',$,(#2597,#2598));
#2600=IFCRELDEFINESBYPROPERTIES('2sfjXYp6d3f26FPVf6dd7C',#6,$,$,(#563),#2599);
#2601=IFCPROPERTYSINGLEVALUE('InternalTaskId',$,IFCTEXT('task-mula7wrdegki362'),$);
#2602=IFCPROPERTYSET('3oO2UD7hJwjqk_Fdc7vvNg',#6,'OPS_TaskIdentity',$,(#2601));
#2603=IFCRELDEFINESBYPROPERTIES('3wenmG8SV5YxWZTEbOB7Rc',#6,$,$,(#45),#2602);
#2604=IFCPROPERTYSINGLEVALUE('InternalTaskId',$,IFCTEXT('task-mula7wrfe8hh363'),$);
#2605=IFCPROPERTYSET('2xlPDnN_s8AAHjyQJg6KjZ',#6,'OPS_TaskIdentity',$,(#2604));
#2606=IFCRELDEFINESBYPROPERTIES('3KszIXv60quPn1YWM49O7w',#6,$,$,(#47),#2605);
#2607=IFCPROPERTYSINGLEVALUE('InternalTaskId',$,IFCTEXT('task-mula7wrkocww364'),$);
#2608=IFCPROPERTYSET('0aTrMbt465r2stz_D$iqOY',#6,'OPS_TaskIdentity',$,(#2607));
#2609=IFCRELDEFINESBYPROPERTIES('2uLRWJm16kxtD4j3doTLd8',#6,$,$,(#49),#2608);
#2610=IFCPROPERTYSINGLEVALUE('InternalTaskId',$,IFCTEXT('task-mula7wrqk39s365'),$);
#2611=IFCPROPERTYSET('30yDD7NzITtjTLjlbseF$u',#6,'OPS_TaskIdentity',$,(#2610));
#2612=IFCRELDEFINESBYPROPERTIES('2zibO_nreb2dUAraWs7F0E',#6,$,$,(#51),#2611);
#2613=IFCPROPERTYSINGLEVALUE('InternalTaskId',$,IFCTEXT('task-mula7wrwmysc366'),$);
#2614=IFCPROPERTYSET('2siSMaRfrvIlcOxGfZE9k8',#6,'OPS_TaskIdentity',$,(#2613));
#2615=IFCRELDEFINESBYPROPERTIES('08JECBLvAFoHKREmQtbXwB',#6,$,$,(#53),#2614);
#2616=IFCPROPERTYSINGLEVALUE('InternalTaskId',$,IFCTEXT('task-mula7ws19vjm367'),$);
#2617=IFCPROPERTYSET('3pVxBmolzt6LblZ6CATj1q',#6,'OPS_TaskIdentity',$,(#2616));
#2618=IFCRELDEFINESBYPROPERTIES('0Y9$ooD20TZNFM0ZkZHr3v',#6,$,$,(#55),#2617);
#2619=IFCPROPERTYSINGLEVALUE('InternalTaskId',$,IFCTEXT('task-mula7ws691qv368'),$);
#2620=IFCPROPERTYSET('17je3ihWfXlnJ9Hij$haYe',#6,'OPS_TaskIdentity',$,(#2619));
#2621=IFCRELDEFINESBYPROPERTIES('26AXm6fbMOow_ukR4m5Zaz',#6,$,$,(#57),#2620);
#2622=IFCPROPERTYSINGLEVALUE('InternalTaskId',$,IFCTEXT('task-mula7wsb8z05369'),$);
#2623=IFCPROPERTYSET('16O0NcxjNd2gz1bp_Pa7MZ',#6,'OPS_TaskIdentity',$,(#2622));
#2624=IFCRELDEFINESBYPROPERTIES('2ao3J6YkGvYTPAkWS7KgQW',#6,$,$,(#59),#2623);
#2625=IFCPROPERTYSINGLEVALUE('InternalTaskId',$,IFCTEXT('task-mula7wsgcdv5370'),$);
#2626=IFCPROPERTYSET('3$1sQO$_GZAeEa13S1KINM',#6,'OPS_TaskIdentity',$,(#2625));
#2627=IFCRELDEFINESBYPROPERTIES('3hMRwUMRnVf69IEKAJ8ACf',#6,$,$,(#61),#2626);
#2628=IFCPROPERTYSINGLEVALUE('InternalTaskId',$,IFCTEXT('task-mula7wsmsjud371'),$);
#2629=IFCPROPERTYSET('1lbEmvXtsmUpj8dfSnkT09',#6,'OPS_TaskIdentity',$,(#2628));
#2630=IFCRELDEFINESBYPROPERTIES('00GPrCEvwXcv_dG6Srj9S0',#6,$,$,(#63),#2629);
#2631=IFCPROPERTYSINGLEVALUE('InternalTaskId',$,IFCTEXT('task-mula7wsqpd9y372'),$);
#2632=IFCPROPERTYSET('0TB91MtAGEjoxrEfmOnI3G',#6,'OPS_TaskIdentity',$,(#2631));
#2633=IFCRELDEFINESBYPROPERTIES('32xYwpqGd$T2VKRJb3fjJ_',#6,$,$,(#65),#2632);
#2634=IFCPROPERTYSINGLEVALUE('InternalTaskId',$,IFCTEXT('task-mula7wsvkrff373'),$);
#2635=IFCPROPERTYSET('37k0Ngx9ziVlDxt5YPyd0Z',#6,'OPS_TaskIdentity',$,(#2634));
#2636=IFCRELDEFINESBYPROPERTIES('2_P5a9k_SG5ylRbMJLrMKE',#6,$,$,(#67),#2635);
#2637=IFCPROPERTYSINGLEVALUE('InternalTaskId',$,IFCTEXT('task-mula7wt1dtor374'),$);
#2638=IFCPROPERTYSET('2uM7KdCh0wzxmzOWO1P1ju',#6,'OPS_TaskIdentity',$,(#2637));
#2639=IFCRELDEFINESBYPROPERTIES('0XYYQR_mUq5rAsYfTN5gUr',#6,$,$,(#69),#2638);
#2640=IFCPROPERTYSINGLEVALUE('InternalTaskId',$,IFCTEXT('task-mula7wt7ny45375'),$);
#2641=IFCPROPERTYSET('3o9OyvpDh4ChJcifLWnwQh',#6,'OPS_TaskIdentity',$,(#2640));
#2642=IFCRELDEFINESBYPROPERTIES('3JR2VZuzDTSi$IjHHCUGzo',#6,$,$,(#71),#2641);
#2643=IFCPROPERTYSINGLEVALUE('InternalTaskId',$,IFCTEXT('task-mula7wtd8eh4376'),$);
#2644=IFCPROPERTYSET('3voGN7IbOn9ANUSwpKlQB9',#6,'OPS_TaskIdentity',$,(#2643));
#2645=IFCRELDEFINESBYPROPERTIES('0YJBOPSfVnGmFGlCZkrJWO',#6,$,$,(#73),#2644);
#2646=IFCPROPERTYSINGLEVALUE('InternalTaskId',$,IFCTEXT('task-mula7wtlp87c377'),$);
#2647=IFCPROPERTYSET('3hpYqr7U9YSC7UxJGJHioh',#6,'OPS_TaskIdentity',$,(#2646));
#2648=IFCRELDEFINESBYPROPERTIES('0ysl4Zwg9Cbgz8PnagZH0V',#6,$,$,(#75),#2647);
#2649=IFCPROPERTYSINGLEVALUE('InternalTaskId',$,IFCTEXT('task-mula7wtrwjkl378'),$);
#2650=IFCPROPERTYSET('0Z2Sbj8GM46Gq6K_UwINTq',#6,'OPS_TaskIdentity',$,(#2649));
#2651=IFCRELDEFINESBYPROPERTIES('31B2fVtny06rJ4JrSnIV3L',#6,$,$,(#77),#2650);
#2652=IFCPROPERTYSINGLEVALUE('InternalTaskId',$,IFCTEXT('task-mula7wtyttek379'),$);
#2653=IFCPROPERTYSET('386nkLkhFrpi3c5_odbnqL',#6,'OPS_TaskIdentity',$,(#2652));
#2654=IFCRELDEFINESBYPROPERTIES('3pxcVsYBOnaHjAhmtqsgi5',#6,$,$,(#79),#2653);
#2655=IFCPROPERTYSINGLEVALUE('InternalTaskId',$,IFCTEXT('task-mula7wu5o9to380'),$);
#2656=IFCPROPERTYSET('3tNiPlS7APrWVf6UNvvsw7',#6,'OPS_TaskIdentity',$,(#2655));
#2657=IFCRELDEFINESBYPROPERTIES('1oTqXzZIyo9PBOSnivC0BQ',#6,$,$,(#81),#2656);
#2658=IFCPROPERTYSINGLEVALUE('InternalTaskId',$,IFCTEXT('task-mula7wubyvaf381'),$);
#2659=IFCPROPERTYSET('3mYsnp6$9lSGcJXAiu4wNz',#6,'OPS_TaskIdentity',$,(#2658));
#2660=IFCRELDEFINESBYPROPERTIES('0tiBxLvnoYU7eTwaoYaEaf',#6,$,$,(#83),#2659);
#2661=IFCPROPERTYSINGLEVALUE('InternalTaskId',$,IFCTEXT('task-mula7wuh2u9o382'),$);
#2662=IFCPROPERTYSET('3ifpPVtqMrurewO_2DVFiw',#6,'OPS_TaskIdentity',$,(#2661));
#2663=IFCRELDEFINESBYPROPERTIES('2iLhMCZG0shghrN_4BOEcW',#6,$,$,(#85),#2662);
#2664=IFCPROPERTYSINGLEVALUE('InternalTaskId',$,IFCTEXT('task-mula7wuo13vk383'),$);
#2665=IFCPROPERTYSET('0c1a03ARKBo4Ml0m2us5$A',#6,'OPS_TaskIdentity',$,(#2664));
#2666=IFCRELDEFINESBYPROPERTIES('35pKnzDVGkYnW$wzPSDrSh',#6,$,$,(#87),#2665);
#2667=IFCPROPERTYSINGLEVALUE('InternalTaskId',$,IFCTEXT('task-mula7wuvssy5384'),$);
#2668=IFCPROPERTYSET('0ClhCg2IF6CU7e1hPJ83uj',#6,'OPS_TaskIdentity',$,(#2667));
#2669=IFCRELDEFINESBYPROPERTIES('1MuFwQf6ujtkOBR4YmtdgW',#6,$,$,(#89),#2668);
#2670=IFCPROPERTYSINGLEVALUE('InternalTaskId',$,IFCTEXT('task-mula7wv2f34t385'),$);
#2671=IFCPROPERTYSET('2uqvpdUV5c3o6PRnPmrZVw',#6,'OPS_TaskIdentity',$,(#2670));
#2672=IFCRELDEFINESBYPROPERTIES('01oids2Ked1LLvQ2b6$m3t',#6,$,$,(#91),#2671);
#2673=IFCPROPERTYSINGLEVALUE('InternalTaskId',$,IFCTEXT('task-mula7wv90gjg386'),$);
#2674=IFCPROPERTYSET('3VkLyEIM1yz_fmua_JlzCO',#6,'OPS_TaskIdentity',$,(#2673));
#2675=IFCRELDEFINESBYPROPERTIES('250BDEzVMYyeXXydyTOYbQ',#6,$,$,(#93),#2674);
#2676=IFCPROPERTYSINGLEVALUE('InternalTaskId',$,IFCTEXT('task-mula7wvgv3q2387'),$);
#2677=IFCPROPERTYSET('2drl7pU7Zk7p6WD566L6iv',#6,'OPS_TaskIdentity',$,(#2676));
#2678=IFCRELDEFINESBYPROPERTIES('2eu_cE$SzgjHfsyAfdCS8A',#6,$,$,(#95),#2677);
#2679=IFCPROPERTYSINGLEVALUE('InternalTaskId',$,IFCTEXT('task-mula7wvnsxbf388'),$);
#2680=IFCPROPERTYSET('3lE2MirZFh0sbPBvMJ4js3',#6,'OPS_TaskIdentity',$,(#2679));
#2681=IFCRELDEFINESBYPROPERTIES('2a6vx4xoOWO6fQXO5kSXS2',#6,$,$,(#97),#2680);
#2682=IFCPROPERTYSINGLEVALUE('InternalTaskId',$,IFCTEXT('task-mula7wvuesoo389'),$);
#2683=IFCPROPERTYSET('2Pq4PIr7MOMfPgHiYHWcwp',#6,'OPS_TaskIdentity',$,(#2682));
#2684=IFCRELDEFINESBYPROPERTIES('2taRn03N3SvCaPQB3IsCYg',#6,$,$,(#99),#2683);
#2685=IFCPROPERTYSINGLEVALUE('InternalTaskId',$,IFCTEXT('task-mula7ww049dp390'),$);
#2686=IFCPROPERTYSET('0WUS9E8LDzdoJ$F9temeLP',#6,'OPS_TaskIdentity',$,(#2685));
#2687=IFCRELDEFINESBYPROPERTIES('3m1gEyhjIuXEI0tHdK0Ymf',#6,$,$,(#101),#2686);
#2688=IFCPROPERTYSINGLEVALUE('InternalTaskId',$,IFCTEXT('task-mula7ww70oly391'),$);
#2689=IFCPROPERTYSET('2lbAuNSVz8g78rkOmc7kjI',#6,'OPS_TaskIdentity',$,(#2688));
#2690=IFCRELDEFINESBYPROPERTIES('3knGFjhEH0pF5dWECRhJe1',#6,$,$,(#103),#2689);
#2691=IFCPROPERTYSINGLEVALUE('InternalTaskId',$,IFCTEXT('task-mula7wwfbaz6392'),$);
#2692=IFCPROPERTYSET('2EBBm4aUHFvtoUWCI9ELwv',#6,'OPS_TaskIdentity',$,(#2691));
#2693=IFCRELDEFINESBYPROPERTIES('3_lufJWRX3K6Hdgn5m7Ppe',#6,$,$,(#105),#2692);
#2694=IFCPROPERTYSINGLEVALUE('InternalTaskId',$,IFCTEXT('task-mula7wwmwhka393'),$);
#2695=IFCPROPERTYSET('0tKU61MM8roDNSu$ka4mSJ',#6,'OPS_TaskIdentity',$,(#2694));
#2696=IFCRELDEFINESBYPROPERTIES('3WDHUhC9HABEl2wO1$N0Ux',#6,$,$,(#107),#2695);
#2697=IFCPROPERTYSINGLEVALUE('InternalTaskId',$,IFCTEXT('task-mula7wwtr4r0394'),$);
#2698=IFCPROPERTYSET('2oxv3IhofZ2_7hS2AauIZG',#6,'OPS_TaskIdentity',$,(#2697));
#2699=IFCRELDEFINESBYPROPERTIES('3halyUYwQnrHY10ZsdzmjK',#6,$,$,(#109),#2698);
#2700=IFCPROPERTYSINGLEVALUE('InternalTaskId',$,IFCTEXT('task-mula7wx0s3zq395'),$);
#2701=IFCPROPERTYSET('1yjwqxMT_uU34URGXzO$6Z',#6,'OPS_TaskIdentity',$,(#2700));
#2702=IFCRELDEFINESBYPROPERTIES('2liS95ig_4JL$1lS7JkEms',#6,$,$,(#111),#2701);
#2703=IFCPROPERTYSINGLEVALUE('InternalTaskId',$,IFCTEXT('task-mula7wx70go9396'),$);
#2704=IFCPROPERTYSET('0HSaeVhage4NdjylD8xxy5',#6,'OPS_TaskIdentity',$,(#2703));
#2705=IFCRELDEFINESBYPROPERTIES('1OmZacQbsOm6NrTxX5zCBR',#6,$,$,(#113),#2704);
#2706=IFCPROPERTYSINGLEVALUE('InternalTaskId',$,IFCTEXT('task-mula7wxem24b397'),$);
#2707=IFCPROPERTYSET('0ZIw9T2EihD5rda_$uxBc4',#6,'OPS_TaskIdentity',$,(#2706));
#2708=IFCRELDEFINESBYPROPERTIES('0VDWLSN6h4Aa8c0d29UVVR',#6,$,$,(#115),#2707);
#2709=IFCPROPERTYSINGLEVALUE('InternalTaskId',$,IFCTEXT('task-mula7wxgy6sg398'),$);
#2710=IFCPROPERTYSET('3_tuXj0I7YrhVapN9O6V36',#6,'OPS_TaskIdentity',$,(#2709));
#2711=IFCRELDEFINESBYPROPERTIES('065OAQiNmejpV85iIcIYmj',#6,$,$,(#117),#2710);
#2712=IFCPROPERTYSINGLEVALUE('InternalTaskId',$,IFCTEXT('task-mula7wxnn49o399'),$);
#2713=IFCPROPERTYSET('25op_usWbqtgtL9KwoNL47',#6,'OPS_TaskIdentity',$,(#2712));
#2714=IFCRELDEFINESBYPROPERTIES('2EW6wCdVCxKPho7$Onaeh5',#6,$,$,(#119),#2713);
#2715=IFCPROPERTYSINGLEVALUE('InternalTaskId',$,IFCTEXT('task-mula7wxvyyki400'),$);
#2716=IFCPROPERTYSET('0Y9nGxX5w_V4UK$V9oZ1bk',#6,'OPS_TaskIdentity',$,(#2715));
#2717=IFCRELDEFINESBYPROPERTIES('3hRDHezyFG9ceHTUQMP3MI',#6,$,$,(#121),#2716);
#2718=IFCPROPERTYSINGLEVALUE('InternalTaskId',$,IFCTEXT('task-mula7wy2qb26401'),$);
#2719=IFCPROPERTYSET('0uPW7$13Pr$QQT1bTSlmST',#6,'OPS_TaskIdentity',$,(#2718));
#2720=IFCRELDEFINESBYPROPERTIES('1QF8w7O61oJfcEekXv4rLo',#6,$,$,(#123),#2719);
#2721=IFCPROPERTYSINGLEVALUE('InternalTaskId',$,IFCTEXT('task-mula7wya9mzj402'),$);
#2722=IFCPROPERTYSET('2W2DkaKDz4Toec94wJqsaO',#6,'OPS_TaskIdentity',$,(#2721));
#2723=IFCRELDEFINESBYPROPERTIES('34gGJg0wb6ZtO6bRgA1VXt',#6,$,$,(#125),#2722);
#2724=IFCPROPERTYSINGLEVALUE('InternalTaskId',$,IFCTEXT('task-mula7wyhuukc403'),$);
#2725=IFCPROPERTYSET('2c8zMixrgdncH2$inmbw1k',#6,'OPS_TaskIdentity',$,(#2724));
#2726=IFCRELDEFINESBYPROPERTIES('0NTvU6k0bQcHfalPtBwO_7',#6,$,$,(#127),#2725);
#2727=IFCPROPERTYSINGLEVALUE('InternalTaskId',$,IFCTEXT('task-mula7wyovlzr404'),$);
#2728=IFCPROPERTYSET('3m4pLhaRfWpIfLMMFtebtS',#6,'OPS_TaskIdentity',$,(#2727));
#2729=IFCRELDEFINESBYPROPERTIES('1siA_2a7MvGG1YGPTELQyd',#6,$,$,(#129),#2728);
#2730=IFCPROPERTYSINGLEVALUE('InternalTaskId',$,IFCTEXT('task-mula7wywt4m9405'),$);
#2731=IFCPROPERTYSET('3oRNPU6vJr45NfSY2SVRix',#6,'OPS_TaskIdentity',$,(#2730));
#2732=IFCRELDEFINESBYPROPERTIES('171wd58OQ5z5p$pV7_oOe2',#6,$,$,(#131),#2731);
#2733=IFCPROPERTYSINGLEVALUE('InternalTaskId',$,IFCTEXT('task-mula7wz3gmap406'),$);
#2734=IFCPROPERTYSET('0J4aBXO_P356kzocOGLjJp',#6,'OPS_TaskIdentity',$,(#2733));
#2735=IFCRELDEFINESBYPROPERTIES('0CEuX5PMAUlQA9f6pm_P5U',#6,$,$,(#133),#2734);
#2736=IFCPROPERTYSINGLEVALUE('InternalTaskId',$,IFCTEXT('task-mula7wza6w3l407'),$);
#2737=IFCPROPERTYSET('1hwn2SGD0biIYcNpbe4U3O',#6,'OPS_TaskIdentity',$,(#2736));
#2738=IFCRELDEFINESBYPROPERTIES('19YEttd$vApW8BDe4da4CP',#6,$,$,(#135),#2737);
#2739=IFCPROPERTYSINGLEVALUE('InternalTaskId',$,IFCTEXT('task-mula7wzhmf7u408'),$);
#2740=IFCPROPERTYSET('1wp54PHeqw3_W62NS8Dgmp',#6,'OPS_TaskIdentity',$,(#2739));
#2741=IFCRELDEFINESBYPROPERTIES('3JAsxo1Q496jZTmRpQS96z',#6,$,$,(#137),#2740);
#2742=IFCPROPERTYSINGLEVALUE('InternalTaskId',$,IFCTEXT('task-mula7wzorwvo409'),$);
#2743=IFCPROPERTYSET('2k$yYNfMSTEEctmAvpNQyJ',#6,'OPS_TaskIdentity',$,(#2742));
#2744=IFCRELDEFINESBYPROPERTIES('2Uzl665Dy_XwpEpfx1Q6cm',#6,$,$,(#139),#2743);
#2745=IFCPROPERTYSINGLEVALUE('InternalTaskId',$,IFCTEXT('task-mula7wzvpvc6410'),$);
#2746=IFCPROPERTYSET('2rXhaGCqdY4yS8YC8BPw_M',#6,'OPS_TaskIdentity',$,(#2745));
#2747=IFCRELDEFINESBYPROPERTIES('3K2DgYMVHXpyyopTcvgZ6q',#6,$,$,(#141),#2746);
#2748=IFCPROPERTYSINGLEVALUE('InternalTaskId',$,IFCTEXT('task-mula7x03up0o411'),$);
#2749=IFCPROPERTYSET('2T0Qf_Wkq$roVH8iK_CWnJ',#6,'OPS_TaskIdentity',$,(#2748));
#2750=IFCRELDEFINESBYPROPERTIES('00HJ4GHdGaJJNHw1xVqS0K',#6,$,$,(#143),#2749);
#2751=IFCPROPERTYSINGLEVALUE('InternalTaskId',$,IFCTEXT('task-mula7x0amdqp412'),$);
#2752=IFCPROPERTYSET('2iUJ9vOVHoAOuqH3r77CTv',#6,'OPS_TaskIdentity',$,(#2751));
#2753=IFCRELDEFINESBYPROPERTIES('1LdNDckEdNXhT4fqh4BrzX',#6,$,$,(#145),#2752);
#2754=IFCPROPERTYSINGLEVALUE('InternalTaskId',$,IFCTEXT('task-mula7x0imbq1413'),$);
#2755=IFCPROPERTYSET('29uNncjvvgzo5S$rhX3Qkt',#6,'OPS_TaskIdentity',$,(#2754));
#2756=IFCRELDEFINESBYPROPERTIES('2$V_8CGpQHTl3K87NCpxMm',#6,$,$,(#147),#2755);
#2757=IFCPROPERTYSINGLEVALUE('InternalTaskId',$,IFCTEXT('task-mula7x0pwslz414'),$);
#2758=IFCPROPERTYSET('1jB9fSeviCnqvO$REBLYwU',#6,'OPS_TaskIdentity',$,(#2757));
#2759=IFCRELDEFINESBYPROPERTIES('3cRWf_nypk2d0fOO4L6plq',#6,$,$,(#149),#2758);
#2760=IFCPROPERTYSINGLEVALUE('InternalTaskId',$,IFCTEXT('task-mula7x0w7c1o415'),$);
#2761=IFCPROPERTYSET('0wpBeLKLX5LEkyh6X170ie',#6,'OPS_TaskIdentity',$,(#2760));
#2762=IFCRELDEFINESBYPROPERTIES('3QlxG48$tCCP3_kQleVUfe',#6,$,$,(#151),#2761);
#2763=IFCPROPERTYSINGLEVALUE('InternalTaskId',$,IFCTEXT('task-mula7x132v4v416'),$);
#2764=IFCPROPERTYSET('2qJ4mHbbPb5b8w1vmsww7d',#6,'OPS_TaskIdentity',$,(#2763));
#2765=IFCRELDEFINESBYPROPERTIES('16nVu5ez7uAS060ps$TqAF',#6,$,$,(#153),#2764);
#2766=IFCPROPERTYSINGLEVALUE('InternalTaskId',$,IFCTEXT('task-mula7x1ax0l1417'),$);
#2767=IFCPROPERTYSET('1ZdNDpbDe3JRQruCFxzUvy',#6,'OPS_TaskIdentity',$,(#2766));
#2768=IFCRELDEFINESBYPROPERTIES('0T1Bhk7y9TIGpsOxlhwRLq',#6,$,$,(#155),#2767);
#2769=IFCPROPERTYSINGLEVALUE('InternalTaskId',$,IFCTEXT('task-mula7x1hpxgn418'),$);
#2770=IFCPROPERTYSET('11KpKt5GUYzYzFd1UA3hqC',#6,'OPS_TaskIdentity',$,(#2769));
#2771=IFCRELDEFINESBYPROPERTIES('2NUQh7yf6u3t0AZomUtN2f',#6,$,$,(#157),#2770);
#2772=IFCPROPERTYSINGLEVALUE('InternalTaskId',$,IFCTEXT('task-mula7x1njv18419'),$);
#2773=IFCPROPERTYSET('3YKxNB5MCNBk6_mEUIZVl7',#6,'OPS_TaskIdentity',$,(#2772));
#2774=IFCRELDEFINESBYPROPERTIES('3RKHqiMBdMKpBNE3vvlzqU',#6,$,$,(#159),#2773);
#2775=IFCPROPERTYSINGLEVALUE('InternalTaskId',$,IFCTEXT('task-mula7x1uq662420'),$);
#2776=IFCPROPERTYSET('30a3F$A2Cpe0GSF$GVL4H9',#6,'OPS_TaskIdentity',$,(#2775));
#2777=IFCRELDEFINESBYPROPERTIES('2DSC0cnQjOztZ0Q5PqxOr6',#6,$,$,(#161),#2776);
#2778=IFCPROPERTYSINGLEVALUE('InternalTaskId',$,IFCTEXT('task-mula7x22lcyp421'),$);
#2779=IFCPROPERTYSET('3855bNBZUtVW7eKIm0vJiF',#6,'OPS_TaskIdentity',$,(#2778));
#2780=IFCRELDEFINESBYPROPERTIES('0JvjuJTN6BV4if819Y6bfs',#6,$,$,(#163),#2779);
#2781=IFCPROPERTYSINGLEVALUE('InternalTaskId',$,IFCTEXT('task-mula7x2ajph9422'),$);
#2782=IFCPROPERTYSET('2D6xQh5maUI15aL$BACi88',#6,'OPS_TaskIdentity',$,(#2781));
#2783=IFCRELDEFINESBYPROPERTIES('38LcM7CL2xyzJhfnJqgapU',#6,$,$,(#165),#2782);
#2784=IFCPROPERTYSINGLEVALUE('InternalTaskId',$,IFCTEXT('task-mula7x2hitci423'),$);
#2785=IFCPROPERTYSET('2R8b$sDYDxWpW88$ryqa7f',#6,'OPS_TaskIdentity',$,(#2784));
#2786=IFCRELDEFINESBYPROPERTIES('3MgDDGTb5St3$8DMUr1oVA',#6,$,$,(#167),#2785);
#2787=IFCPROPERTYSINGLEVALUE('InternalTaskId',$,IFCTEXT('task-mula7x2owl6x424'),$);
#2788=IFCPROPERTYSET('22eF2u599NOCyyQDdsQ3bU',#6,'OPS_TaskIdentity',$,(#2787));
#2789=IFCRELDEFINESBYPROPERTIES('16etOq4jaiu5VVFojJau2X',#6,$,$,(#169),#2788);
#2790=IFCPROPERTYSINGLEVALUE('InternalTaskId',$,IFCTEXT('task-mula7x2wqzfz425'),$);
#2791=IFCPROPERTYSET('1w3IBgvtSEYx7B$ZcmDxo_',#6,'OPS_TaskIdentity',$,(#2790));
#2792=IFCRELDEFINESBYPROPERTIES('3cWtsIGwE0pnf3nAphXH3u',#6,$,$,(#171),#2791);
#2793=IFCPROPERTYSINGLEVALUE('InternalTaskId',$,IFCTEXT('task-mula7x33wxbg426'),$);
#2794=IFCPROPERTYSET('0GxtDRjhm73VEjeu9tb$vE',#6,'OPS_TaskIdentity',$,(#2793));
#2795=IFCRELDEFINESBYPROPERTIES('223TuRm3HECUOMmb7_lmrW',#6,$,$,(#173),#2794);
#2796=IFCPROPERTYSINGLEVALUE('InternalTaskId',$,IFCTEXT('task-mula7x3anr68427'),$);
#2797=IFCPROPERTYSET('1hbmI0gnq6pF9p32PGLPCP',#6,'OPS_TaskIdentity',$,(#2796));
#2798=IFCRELDEFINESBYPROPERTIES('3t1D2ruQHhNCLiCiDLqjrF',#6,$,$,(#175),#2797);
#2799=IFCPROPERTYSINGLEVALUE('InternalTaskId',$,IFCTEXT('task-mula7x3hb6sg428'),$);
#2800=IFCPROPERTYSET('2PywkzvdzUcCpFVY9B4BUY',#6,'OPS_TaskIdentity',$,(#2799));
#2801=IFCRELDEFINESBYPROPERTIES('2RLRYRDpoiV4dGnWfsxQ5R',#6,$,$,(#177),#2800);
#2802=IFCPROPERTYSINGLEVALUE('InternalTaskId',$,IFCTEXT('task-mula7x3pzg8k429'),$);
#2803=IFCPROPERTYSET('2ZuFFwxkqQ2fm4eEHkgz75',#6,'OPS_TaskIdentity',$,(#2802));
#2804=IFCRELDEFINESBYPROPERTIES('3avEeukw9hbKXK1I1zOjQx',#6,$,$,(#179),#2803);
#2805=IFCPROPERTYSINGLEVALUE('InternalTaskId',$,IFCTEXT('task-mula7x3x9vq1430'),$);
#2806=IFCPROPERTYSET('1x1cWn_qOwtlVAR4KKUAI4',#6,'OPS_TaskIdentity',$,(#2805));
#2807=IFCRELDEFINESBYPROPERTIES('1RvmywpC1QM67UTMbtx1On',#6,$,$,(#181),#2806);
#2808=IFCPROPERTYSINGLEVALUE('InternalTaskId',$,IFCTEXT('task-mula7x449b0c431'),$);
#2809=IFCPROPERTYSET('2$nkS0iEtQWeXAand9bZl_',#6,'OPS_TaskIdentity',$,(#2808));
#2810=IFCRELDEFINESBYPROPERTIES('0ORdlE36D9idPBtVYvuprg',#6,$,$,(#183),#2809);
#2811=IFCPROPERTYSINGLEVALUE('InternalTaskId',$,IFCTEXT('task-mula7x4b0lh4432'),$);
#2812=IFCPROPERTYSET('0GZ3Sl0rxelvkOUsuXjOtK',#6,'OPS_TaskIdentity',$,(#2811));
#2813=IFCRELDEFINESBYPROPERTIES('07AbgYdf3EsnM5cbbDACTk',#6,$,$,(#185),#2812);
#2814=IFCPROPERTYSINGLEVALUE('InternalTaskId',$,IFCTEXT('task-mula7x4j2k0v433'),$);
#2815=IFCPROPERTYSET('0I5mdW0JJ4JzTfHUrlVDn4',#6,'OPS_TaskIdentity',$,(#2814));
#2816=IFCRELDEFINESBYPROPERTIES('2FyMOJ484Ho1hGpFiw2UNe',#6,$,$,(#187),#2815);
#2817=IFCPROPERTYSINGLEVALUE('InternalTaskId',$,IFCTEXT('task-mula7x4qz7eq434'),$);
#2818=IFCPROPERTYSET('2aj15ZmjENQGne1GOeNbO1',#6,'OPS_TaskIdentity',$,(#2817));
#2819=IFCRELDEFINESBYPROPERTIES('1umc4FQjpGZMKWWrmtQrjc',#6,$,$,(#189),#2818);
#2820=IFCPROPERTYSINGLEVALUE('InternalTaskId',$,IFCTEXT('task-mula7x4y9rux435'),$);
#2821=IFCPROPERTYSET('2h4Ztt0srr8hq5Kjow05$0',#6,'OPS_TaskIdentity',$,(#2820));
#2822=IFCRELDEFINESBYPROPERTIES('1SARGzQBN6g$8eFWC9zKsr',#6,$,$,(#191),#2821);
#2823=IFCPROPERTYSINGLEVALUE('InternalTaskId',$,IFCTEXT('task-mula7x56bydh436'),$);
#2824=IFCPROPERTYSET('2U7qyyDYZzEL_HjBou7BtM',#6,'OPS_TaskIdentity',$,(#2823));
#2825=IFCRELDEFINESBYPROPERTIES('0OOfpX9X72Qm_wRhzz6uV8',#6,$,$,(#193),#2824);
#2826=IFCPROPERTYSINGLEVALUE('InternalTaskId',$,IFCTEXT('task-mula7x5e8vjg437'),$);
#2827=IFCPROPERTYSET('0VGgrNpEQmJTfbMcAX_UbC',#6,'OPS_TaskIdentity',$,(#2826));
#2828=IFCRELDEFINESBYPROPERTIES('2Atlf$RBlHiAIemATpA4V3',#6,$,$,(#195),#2827);
#2829=IFCPROPERTYSINGLEVALUE('InternalTaskId',$,IFCTEXT('task-mula7x5lawbv438'),$);
#2830=IFCPROPERTYSET('3hj2yz93sGwSY7IDHXBDFv',#6,'OPS_TaskIdentity',$,(#2829));
#2831=IFCRELDEFINESBYPROPERTIES('3byFTZ6_gC6IOrA$TC8cWl',#6,$,$,(#197),#2830);
#2832=IFCPROPERTYSINGLEVALUE('InternalTaskId',$,IFCTEXT('task-mula7x5se50y439'),$);
#2833=IFCPROPERTYSET('25UtsrEAKCK_ubUURG6QBG',#6,'OPS_TaskIdentity',$,(#2832));
#2834=IFCRELDEFINESBYPROPERTIES('3RA3vQhMax976nvCGqzn_a',#6,$,$,(#199),#2833);
#2835=IFCPROPERTYSINGLEVALUE('InternalTaskId',$,IFCTEXT('task-mula7x60g6b3440'),$);
#2836=IFCPROPERTYSET('2GEw4W9$$Tlzj$HraNEnZ4',#6,'OPS_TaskIdentity',$,(#2835));
#2837=IFCRELDEFINESBYPROPERTIES('1zHJC73Q2PuRuyT60xU50P',#6,$,$,(#201),#2836);
#2838=IFCPROPERTYSINGLEVALUE('InternalTaskId',$,IFCTEXT('task-mula7x67xwmm441'),$);
#2839=IFCPROPERTYSET('0zDJBpoUbDlzYrVmGSDA7b',#6,'OPS_TaskIdentity',$,(#2838));
#2840=IFCRELDEFINESBYPROPERTIES('1GfSA$tRCPgmqfgoBHcLdE',#6,$,$,(#203),#2839);
#2841=IFCPROPERTYSINGLEVALUE('InternalTaskId',$,IFCTEXT('task-mula7x6e3uj0442'),$);
#2842=IFCPROPERTYSET('10rEo6tfWvyhi7mFMEyucH',#6,'OPS_TaskIdentity',$,(#2841));
#2843=IFCRELDEFINESBYPROPERTIES('1Qunn9cggAkPboDu8WYT5y',#6,$,$,(#205),#2842);
#2844=IFCPROPERTYSINGLEVALUE('InternalTaskId',$,IFCTEXT('task-mula7x6m8tea443'),$);
#2845=IFCPROPERTYSET('3ozjmsrRF$zLAwMzN6JrgB',#6,'OPS_TaskIdentity',$,(#2844));
#2846=IFCRELDEFINESBYPROPERTIES('36APKKhiv5FYOMapQAUK5A',#6,$,$,(#207),#2845);
#2847=IFCPROPERTYSINGLEVALUE('InternalTaskId',$,IFCTEXT('task-mula7x6u51al444'),$);
#2848=IFCPROPERTYSET('3vkMshIasW6HPpuKmSWjHm',#6,'OPS_TaskIdentity',$,(#2847));
#2849=IFCRELDEFINESBYPROPERTIES('0Q5v__hTPltEs9gVahs8sE',#6,$,$,(#209),#2848);
#2850=IFCPROPERTYSINGLEVALUE('InternalTaskId',$,IFCTEXT('task-mula7x715zm8445'),$);
#2851=IFCPROPERTYSET('35fxXKdTD7xa1gKqRHjgua',#6,'OPS_TaskIdentity',$,(#2850));
#2852=IFCRELDEFINESBYPROPERTIES('3kGjJrpd4cmoBtxQzXR3K8',#6,$,$,(#211),#2851);
#2853=IFCPROPERTYSINGLEVALUE('InternalTaskId',$,IFCTEXT('task-mula7x78swi5446'),$);
#2854=IFCPROPERTYSET('1iB5AcvJkkNKJ5LheHbIX0',#6,'OPS_TaskIdentity',$,(#2853));
#2855=IFCRELDEFINESBYPROPERTIES('2vMTbQSO2buQQE49f$3v2w',#6,$,$,(#213),#2854);
#2856=IFCPROPERTYSINGLEVALUE('InternalTaskId',$,IFCTEXT('task-mula7x7flij4447'),$);
#2857=IFCPROPERTYSET('3Dou2MBqsQuellII2kDEU8',#6,'OPS_TaskIdentity',$,(#2856));
#2858=IFCRELDEFINESBYPROPERTIES('3BuNJDk54zGKSVfu5l8aNY',#6,$,$,(#215),#2857);
#2859=IFCPROPERTYSINGLEVALUE('InternalTaskId',$,IFCTEXT('task-mula7x7nu41a448'),$);
#2860=IFCPROPERTYSET('0M2lpwKOLZX4QC6JHMOl1b',#6,'OPS_TaskIdentity',$,(#2859));
#2861=IFCRELDEFINESBYPROPERTIES('1yCFnyXN41miOxVz0E_kRj',#6,$,$,(#217),#2860);
#2862=IFCPROPERTYSINGLEVALUE('InternalTaskId',$,IFCTEXT('task-mula7x7upsj5449'),$);
#2863=IFCPROPERTYSET('0U27r6C8gMlX7FEB06rd0v',#6,'OPS_TaskIdentity',$,(#2862));
#2864=IFCRELDEFINESBYPROPERTIES('1lKZrsHYyc7DFvCEGyAs5W',#6,$,$,(#219),#2863);
#2865=IFCPROPERTYSINGLEVALUE('InternalTaskId',$,IFCTEXT('task-mula7x8185c4450'),$);
#2866=IFCPROPERTYSET('3kogYRHh8XAnlCLcJ5uTe9',#6,'OPS_TaskIdentity',$,(#2865));
#2867=IFCRELDEFINESBYPROPERTIES('1PIW4Fcfz_CzeQs$sFdlln',#6,$,$,(#221),#2866);
#2868=IFCPROPERTYSINGLEVALUE('InternalTaskId',$,IFCTEXT('task-mula7x89quvz451'),$);
#2869=IFCPROPERTYSET('1GCjrxAKRVSHgj8FaXye0F',#6,'OPS_TaskIdentity',$,(#2868));
#2870=IFCRELDEFINESBYPROPERTIES('2XBYfpoIsErZZUdVkWAEr8',#6,$,$,(#223),#2869);
#2871=IFCPROPERTYSINGLEVALUE('InternalTaskId',$,IFCTEXT('task-mula7x8h0cwy452'),$);
#2872=IFCPROPERTYSET('3H4O3tPn6layf_pYUUs88t',#6,'OPS_TaskIdentity',$,(#2871));
#2873=IFCRELDEFINESBYPROPERTIES('2lE10hqpxCeFJTMK5ix36u',#6,$,$,(#225),#2872);
#2874=IFCPROPERTYSINGLEVALUE('InternalTaskId',$,IFCTEXT('task-mula7x8oeok2453'),$);
#2875=IFCPROPERTYSET('0fTK4QoDA6IoglYXyZuBk6',#6,'OPS_TaskIdentity',$,(#2874));
#2876=IFCRELDEFINESBYPROPERTIES('1ntp8WqhRsJI5viLp9Kcb$',#6,$,$,(#227),#2875);
#2877=IFCPROPERTYSINGLEVALUE('InternalTaskId',$,IFCTEXT('task-mula7x8vbawe454'),$);
#2878=IFCPROPERTYSET('1OrBznKtkkxSD1LozWzkIs',#6,'OPS_TaskIdentity',$,(#2877));
#2879=IFCRELDEFINESBYPROPERTIES('2eIZChWgWtcPnNFlJqGdmQ',#6,$,$,(#229),#2878);
#2880=IFCPROPERTYSINGLEVALUE('InternalTaskId',$,IFCTEXT('task-mula7x94md8a455'),$);
#2881=IFCPROPERTYSET('36XUPC4cBuwGg4Jw6JIOOD',#6,'OPS_TaskIdentity',$,(#2880));
#2882=IFCRELDEFINESBYPROPERTIES('2GWre0oJBsKzsvz2gr92d4',#6,$,$,(#231),#2881);
#2883=IFCPROPERTYSINGLEVALUE('InternalTaskId',$,IFCTEXT('task-mula7x9bri0k456'),$);
#2884=IFCPROPERTYSET('05oCFzBBv0LAHGvwFpEra2',#6,'OPS_TaskIdentity',$,(#2883));
#2885=IFCRELDEFINESBYPROPERTIES('07IxZws6kYshlX9WAycigQ',#6,$,$,(#233),#2884);
#2886=IFCPROPERTYSINGLEVALUE('InternalTaskId',$,IFCTEXT('task-mula7x9jod1q457'),$);
#2887=IFCPROPERTYSET('0BDlXvkHCL0Vu8wXRwbccQ',#6,'OPS_TaskIdentity',$,(#2886));
#2888=IFCRELDEFINESBYPROPERTIES('03yPtFb7SaJEVr23fR$FS3',#6,$,$,(#235),#2887);
#2889=IFCPROPERTYSINGLEVALUE('InternalTaskId',$,IFCTEXT('task-mula7x9qn8n6458'),$);
#2890=IFCPROPERTYSET('3mtCbrUaUd0vCGMqcPAOFw',#6,'OPS_TaskIdentity',$,(#2889));
#2891=IFCRELDEFINESBYPROPERTIES('3WhvcqZkOyiOjFNWY_1zoM',#6,$,$,(#237),#2890);
#2892=IFCPROPERTYSINGLEVALUE('InternalTaskId',$,IFCTEXT('task-mula7x9ya4d3459'),$);
#2893=IFCPROPERTYSET('2_xbNQLpaJXewZYN0dfCQx',#6,'OPS_TaskIdentity',$,(#2892));
#2894=IFCRELDEFINESBYPROPERTIES('3D7E0D6eZ7is_4CI8KcHJn',#6,$,$,(#239),#2893);
#2895=IFCPROPERTYSINGLEVALUE('InternalTaskId',$,IFCTEXT('task-mula7xa5cfwh460'),$);
#2896=IFCPROPERTYSET('229y9Q5lyi2c5gBp3Y8WJ$',#6,'OPS_TaskIdentity',$,(#2895));
#2897=IFCRELDEFINESBYPROPERTIES('0AB8z6Ltlmx9Ruv23G5pBM',#6,$,$,(#241),#2896);
#2898=IFCPROPERTYSINGLEVALUE('InternalTaskId',$,IFCTEXT('task-mula7xad0kkq461'),$);
#2899=IFCPROPERTYSET('25rP8_FxYZRFavu7fC0fao',#6,'OPS_TaskIdentity',$,(#2898));
#2900=IFCRELDEFINESBYPROPERTIES('2UgiyBECjOH1$MbtDr9Wrb',#6,$,$,(#243),#2899);
#2901=IFCPROPERTYSINGLEVALUE('InternalTaskId',$,IFCTEXT('task-mula7xaldfm7462'),$);
#2902=IFCPROPERTYSET('24uTHBOkRxWe0o4eZpMLtn',#6,'OPS_TaskIdentity',$,(#2901));
#2903=IFCRELDEFINESBYPROPERTIES('0dsr3Ac8yRReI6xl4KIdpp',#6,$,$,(#245),#2902);
#2904=IFCPROPERTYSINGLEVALUE('InternalTaskId',$,IFCTEXT('task-mula7xat4nbu463'),$);
#2905=IFCPROPERTYSET('3Tesw5zlM9YPzdk$UspMft',#6,'OPS_TaskIdentity',$,(#2904));
#2906=IFCRELDEFINESBYPROPERTIES('3eM7RnNEAxit__Q32r5FiY',#6,$,$,(#247),#2905);
#2907=IFCPROPERTYSINGLEVALUE('InternalTaskId',$,IFCTEXT('task-mula7xb0spvj464'),$);
#2908=IFCPROPERTYSET('2QDmgnaB17er$xs5BoYTzv',#6,'OPS_TaskIdentity',$,(#2907));
#2909=IFCRELDEFINESBYPROPERTIES('0VA$ZIL3flicUmHDptC5pB',#6,$,$,(#249),#2908);
#2910=IFCPROPERTYSINGLEVALUE('InternalTaskId',$,IFCTEXT('task-mula7xb8p273465'),$);
#2911=IFCPROPERTYSET('06aSQ4zjKfncD2I_u7EsM5',#6,'OPS_TaskIdentity',$,(#2910));
#2912=IFCRELDEFINESBYPROPERTIES('1$5qEFKSSrDrzb13yj7wEy',#6,$,$,(#251),#2911);
#2913=IFCPROPERTYSINGLEVALUE('InternalTaskId',$,IFCTEXT('task-mula7xbfker6466'),$);
#2914=IFCPROPERTYSET('2HKaJkd5QkG2eTiyFmz1fB',#6,'OPS_TaskIdentity',$,(#2913));
#2915=IFCRELDEFINESBYPROPERTIES('2kxh7vTOEfkoNvdJBEk6Mv',#6,$,$,(#253),#2914);
#2916=IFCPROPERTYSINGLEVALUE('InternalTaskId',$,IFCTEXT('task-mula7xbnqp5v467'),$);
#2917=IFCPROPERTYSET('0BUhnYRlevKr5QQ$jP20ZQ',#6,'OPS_TaskIdentity',$,(#2916));
#2918=IFCRELDEFINESBYPROPERTIES('129KP5P_EQVGBUZPsVMGBw',#6,$,$,(#255),#2917);
#2919=IFCPROPERTYSINGLEVALUE('InternalTaskId',$,IFCTEXT('task-mula7xbub2bt468'),$);
#2920=IFCPROPERTYSET('1cVArigYPeSt5$$rfFWdMI',#6,'OPS_TaskIdentity',$,(#2919));
#2921=IFCRELDEFINESBYPROPERTIES('2TOA9GMBWQkNheftG1b1KR',#6,$,$,(#257),#2920);
#2922=IFCPROPERTYSINGLEVALUE('InternalTaskId',$,IFCTEXT('task-mula7xc2agby469'),$);
#2923=IFCPROPERTYSET('2gf0KE0EB8U8X7cumiyiN7',#6,'OPS_TaskIdentity',$,(#2922));
#2924=IFCRELDEFINESBYPROPERTIES('1vBty0WG_UW8fyykbIbeZM',#6,$,$,(#259),#2923);
#2925=IFCPROPERTYSINGLEVALUE('InternalTaskId',$,IFCTEXT('task-mula7xcapkcg470'),$);
#2926=IFCPROPERTYSET('2JUmg1mnpQHzY8IV1RQWL7',#6,'OPS_TaskIdentity',$,(#2925));
#2927=IFCRELDEFINESBYPROPERTIES('34qf0o$2leuv5A7UrSSnWr',#6,$,$,(#261),#2926);
#2928=IFCPROPERTYSINGLEVALUE('InternalTaskId',$,IFCTEXT('task-mula7xcisg6r471'),$);
#2929=IFCPROPERTYSET('3ATUd65xkXv7bgPFB6SYVF',#6,'OPS_TaskIdentity',$,(#2928));
#2930=IFCRELDEFINESBYPROPERTIES('3A0msD$sR6vKW5099KI$ZX',#6,$,$,(#263),#2929);
#2931=IFCPROPERTYSINGLEVALUE('InternalTaskId',$,IFCTEXT('task-mula7xcp2mvy472'),$);
#2932=IFCPROPERTYSET('3_0_Fn2cxcP8z2hVrRsTvo',#6,'OPS_TaskIdentity',$,(#2931));
#2933=IFCRELDEFINESBYPROPERTIES('19IM4X9g8D4iBiI0N_oEwA',#6,$,$,(#265),#2932);
#2934=IFCPROPERTYSINGLEVALUE('InternalTaskId',$,IFCTEXT('task-mula7xcxbo8r473'),$);
#2935=IFCPROPERTYSET('3WTs6cG0j859Ok41NW6OMw',#6,'OPS_TaskIdentity',$,(#2934));
#2936=IFCRELDEFINESBYPROPERTIES('0x85aBuS0KKzMPa7GKy_5I',#6,$,$,(#267),#2935);
#2937=IFCPROPERTYSINGLEVALUE('InternalTaskId',$,IFCTEXT('task-mula7xd4xhfb474'),$);
#2938=IFCPROPERTYSET('0SfBP6XGYbYWyMAPpPeP$y',#6,'OPS_TaskIdentity',$,(#2937));
#2939=IFCRELDEFINESBYPROPERTIES('0LM3BGqncBc4x8xm5wBa45',#6,$,$,(#269),#2938);
#2940=IFCPROPERTYSINGLEVALUE('InternalTaskId',$,IFCTEXT('task-mula7xdciw8t475'),$);
#2941=IFCPROPERTYSET('3$eD71iVxVuPVZdDT2FPwu',#6,'OPS_TaskIdentity',$,(#2940));
#2942=IFCRELDEFINESBYPROPERTIES('2KHJequNcvgYmc6bfyuDXA',#6,$,$,(#271),#2941);
#2943=IFCPROPERTYSINGLEVALUE('InternalTaskId',$,IFCTEXT('task-mula7xdj6lop476'),$);
#2944=IFCPROPERTYSET('3d_z4t0sp5kISJ9qSk$AjB',#6,'OPS_TaskIdentity',$,(#2943));
#2945=IFCRELDEFINESBYPROPERTIES('1XaZKoAD4us4F32xFqZaAQ',#6,$,$,(#273),#2944);
#2946=IFCPROPERTYSINGLEVALUE('InternalTaskId',$,IFCTEXT('task-mula7xdrc7qk477'),$);
#2947=IFCPROPERTYSET('1YO9o3Rqzh7qAQoSD$jlJy',#6,'OPS_TaskIdentity',$,(#2946));
#2948=IFCRELDEFINESBYPROPERTIES('3vnEOoznf$clT8QqyyierV',#6,$,$,(#275),#2947);
#2949=IFCPROPERTYSINGLEVALUE('InternalTaskId',$,IFCTEXT('task-mula7xdzz9hp478'),$);
#2950=IFCPROPERTYSET('2BkuC3OBtZahHnaHz2xHGS',#6,'OPS_TaskIdentity',$,(#2949));
#2951=IFCRELDEFINESBYPROPERTIES('1fuj020s4JfHWlh4ZKpkhL',#6,$,$,(#277),#2950);
#2952=IFCPROPERTYSINGLEVALUE('InternalTaskId',$,IFCTEXT('task-mula7xe6j7x1479'),$);
#2953=IFCPROPERTYSET('0cLA0deF2DKUoOILscB4Fv',#6,'OPS_TaskIdentity',$,(#2952));
#2954=IFCRELDEFINESBYPROPERTIES('1rhzjCG$XepT7meHpSlblN',#6,$,$,(#279),#2953);
#2955=IFCPROPERTYSINGLEVALUE('InternalTaskId',$,IFCTEXT('task-mula7xee0psl480'),$);
#2956=IFCPROPERTYSET('0eTI1zfrdyn1UkzZlVgqFd',#6,'OPS_TaskIdentity',$,(#2955));
#2957=IFCRELDEFINESBYPROPERTIES('1QH$NjUFPKTS9fFcjMbFYu',#6,$,$,(#281),#2956);
#2958=IFCPROPERTYSINGLEVALUE('InternalTaskId',$,IFCTEXT('task-mula7xemy68q481'),$);
#2959=IFCPROPERTYSET('1yERvSgiizElrEIS6fznek',#6,'OPS_TaskIdentity',$,(#2958));
#2960=IFCRELDEFINESBYPROPERTIES('0bYSdEy61f4f9ZBCV2M1Qe',#6,$,$,(#283),#2959);
#2961=IFCPROPERTYSINGLEVALUE('InternalTaskId',$,IFCTEXT('task-mula7xeutyuh482'),$);
#2962=IFCPROPERTYSET('39MgSuszAiqWVuxi$OVNNu',#6,'OPS_TaskIdentity',$,(#2961));
#2963=IFCRELDEFINESBYPROPERTIES('2m8nhnHcHVJE673tF5yCcJ',#6,$,$,(#285),#2962);
#2964=IFCPROPERTYSINGLEVALUE('InternalTaskId',$,IFCTEXT('task-mula7xf21bbe483'),$);
#2965=IFCPROPERTYSET('06jRPv5MCBBNPTsZNNVx7z',#6,'OPS_TaskIdentity',$,(#2964));
#2966=IFCRELDEFINESBYPROPERTIES('13xpzHI3GmvnHfGez7dDp8',#6,$,$,(#287),#2965);
#2967=IFCPROPERTYSINGLEVALUE('InternalTaskId',$,IFCTEXT('task-mula7xfazwdd484'),$);
#2968=IFCPROPERTYSET('3yHOeul_5e3pv5yi1TMXjq',#6,'OPS_TaskIdentity',$,(#2967));
#2969=IFCRELDEFINESBYPROPERTIES('1RftKARXaDxl6EGH_aUZRv',#6,$,$,(#289),#2968);
#2970=IFCPROPERTYSINGLEVALUE('InternalTaskId',$,IFCTEXT('task-mula7xfi82rd485'),$);
#2971=IFCPROPERTYSET('37lB0kpw6YM8U6CjiB0kM4',#6,'OPS_TaskIdentity',$,(#2970));
#2972=IFCRELDEFINESBYPROPERTIES('1IL_v4bZBbeIzGommimNAK',#6,$,$,(#291),#2971);
#2973=IFCPROPERTYSINGLEVALUE('InternalTaskId',$,IFCTEXT('task-mula7xfqbepn486'),$);
#2974=IFCPROPERTYSET('0AaMQ3j_RrnUro7iqaeA8A',#6,'OPS_TaskIdentity',$,(#2973));
#2975=IFCRELDEFINESBYPROPERTIES('1Q5UPzkk0IbcoKSh1ZSJyc',#6,$,$,(#293),#2974);
#2976=IFCPROPERTYSINGLEVALUE('InternalTaskId',$,IFCTEXT('task-mula7xfszq9k487'),$);
#2977=IFCPROPERTYSET('1pu_BRxH1bEbYuKAOvU6cT',#6,'OPS_TaskIdentity',$,(#2976));
#2978=IFCRELDEFINESBYPROPERTIES('0IKz2JQCSEikmHW87ohUTV',#6,$,$,(#295),#2977);
#2979=IFCPROPERTYSINGLEVALUE('InternalTaskId',$,IFCTEXT('task-mula7xg1zkgx488'),$);
#2980=IFCPROPERTYSET('1IhIqNsIM_hcf_WLpGI7ry',#6,'OPS_TaskIdentity',$,(#2979));
#2981=IFCRELDEFINESBYPROPERTIES('0u9HnMyrzyCQ$NXkLsCLvo',#6,$,$,(#297),#2980);
#2982=IFCPROPERTYSINGLEVALUE('InternalTaskId',$,IFCTEXT('task-mula7xg31o9h489'),$);
#2983=IFCPROPERTYSET('21_SC_9n2DCdkhVzVGcQmY',#6,'OPS_TaskIdentity',$,(#2982));
#2984=IFCRELDEFINESBYPROPERTIES('3Jcg8dXSPoVqU4NgoOnsWY',#6,$,$,(#299),#2983);
#2985=IFCPROPERTYSINGLEVALUE('InternalTaskId',$,IFCTEXT('task-mula7xgbl4r1490'),$);
#2986=IFCPROPERTYSET('0MTjg4FlMKroR6HYVlxA$V',#6,'OPS_TaskIdentity',$,(#2985));
#2987=IFCRELDEFINESBYPROPERTIES('1EyO_aMhQdkbAPei$xqar8',#6,$,$,(#301),#2986);
#2988=IFCPROPERTYSINGLEVALUE('InternalTaskId',$,IFCTEXT('task-mula7xgi8fmh491'),$);
#2989=IFCPROPERTYSET('1qshpaANzIar6zn7khlGNk',#6,'OPS_TaskIdentity',$,(#2988));
#2990=IFCRELDEFINESBYPROPERTIES('1RBKSjLb$d3OrhUBIyBTVt',#6,$,$,(#303),#2989);
#2991=IFCPROPERTYSINGLEVALUE('InternalTaskId',$,IFCTEXT('task-mula7xgq5ex3492'),$);
#2992=IFCPROPERTYSET('2DDwD_CzzR7lLc0rHuA1HO',#6,'OPS_TaskIdentity',$,(#2991));
#2993=IFCRELDEFINESBYPROPERTIES('28XxK_As6oDuL$8VksSu3_',#6,$,$,(#305),#2992);
#2994=IFCPROPERTYSINGLEVALUE('InternalTaskId',$,IFCTEXT('task-mula7xgyu6uy493'),$);
#2995=IFCPROPERTYSET('3gNSBBAvHLC4JufKyvpPkJ',#6,'OPS_TaskIdentity',$,(#2994));
#2996=IFCRELDEFINESBYPROPERTIES('2$ZqeAv2njaph0sEzUqc5s',#6,$,$,(#307),#2995);
#2997=IFCPROPERTYSINGLEVALUE('InternalTaskId',$,IFCTEXT('task-mula7xh5vra8494'),$);
#2998=IFCPROPERTYSET('0oM7hKiKvoVZqwuH7ADq6A',#6,'OPS_TaskIdentity',$,(#2997));
#2999=IFCRELDEFINESBYPROPERTIES('2Nn$$j$mayBWjP3wfGD_6T',#6,$,$,(#309),#2998);
#3000=IFCPROPERTYSINGLEVALUE('InternalTaskId',$,IFCTEXT('task-mula7xhemnkg495'),$);
#3001=IFCPROPERTYSET('2F2C$88$Q6uJkYEGdBOFDO',#6,'OPS_TaskIdentity',$,(#3000));
#3002=IFCRELDEFINESBYPROPERTIES('3eLbba0iVsg7bbDa$EzfCp',#6,$,$,(#311),#3001);
#3003=IFCPROPERTYSINGLEVALUE('InternalTaskId',$,IFCTEXT('task-mula7xhn8r8r496'),$);
#3004=IFCPROPERTYSET('2BnUWxObVriVjbU0zz2wLN',#6,'OPS_TaskIdentity',$,(#3003));
#3005=IFCRELDEFINESBYPROPERTIES('06LHMsLxFr00vYgkQvYOvG',#6,$,$,(#313),#3004);
#3006=IFCPROPERTYSINGLEVALUE('InternalTaskId',$,IFCTEXT('task-mula7xhvma6d497'),$);
#3007=IFCPROPERTYSET('0rqy3vEnVdYaefeP3WS7i_',#6,'OPS_TaskIdentity',$,(#3006));
#3008=IFCRELDEFINESBYPROPERTIES('2DRVWQ9dCbuBA8oWeF8jqq',#6,$,$,(#315),#3007);
#3009=IFCPROPERTYSINGLEVALUE('InternalTaskId',$,IFCTEXT('task-mula7xi2o6vb498'),$);
#3010=IFCPROPERTYSET('31$dxl2WNhqQ98Y9G8A5gh',#6,'OPS_TaskIdentity',$,(#3009));
#3011=IFCRELDEFINESBYPROPERTIES('3EJgGm1EA6MtJ7iP4oZRn7',#6,$,$,(#317),#3010);
#3012=IFCPROPERTYSINGLEVALUE('InternalTaskId',$,IFCTEXT('task-mula7xib0ekh499'),$);
#3013=IFCPROPERTYSET('0GtCivfWSohPveigNShTZy',#6,'OPS_TaskIdentity',$,(#3012));
#3014=IFCRELDEFINESBYPROPERTIES('2LqOK3uHgZCqR$cDOF46EP',#6,$,$,(#319),#3013);
#3015=IFCPROPERTYSINGLEVALUE('InternalTaskId',$,IFCTEXT('task-mula7xij9qfm500'),$);
#3016=IFCPROPERTYSET('38zXjPwprensw9p19_MVuj',#6,'OPS_TaskIdentity',$,(#3015));
#3017=IFCRELDEFINESBYPROPERTIES('3M6msDRQivVB2SP5r6QP6x',#6,$,$,(#321),#3016);
#3018=IFCPROPERTYSINGLEVALUE('InternalTaskId',$,IFCTEXT('task-mula7xirzmb6501'),$);
#3019=IFCPROPERTYSET('0CJi_npwPJVq_fFhNnqjZ1',#6,'OPS_TaskIdentity',$,(#3018));
#3020=IFCRELDEFINESBYPROPERTIES('1Kvhz8acjWe0uYkCWA40iT',#6,$,$,(#323),#3019);
#3021=IFCPROPERTYSINGLEVALUE('InternalTaskId',$,IFCTEXT('task-mula7xj0dmbl502'),$);
#3022=IFCPROPERTYSET('1rIdYNTkAj9vCu$L5vqV9l',#6,'OPS_TaskIdentity',$,(#3021));
#3023=IFCRELDEFINESBYPROPERTIES('0yYDz8Oo$_lwvpH7WlY_YG',#6,$,$,(#325),#3022);
#3024=IFCPROPERTYSINGLEVALUE('InternalTaskId',$,IFCTEXT('task-mula7xj8nh93503'),$);
#3025=IFCPROPERTYSET('07T5QqFRxO6iWbmPQVoEn3',#6,'OPS_TaskIdentity',$,(#3024));
#3026=IFCRELDEFINESBYPROPERTIES('3WBUKrLscMrck9gABBTwB0',#6,$,$,(#327),#3025);
#3027=IFCPROPERTYSINGLEVALUE('InternalTaskId',$,IFCTEXT('task-mula7xjg9vij504'),$);
#3028=IFCPROPERTYSET('0KocqqRKT$HA0xliJY$x1S',#6,'OPS_TaskIdentity',$,(#3027));
#3029=IFCRELDEFINESBYPROPERTIES('1$dxBZj41DbzYfrO4I2Cqj',#6,$,$,(#329),#3028);
#3030=IFCPROPERTYSINGLEVALUE('InternalTaskId',$,IFCTEXT('task-mula7xjoj2hi505'),$);
#3031=IFCPROPERTYSET('135dxHUnEp7vRNCa2M$w6g',#6,'OPS_TaskIdentity',$,(#3030));
#3032=IFCRELDEFINESBYPROPERTIES('3mWB15csfhAt$7wxIdb$kJ',#6,$,$,(#331),#3031);
#3033=IFCPROPERTYSINGLEVALUE('InternalTaskId',$,IFCTEXT('task-mula7xjyq9j5506'),$);
#3034=IFCPROPERTYSET('2Vg382hOrp491cEP6s$TQQ',#6,'OPS_TaskIdentity',$,(#3033));
#3035=IFCRELDEFINESBYPROPERTIES('02bFjrMZEEH7bqJ83N2TI5',#6,$,$,(#333),#3034);
#3036=IFCPROPERTYSINGLEVALUE('InternalTaskId',$,IFCTEXT('task-mula7xk7fa6j507'),$);
#3037=IFCPROPERTYSET('1Iy_nZz9efGj2ISAyc34XV',#6,'OPS_TaskIdentity',$,(#3036));
#3038=IFCRELDEFINESBYPROPERTIES('3vOKtjkt$XSB9nbKB6dTvY',#6,$,$,(#335),#3037);
#3039=IFCPROPERTYSINGLEVALUE('InternalTaskId',$,IFCTEXT('task-mula7xkfk7mj508'),$);
#3040=IFCPROPERTYSET('0OcenSzzD4o8lytBguhpX8',#6,'OPS_TaskIdentity',$,(#3039));
#3041=IFCRELDEFINESBYPROPERTIES('3XqcKCripV4kOyZOgqyCjR',#6,$,$,(#337),#3040);
#3042=IFCPROPERTYSINGLEVALUE('InternalTaskId',$,IFCTEXT('task-mula7xkphxje509'),$);
#3043=IFCPROPERTYSET('1P91ivQAHmtA7Alfxhpzcm',#6,'OPS_TaskIdentity',$,(#3042));
#3044=IFCRELDEFINESBYPROPERTIES('3fgqnzgQnUutiDIpzpofC2',#6,$,$,(#339),#3043);
#3045=IFCPROPERTYSINGLEVALUE('InternalTaskId',$,IFCTEXT('task-mula7xkyh2x2510'),$);
#3046=IFCPROPERTYSET('3eF4pWxhb5TqXHOhXC_Vba',#6,'OPS_TaskIdentity',$,(#3045));
#3047=IFCRELDEFINESBYPROPERTIES('2crmBj6oP90ZKovld8bsUe',#6,$,$,(#341),#3046);
#3048=IFCPROPERTYSINGLEVALUE('InternalTaskId',$,IFCTEXT('task-mula7xl6sgia511'),$);
#3049=IFCPROPERTYSET('1SkWQrYmEFS1DX92p4jrap',#6,'OPS_TaskIdentity',$,(#3048));
#3050=IFCRELDEFINESBYPROPERTIES('02KH5tobAnoidyqonfHQz_',#6,$,$,(#343),#3049);
#3051=IFCPROPERTYSINGLEVALUE('InternalTaskId',$,IFCTEXT('task-mula7xlfygib512'),$);
#3052=IFCPROPERTYSET('2TXOI3JaLVP_7c0e5L$DSf',#6,'OPS_TaskIdentity',$,(#3051));
#3053=IFCRELDEFINESBYPROPERTIES('1rPSdxB8WmSfCxhASauhRB',#6,$,$,(#345),#3052);
#3054=IFCPROPERTYSINGLEVALUE('InternalTaskId',$,IFCTEXT('task-mula7xloljts513'),$);
#3055=IFCPROPERTYSET('1TpKVeM3kxr9mvft4jP00v',#6,'OPS_TaskIdentity',$,(#3054));
#3056=IFCRELDEFINESBYPROPERTIES('0R1Mjkwe2AIQ5NZV2cmACL',#6,$,$,(#347),#3055);
#3057=IFCPROPERTYSINGLEVALUE('InternalTaskId',$,IFCTEXT('task-mula7xlxaksh514'),$);
#3058=IFCPROPERTYSET('1C6Lnba8UCW9CMC3TKlrly',#6,'OPS_TaskIdentity',$,(#3057));
#3059=IFCRELDEFINESBYPROPERTIES('2yTHgVJmCr3hlP6idcTqWK',#6,$,$,(#349),#3058);
#3060=IFCPROPERTYSINGLEVALUE('InternalTaskId',$,IFCTEXT('task-mula7xm59imj515'),$);
#3061=IFCPROPERTYSET('1Q2hkTa27S_0Fnp6GnenYo',#6,'OPS_TaskIdentity',$,(#3060));
#3062=IFCRELDEFINESBYPROPERTIES('1iSPyYmTnB6coHuzVxpDr_',#6,$,$,(#351),#3061);
#3063=IFCPROPERTYSINGLEVALUE('InternalTaskId',$,IFCTEXT('task-mula7xmenbdj516'),$);
#3064=IFCPROPERTYSET('1KnExIxe6a$JHwt2q9sTUc',#6,'OPS_TaskIdentity',$,(#3063));
#3065=IFCRELDEFINESBYPROPERTIES('3XEunN5iphHTYY8L9Bjyt9',#6,$,$,(#353),#3064);
#3066=IFCPROPERTYSINGLEVALUE('InternalTaskId',$,IFCTEXT('task-mula7xmn4pms517'),$);
#3067=IFCPROPERTYSET('0BggWEu6IMZ4EohACcoADz',#6,'OPS_TaskIdentity',$,(#3066));
#3068=IFCRELDEFINESBYPROPERTIES('3ZTtx8wRfMyvMFw_jjb9iR',#6,$,$,(#355),#3067);
#3069=IFCPROPERTYSINGLEVALUE('InternalTaskId',$,IFCTEXT('task-mula7xmwstpc518'),$);
#3070=IFCPROPERTYSET('1ANBY9O54D4Zr$qQdyA63g',#6,'OPS_TaskIdentity',$,(#3069));
#3071=IFCRELDEFINESBYPROPERTIES('1A3JfOmb76452nQYq36yj_',#6,$,$,(#357),#3070);
#3072=IFCPROPERTYSINGLEVALUE('InternalTaskId',$,IFCTEXT('task-mula7xn41qy5519'),$);
#3073=IFCPROPERTYSET('3fGVUp6DQqQ7i_Qtlq073Q',#6,'OPS_TaskIdentity',$,(#3072));
#3074=IFCRELDEFINESBYPROPERTIES('1beKWeM9e5wRB8JDRbOEzC',#6,$,$,(#359),#3073);
#3075=IFCPROPERTYSINGLEVALUE('InternalTaskId',$,IFCTEXT('task-mula7xnduqva520'),$);
#3076=IFCPROPERTYSET('3wPnglaWbr3qwk6F2b88LK',#6,'OPS_TaskIdentity',$,(#3075));
#3077=IFCRELDEFINESBYPROPERTIES('3nDTZfJoavQ2vP3JsjZN1o',#6,$,$,(#361),#3076);
#3078=IFCPROPERTYSINGLEVALUE('InternalTaskId',$,IFCTEXT('task-mula7xnlbhih521'),$);
#3079=IFCPROPERTYSET('1$ljEbsirOmrDt5r22irTr',#6,'OPS_TaskIdentity',$,(#3078));
#3080=IFCRELDEFINESBYPROPERTIES('061hzjOGwsEgyl63trFJ0G',#6,$,$,(#363),#3079);
#3081=IFCPROPERTYSINGLEVALUE('InternalTaskId',$,IFCTEXT('task-mula7xnoyxga522'),$);
#3082=IFCPROPERTYSET('1UCXnhOePKbNOuswKdkII5',#6,'OPS_TaskIdentity',$,(#3081));
#3083=IFCRELDEFINESBYPROPERTIES('00mE5w9UhvsvxsSt_ft_GF',#6,$,$,(#365),#3082);
#3084=IFCPROPERTYSINGLEVALUE('InternalTaskId',$,IFCTEXT('task-mula7xnx5wwo523'),$);
#3085=IFCPROPERTYSET('0I9$$xKAeawHzG2J_ld5YZ',#6,'OPS_TaskIdentity',$,(#3084));
#3086=IFCRELDEFINESBYPROPERTIES('2Lc1xdjw$rmLcn9Zddu15h',#6,$,$,(#367),#3085);
#3087=IFCPROPERTYSINGLEVALUE('InternalTaskId',$,IFCTEXT('task-mula7xo7vww1524'),$);
#3088=IFCPROPERTYSET('2ivLrdSnuOXVI7$iQwzBp2',#6,'OPS_TaskIdentity',$,(#3087));
#3089=IFCRELDEFINESBYPROPERTIES('2Iml6CjUaHYTJg9JTfvvuH',#6,$,$,(#369),#3088);
#3090=IFCPROPERTYSINGLEVALUE('InternalTaskId',$,IFCTEXT('task-mula7xogglst525'),$);
#3091=IFCPROPERTYSET('1PEbHdzuJa9Ljvdh0Xp2W$',#6,'OPS_TaskIdentity',$,(#3090));
#3092=IFCRELDEFINESBYPROPERTIES('2PbMErBVHVcKsM_IRP2BRt',#6,$,$,(#371),#3091);
#3093=IFCPROPERTYSINGLEVALUE('InternalTaskId',$,IFCTEXT('task-mula7xoo2vmv526'),$);
#3094=IFCPROPERTYSET('072JlPmHrxxYtjvpfK9z9f',#6,'OPS_TaskIdentity',$,(#3093));
#3095=IFCRELDEFINESBYPROPERTIES('1wYViQAL_rfF1T35egpO2O',#6,$,$,(#373),#3094);
#3096=IFCPROPERTYSINGLEVALUE('InternalTaskId',$,IFCTEXT('task-mula7xox6fhj527'),$);
#3097=IFCPROPERTYSET('3JsWtlXvArG_YuqLkuIIKy',#6,'OPS_TaskIdentity',$,(#3096));
#3098=IFCRELDEFINESBYPROPERTIES('1J3n12AnqDht5vXUh9jcCd',#6,$,$,(#375),#3097);
#3099=IFCPROPERTYSINGLEVALUE('InternalTaskId',$,IFCTEXT('task-mula7xp5kmw0528'),$);
#3100=IFCPROPERTYSET('3bj0P64TwTIKKW7_m_O237',#6,'OPS_TaskIdentity',$,(#3099));
#3101=IFCRELDEFINESBYPROPERTIES('0j7E2Cg1q4uZdoqXxzlsm6',#6,$,$,(#377),#3100);
#3102=IFCPROPERTYSINGLEVALUE('InternalTaskId',$,IFCTEXT('task-mula7xpdwcxe529'),$);
#3103=IFCPROPERTYSET('3ChwiEilCfKap$QsErZy6H',#6,'OPS_TaskIdentity',$,(#3102));
#3104=IFCRELDEFINESBYPROPERTIES('3wRWKI$jK3FwRAHideg$Md',#6,$,$,(#379),#3103);
#3105=IFCPROPERTYSINGLEVALUE('InternalTaskId',$,IFCTEXT('task-mula7xpnc3o1530'),$);
#3106=IFCPROPERTYSET('3WCBjUx8I6ypoZWlWU2iZ7',#6,'OPS_TaskIdentity',$,(#3105));
#3107=IFCRELDEFINESBYPROPERTIES('2pNA0LIQYwNJDLncYgUhL2',#6,$,$,(#381),#3106);
#3108=IFCPROPERTYSINGLEVALUE('InternalTaskId',$,IFCTEXT('task-mula7xpw96pv531'),$);
#3109=IFCPROPERTYSET('2rjie_L1pJ50j_oFHPYPcx',#6,'OPS_TaskIdentity',$,(#3108));
#3110=IFCRELDEFINESBYPROPERTIES('3jcbR934m17v$6ScFEZLZb',#6,$,$,(#383),#3109);
#3111=IFCPROPERTYSINGLEVALUE('InternalTaskId',$,IFCTEXT('task-mula7xq4ichn532'),$);
#3112=IFCPROPERTYSET('2Zuf_C5Zm6IwqV_zoTN_qU',#6,'OPS_TaskIdentity',$,(#3111));
#3113=IFCRELDEFINESBYPROPERTIES('1L4e2LP0vDGI96OCDHZ8d2',#6,$,$,(#385),#3112);
#3114=IFCPROPERTYSINGLEVALUE('InternalTaskId',$,IFCTEXT('task-mula7xqczjtc533'),$);
#3115=IFCPROPERTYSET('0hktsoZwN7duEiXNbgdany',#6,'OPS_TaskIdentity',$,(#3114));
#3116=IFCRELDEFINESBYPROPERTIES('26vaLFHDOXAhHbTPaenH$k',#6,$,$,(#387),#3115);
#3117=IFCPROPERTYSINGLEVALUE('InternalTaskId',$,IFCTEXT('task-mula7xqospxg534'),$);
#3118=IFCPROPERTYSET('2UO10kZcc_KAEI5$x4TMC8',#6,'OPS_TaskIdentity',$,(#3117));
#3119=IFCRELDEFINESBYPROPERTIES('024416qE4aRRPuiFL7ghs_',#6,$,$,(#389),#3118);
#3120=IFCPROPERTYSINGLEVALUE('InternalTaskId',$,IFCTEXT('task-mula7xqvm3wg535'),$);
#3121=IFCPROPERTYSET('3W8Qn$CRXlECiwcdcdBORW',#6,'OPS_TaskIdentity',$,(#3120));
#3122=IFCRELDEFINESBYPROPERTIES('38ZcWrUPb_R_cd8IRE9$FD',#6,$,$,(#391),#3121);
#3123=IFCPROPERTYSINGLEVALUE('InternalTaskId',$,IFCTEXT('task-mula7xr3pr00536'),$);
#3124=IFCPROPERTYSET('11Jv5$QLBFy1SRQk$UCy8Y',#6,'OPS_TaskIdentity',$,(#3123));
#3125=IFCRELDEFINESBYPROPERTIES('2UK0$mwF4uBgg7n0JmJPvT',#6,$,$,(#393),#3124);
#3126=IFCPROPERTYSINGLEVALUE('InternalTaskId',$,IFCTEXT('task-mula7xrcl5wc537'),$);
#3127=IFCPROPERTYSET('1aYDn4GAChfdtzPOSlt_dN',#6,'OPS_TaskIdentity',$,(#3126));
#3128=IFCRELDEFINESBYPROPERTIES('1OD0e7k4eY4samDIcdr0dQ',#6,$,$,(#395),#3127);
#3129=IFCPROPERTYSINGLEVALUE('InternalTaskId',$,IFCTEXT('task-mula7xrlcl99538'),$);
#3130=IFCPROPERTYSET('3jDcosTUecRCIkMqU52atP',#6,'OPS_TaskIdentity',$,(#3129));
#3131=IFCRELDEFINESBYPROPERTIES('3KX7DeSo3nu$qUSbzxxFMx',#6,$,$,(#397),#3130);
#3132=IFCPROPERTYSINGLEVALUE('InternalTaskId',$,IFCTEXT('task-mula7xrtadzn539'),$);
#3133=IFCPROPERTYSET('3KYurUb43EPmGOE75EUZE_',#6,'OPS_TaskIdentity',$,(#3132));
#3134=IFCRELDEFINESBYPROPERTIES('2tpS6yebFXxbbWodDoydLV',#6,$,$,(#399),#3133);
#3135=IFCPROPERTYSINGLEVALUE('InternalTaskId',$,IFCTEXT('task-mula7xs3uqf8540'),$);
#3136=IFCPROPERTYSET('1rCF3cPXrhwA1t604LQLSr',#6,'OPS_TaskIdentity',$,(#3135));
#3137=IFCRELDEFINESBYPROPERTIES('35KoLrKCXJgCE5ax3aMmMx',#6,$,$,(#401),#3136);
#3138=IFCPROPERTYSINGLEVALUE('InternalTaskId',$,IFCTEXT('task-mula7xschxhc541'),$);
#3139=IFCPROPERTYSET('1mhGj7AgTJQ_rShkDf1BXz',#6,'OPS_TaskIdentity',$,(#3138));
#3140=IFCRELDEFINESBYPROPERTIES('3GdKIB94slS0Pksu3fjmHw',#6,$,$,(#403),#3139);
#3141=IFCPROPERTYSINGLEVALUE('InternalTaskId',$,IFCTEXT('task-mula7xslm0af542'),$);
#3142=IFCPROPERTYSET('3SzCtXUc_fWQPHF5Zetmec',#6,'OPS_TaskIdentity',$,(#3141));
#3143=IFCRELDEFINESBYPROPERTIES('3vv0gjMYvWR3383ZOMpVom',#6,$,$,(#405),#3142);
#3144=IFCPROPERTYSINGLEVALUE('InternalTaskId',$,IFCTEXT('task-mula7xsxa1fy543'),$);
#3145=IFCPROPERTYSET('0r9mslL_qPg522cKseLek6',#6,'OPS_TaskIdentity',$,(#3144));
#3146=IFCRELDEFINESBYPROPERTIES('3uUOE_IDxtUAxgkZE6M1HX',#6,$,$,(#407),#3145);
#3147=IFCPROPERTYSINGLEVALUE('InternalTaskId',$,IFCTEXT('task-mula7xt6w6d0544'),$);
#3148=IFCPROPERTYSET('00qX2_NK3hSkRgrl$xHb46',#6,'OPS_TaskIdentity',$,(#3147));
#3149=IFCRELDEFINESBYPROPERTIES('2gpEKCP$ua82pFLj0mLfWu',#6,$,$,(#409),#3148);
#3150=IFCPROPERTYSINGLEVALUE('InternalTaskId',$,IFCTEXT('task-mula7xtf4l2j545'),$);
#3151=IFCPROPERTYSET('3595pPOdT5yKNSfZDxbYBr',#6,'OPS_TaskIdentity',$,(#3150));
#3152=IFCRELDEFINESBYPROPERTIES('1IfYXT8DgKK9ciGohuvwEE',#6,$,$,(#411),#3151);
#3153=IFCPROPERTYSINGLEVALUE('InternalTaskId',$,IFCTEXT('task-mula7xtowxcg546'),$);
#3154=IFCPROPERTYSET('07IDgYDz6Wfg1YMwIjFYWA',#6,'OPS_TaskIdentity',$,(#3153));
#3155=IFCRELDEFINESBYPROPERTIES('1oaLwEehTVEefRyZUSb2Jb',#6,$,$,(#413),#3154);
#3156=IFCPROPERTYSINGLEVALUE('InternalTaskId',$,IFCTEXT('task-mula7xtx5ugc547'),$);
#3157=IFCPROPERTYSET('2RuxG5spWzVuhnquBTEbm2',#6,'OPS_TaskIdentity',$,(#3156));
#3158=IFCRELDEFINESBYPROPERTIES('2xeIlPC_Zhfmq7NC_YxHYO',#6,$,$,(#415),#3157);
#3159=IFCPROPERTYSINGLEVALUE('InternalTaskId',$,IFCTEXT('task-mula7xu6d0xp548'),$);
#3160=IFCPROPERTYSET('3jNRHkoalB_Bc8xYPK5sV9',#6,'OPS_TaskIdentity',$,(#3159));
#3161=IFCRELDEFINESBYPROPERTIES('3wVgsO7b1AJTOJqM0tC7d3',#6,$,$,(#417),#3160);
#3162=IFCPROPERTYSINGLEVALUE('InternalTaskId',$,IFCTEXT('task-mula7xufrb24549'),$);
#3163=IFCPROPERTYSET('3yu3p9Fv5pSZVU19x6l6v1',#6,'OPS_TaskIdentity',$,(#3162));
#3164=IFCRELDEFINESBYPROPERTIES('1iFMW4yXcMGyngmNpkDBXg',#6,$,$,(#419),#3163);
#3165=IFCPROPERTYSINGLEVALUE('InternalTaskId',$,IFCTEXT('task-mula7xunheu0550'),$);
#3166=IFCPROPERTYSET('30D8lsavhPpMLgTTEjOzEM',#6,'OPS_TaskIdentity',$,(#3165));
#3167=IFCRELDEFINESBYPROPERTIES('010ydXEunap7xo2hxbMb_Q',#6,$,$,(#421),#3166);
#3168=IFCPROPERTYSINGLEVALUE('InternalTaskId',$,IFCTEXT('task-mula7xuw4hpp551'),$);
#3169=IFCPROPERTYSET('0d4DzJxI2oOl7Db_$qELXL',#6,'OPS_TaskIdentity',$,(#3168));
#3170=IFCRELDEFINESBYPROPERTIES('0RQb5g$hdA79c0aSEJT1dZ',#6,$,$,(#423),#3169);
#3171=IFCPROPERTYSINGLEVALUE('InternalTaskId',$,IFCTEXT('task-mula7xv84ltk552'),$);
#3172=IFCPROPERTYSET('0aYzamVmkbOkZBmHBFGrjl',#6,'OPS_TaskIdentity',$,(#3171));
#3173=IFCRELDEFINESBYPROPERTIES('11fJ14V3dL5UkZji6kUnGW',#6,$,$,(#425),#3172);
#3174=IFCPROPERTYSINGLEVALUE('InternalTaskId',$,IFCTEXT('task-mula7xvhmutt553'),$);
#3175=IFCPROPERTYSET('0JasotH6$oqDBJt8X3Nos3',#6,'OPS_TaskIdentity',$,(#3174));
#3176=IFCRELDEFINESBYPROPERTIES('0ukDXyjR0RieMXszrx4c7m',#6,$,$,(#427),#3175);
#3177=IFCPROPERTYSINGLEVALUE('InternalTaskId',$,IFCTEXT('task-mula7xvkx3ri554'),$);
#3178=IFCPROPERTYSET('23CWoTl$fx9D$xo_UEMw4w',#6,'OPS_TaskIdentity',$,(#3177));
#3179=IFCRELDEFINESBYPROPERTIES('0Oe5K3wqUa2UO2Aiz5kVgY',#6,$,$,(#429),#3178);
#3180=IFCPROPERTYSINGLEVALUE('InternalTaskId',$,IFCTEXT('task-mula7xvv6r47555'),$);
#3181=IFCPROPERTYSET('2fIOHoppeTEaiCJLPEJESo',#6,'OPS_TaskIdentity',$,(#3180));
#3182=IFCRELDEFINESBYPROPERTIES('0bheW9uFvXNSSKxcKJZFS7',#6,$,$,(#431),#3181);
#3183=IFCPROPERTYSINGLEVALUE('InternalTaskId',$,IFCTEXT('task-mula7xw94cbm556'),$);
#3184=IFCPROPERTYSET('1sDiUdwFmBQZ$LyzXVqVFH',#6,'OPS_TaskIdentity',$,(#3183));
#3185=IFCRELDEFINESBYPROPERTIES('2dqcYsyF5AooWW4iJx6zPo',#6,$,$,(#433),#3184);
#3186=IFCPROPERTYSINGLEVALUE('InternalTaskId',$,IFCTEXT('task-mula7xwm97nv558'),$);
#3187=IFCPROPERTYSET('0SidU_J645D5Oc$f8_ucbd',#6,'OPS_TaskIdentity',$,(#3186));
#3188=IFCRELDEFINESBYPROPERTIES('0wTXDglTZwhor3xzqP6Zt_',#6,$,$,(#435),#3187);
#3189=IFCPROPERTYSINGLEVALUE('InternalTaskId',$,IFCTEXT('task-mula7xwvpraa559'),$);
#3190=IFCPROPERTYSET('0$QbyD1668uNMjWvb36z_z',#6,'OPS_TaskIdentity',$,(#3189));
#3191=IFCRELDEFINESBYPROPERTIES('2ZR8hVEfk0gWsnKxwTEw4e',#6,$,$,(#437),#3190);
#3192=IFCPROPERTYSINGLEVALUE('InternalTaskId',$,IFCTEXT('task-mula7xx45rdf560'),$);
#3193=IFCPROPERTYSET('3pC5vQ2qOkUJoFqa$Y1Ien',#6,'OPS_TaskIdentity',$,(#3192));
#3194=IFCRELDEFINESBYPROPERTIES('2ZwRNv621cDnlh2$ZeTInY',#6,$,$,(#439),#3193);
#3195=IFCPROPERTYSINGLEVALUE('InternalTaskId',$,IFCTEXT('task-mula7xxdfawv561'),$);
#3196=IFCPROPERTYSET('0Uq5I3FrK_1MEg6jl9XtTQ',#6,'OPS_TaskIdentity',$,(#3195));
#3197=IFCRELDEFINESBYPROPERTIES('1Oohql160Fjd25Kbsb$rGj',#6,$,$,(#441),#3196);
#3198=IFCPROPERTYSINGLEVALUE('InternalTaskId',$,IFCTEXT('task-mula7xxm51i3562'),$);
#3199=IFCPROPERTYSET('05Ia_jPZSOmcJxVqsiSx9P',#6,'OPS_TaskIdentity',$,(#3198));
#3200=IFCRELDEFINESBYPROPERTIES('3pA6yfCMimv6yFo42IOABY',#6,$,$,(#443),#3199);
#3201=IFCPROPERTYSINGLEVALUE('InternalTaskId',$,IFCTEXT('task-mula7xxvoy39563'),$);
#3202=IFCPROPERTYSET('3fDubOcteH3MlaM3ALRJg1',#6,'OPS_TaskIdentity',$,(#3201));
#3203=IFCRELDEFINESBYPROPERTIES('1VJQ13KaB0s4z8CFRIRl9c',#6,$,$,(#445),#3202);
#3204=IFCPROPERTYSINGLEVALUE('InternalTaskId',$,IFCTEXT('task-mula7xy5k8zj564'),$);
#3205=IFCPROPERTYSET('3HPwcfjornQGSXf_ZYn9vR',#6,'OPS_TaskIdentity',$,(#3204));
#3206=IFCRELDEFINESBYPROPERTIES('0PFImDPhZBZ1gNd5ngKqiU',#6,$,$,(#447),#3205);
#3207=IFCPROPERTYSINGLEVALUE('InternalTaskId',$,IFCTEXT('task-mula7xydkf1o566'),$);
#3208=IFCPROPERTYSET('3huc$3S3Cz_tJG0lyNGrYy',#6,'OPS_TaskIdentity',$,(#3207));
#3209=IFCRELDEFINESBYPROPERTIES('1T7BKiWwqYRWLskiajHQUw',#6,$,$,(#449),#3208);
#3210=IFCPROPERTYSINGLEVALUE('InternalTaskId',$,IFCTEXT('task-mula7xym9jc9567'),$);
#3211=IFCPROPERTYSET('13LJzf2SjMJtyUI58Z$BpC',#6,'OPS_TaskIdentity',$,(#3210));
#3212=IFCRELDEFINESBYPROPERTIES('2VESwcfnhqLXm81OWXOd2B',#6,$,$,(#451),#3211);
#3213=IFCPROPERTYSINGLEVALUE('InternalTaskId',$,IFCTEXT('task-mula7xyv86r9568'),$);
#3214=IFCPROPERTYSET('2PeQlXH$THhBP7$fa4XUcU',#6,'OPS_TaskIdentity',$,(#3213));
#3215=IFCRELDEFINESBYPROPERTIES('3ntwrOgGbR$05vyua8EMzK',#6,$,$,(#453),#3214);
#3216=IFCPROPERTYSINGLEVALUE('InternalTaskId',$,IFCTEXT('task-mula7xz41nfj569'),$);
#3217=IFCPROPERTYSET('2pd_JBxQ0LADdcwVTv1DOL',#6,'OPS_TaskIdentity',$,(#3216));
#3218=IFCRELDEFINESBYPROPERTIES('3GrVJdMr_9slrsbkWe_fIk',#6,$,$,(#455),#3217);
#3219=IFCPROPERTYSINGLEVALUE('InternalTaskId',$,IFCTEXT('task-mula7xzfavzt570'),$);
#3220=IFCPROPERTYSET('1gX4V_VvzDTew7R9kP_vPK',#6,'OPS_TaskIdentity',$,(#3219));
#3221=IFCRELDEFINESBYPROPERTIES('1h_h_M85oEDg3nfLE9SbGK',#6,$,$,(#457),#3220);
#3222=IFCPROPERTYSINGLEVALUE('InternalTaskId',$,IFCTEXT('task-mula7xzoo8r8571'),$);
#3223=IFCPROPERTYSET('0$Z8Rn0MsgWGgSP_INKx2B',#6,'OPS_TaskIdentity',$,(#3222));
#3224=IFCRELDEFINESBYPROPERTIES('0GY0KiFKvVsWZImSZJspzW',#6,$,$,(#459),#3223);
#3225=IFCPROPERTYSINGLEVALUE('InternalTaskId',$,IFCTEXT('task-mula7xzxvjqc572'),$);
#3226=IFCPROPERTYSET('3u38tRZ3qVKw2yRtrar3Qq',#6,'OPS_TaskIdentity',$,(#3225));
#3227=IFCRELDEFINESBYPROPERTIES('1GVVNll_ELD9RdAv8y9nGk',#6,$,$,(#461),#3226);
#3228=IFCPROPERTYSINGLEVALUE('InternalTaskId',$,IFCTEXT('task-mula7y07h9yg573'),$);
#3229=IFCPROPERTYSET('3DVa_7M7kPlbpjOpgyRWtp',#6,'OPS_TaskIdentity',$,(#3228));
#3230=IFCRELDEFINESBYPROPERTIES('3zrcAS_MO6Em$uN0ylCYuO',#6,$,$,(#463),#3229);
#3231=IFCPROPERTYSINGLEVALUE('InternalTaskId',$,IFCTEXT('task-mula7y0hm6nr574'),$);
#3232=IFCPROPERTYSET('01EnUXA9Rbc7WuOV50KQ5r',#6,'OPS_TaskIdentity',$,(#3231));
#3233=IFCRELDEFINESBYPROPERTIES('1LkRHXXCUJdnoxZyKkkRM9',#6,$,$,(#465),#3232);
#3234=IFCPROPERTYSINGLEVALUE('InternalTaskId',$,IFCTEXT('task-mula7y0qjnuh575'),$);
#3235=IFCPROPERTYSET('2xw1$zHVmt$rm1qcuqy7n7',#6,'OPS_TaskIdentity',$,(#3234));
#3236=IFCRELDEFINESBYPROPERTIES('0rc3I1VKIkFNsm217N6yAp',#6,$,$,(#467),#3235);
#3237=IFCPROPERTYSINGLEVALUE('InternalTaskId',$,IFCTEXT('task-mula7y0zrhcr576'),$);
#3238=IFCPROPERTYSET('0QQzkXFMjOl4ITBOkPU$nm',#6,'OPS_TaskIdentity',$,(#3237));
#3239=IFCRELDEFINESBYPROPERTIES('2RRvQuDr0vNt$I6kc5gxpY',#6,$,$,(#469),#3238);
#3240=IFCPROPERTYSINGLEVALUE('InternalTaskId',$,IFCTEXT('task-mula7y1axt8b577'),$);
#3241=IFCPROPERTYSET('2vkzCrlKUeKylV2x0o3yuF',#6,'OPS_TaskIdentity',$,(#3240));
#3242=IFCRELDEFINESBYPROPERTIES('0S8jIRELnvhZ3aft9Sw7oA',#6,$,$,(#471),#3241);
#3243=IFCPROPERTYSINGLEVALUE('InternalTaskId',$,IFCTEXT('task-mula7y1ozhiv578'),$);
#3244=IFCPROPERTYSET('0YTkS_0clIErLChGt2OGqL',#6,'OPS_TaskIdentity',$,(#3243));
#3245=IFCRELDEFINESBYPROPERTIES('28pTlNVM4oz4Uh06sJJ9Xf',#6,$,$,(#473),#3244);
#3246=IFCPROPERTYSINGLEVALUE('InternalTaskId',$,IFCTEXT('task-mula7y1xdaa3579'),$);
#3247=IFCPROPERTYSET('0KsB7vd6ie8V0JsHax3LpK',#6,'OPS_TaskIdentity',$,(#3246));
#3248=IFCRELDEFINESBYPROPERTIES('0dZXNligmKu072HW$Egmhd',#6,$,$,(#475),#3247);
#3249=IFCPROPERTYSINGLEVALUE('InternalTaskId',$,IFCTEXT('task-mula7y26tfjd580'),$);
#3250=IFCPROPERTYSET('3H7JDryGTcvoFNYBhaJO0i',#6,'OPS_TaskIdentity',$,(#3249));
#3251=IFCRELDEFINESBYPROPERTIES('3HttrCA3z1ysMUAjRnbc76',#6,$,$,(#477),#3250);
#3252=IFCPROPERTYSINGLEVALUE('InternalTaskId',$,IFCTEXT('task-mula7y2fn1x4581'),$);
#3253=IFCPROPERTYSET('0EXolCS961ytt250Io5HDm',#6,'OPS_TaskIdentity',$,(#3252));
#3254=IFCRELDEFINESBYPROPERTIES('1Wk7xI$Iu3yiSRjf4QXw6V',#6,$,$,(#479),#3253);
#3255=IFCPROPERTYSINGLEVALUE('InternalTaskId',$,IFCTEXT('task-mula7y2o8f7n582'),$);
#3256=IFCPROPERTYSET('0blPGa6xe6woI0sQ$DhIDu',#6,'OPS_TaskIdentity',$,(#3255));
#3257=IFCRELDEFINESBYPROPERTIES('3ImlpO2hALhHjSenK5ZJAO',#6,$,$,(#481),#3256);
#3258=IFCPROPERTYSINGLEVALUE('InternalTaskId',$,IFCTEXT('task-mula7y2zindz583'),$);
#3259=IFCPROPERTYSET('2mLLzoiSOUG8uPqY97gF__',#6,'OPS_TaskIdentity',$,(#3258));
#3260=IFCRELDEFINESBYPROPERTIES('2$_xCc48j$y2L3hZuF7kTP',#6,$,$,(#483),#3259);
#3261=IFCPROPERTYSINGLEVALUE('InternalTaskId',$,IFCTEXT('task-mula7y3a0ber584'),$);
#3262=IFCPROPERTYSET('3iByTy9XI7lzfsFEsVyOm7',#6,'OPS_TaskIdentity',$,(#3261));
#3263=IFCRELDEFINESBYPROPERTIES('2mV1N9SjXEiaLXjNHtDybi',#6,$,$,(#485),#3262);
#3264=IFCPROPERTYSINGLEVALUE('InternalTaskId',$,IFCTEXT('task-mula7y3mw2ax585'),$);
#3265=IFCPROPERTYSET('1UQXt8b21dhJ6$3SPJQXGN',#6,'OPS_TaskIdentity',$,(#3264));
#3266=IFCRELDEFINESBYPROPERTIES('39AZYpVOjkVm4QP3vYshfA',#6,$,$,(#487),#3265);
#3267=IFCPROPERTYSINGLEVALUE('InternalTaskId',$,IFCTEXT('task-mula7y3wowla586'),$);
#3268=IFCPROPERTYSET('0iHljMM$1LLrBB8hwoHjpW',#6,'OPS_TaskIdentity',$,(#3267));
#3269=IFCRELDEFINESBYPROPERTIES('3EDk5G$VBRic_5pa8H83fn',#6,$,$,(#489),#3268);
#3270=IFCPROPERTYSINGLEVALUE('InternalTaskId',$,IFCTEXT('task-mula7y47i5ql587'),$);
#3271=IFCPROPERTYSET('1vMl29OYBzUsT4vrDOIwnk',#6,'OPS_TaskIdentity',$,(#3270));
#3272=IFCRELDEFINESBYPROPERTIES('2LWSq56YK$jxtHZlWf6I1W',#6,$,$,(#491),#3271);
#3273=IFCPROPERTYSINGLEVALUE('InternalTaskId',$,IFCTEXT('task-mula7y4f3ov7588'),$);
#3274=IFCPROPERTYSET('3nPixBXih$1igJJk7LNcsu',#6,'OPS_TaskIdentity',$,(#3273));
#3275=IFCRELDEFINESBYPROPERTIES('0w83X5NCbY0C0jVbtIksIC',#6,$,$,(#493),#3274);
#3276=IFCPROPERTYSINGLEVALUE('InternalTaskId',$,IFCTEXT('task-mula7y4ppqx5589'),$);
#3277=IFCPROPERTYSET('3w2az4SEBd4EchOMHdbZbM',#6,'OPS_TaskIdentity',$,(#3276));
#3278=IFCRELDEFINESBYPROPERTIES('2gl5LTZgVcV_PRWiZj$Uf5',#6,$,$,(#495),#3277);
#3279=IFCPROPERTYSINGLEVALUE('InternalTaskId',$,IFCTEXT('task-mula7y4y9uh4590'),$);
#3280=IFCPROPERTYSET('3HW9qsp8ZtJJ8uRtLqxKSO',#6,'OPS_TaskIdentity',$,(#3279));
#3281=IFCRELDEFINESBYPROPERTIES('0$Kz$8rBTSAG546AwJs$ve',#6,$,$,(#497),#3280);
#3282=IFCPROPERTYSINGLEVALUE('InternalTaskId',$,IFCTEXT('task-mula7y56s90i591'),$);
#3283=IFCPROPERTYSET('0HKfwUOTIZL5w7dN851vMi',#6,'OPS_TaskIdentity',$,(#3282));
#3284=IFCRELDEFINESBYPROPERTIES('3bsQ1TWMeYiSFLVRv7$LMz',#6,$,$,(#499),#3283);
#3285=IFCPROPERTYSINGLEVALUE('InternalTaskId',$,IFCTEXT('task-mula7y5gcnhi592'),$);
#3286=IFCPROPERTYSET('1t6L7SyqnCV0lo1nF2dBMy',#6,'OPS_TaskIdentity',$,(#3285));
#3287=IFCRELDEFINESBYPROPERTIES('3U8Soa3A51NT5RxwxNrj03',#6,$,$,(#501),#3286);
#3288=IFCPROPERTYSINGLEVALUE('InternalTaskId',$,IFCTEXT('task-mula7y5oqes3593'),$);
#3289=IFCPROPERTYSET('2X3z5eqXVZtIkrjA5g7KxH',#6,'OPS_TaskIdentity',$,(#3288));
#3290=IFCRELDEFINESBYPROPERTIES('2qElQBTNeSrpz5PL3COeYS',#6,$,$,(#503),#3289);
#3291=IFCPROPERTYSINGLEVALUE('InternalTaskId',$,IFCTEXT('task-mula7y5y3ecs594'),$);
#3292=IFCPROPERTYSET('1WIAbaxYVSOBSOpZl4jJaT',#6,'OPS_TaskIdentity',$,(#3291));
#3293=IFCRELDEFINESBYPROPERTIES('3Rjw2NA$IHziaHQklQwJRg',#6,$,$,(#505),#3292);
#3294=IFCPROPERTYSINGLEVALUE('InternalTaskId',$,IFCTEXT('task-mula7y6727tk595'),$);
#3295=IFCPROPERTYSET('3Wuu_z0YMVnfL6GEwvfLvd',#6,'OPS_TaskIdentity',$,(#3294));
#3296=IFCRELDEFINESBYPROPERTIES('1UqzAiAjjMlaAIiKcWLinW',#6,$,$,(#507),#3295);
#3297=IFCPROPERTYSINGLEVALUE('InternalTaskId',$,IFCTEXT('task-mula7y6gu4mu596'),$);
#3298=IFCPROPERTYSET('24Uiq93WqENIbElxmH3CAd',#6,'OPS_TaskIdentity',$,(#3297));
#3299=IFCRELDEFINESBYPROPERTIES('0cxI_mVzY2B$C_PbxQdcFt',#6,$,$,(#509),#3298);
#3300=IFCPROPERTYSINGLEVALUE('InternalTaskId',$,IFCTEXT('task-mula7y6qbzv0597'),$);
#3301=IFCPROPERTYSET('2gp2DmiUXiykFzYobHDmNl',#6,'OPS_TaskIdentity',$,(#3300));
#3302=IFCRELDEFINESBYPROPERTIES('2goo40otdivY9Q_M3P_Ikr',#6,$,$,(#511),#3301);
#3303=IFCPROPERTYSINGLEVALUE('InternalTaskId',$,IFCTEXT('task-mula7y70a79w598'),$);
#3304=IFCPROPERTYSET('2j8XHWD6atvU0ErpZI7seo',#6,'OPS_TaskIdentity',$,(#3303));
#3305=IFCRELDEFINESBYPROPERTIES('0c03x4ob6JXje_Evl4RfuE',#6,$,$,(#513),#3304);
#3306=IFCPROPERTYSINGLEVALUE('InternalTaskId',$,IFCTEXT('task-mula7y7ah41w599'),$);
#3307=IFCPROPERTYSET('0GcGgQ4_cOIu6aZne5Gjqj',#6,'OPS_TaskIdentity',$,(#3306));
#3308=IFCRELDEFINESBYPROPERTIES('2wiYott$KhNOziviOH8HQz',#6,$,$,(#515),#3307);
#3309=IFCPROPERTYSINGLEVALUE('InternalTaskId',$,IFCTEXT('task-mula7y7lh7t1600'),$);
#3310=IFCPROPERTYSET('26YWREWV0NAfB9ZhL1LUth',#6,'OPS_TaskIdentity',$,(#3309));
#3311=IFCRELDEFINESBYPROPERTIES('3IckB1zsFuKlB$9jcx6t5C',#6,$,$,(#517),#3310);
#3312=IFCPROPERTYSINGLEVALUE('InternalTaskId',$,IFCTEXT('task-mula7y7vygnt601'),$);
#3313=IFCPROPERTYSET('1Lu_GhhHjJoLa8ExkvO0rR',#6,'OPS_TaskIdentity',$,(#3312));
#3314=IFCRELDEFINESBYPROPERTIES('3B1YXOTSe8XaIO4tijsY5z',#6,$,$,(#519),#3313);
#3315=IFCPROPERTYSINGLEVALUE('InternalTaskId',$,IFCTEXT('task-mula7y858hpw602'),$);
#3316=IFCPROPERTYSET('1cbwpWB1E6CpaF77BrV$zP',#6,'OPS_TaskIdentity',$,(#3315));
#3317=IFCRELDEFINESBYPROPERTIES('21EVPAghdb$oafA4OHhikV',#6,$,$,(#521),#3316);
#3318=IFCPROPERTYSINGLEVALUE('InternalTaskId',$,IFCTEXT('task-mula7y8fv669603'),$);
#3319=IFCPROPERTYSET('0wHsnieLQSwxgqhQ5s49WL',#6,'OPS_TaskIdentity',$,(#3318));
#3320=IFCRELDEFINESBYPROPERTIES('1l5KCEww5BZ1RCMcc0aDS2',#6,$,$,(#523),#3319);
#3321=IFCPROPERTYSINGLEVALUE('InternalTaskId',$,IFCTEXT('task-mula7y8nkzv6604'),$);
#3322=IFCPROPERTYSET('16_Fy2rfFAfqlHZtvhpiwX',#6,'OPS_TaskIdentity',$,(#3321));
#3323=IFCRELDEFINESBYPROPERTIES('1iJNKVyrWEEnEV4vE2RS1a',#6,$,$,(#525),#3322);
#3324=IFCPROPERTYSINGLEVALUE('InternalTaskId',$,IFCTEXT('task-mula7y8wpk9d605'),$);
#3325=IFCPROPERTYSET('38gCZt93PdPX3Mir4otfud',#6,'OPS_TaskIdentity',$,(#3324));
#3326=IFCRELDEFINESBYPROPERTIES('3kT5qEf7qhfcy9B84crg4D',#6,$,$,(#527),#3325);
#3327=IFCPROPERTYSINGLEVALUE('InternalTaskId',$,IFCTEXT('task-mula7y978169606'),$);
#3328=IFCPROPERTYSET('0AtQIgC2pBR$09flTUuFqp',#6,'OPS_TaskIdentity',$,(#3327));
#3329=IFCRELDEFINESBYPROPERTIES('2y1Pa74mI3K6c6qOgewXRK',#6,$,$,(#529),#3328);
#3330=IFCPROPERTYSINGLEVALUE('InternalTaskId',$,IFCTEXT('task-mula7y9ktcuy608'),$);
#3331=IFCPROPERTYSET('2R$dFO0yiwAMMeueYH9iKr',#6,'OPS_TaskIdentity',$,(#3330));
#3332=IFCRELDEFINESBYPROPERTIES('1wvQvF1_K2hya2vn7TeqMP',#6,$,$,(#531),#3331);
#3333=IFCPROPERTYSINGLEVALUE('InternalTaskId',$,IFCTEXT('task-mula7y9td169609'),$);
#3334=IFCPROPERTYSET('3Yilbf3J7_jR4jhrai7N6V',#6,'OPS_TaskIdentity',$,(#3333));
#3335=IFCRELDEFINESBYPROPERTIES('1jWQU4UZ9xljJ3dqotEfCq',#6,$,$,(#533),#3334);
#3336=IFCPROPERTYSINGLEVALUE('InternalTaskId',$,IFCTEXT('task-mula7ya39e68610'),$);
#3337=IFCPROPERTYSET('1M33HZfTghUgUJGjpprvGK',#6,'OPS_TaskIdentity',$,(#3336));
#3338=IFCRELDEFINESBYPROPERTIES('0x1GI0rQ7nfrRmehQq2e8r',#6,$,$,(#535),#3337);
#3339=IFCPROPERTYSINGLEVALUE('InternalTaskId',$,IFCTEXT('task-mula7yacfwyc611'),$);
#3340=IFCPROPERTYSET('1V1gAGQOpUq6AhYoXQhs0P',#6,'OPS_TaskIdentity',$,(#3339));
#3341=IFCRELDEFINESBYPROPERTIES('0OIekiD3n9QbQ0qLrVehMr',#6,$,$,(#537),#3340);
#3342=IFCPROPERTYSINGLEVALUE('InternalTaskId',$,IFCTEXT('task-mula7yam3n2k612'),$);
#3343=IFCPROPERTYSET('2wLtOLW5Mq8voYaCfaPmPg',#6,'OPS_TaskIdentity',$,(#3342));
#3344=IFCRELDEFINESBYPROPERTIES('2$pL4lHlpq351p9sFMiruc',#6,$,$,(#539),#3343);
#3345=IFCPROPERTYSINGLEVALUE('InternalTaskId',$,IFCTEXT('task-mula7yawnsn5613'),$);
#3346=IFCPROPERTYSET('3O_CH5ZAxhg3r2bWV61sL3',#6,'OPS_TaskIdentity',$,(#3345));
#3347=IFCRELDEFINESBYPROPERTIES('2iyMjfozKdYWItASvNjUBN',#6,$,$,(#541),#3346);
#3348=IFCPROPERTYSINGLEVALUE('InternalTaskId',$,IFCTEXT('task-mula7yb62k2n614'),$);
#3349=IFCPROPERTYSET('09$fHvPopRNo_pH6FRV6J$',#6,'OPS_TaskIdentity',$,(#3348));
#3350=IFCRELDEFINESBYPROPERTIES('0m8NVXdm6BnZ8qsvIvs7hq',#6,$,$,(#543),#3349);
#3351=IFCPROPERTYSINGLEVALUE('InternalTaskId',$,IFCTEXT('task-mula7ybfgcyb615'),$);
#3352=IFCPROPERTYSET('0amQfNbuPGG6OMhNQCrEjs',#6,'OPS_TaskIdentity',$,(#3351));
#3353=IFCRELDEFINESBYPROPERTIES('0AEhct8dxnY5rQlCoCWcoN',#6,$,$,(#545),#3352);
#3354=IFCPROPERTYSINGLEVALUE('InternalTaskId',$,IFCTEXT('task-mula7ybpkjtl616'),$);
#3355=IFCPROPERTYSET('0OpkVuWe8hhxE1GJmZTpnH',#6,'OPS_TaskIdentity',$,(#3354));
#3356=IFCRELDEFINESBYPROPERTIES('3WjtGpsLoDJpVwtEoijFq3',#6,$,$,(#547),#3355);
#3357=IFCPROPERTYSINGLEVALUE('InternalTaskId',$,IFCTEXT('task-mula7ybzt5n9617'),$);
#3358=IFCPROPERTYSET('2fBQF28NmGq78iRwBkjfkN',#6,'OPS_TaskIdentity',$,(#3357));
#3359=IFCRELDEFINESBYPROPERTIES('3B70o$KA6ZYXcfHfvYfjhw',#6,$,$,(#549),#3358);
#3360=IFCPROPERTYSINGLEVALUE('InternalTaskId',$,IFCTEXT('task-mula7yc99uve618'),$);
#3361=IFCPROPERTYSET('0sOh0EBX142j5DkolvTAZO',#6,'OPS_TaskIdentity',$,(#3360));
#3362=IFCRELDEFINESBYPROPERTIES('08NfOmYbCWnbbALW6VsS3v',#6,$,$,(#551),#3361);
#3363=IFCPROPERTYSINGLEVALUE('InternalTaskId',$,IFCTEXT('task-mula7ycjt7jc619'),$);
#3364=IFCPROPERTYSET('3voX2SkdZ8bNO7o4f6dA36',#6,'OPS_TaskIdentity',$,(#3363));
#3365=IFCRELDEFINESBYPROPERTIES('3$NzntZ5a83JMNzIwf5ANy',#6,$,$,(#553),#3364);
#3366=IFCPROPERTYSINGLEVALUE('InternalTaskId',$,IFCTEXT('task-mula7ycsaxk2620'),$);
#3367=IFCPROPERTYSET('2CZIS8HCTXLWS4lIh0bqsB',#6,'OPS_TaskIdentity',$,(#3366));
#3368=IFCRELDEFINESBYPROPERTIES('04YVtcp6IOySbtjgGvEUNi',#6,$,$,(#555),#3367);
#3369=IFCPROPERTYSINGLEVALUE('InternalTaskId',$,IFCTEXT('task-mula7yd273vn621'),$);
#3370=IFCPROPERTYSET('3wNO$GBn1kmH3Ig$pfFuEk',#6,'OPS_TaskIdentity',$,(#3369));
#3371=IFCRELDEFINESBYPROPERTIES('1VzUYXuG7bGlh61wbbalyr',#6,$,$,(#557),#3370);
#3372=IFCPROPERTYSINGLEVALUE('InternalTaskId',$,IFCTEXT('task-mula7ydc31oh622'),$);
#3373=IFCPROPERTYSET('2f$7j3iBkR36445oYa6huq',#6,'OPS_TaskIdentity',$,(#3372));
#3374=IFCRELDEFINESBYPROPERTIES('24iXX6xNszpv6mSf_r5dAL',#6,$,$,(#559),#3373);
#3375=IFCPROPERTYSINGLEVALUE('InternalTaskId',$,IFCTEXT('task-mula7ydnsxv4623'),$);
#3376=IFCPROPERTYSET('0moyyQtBth76B3q9IEL$It',#6,'OPS_TaskIdentity',$,(#3375));
#3377=IFCRELDEFINESBYPROPERTIES('1ghzczD0I5ScYkngkFwdYO',#6,$,$,(#561),#3376);
#3378=IFCPROPERTYSINGLEVALUE('InternalTaskId',$,IFCTEXT('task-mula7zn2yrz21080'),$);
#3379=IFCPROPERTYSET('1pMRpJQoCQvYclYb8roL9p',#6,'OPS_TaskIdentity',$,(#3378));
#3380=IFCRELDEFINESBYPROPERTIES('3uOw060rRxYo0ypUtv$l8H',#6,$,$,(#563),#3379);
#3381=IFCPROPERTYSINGLEVALUE('ConstraintType',$,IFCLABEL('MSO'),$);
#3382=IFCPROPERTYSINGLEVALUE('ConstraintDate',$,IFCDATE('2027-03-11'),$);
#3383=IFCPROPERTYSINGLEVALUE('Hard',$,IFCBOOLEAN(.T.),$);
#3384=IFCPROPERTYSET('2eymZetxg6V2s5hoLr4lGM',#6,'OPS_Constraints',$,(#3381,#3382,#3383));
#3385=IFCRELDEFINESBYPROPERTIES('0ueijcPOZv9m7b2koaMEoV',#6,$,$,(#53),#3384);
#3386=IFCPROPERTYSINGLEVALUE('ConstraintType2',$,IFCLABEL('SNLT'),$);
#3387=IFCPROPERTYSINGLEVALUE('ConstraintDate2',$,IFCDATE('2028-04-24'),$);
#3388=IFCPROPERTYSET('1FuQZL9GJaWzHobsNnHK5l',#6,'OPS_Constraints',$,(#3386,#3387));
#3389=IFCRELDEFINESBYPROPERTIES('0j3SKAcaPVVWTKuFTQkQ6C',#6,$,$,(#387),#3388);
#3390=IFCPROPERTYSINGLEVALUE('Deadline',$,IFCDATE('2029-04-23'),$);
#3391=IFCPROPERTYSET('3uV_kvWGm7ekCzGup$mnSE',#6,'OPS_Constraints',$,(#3390));
#3392=IFCRELDEFINESBYPROPERTIES('2HRTxcvw0SorsrjxsXGzLz',#6,$,$,(#557),#3391);
#3393=IFCPROPERTYSINGLEVALUE('Links',$,IFCTEXT('[{"direction":"predecessor","relType":"FS","lagDays":0,"anchorDate":"2027-04-06","sourceRef":{"projectId":"proj-mula7vf4e4fl3","projectName":"Site Works Subcontractor","taskId":"task-mula7vfyrw3411","taskName":"Site ready for main contractor paving","filePath":"examples/showcase-groot-terrein-onderaannemer.ifc"},"sourceMissing":true,"id":"extlink-mula7y9a8wtb607"}]'),$);
#3394=IFCPROPERTYSET('3bw9KM4oBT4XZ59QNRFfkz',#6,'OPS_ExternalLink',$,(#3393));
#3395=IFCRELDEFINESBYPROPERTIES('3rckN6DPiGDPVU39VFK0Yx',#6,$,$,(#529),#3394);
#3396=IFCPROPERTYSINGLEVALUE('IsHammock',$,IFCBOOLEAN(.T.),$);
#3397=IFCPROPERTYSET('31lIdhzT8kSSB4z9yBxlV3',#6,'OPS_Hammock',$,(#3396));
#3398=IFCRELDEFINESBYPROPERTIES('0cVSs4ePtJWhYKjkcdTzeX',#6,$,$,(#293),#3397);
#3399=IFCPROPERTYSINGLEVALUE('MilestoneKind',$,IFCLABEL('START'),$);
#3400=IFCPROPERTYSET('1hbR$EHKtDufn6QGUGXMgD',#6,'OPS_Milestone',$,(#3399));
#3401=IFCRELDEFINESBYPROPERTIES('2qCw5jvOB$QqkzTgvh0RfN',#6,$,$,(#45),#3400);
#3402=IFCPROPERTYSINGLEVALUE('MilestoneKind',$,IFCLABEL('FINISH'),$);
#3403=IFCPROPERTYSINGLEVALUE('Mandatory',$,IFCBOOLEAN(.T.),$);
#3404=IFCPROPERTYSET('3jwDkvOE1nTERsEuVKQrDC',#6,'OPS_Milestone',$,(#3402,#3403));
#3405=IFCRELDEFINESBYPROPERTIES('3Cud_zdslXR7gVmE8pmCH2',#6,$,$,(#63),#3404);
#3406=IFCPROPERTYSINGLEVALUE('MilestoneKind',$,IFCLABEL('FINISH'),$);
#3407=IFCPROPERTYSINGLEVALUE('Mandatory',$,IFCBOOLEAN(.T.),$);
#3408=IFCPROPERTYSET('0JGsqVPdxNdy_ylFLT8kqK',#6,'OPS_Milestone',$,(#3406,#3407));
#3409=IFCRELDEFINESBYPROPERTIES('0GaOwpd$jFTXjbBQZi3N$P',#6,$,$,(#113),#3408);
#3410=IFCPROPERTYSINGLEVALUE('MilestoneKind',$,IFCLABEL('FINISH'),$);
#3411=IFCPROPERTYSET('1gRbhk7urBenRB7AlN1X41',#6,'OPS_Milestone',$,(#3410));
#3412=IFCRELDEFINESBYPROPERTIES('1y7ty93fvCkBF4280pSZo8',#6,$,$,(#175),#3411);
#3413=IFCPROPERTYSINGLEVALUE('MilestoneKind',$,IFCLABEL('FINISH'),$);
#3414=IFCPROPERTYSET('0tq4UxTQoSXlR2NzUErpkb',#6,'OPS_Milestone',$,(#3413));
#3415=IFCRELDEFINESBYPROPERTIES('10t0BJLEYDPMjuyuo3CPOK',#6,$,$,(#233),#3414);
#3416=IFCPROPERTYSINGLEVALUE('MilestoneKind',$,IFCLABEL('FINISH'),$);
#3417=IFCPROPERTYSET('2QyzAUBETBPG5QIEsciHv1',#6,'OPS_Milestone',$,(#3416));
#3418=IFCRELDEFINESBYPROPERTIES('186pH0gieoLZmUyfrjnJR2',#6,$,$,(#291),#3417);
#3419=IFCPROPERTYSINGLEVALUE('MilestoneKind',$,IFCLABEL('FINISH'),$);
#3420=IFCPROPERTYSINGLEVALUE('Mandatory',$,IFCBOOLEAN(.T.),$);
#3421=IFCPROPERTYSET('3rxe3m_t84ioXldDnoyWsR',#6,'OPS_Milestone',$,(#3419,#3420));
#3422=IFCRELDEFINESBYPROPERTIES('0aIqlxjgSfmr3OlxfaZVSo',#6,$,$,(#389),#3421);
#3423=IFCPROPERTYSINGLEVALUE('MilestoneKind',$,IFCLABEL('FINISH'),$);
#3424=IFCPROPERTYSINGLEVALUE('Mandatory',$,IFCBOOLEAN(.T.),$);
#3425=IFCPROPERTYSET('2Qis7puyLwTOlVsPZ6VL2_',#6,'OPS_Milestone',$,(#3423,#3424));
#3426=IFCRELDEFINESBYPROPERTIES('0RSLxbjcVMUpTNbjiihpbc',#6,$,$,(#407),#3425);
#3427=IFCPROPERTYSINGLEVALUE('MilestoneKind',$,IFCLABEL('FINISH'),$);
#3428=IFCPROPERTYSINGLEVALUE('Mandatory',$,IFCBOOLEAN(.T.),$);
#3429=IFCPROPERTYSET('3X91NDAYofT$o$9ZJLt_Dn',#6,'OPS_Milestone',$,(#3427,#3428));
#3430=IFCRELDEFINESBYPROPERTIES('2bBoOXRe254WTdMhFWtDg4',#6,$,$,(#425),#3429);
#3431=IFCPROPERTYSINGLEVALUE('MilestoneKind',$,IFCLABEL('FINISH'),$);
#3432=IFCPROPERTYSINGLEVALUE('Mandatory',$,IFCBOOLEAN(.T.),$);
#3433=IFCPROPERTYSET('151UIoP_ym5JHvkJoD544Y',#6,'OPS_Milestone',$,(#3431,#3432));
#3434=IFCRELDEFINESBYPROPERTIES('1Si0epZPx$lpUqxCnzLL5l',#6,$,$,(#519),#3433);
#3435=IFCPROPERTYSINGLEVALUE('MilestoneKind',$,IFCLABEL('START'),$);
#3436=IFCPROPERTYSET('2R4Jv3GgBzpmme44SBvuxg',#6,'OPS_Milestone',$,(#3435));
#3437=IFCRELDEFINESBYPROPERTIES('3o6oiFNIYhITf3qbd5Il_U',#6,$,$,(#523),#3436);
#3438=IFCPROPERTYSINGLEVALUE('MilestoneKind',$,IFCLABEL('FINISH'),$);
#3439=IFCPROPERTYSINGLEVALUE('Mandatory',$,IFCBOOLEAN(.T.),$);
#3440=IFCPROPERTYSET('27Il_aKwFmqCCXhuoEIk2S',#6,'OPS_Milestone',$,(#3438,#3439));
#3441=IFCRELDEFINESBYPROPERTIES('0BtBPdOZrribdSXqJQXICd',#6,$,$,(#541),#3440);
#3442=IFCPROPERTYSINGLEVALUE('MilestoneKind',$,IFCLABEL('FINISH'),$);
#3443=IFCPROPERTYSINGLEVALUE('Mandatory',$,IFCBOOLEAN(.T.),$);
#3444=IFCPROPERTYSET('3KrOmx2yS79HWI4RsUFni0',#6,'OPS_Milestone',$,(#3442,#3443));
#3445=IFCRELDEFINESBYPROPERTIES('0H6erBJdurL6pBdWoRZTWg',#6,$,$,(#545),#3444);
#3446=IFCPROPERTYSINGLEVALUE('MilestoneKind',$,IFCLABEL('FINISH'),$);
#3447=IFCPROPERTYSINGLEVALUE('Mandatory',$,IFCBOOLEAN(.T.),$);
#3448=IFCPROPERTYSET('39KqE2rNr0XRK2yHi9no2C',#6,'OPS_Milestone',$,(#3446,#3447));
#3449=IFCRELDEFINESBYPROPERTIES('0HastDfAiBP2ji4AogELoH',#6,$,$,(#547),#3448);
#3450=IFCPROPERTYSINGLEVALUE('MilestoneKind',$,IFCLABEL('FINISH'),$);
#3451=IFCPROPERTYSINGLEVALUE('Mandatory',$,IFCBOOLEAN(.T.),$);
#3452=IFCPROPERTYSET('09e0vnfHT$qAWtiYPfUWQp',#6,'OPS_Milestone',$,(#3450,#3451));
#3453=IFCRELDEFINESBYPROPERTIES('1dcoHQnErp_TG7mHUezN6G',#6,$,$,(#549),#3452);
#3454=IFCPROPERTYSINGLEVALUE('MilestoneKind',$,IFCLABEL('FINISH'),$);
#3455=IFCPROPERTYSINGLEVALUE('Mandatory',$,IFCBOOLEAN(.T.),$);
#3456=IFCPROPERTYSET('0plXjSoV8FHS0zH7g559ZG',#6,'OPS_Milestone',$,(#3454,#3455));
#3457=IFCRELDEFINESBYPROPERTIES('1Iart9yGweOfhDyoZ7qHpm',#6,$,$,(#557),#3456);
#3458=IFCPROPERTYSINGLEVALUE('MilestoneKind',$,IFCLABEL('START'),$);
#3459=IFCPROPERTYSET('1daA9QskJq5XbkTRQ4lCBf',#6,'OPS_Milestone',$,(#3458));
#3460=IFCRELDEFINESBYPROPERTIES('07kdSiIAT5Qpks24WK9pT0',#6,$,$,(#559),#3459);
#3461=IFCPROPERTYSINGLEVALUE('Notes',$,IFCTEXT('[{"id":"note-mula7xwmst2z557","text":"Check kitchen appliance delivery with the supplier","done":false}]'),$);
#3462=IFCPROPERTYSET('0UKfTolfDWaZ9nenvLgYbZ',#6,'OPS_TaskNotes',$,(#3461));
#3463=IFCRELDEFINESBYPROPERTIES('1eFBtrpN2F0vshpr28gt2w',#6,$,$,(#435),#3462);
#3464=IFCPROPERTYSINGLEVALUE('Notes',$,IFCTEXT('[{"id":"note-mula7xyd2d2t565","text":"Moisture readings taken on walls","done":true}]'),$);
#3465=IFCPROPERTYSET('3wajRXZoI5EAzBzjvXZOuq',#6,'OPS_TaskNotes',$,(#3464));
#3466=IFCRELDEFINESBYPROPERTIES('393_eARebnnfUV4swxcG09',#6,$,$,(#449),#3465);
#3467=IFCPROPERTYSINGLEVALUE('Baselines',$,IFCTEXT('[{"id":"baseline-mula7zmw7yat1079","name":"Contract","createdAt":"2026-09-28T13:27:18.825Z","tasks":[{"taskId":"task-mula7wrdegki362","start":"2027-03-01","finish":"2027-03-01","duration":0,"isMilestone":true,"milestoneKind":"START"},{"taskId":"task-mula7wrkocww364","start":"2027-03-01","finish":"2027-03-03","duration":3,"isMilestone":false},{"taskId":"task-mula7wrqk39s365","start":"2027-03-04","finish":"2027-03-17","duration":10,"isMilestone":false},{"taskId":"task-mula7wrwmysc366","start":"2027-03-11","finish":"2027-03-15","duration":3,"isMilestone":false},{"taskId":"task-mula7ws19vjm367","start":"2027-03-18","finish":"2027-03-23","duration":4,"isMilestone":false},{"taskId":"task-mula7ws691qv368","start":"2027-03-24","finish":"2027-03-25","duration":2,"isMilestone":false},{"taskId":"task-mula7wsb8z05369","start":"2027-03-30","finish":"2027-04-02","duration":4,"isMilestone":false},{"taskId":"task-mula7wsgcdv5370","start":"2027-04-05","finish":"2027-04-09","duration":5,"isMilestone":false},{"taskId":"task-mula7wsmsjud371","start":"2027-04-09","finish":"2027-04-09","duration":0,"isMilestone":true,"milestoneKind":"FINISH"},{"taskId":"task-mula7wsvkrff373","start":"2027-04-12","finish":"2027-04-13","duration":2,"isMilestone":false},{"taskId":"task-mula7wt1dtor374","start":"2027-04-14","finish":"2027-04-21","duration":6,"isMilestone":false},{"taskId":"task-mula7wt7ny45375","start":"2027-04-22","finish":"2027-04-29","duration":5,"isMilestone":false},{"taskId":"task-mula7wtd8eh4376","start":"2027-04-30","finish":"2027-05-07","duration":4,"isMilestone":false},{"taskId":"task-mula7wtlp87c377","start":"2027-05-10","finish":"2027-05-12","duration":3,"isMilestone":false},{"taskId":"task-mula7wtrwjkl378","start":"2027-05-13T07:00","finish":"2027-05-20T15:00","duration":5,"isMilestone":false},{"taskId":"task-mula7wtyttek379","start":"2027-05-21T07:00","finish":"2027-05-27T15:00","duration":5,"isMilestone":false},{"taskId":"task-mula7wu5o9to380","start":"2027-05-28T07:00","finish":"2027-06-03T15:00","duration":5,"isMilestone":false},{"taskId":"task-mula7wubyvaf381","start":"2027-06-04T07:00","finish":"2027-06-10T15:00","duration":5,"isMilestone":false},{"taskId":"task-mula7wuh2u9o382","start":"2027-05-10","finish":"2027-05-12","duration":3,"isMilestone":false},{"taskId":"task-mula7wuo13vk383","start":"2027-05-13T07:00","finish":"2027-05-20T15:00","duration":5,"isMilestone":false},{"taskId":"task-mula7wuvssy5384","start":"2027-05-21T07:00","finish":"2027-05-27T15:00","duration":5,"isMilestone":false},{"taskId":"task-mula7wv2f34t385","start":"2027-05-28T07:00","finish":"2027-06-03T15:00","duration":5,"isMilestone":false},{"taskId":"task-mula7wv90gjg386","start":"2027-06-04T07:00","finish":"2027-06-10T15:00","duration":5,"isMilestone":false},{"taskId":"task-mula7wvgv3q2387","start":"2027-05-10","finish":"2027-05-12","duration":3,"isMilestone":false},{"taskId":"task-mula7wvnsxbf388","start":"2027-05-13T07:00","finish":"2027-05-20T15:00","duration":5,"isMilestone":false},{"taskId":"task-mula7wvuesoo389","start":"2027-05-21T07:00","finish":"2027-05-27T15:00","duration":5,"isMilestone":false},{"taskId":"task-mula7ww049dp390","start":"2027-05-28T07:00","finish":"2027-06-03T15:00","duration":5,"isMilestone":false},{"taskId":"task-mula7ww70oly391","start":"2027-06-04T07:00","finish":"2027-06-10T15:00","duration":5,"isMilestone":false},{"taskId":"task-mula7wwfbaz6392","start":"2027-06-14","finish":"2027-06-16","duration":3,"isMilestone":false},{"taskId":"task-mula7wwmwhka393","start":"2027-06-17","finish":"2027-06-21","duration":3,"isMilestone":false},{"taskId":"task-mula7wwtr4r0394","start":"2027-06-22","finish":"2027-06-28","duration":5,"isMilestone":false},{"taskId":"task-mula7wx0s3zq395","start":"2027-06-29","finish":"2027-06-30","duration":2,"isMilestone":false},{"taskId":"task-mula7wx70go9396","start":"2027-06-30","finish":"2027-06-30","duration":0,"isMilestone":true,"milestoneKind":"FINISH"},{"taskId":"task-mula7wxgy6sg398","start":"2027-07-01","finish":"2027-07-05","duration":3,"isMilestone":false},{"taskId":"task-mula7wxvyyki400","start":"2027-07-06","finish":"2027-07-09","duration":4,"isMilestone":false},{"taskId":"task-mula7wy2qb26401","start":"2027-07-12","finish":"2027-07-15","duration":4,"isMilestone":false},{"taskId":"task-mula7wya9mzj402","start":"2027-07-14","finish":"2027-07-16","duration":3,"isMilestone":false},{"taskId":"task-mula7wyhuukc403","start":"2027-07-19","finish":"2027-07-22","duration":4,"isMilestone":false},{"taskId":"task-mula7wyovlzr404","start":"2027-07-21","finish":"2027-07-23","duration":3,"isMilestone":false},{"taskId":"task-mula7wywt4m9405","start":"2027-08-16","finish":"2027-08-19","duration":4,"isMilestone":false},{"taskId":"task-mula7wz3gmap406","start":"2027-08-18","finish":"2027-08-20","duration":3,"isMilestone":false},{"taskId":"task-mula7wza6w3l407","start":"2027-08-23","finish":"2027-08-26","duration":4,"isMilestone":false},{"taskId":"task-mula7wzhmf7u408","start":"2027-08-25","finish":"2027-08-27","duration":3,"isMilestone":false},{"taskId":"task-mula7wzorwvo409","start":"2027-08-30","finish":"2027-09-02","duration":4,"isMilestone":false},{"taskId":"task-mula7wzvpvc6410","start":"2027-09-01","finish":"2027-09-03","duration":3,"isMilestone":false},{"taskId":"task-mula7x03up0o411","start":"2027-09-06","finish":"2027-09-09","duration":4,"isMilestone":false},{"taskId":"task-mula7x0amdqp412","start":"2027-09-08","finish":"2027-09-10","duration":3,"isMilestone":false},{"taskId":"task-mula7x0imbq1413","start":"2027-09-13","finish":"2027-09-16","duration":4,"isMilestone":false},{"taskId":"task-mula7x0pwslz414","start":"2027-09-15","finish":"2027-09-17","duration":3,"isMilestone":false},{"taskId":"task-mula7x0w7c1o415","start":"2027-09-20","finish":"2027-09-23","duration":4,"isMilestone":false},{"taskId":"task-mula7x132v4v416","start":"2027-09-22","finish":"2027-09-24","duration":3,"isMilestone":false},{"taskId":"task-mula7x1ax0l1417","start":"2027-09-27","finish":"2027-09-30","duration":4,"isMilestone":false},{"taskId":"task-mula7x1hpxgn418","start":"2027-09-29","finish":"2027-10-01","duration":3,"isMilestone":false},{"taskId":"task-mula7x1njv18419","start":"2027-10-04","finish":"2027-10-07","duration":4,"isMilestone":false},{"taskId":"task-mula7x1uq662420","start":"2027-10-06","finish":"2027-10-08","duration":3,"isMilestone":false},{"taskId":"task-mula7x22lcyp421","start":"2027-10-11","finish":"2027-10-14","duration":4,"isMilestone":false},{"taskId":"task-mula7x2ajph9422","start":"2027-10-13","finish":"2027-10-15","duration":3,"isMilestone":false},{"taskId":"task-mula7x2hitci423","start":"2027-10-18","finish":"2027-10-21","duration":4,"isMilestone":false},{"taskId":"task-mula7x2owl6x424","start":"2027-10-20","finish":"2027-10-22","duration":3,"isMilestone":false},{"taskId":"task-mula7x2wqzfz425","start":"2027-07-06","finish":"2027-09-14","duration":36,"isMilestone":false},{"taskId":"task-mula7x33wxbg426","start":"2027-10-25","finish":"2027-10-29","duration":5,"isMilestone":false},{"taskId":"task-mula7x3anr68427","start":"2027-10-29","finish":"2027-10-29","duration":0,"isMilestone":true,"milestoneKind":"FINISH"},{"taskId":"task-mula7x3pzg8k429","start":"2027-07-06","finish":"2027-07-09","duration":4,"isMilestone":false},{"taskId":"task-mula7x3x9vq1430","start":"2027-07-12","finish":"2027-07-15","duration":4,"isMilestone":false},{"taskId":"task-mula7x449b0c431","start":"2027-07-14","finish":"2027-07-16","duration":3,"isMilestone":false},{"taskId":"task-mula7x4b0lh4432","start":"2027-07-19","finish":"2027-07-22","duration":4,"isMilestone":false},{"taskId":"task-mula7x4j2k0v433","start":"2027-07-21","finish":"2027-07-23","duration":3,"isMilestone":false},{"taskId":"task-mula7x4qz7eq434","start":"2027-08-16","finish":"2027-08-19","duration":4,"isMilestone":false},{"taskId":"task-mula7x4y9rux435","start":"2027-08-18","finish":"2027-08-20","duration":3,"isMilestone":false},{"taskId":"task-mula7x56bydh436","start":"2027-08-23","finish":"2027-08-26","duration":4,"isMilestone":false},{"taskId":"task-mula7x5e8vjg437","start":"2027-08-25","finish":"2027-08-27","duration":3,"isMilestone":false},{"taskId":"task-mula7x5lawbv438","start":"2027-08-30","finish":"2027-09-02","duration":4,"isMilestone":false},{"taskId":"task-mula7x5se50y439","start":"2027-09-01","finish":"2027-09-03","duration":3,"isMilestone":false},{"taskId":"task-mula7x60g6b3440","start":"2027-09-06","finish":"2027-09-09","duration":4,"isMilestone":false},{"taskId":"task-mula7x67xwmm441","start":"2027-09-08","finish":"2027-09-10","duration":3,"isMilestone":false},{"taskId":"task-mula7x6e3uj0442","start":"2027-09-13","finish":"2027-09-16","duration":4,"isMilestone":false},{"taskId":"task-mula7x6m8tea443","start":"2027-09-15","finish":"2027-09-17","duration":3,"isMilestone":false},{"taskId":"task-mula7x6u51al444","start":"2027-09-20","finish":"2027-09-23","duration":4,"isMilestone":false},{"taskId":"task-mula7x715zm8445","start":"2027-09-22","finish":"2027-09-24","duration":3,"isMilestone":false},{"taskId":"task-mula7x78swi5446","start":"2027-09-27","finish":"2027-09-30","duration":4,"isMilestone":false},{"taskId":"task-mula7x7flij4447","start":"2027-09-29","finish":"2027-10-01","duration":3,"isMilestone":false},{"taskId":"task-mula7x7nu41a448","start":"2027-10-04","finish":"2027-10-07","duration":4,"isMilestone":false},{"taskId":"task-mula7x7upsj5449","start":"2027-10-06","finish":"2027-10-08","duration":3,"isMilestone":false},{"taskId":"task-mula7x8185c4450","start":"2027-10-11","finish":"2027-10-14","duration":4,"isMilestone":false},{"taskId":"task-mula7x89quvz451","start":"2027-10-13","finish":"2027-10-15","duration":3,"isMilestone":false},{"taskId":"task-mula7x8h0cwy452","start":"2027-10-18","finish":"2027-10-21","duration":4,"isMilestone":false},{"taskId":"task-mula7x8oeok2453","start":"2027-10-20","finish":"2027-10-22","duration":3,"isMilestone":false},{"taskId":"task-mula7x8vbawe454","start":"2027-07-06","finish":"2027-09-14","duration":36,"isMilestone":false},{"taskId":"task-mula7x94md8a455","start":"2027-10-25","finish":"2027-10-29","duration":5,"isMilestone":false},{"taskId":"task-mula7x9bri0k456","start":"2027-10-29","finish":"2027-10-29","duration":0,"isMilestone":true,"milestoneKind":"FINISH"},{"taskId":"task-mula7x9qn8n6458","start":"2027-07-06","finish":"2027-07-09","duration":4,"isMilestone":false},{"taskId":"task-mula7x9ya4d3459","start":"2027-07-12","finish":"2027-07-15","duration":4,"isMilestone":false},{"taskId":"task-mula7xa5cfwh460","start":"2027-07-14","finish":"2027-07-16","duration":3,"isMilestone":false},{"taskId":"task-mula7xad0kkq461","start":"2027-07-19","finish":"2027-07-22","duration":4,"isMilestone":false},{"taskId":"task-mula7xaldfm7462","start":"2027-07-21","finish":"2027-07-23","duration":3,"isMilestone":false},{"taskId":"task-mula7xat4nbu463","start":"2027-08-16","finish":"2027-08-19","duration":4,"isMilestone":false},{"taskId":"task-mula7xb0spvj464","start":"2027-08-18","finish":"2027-08-20","duration":3,"isMilestone":false},{"taskId":"task-mula7xb8p273465","start":"2027-08-23","finish":"2027-08-26","duration":4,"isMilestone":false},{"taskId":"task-mula7xbfker6466","start":"2027-08-25","finish":"2027-08-27","duration":3,"isMilestone":false},{"taskId":"task-mula7xbnqp5v467","start":"2027-08-30","finish":"2027-09-02","duration":4,"isMilestone":false},{"taskId":"task-mula7xbub2bt468","start":"2027-09-01","finish":"2027-09-03","duration":3,"isMilestone":false},{"taskId":"task-mula7xc2agby469","start":"2027-09-06","finish":"2027-09-09","duration":4,"isMilestone":false},{"taskId":"task-mula7xcapkcg470","start":"2027-09-08","finish":"2027-09-10","duration":3,"isMilestone":false},{"taskId":"task-mula7xcisg6r471","start":"2027-09-13","finish":"2027-09-16","duration":4,"isMilestone":false},{"taskId":"task-mula7xcp2mvy472","start":"2027-09-15","finish":"2027-09-17","duration":3,"isMilestone":false},{"taskId":"task-mula7xcxbo8r473","start":"2027-09-20","finish":"2027-09-23","duration":4,"isMilestone":false},{"taskId":"task-mula7xd4xhfb474","start":"2027-09-22","finish":"2027-09-24","duration":3,"isMilestone":false},{"taskId":"task-mula7xdciw8t475","start":"2027-09-27","finish":"2027-09-30","duration":4,"isMilestone":false},{"taskId":"task-mula7xdj6lop476","start":"2027-09-29","finish":"2027-10-01","duration":3,"isMilestone":false},{"taskId":"task-mula7xdrc7qk477","start":"2027-10-04","finish":"2027-10-07","duration":4,"isMilestone":false},{"taskId":"task-mula7xdzz9hp478","start":"2027-10-06","finish":"2027-10-08","duration":3,"isMilestone":false},{"taskId":"task-mula7xe6j7x1479","start":"2027-10-11","finish":"2027-10-14","duration":4,"isMilestone":false},{"taskId":"task-mula7xee0psl480","start":"2027-10-13","finish":"2027-10-15","duration":3,"isMilestone":false},{"taskId":"task-mula7xemy68q481","start":"2027-10-18","finish":"2027-10-21","duration":4,"isMilestone":false},{"taskId":"task-mula7xeutyuh482","start":"2027-10-20","finish":"2027-10-22","duration":3,"isMilestone":false},{"taskId":"task-mula7xf21bbe483","start":"2027-07-06","finish":"2027-09-14","duration":36,"isMilestone":false},{"taskId":"task-mula7xfazwdd484","start":"2027-10-25","finish":"2027-10-29","duration":5,"isMilestone":false},{"taskId":"task-mula7xfi82rd485","start":"2027-10-29","finish":"2027-10-29","duration":0,"isMilestone":true,"milestoneKind":"FINISH"},{"taskId":"task-mula7xfqbepn486","start":"2027-07-06","finish":"2027-10-29","duration":69,"isMilestone":false},{"taskId":"task-mula7xfszq9k487","start":"2027-11-01","finish":"2027-11-02","duration":2,"isMilestone":false},{"taskId":"task-mula7xgbl4r1490","start":"2027-11-01","finish":"2027-11-03","duration":3,"isMilestone":false},{"taskId":"task-mula7xgi8fmh491","start":"2027-11-04","finish":"2027-11-15","duration":8,"isMilestone":false},{"taskId":"task-mula7xgq5ex3492","start":"2027-11-16","finish":"2027-11-29","duration":10,"isMilestone":false},{"taskId":"task-mula7xgyu6uy493","start":"2027-11-30","finish":"2027-12-07","duration":6,"isMilestone":false},{"taskId":"task-mula7xh5vra8494","start":"2027-11-01","finish":"2027-11-05","duration":5,"isMilestone":false},{"taskId":"task-mula7xhemnkg495","start":"2027-11-08","finish":"2027-11-12","duration":5,"isMilestone":false},{"taskId":"task-mula7xhn8r8r496","start":"2027-12-08","finish":"2027-12-14","duration":5,"isMilestone":false},{"taskId":"task-mula7xhvma6d497","start":"2027-11-15","finish":"2027-11-17","duration":3,"isMilestone":false},{"taskId":"task-mula7xi2o6vb498","start":"2027-12-15","finish":"2027-12-16","duration":2,"isMilestone":false},{"taskId":"task-mula7xij9qfm500","start":"2027-11-01","finish":"2027-11-03","duration":3,"isMilestone":false},{"taskId":"task-mula7xirzmb6501","start":"2027-11-04","finish":"2027-11-15","duration":8,"isMilestone":false},{"taskId":"task-mula7xj0dmbl502","start":"2027-11-16","finish":"2027-11-29","duration":10,"isMilestone":false},{"taskId":"task-mula7xj8nh93503","start":"2027-11-30","finish":"2027-12-07","duration":6,"isMilestone":false},{"taskId":"task-mula7xjg9vij504","start":"2027-11-01","finish":"2027-11-05","duration":5,"isMilestone":false},{"taskId":"task-mula7xjoj2hi505","start":"2027-11-08","finish":"2027-11-12","duration":5,"isMilestone":false},{"taskId":"task-mula7xjyq9j5506","start":"2027-12-08","finish":"2027-12-14","duration":5,"isMilestone":false},{"taskId":"task-mula7xk7fa6j507","start":"2027-11-15","finish":"2027-11-17","duration":3,"isMilestone":false},{"taskId":"task-mula7xkfk7mj508","start":"2027-12-15","finish":"2027-12-16","duration":2,"isMilestone":false},{"taskId":"task-mula7xkyh2x2510","start":"2027-11-01","finish":"2027-11-03","duration":3,"isMilestone":false},{"taskId":"task-mula7xl6sgia511","start":"2027-11-04","finish":"2027-11-15","duration":8,"isMilestone":false},{"taskId":"task-mula7xlfygib512","start":"2027-11-16","finish":"2027-11-29","duration":10,"isMilestone":false},{"taskId":"task-mula7xloljts513","start":"2027-11-30","finish":"2027-12-07","duration":6,"isMilestone":false},{"taskId":"task-mula7xlxaksh514","start":"2027-11-01","finish":"2027-11-05","duration":5,"isMilestone":false},{"taskId":"task-mula7xm59imj515","start":"2027-11-08","finish":"2027-11-12","duration":5,"isMilestone":false},{"taskId":"task-mula7xmenbdj516","start":"2027-12-08","finish":"2027-12-14","duration":5,"isMilestone":false},{"taskId":"task-mula7xmn4pms517","start":"2027-11-15","finish":"2027-11-17","duration":3,"isMilestone":false},{"taskId":"task-mula7xmwstpc518","start":"2027-12-15","finish":"2027-12-16","duration":2,"isMilestone":false},{"taskId":"task-mula7xn41qy5519","start":"2027-12-17","finish":"2027-12-22","duration":4,"isMilestone":false},{"taskId":"task-mula7xnduqva520","start":"2027-06-29","finish":"2027-07-05","duration":5,"isMilestone":false},{"taskId":"task-mula7xnoyxga522","start":"2027-12-23","finish":"2027-12-30","duration":6,"isMilestone":false},{"taskId":"task-mula7xnx5wwo523","start":"2027-12-31","finish":"2028-01-05","duration":4,"isMilestone":false},{"taskId":"task-mula7xo7vww1524","start":"2028-01-06","finish":"2028-01-10","duration":3,"isMilestone":false},{"taskId":"task-mula7xogglst525","start":"2028-01-11","finish":"2028-01-14","duration":4,"isMilestone":false},{"taskId":"task-mula7xox6fhj527","start":"2027-12-17","finish":"2027-12-28","duration":8,"isMilestone":false},{"taskId":"task-mula7xp5kmw0528","start":"2027-12-21","finish":"2027-12-29","duration":7,"isMilestone":false},{"taskId":"task-mula7xpdwcxe529","start":"2027-12-30","finish":"2028-01-05","duration":5,"isMilestone":false},{"taskId":"task-mula7xpnc3o1530","start":"2028-01-06","finish":"2028-01-12","duration":5,"isMilestone":false},{"taskId":"task-mula7xpw96pv531","start":"2028-01-13","finish":"2028-01-18","duration":4,"isMilestone":false},{"taskId":"task-mula7xq4ichn532","start":"2028-01-19","finish":"2028-01-24","duration":4,"isMilestone":false},{"taskId":"task-mula7xqczjtc533","start":"2028-01-25","finish":"2028-02-07","duration":10,"isMilestone":false},{"taskId":"task-mula7xqospxg534","start":"2028-02-07","finish":"2028-02-07","duration":0,"isMilestone":true,"milestoneKind":"FINISH"},{"taskId":"task-mula7xr3pr00536","start":"2027-12-17","finish":"2027-12-28","duration":8,"isMilestone":false},{"taskId":"task-mula7xrcl5wc537","start":"2027-12-21","finish":"2027-12-29","duration":7,"isMilestone":false},{"taskId":"task-mula7xrlcl99538","start":"2027-12-30","finish":"2028-01-05","duration":5,"isMilestone":false},{"taskId":"task-mula7xrtadzn539","start":"2028-01-06","finish":"2028-01-12","duration":5,"isMilestone":false},{"taskId":"task-mula7xs3uqf8540","start":"2028-01-13","finish":"2028-01-18","duration":4,"isMilestone":false},{"taskId":"task-mula7xschxhc541","start":"2028-01-19","finish":"2028-01-24","duration":4,"isMilestone":false},{"taskId":"task-mula7xslm0af542","start":"2028-01-25","finish":"2028-02-07","duration":10,"isMilestone":false},{"taskId":"task-mula7xsxa1fy543","start":"2028-02-07","finish":"2028-02-07","duration":0,"isMilestone":true,"milestoneKind":"FINISH"},{"taskId":"task-mula7xtf4l2j545","start":"2027-12-17","finish":"2027-12-28","duration":8,"isMilestone":false},{"taskId":"task-mula7xtowxcg546","start":"2027-12-21","finish":"2027-12-29","duration":7,"isMilestone":false},{"taskId":"task-mula7xtx5ugc547","start":"2027-12-30","finish":"2028-01-05","duration":5,"isMilestone":false},{"taskId":"task-mula7xu6d0xp548","start":"2028-01-06","finish":"2028-01-12","duration":5,"isMilestone":false},{"taskId":"task-mula7xufrb24549","start":"2028-01-13","finish":"2028-01-18","duration":4,"isMilestone":false},{"taskId":"task-mula7xunheu0550","start":"2028-01-19","finish":"2028-01-24","duration":4,"isMilestone":false},{"taskId":"task-mula7xuw4hpp551","start":"2028-01-25","finish":"2028-02-07","duration":10,"isMilestone":false},{"taskId":"task-mula7xv84ltk552","start":"2028-02-07","finish":"2028-02-07","duration":0,"isMilestone":true,"milestoneKind":"FINISH"},{"taskId":"task-mula7xvv6r47555","start":"2028-02-08","finish":"2028-02-23","duration":12,"isMilestone":false},{"taskId":"task-mula7xw94cbm556","start":"2028-02-24","finish":"2028-03-08","duration":10,"isMilestone":false},{"taskId":"task-mula7xwm97nv558","start":"2028-03-09","finish":"2028-03-20","duration":8,"isMilestone":false},{"taskId":"task-mula7xwvpraa559","start":"2028-03-21","finish":"2028-03-29","duration":7,"isMilestone":false},{"taskId":"task-mula7xx45rdf560","start":"2028-03-30","finish":"2028-04-10","duration":8,"isMilestone":false},{"taskId":"task-mula7xxdfawv561","start":"2028-04-11","finish":"2028-04-19","duration":5,"isMilestone":false},{"taskId":"task-mula7xxm51i3562","start":"2028-04-20","finish":"2028-04-26","duration":5,"isMilestone":false},{"taskId":"task-mula7xxvoy39563","start":"2028-04-28","finish":"2028-05-03","duration":4,"isMilestone":false},{"taskId":"task-mula7xydkf1o566","start":"2028-02-08","finish":"2028-02-23","duration":12,"isMilestone":false},{"taskId":"task-mula7xym9jc9567","start":"2028-02-24","finish":"2028-03-08","duration":10,"isMilestone":false},{"taskId":"task-mula7xyv86r9568","start":"2028-03-09","finish":"2028-03-20","duration":8,"isMilestone":false},{"taskId":"task-mula7xz41nfj569","start":"2028-03-21","finish":"2028-03-29","duration":7,"isMilestone":false},{"taskId":"task-mula7xzfavzt570","start":"2028-03-30","finish":"2028-04-10","duration":8,"isMilestone":false},{"taskId":"task-mula7xzoo8r8571","start":"2028-04-11","finish":"2028-04-19","duration":5,"isMilestone":false},{"taskId":"task-mula7xzxvjqc572","start":"2028-04-20","finish":"2028-04-26","duration":5,"isMilestone":false},{"taskId":"task-mula7y07h9yg573","start":"2028-04-28","finish":"2028-05-03","duration":4,"isMilestone":false},{"taskId":"task-mula7y0qjnuh575","start":"2028-02-08","finish":"2028-02-23","duration":12,"isMilestone":false},{"taskId":"task-mula7y0zrhcr576","start":"2028-02-24","finish":"2028-03-08","duration":10,"isMilestone":false},{"taskId":"task-mula7y1axt8b577","start":"2028-03-09","finish":"2028-03-20","duration":8,"isMilestone":false},{"taskId":"task-mula7y1ozhiv578","start":"2028-03-21","finish":"2028-03-29","duration":7,"isMilestone":false},{"taskId":"task-mula7y1xdaa3579","start":"2028-03-30","finish":"2028-04-10","duration":8,"isMilestone":false},{"taskId":"task-mula7y26tfjd580","start":"2028-04-11","finish":"2028-04-19","duration":5,"isMilestone":false},{"taskId":"task-mula7y2fn1x4581","start":"2028-04-20","finish":"2028-04-26","duration":5,"isMilestone":false},{"taskId":"task-mula7y2o8f7n582","start":"2028-04-28","finish":"2028-05-03","duration":4,"isMilestone":false},{"taskId":"task-mula7y2zindz583","start":"2027-12-23","finish":"2027-12-30","duration":6,"isMilestone":false},{"taskId":"task-mula7y3a0ber584","start":"2027-12-31","finish":"2028-01-05","duration":4,"isMilestone":false},{"taskId":"task-mula7y3mw2ax585","start":"2027-12-31","finish":"2028-01-05","duration":4,"isMilestone":false},{"taskId":"task-mula7y3wowla586","start":"2028-01-06","finish":"2028-01-12","duration":5,"isMilestone":false},{"taskId":"task-mula7y47i5ql587","start":"2028-01-13","finish":"2028-01-18","duration":4,"isMilestone":false},{"taskId":"task-mula7y4f3ov7588","start":"2028-01-19","finish":"2028-01-20","duration":2,"isMilestone":false},{"taskId":"task-mula7y4ppqx5589","start":"2028-01-21","finish":"2028-01-25","duration":3,"isMilestone":false},{"taskId":"task-mula7y56s90i591","start":"2027-07-06","finish":"2027-09-06","duration":30,"isMilestone":false},{"taskId":"task-mula7y5gcnhi592","start":"2027-09-07","finish":"2027-10-08","duration":24,"isMilestone":false},{"taskId":"task-mula7y5oqes3593","start":"2027-10-11","finish":"2027-11-09","duration":22,"isMilestone":false},{"taskId":"task-mula7y5y3ecs594","start":"2027-11-10","finish":"2027-12-01","duration":16,"isMilestone":false},{"taskId":"task-mula7y6727tk595","start":"2027-12-02","finish":"2027-12-23","duration":16,"isMilestone":false},{"taskId":"task-mula7y6gu4mu596","start":"2027-12-24","finish":"2028-01-06","duration":10,"isMilestone":false},{"taskId":"task-mula7y6qbzv0597","start":"2028-01-07","finish":"2028-01-20","duration":10,"isMilestone":false},{"taskId":"task-mula7y70a79w598","start":"2028-01-21","finish":"2028-02-09","duration":14,"isMilestone":false},{"taskId":"task-mula7y7ah41w599","start":"2028-02-10","finish":"2028-02-23","duration":10,"isMilestone":false},{"taskId":"task-mula7y7lh7t1600","start":"2028-02-24","finish":"2028-03-10","duration":12,"isMilestone":false},{"taskId":"task-mula7y7vygnt601","start":"2028-03-10","finish":"2028-03-10","duration":0,"isMilestone":true,"milestoneKind":"FINISH"},{"taskId":"task-mula7y858hpw602","start":"2028-03-13","finish":"2028-03-16","duration":4,"isMilestone":false},{"taskId":"task-mula7y8fv669603","start":"2028-03-17","finish":"2028-03-17","duration":0,"isMilestone":true,"milestoneKind":"START"},{"taskId":"task-mula7y8nkzv6604","start":"2028-03-15","finish":"2028-03-17","duration":3,"isMilestone":false},{"taskId":"task-mula7y8wpk9d605","start":"2028-03-17","finish":"2028-03-22","duration":4,"isMilestone":false},{"taskId":"task-mula7y978169606","start":"2028-03-23","finish":"2028-03-30","duration":6,"isMilestone":false},{"taskId":"task-mula7y9ktcuy608","start":"2028-03-31","finish":"2028-04-04","duration":3,"isMilestone":false},{"taskId":"task-mula7y9td169609","start":"2028-03-31","finish":"2028-04-06","duration":5,"isMilestone":false},{"taskId":"task-mula7ya39e68610","start":"2028-04-07","finish":"2028-04-11","duration":3,"isMilestone":false},{"taskId":"task-mula7yacfwyc611","start":"2028-04-12","finish":"2028-04-13","duration":2,"isMilestone":false},{"taskId":"task-mula7yam3n2k612","start":"2028-04-18","finish":"2028-04-18","duration":1,"isMilestone":false},{"taskId":"task-mula7yawnsn5613","start":"2028-04-18","finish":"2028-04-18","duration":0,"isMilestone":true,"milestoneKind":"FINISH"},{"taskId":"task-mula7ybfgcyb615","start":"2028-05-03","finish":"2028-05-03","duration":0,"isMilestone":true,"milestoneKind":"FINISH"},{"taskId":"task-mula7ybpkjtl616","start":"2028-05-03","finish":"2028-05-03","duration":0,"isMilestone":true,"milestoneKind":"FINISH"},{"taskId":"task-mula7ybzt5n9617","start":"2028-05-03","finish":"2028-05-03","duration":0,"isMilestone":true,"milestoneKind":"FINISH"},{"taskId":"task-mula7yc99uve618","start":"2028-04-19","finish":"2028-04-21","duration":3,"isMilestone":false},{"taskId":"task-mula7ycjt7jc619","start":"2028-04-28","finish":"2028-05-01","duration":2,"isMilestone":false},{"taskId":"task-mula7ycsaxk2620","start":"2028-04-24","finish":"2028-04-26","duration":3,"isMilestone":false},{"taskId":"task-mula7yd273vn621","start":"2028-05-01","finish":"2028-05-01","duration":0,"isMilestone":true,"milestoneKind":"FINISH"},{"taskId":"task-mula7ydc31oh622","start":"2028-05-02","finish":"2028-05-02","duration":0,"isMilestone":true,"milestoneKind":"START"},{"taskId":"task-mula7ydnsxv4623","start":"2028-05-02","finish":"2028-05-02","duration":1,"isMilestone":false}],"projectEnd":"2028-05-03","projectDuration":284},{"id":"baseline-mula7zpk0ghp1083","name":"Re-baseline (variation order)","createdAt":"2026-09-28T13:27:18.921Z","tasks":[{"taskId":"task-mula7wrdegki362","start":"2027-03-01","finish":"2027-03-01","duration":0,"isMilestone":true,"milestoneKind":"START"},{"taskId":"task-mula7wrkocww364","start":"2027-03-01","finish":"2027-03-03","duration":3,"isMilestone":false},{"taskId":"task-mula7wrqk39s365","start":"2027-03-04","finish":"2027-03-17","duration":10,"isMilestone":false},{"taskId":"task-mula7wrwmysc366","start":"2027-03-11","finish":"2027-03-15","duration":3,"isMilestone":false},{"taskId":"task-mula7ws19vjm367","start":"2027-03-18","finish":"2027-03-23","duration":4,"isMilestone":false},{"taskId":"task-mula7ws691qv368","start":"2027-03-24","finish":"2027-03-25","duration":2,"isMilestone":false},{"taskId":"task-mula7wsb8z05369","start":"2027-03-30","finish":"2027-04-02","duration":4,"isMilestone":false},{"taskId":"task-mula7wsgcdv5370","start":"2027-04-05","finish":"2027-04-09","duration":5,"isMilestone":false},{"taskId":"task-mula7wsmsjud371","start":"2027-04-09","finish":"2027-04-09","duration":0,"isMilestone":true,"milestoneKind":"FINISH"},{"taskId":"task-mula7wsvkrff373","start":"2027-04-12","finish":"2027-04-13","duration":2,"isMilestone":false},{"taskId":"task-mula7wt1dtor374","start":"2027-04-14","finish":"2027-04-21","duration":6,"isMilestone":false},{"taskId":"task-mula7wt7ny45375","start":"2027-04-22","finish":"2027-04-29","duration":5,"isMilestone":false},{"taskId":"task-mula7wtd8eh4376","start":"2027-04-30","finish":"2027-05-07","duration":4,"isMilestone":false},{"taskId":"task-mula7wtlp87c377","start":"2027-05-10","finish":"2027-05-12","duration":3,"isMilestone":false},{"taskId":"task-mula7wtrwjkl378","start":"2027-05-13T07:00","finish":"2027-05-20T15:00","duration":5,"isMilestone":false},{"taskId":"task-mula7wtyttek379","start":"2027-05-21T07:00","finish":"2027-05-27T15:00","duration":5,"isMilestone":false},{"taskId":"task-mula7wu5o9to380","start":"2027-05-28T07:00","finish":"2027-06-03T15:00","duration":5,"isMilestone":false},{"taskId":"task-mula7wubyvaf381","start":"2027-06-04T07:00","finish":"2027-06-10T15:00","duration":5,"isMilestone":false},{"taskId":"task-mula7wuh2u9o382","start":"2027-05-10","finish":"2027-05-12","duration":3,"isMilestone":false},{"taskId":"task-mula7wuo13vk383","start":"2027-05-13T07:00","finish":"2027-05-20T15:00","duration":5,"isMilestone":false},{"taskId":"task-mula7wuvssy5384","start":"2027-05-21T07:00","finish":"2027-05-27T15:00","duration":5,"isMilestone":false},{"taskId":"task-mula7wv2f34t385","start":"2027-05-28T07:00","finish":"2027-06-03T15:00","duration":5,"isMilestone":false},{"taskId":"task-mula7wv90gjg386","start":"2027-06-04T07:00","finish":"2027-06-10T15:00","duration":5,"isMilestone":false},{"taskId":"task-mula7wvgv3q2387","start":"2027-05-10","finish":"2027-05-12","duration":3,"isMilestone":false},{"taskId":"task-mula7wvnsxbf388","start":"2027-05-13T07:00","finish":"2027-05-20T15:00","duration":5,"isMilestone":false},{"taskId":"task-mula7wvuesoo389","start":"2027-05-21T07:00","finish":"2027-05-27T15:00","duration":5,"isMilestone":false},{"taskId":"task-mula7ww049dp390","start":"2027-05-28T07:00","finish":"2027-06-03T15:00","duration":5,"isMilestone":false},{"taskId":"task-mula7ww70oly391","start":"2027-06-04T07:00","finish":"2027-06-10T15:00","duration":5,"isMilestone":false},{"taskId":"task-mula7wwfbaz6392","start":"2027-06-14","finish":"2027-06-16","duration":3,"isMilestone":false},{"taskId":"task-mula7wwmwhka393","start":"2027-06-17","finish":"2027-06-21","duration":3,"isMilestone":false},{"taskId":"task-mula7wwtr4r0394","start":"2027-06-22","finish":"2027-06-28","duration":5,"isMilestone":false},{"taskId":"task-mula7wx0s3zq395","start":"2027-06-29","finish":"2027-06-30","duration":2,"isMilestone":false},{"taskId":"task-mula7wx70go9396","start":"2027-06-30","finish":"2027-06-30","duration":0,"isMilestone":true,"milestoneKind":"FINISH"},{"taskId":"task-mula7wxgy6sg398","start":"2027-07-01","finish":"2027-07-05","duration":3,"isMilestone":false},{"taskId":"task-mula7wxvyyki400","start":"2027-07-06","finish":"2027-07-09","duration":4,"isMilestone":false},{"taskId":"task-mula7wy2qb26401","start":"2027-07-12","finish":"2027-07-15","duration":4,"isMilestone":false},{"taskId":"task-mula7wya9mzj402","start":"2027-07-14","finish":"2027-07-16","duration":3,"isMilestone":false},{"taskId":"task-mula7wyhuukc403","start":"2027-07-19","finish":"2027-07-22","duration":4,"isMilestone":false},{"taskId":"task-mula7wyovlzr404","start":"2027-07-21","finish":"2027-07-23","duration":3,"isMilestone":false},{"taskId":"task-mula7wywt4m9405","start":"2027-08-16","finish":"2027-08-19","duration":4,"isMilestone":false},{"taskId":"task-mula7wz3gmap406","start":"2027-08-18","finish":"2027-08-20","duration":3,"isMilestone":false},{"taskId":"task-mula7wza6w3l407","start":"2027-08-23","finish":"2027-08-26","duration":4,"isMilestone":false},{"taskId":"task-mula7wzhmf7u408","start":"2027-08-25","finish":"2027-08-27","duration":3,"isMilestone":false},{"taskId":"task-mula7wzorwvo409","start":"2027-08-30","finish":"2027-09-02","duration":4,"isMilestone":false},{"taskId":"task-mula7wzvpvc6410","start":"2027-09-01","finish":"2027-09-03","duration":3,"isMilestone":false},{"taskId":"task-mula7x03up0o411","start":"2027-09-06","finish":"2027-09-09","duration":4,"isMilestone":false},{"taskId":"task-mula7x0amdqp412","start":"2027-09-08","finish":"2027-09-10","duration":3,"isMilestone":false},{"taskId":"task-mula7x0imbq1413","start":"2027-09-13","finish":"2027-09-16","duration":4,"isMilestone":false},{"taskId":"task-mula7x0pwslz414","start":"2027-09-15","finish":"2027-09-17","duration":3,"isMilestone":false},{"taskId":"task-mula7x0w7c1o415","start":"2027-09-20","finish":"2027-09-23","duration":4,"isMilestone":false},{"taskId":"task-mula7x132v4v416","start":"2027-09-22","finish":"2027-09-24","duration":3,"isMilestone":false},{"taskId":"task-mula7x1ax0l1417","start":"2027-09-27","finish":"2027-09-30","duration":4,"isMilestone":false},{"taskId":"task-mula7x1hpxgn418","start":"2027-09-29","finish":"2027-10-01","duration":3,"isMilestone":false},{"taskId":"task-mula7x1njv18419","start":"2027-10-04","finish":"2027-10-07","duration":4,"isMilestone":false},{"taskId":"task-mula7x1uq662420","start":"2027-10-06","finish":"2027-10-08","duration":3,"isMilestone":false},{"taskId":"task-mula7x22lcyp421","start":"2027-10-11","finish":"2027-10-14","duration":4,"isMilestone":false},{"taskId":"task-mula7x2ajph9422","start":"2027-10-13","finish":"2027-10-15","duration":3,"isMilestone":false},{"taskId":"task-mula7x2hitci423","start":"2027-10-18","finish":"2027-10-21","duration":4,"isMilestone":false},{"taskId":"task-mula7x2owl6x424","start":"2027-10-20","finish":"2027-10-22","duration":3,"isMilestone":false},{"taskId":"task-mula7x2wqzfz425","start":"2027-07-06","finish":"2027-09-14","duration":36,"isMilestone":false},{"taskId":"task-mula7x33wxbg426","start":"2027-10-25","finish":"2027-10-29","duration":5,"isMilestone":false},{"taskId":"task-mula7x3anr68427","start":"2027-10-29","finish":"2027-10-29","duration":0,"isMilestone":true,"milestoneKind":"FINISH"},{"taskId":"task-mula7x3pzg8k429","start":"2027-07-06","finish":"2027-07-09","duration":4,"isMilestone":false},{"taskId":"task-mula7x3x9vq1430","start":"2027-07-12","finish":"2027-07-15","duration":4,"isMilestone":false},{"taskId":"task-mula7x449b0c431","start":"2027-07-14","finish":"2027-07-16","duration":3,"isMilestone":false},{"taskId":"task-mula7x4b0lh4432","start":"2027-07-19","finish":"2027-07-22","duration":4,"isMilestone":false},{"taskId":"task-mula7x4j2k0v433","start":"2027-07-21","finish":"2027-07-23","duration":3,"isMilestone":false},{"taskId":"task-mula7x4qz7eq434","start":"2027-08-16","finish":"2027-08-19","duration":4,"isMilestone":false},{"taskId":"task-mula7x4y9rux435","start":"2027-08-18","finish":"2027-08-20","duration":3,"isMilestone":false},{"taskId":"task-mula7x56bydh436","start":"2027-08-23","finish":"2027-08-26","duration":4,"isMilestone":false},{"taskId":"task-mula7x5e8vjg437","start":"2027-08-25","finish":"2027-08-27","duration":3,"isMilestone":false},{"taskId":"task-mula7x5lawbv438","start":"2027-08-30","finish":"2027-09-02","duration":4,"isMilestone":false},{"taskId":"task-mula7x5se50y439","start":"2027-09-01","finish":"2027-09-03","duration":3,"isMilestone":false},{"taskId":"task-mula7x60g6b3440","start":"2027-09-06","finish":"2027-09-09","duration":4,"isMilestone":false},{"taskId":"task-mula7x67xwmm441","start":"2027-09-08","finish":"2027-09-10","duration":3,"isMilestone":false},{"taskId":"task-mula7x6e3uj0442","start":"2027-09-13","finish":"2027-09-16","duration":4,"isMilestone":false},{"taskId":"task-mula7x6m8tea443","start":"2027-09-15","finish":"2027-09-17","duration":3,"isMilestone":false},{"taskId":"task-mula7x6u51al444","start":"2027-09-20","finish":"2027-09-23","duration":4,"isMilestone":false},{"taskId":"task-mula7x715zm8445","start":"2027-09-22","finish":"2027-09-24","duration":3,"isMilestone":false},{"taskId":"task-mula7x78swi5446","start":"2027-09-27","finish":"2027-09-30","duration":4,"isMilestone":false},{"taskId":"task-mula7x7flij4447","start":"2027-09-29","finish":"2027-10-01","duration":3,"isMilestone":false},{"taskId":"task-mula7x7nu41a448","start":"2027-10-04","finish":"2027-10-07","duration":4,"isMilestone":false},{"taskId":"task-mula7x7upsj5449","start":"2027-10-06","finish":"2027-10-08","duration":3,"isMilestone":false},{"taskId":"task-mula7x8185c4450","start":"2027-10-11","finish":"2027-10-14","duration":4,"isMilestone":false},{"taskId":"task-mula7x89quvz451","start":"2027-10-13","finish":"2027-10-15","duration":3,"isMilestone":false},{"taskId":"task-mula7x8h0cwy452","start":"2027-10-18","finish":"2027-10-21","duration":4,"isMilestone":false},{"taskId":"task-mula7x8oeok2453","start":"2027-10-20","finish":"2027-10-22","duration":3,"isMilestone":false},{"taskId":"task-mula7x8vbawe454","start":"2027-07-06","finish":"2027-09-14","duration":36,"isMilestone":false},{"taskId":"task-mula7x94md8a455","start":"2027-10-25","finish":"2027-10-29","duration":5,"isMilestone":false},{"taskId":"task-mula7x9bri0k456","start":"2027-10-29","finish":"2027-10-29","duration":0,"isMilestone":true,"milestoneKind":"FINISH"},{"taskId":"task-mula7x9qn8n6458","start":"2027-07-06","finish":"2027-07-09","duration":4,"isMilestone":false},{"taskId":"task-mula7x9ya4d3459","start":"2027-07-12","finish":"2027-07-15","duration":4,"isMilestone":false},{"taskId":"task-mula7xa5cfwh460","start":"2027-07-14","finish":"2027-07-16","duration":3,"isMilestone":false},{"taskId":"task-mula7xad0kkq461","start":"2027-07-19","finish":"2027-07-22","duration":4,"isMilestone":false},{"taskId":"task-mula7xaldfm7462","start":"2027-07-21","finish":"2027-07-23","duration":3,"isMilestone":false},{"taskId":"task-mula7xat4nbu463","start":"2027-08-16","finish":"2027-08-19","duration":4,"isMilestone":false},{"taskId":"task-mula7xb0spvj464","start":"2027-08-18","finish":"2027-08-20","duration":3,"isMilestone":false},{"taskId":"task-mula7xb8p273465","start":"2027-08-23","finish":"2027-08-26","duration":4,"isMilestone":false},{"taskId":"task-mula7xbfker6466","start":"2027-08-25","finish":"2027-08-27","duration":3,"isMilestone":false},{"taskId":"task-mula7xbnqp5v467","start":"2027-08-30","finish":"2027-09-02","duration":4,"isMilestone":false},{"taskId":"task-mula7xbub2bt468","start":"2027-09-01","finish":"2027-09-03","duration":3,"isMilestone":false},{"taskId":"task-mula7xc2agby469","start":"2027-09-06","finish":"2027-09-09","duration":4,"isMilestone":false},{"taskId":"task-mula7xcapkcg470","start":"2027-09-08","finish":"2027-09-10","duration":3,"isMilestone":false},{"taskId":"task-mula7xcisg6r471","start":"2027-09-13","finish":"2027-09-16","duration":4,"isMilestone":false},{"taskId":"task-mula7xcp2mvy472","start":"2027-09-15","finish":"2027-09-17","duration":3,"isMilestone":false},{"taskId":"task-mula7xcxbo8r473","start":"2027-09-20","finish":"2027-09-23","duration":4,"isMilestone":false},{"taskId":"task-mula7xd4xhfb474","start":"2027-09-22","finish":"2027-09-24","duration":3,"isMilestone":false},{"taskId":"task-mula7xdciw8t475","start":"2027-09-27","finish":"2027-09-30","duration":4,"isMilestone":false},{"taskId":"task-mula7xdj6lop476","start":"2027-09-29","finish":"2027-10-01","duration":3,"isMilestone":false},{"taskId":"task-mula7xdrc7qk477","start":"2027-10-04","finish":"2027-10-07","duration":4,"isMilestone":false},{"taskId":"task-mula7xdzz9hp478","start":"2027-10-06","finish":"2027-10-08","duration":3,"isMilestone":false},{"taskId":"task-mula7xe6j7x1479","start":"2027-10-11","finish":"2027-10-14","duration":4,"isMilestone":false},{"taskId":"task-mula7xee0psl480","start":"2027-10-13","finish":"2027-10-15","duration":3,"isMilestone":false},{"taskId":"task-mula7xemy68q481","start":"2027-10-18","finish":"2027-10-21","duration":4,"isMilestone":false},{"taskId":"task-mula7xeutyuh482","start":"2027-10-20","finish":"2027-10-22","duration":3,"isMilestone":false},{"taskId":"task-mula7xf21bbe483","start":"2027-07-06","finish":"2027-09-14","duration":36,"isMilestone":false},{"taskId":"task-mula7xfazwdd484","start":"2027-10-25","finish":"2027-10-29","duration":5,"isMilestone":false},{"taskId":"task-mula7xfi82rd485","start":"2027-10-29","finish":"2027-10-29","duration":0,"isMilestone":true,"milestoneKind":"FINISH"},{"taskId":"task-mula7xfqbepn486","start":"2027-07-06","finish":"2027-10-29","duration":69,"isMilestone":false},{"taskId":"task-mula7xfszq9k487","start":"2027-11-01","finish":"2027-11-02","duration":2,"isMilestone":false},{"taskId":"task-mula7xgbl4r1490","start":"2027-11-01","finish":"2027-11-03","duration":3,"isMilestone":false},{"taskId":"task-mula7xgi8fmh491","start":"2027-11-04","finish":"2027-11-15","duration":8,"isMilestone":false},{"taskId":"task-mula7xgq5ex3492","start":"2027-11-16","finish":"2027-11-29","duration":10,"isMilestone":false},{"taskId":"task-mula7xgyu6uy493","start":"2027-11-30","finish":"2027-12-07","duration":6,"isMilestone":false},{"taskId":"task-mula7xh5vra8494","start":"2027-11-01","finish":"2027-11-05","duration":5,"isMilestone":false},{"taskId":"task-mula7xhemnkg495","start":"2027-11-08","finish":"2027-11-12","duration":5,"isMilestone":false},{"taskId":"task-mula7xhn8r8r496","start":"2027-12-08","finish":"2027-12-14","duration":5,"isMilestone":false},{"taskId":"task-mula7xhvma6d497","start":"2027-11-15","finish":"2027-11-17","duration":3,"isMilestone":false},{"taskId":"task-mula7xi2o6vb498","start":"2027-12-15","finish":"2027-12-16","duration":2,"isMilestone":false},{"taskId":"task-mula7xij9qfm500","start":"2027-11-01","finish":"2027-11-03","duration":3,"isMilestone":false},{"taskId":"task-mula7xirzmb6501","start":"2027-11-04","finish":"2027-11-15","duration":8,"isMilestone":false},{"taskId":"task-mula7xj0dmbl502","start":"2027-11-16","finish":"2027-11-29","duration":10,"isMilestone":false},{"taskId":"task-mula7xj8nh93503","start":"2027-11-30","finish":"2027-12-07","duration":6,"isMilestone":false},{"taskId":"task-mula7xjg9vij504","start":"2027-11-01","finish":"2027-11-05","duration":5,"isMilestone":false},{"taskId":"task-mula7xjoj2hi505","start":"2027-11-08","finish":"2027-11-12","duration":5,"isMilestone":false},{"taskId":"task-mula7xjyq9j5506","start":"2027-12-08","finish":"2027-12-14","duration":5,"isMilestone":false},{"taskId":"task-mula7xk7fa6j507","start":"2027-11-15","finish":"2027-11-17","duration":3,"isMilestone":false},{"taskId":"task-mula7xkfk7mj508","start":"2027-12-15","finish":"2027-12-16","duration":2,"isMilestone":false},{"taskId":"task-mula7xkyh2x2510","start":"2027-11-01","finish":"2027-11-03","duration":3,"isMilestone":false},{"taskId":"task-mula7xl6sgia511","start":"2027-11-04","finish":"2027-11-15","duration":8,"isMilestone":false},{"taskId":"task-mula7xlfygib512","start":"2027-11-16","finish":"2027-11-29","duration":10,"isMilestone":false},{"taskId":"task-mula7xloljts513","start":"2027-11-30","finish":"2027-12-07","duration":6,"isMilestone":false},{"taskId":"task-mula7xlxaksh514","start":"2027-11-01","finish":"2027-11-05","duration":5,"isMilestone":false},{"taskId":"task-mula7xm59imj515","start":"2027-11-08","finish":"2027-11-12","duration":5,"isMilestone":false},{"taskId":"task-mula7xmenbdj516","start":"2027-12-08","finish":"2027-12-14","duration":5,"isMilestone":false},{"taskId":"task-mula7xmn4pms517","start":"2027-11-15","finish":"2027-11-17","duration":3,"isMilestone":false},{"taskId":"task-mula7xmwstpc518","start":"2027-12-15","finish":"2027-12-16","duration":2,"isMilestone":false},{"taskId":"task-mula7xn41qy5519","start":"2027-12-17","finish":"2027-12-22","duration":4,"isMilestone":false},{"taskId":"task-mula7xnduqva520","start":"2027-06-29","finish":"2027-07-05","duration":5,"isMilestone":false},{"taskId":"task-mula7xnoyxga522","start":"2027-12-23","finish":"2027-12-30","duration":6,"isMilestone":false},{"taskId":"task-mula7xnx5wwo523","start":"2027-12-31","finish":"2028-01-05","duration":4,"isMilestone":false},{"taskId":"task-mula7xo7vww1524","start":"2028-01-06","finish":"2028-01-10","duration":3,"isMilestone":false},{"taskId":"task-mula7xogglst525","start":"2028-01-11","finish":"2028-01-14","duration":4,"isMilestone":false},{"taskId":"task-mula7xox6fhj527","start":"2027-12-17","finish":"2027-12-28","duration":8,"isMilestone":false},{"taskId":"task-mula7xp5kmw0528","start":"2027-12-21","finish":"2027-12-29","duration":7,"isMilestone":false},{"taskId":"task-mula7xpdwcxe529","start":"2027-12-30","finish":"2028-01-05","duration":5,"isMilestone":false},{"taskId":"task-mula7xpnc3o1530","start":"2028-01-06","finish":"2028-01-12","duration":5,"isMilestone":false},{"taskId":"task-mula7xpw96pv531","start":"2028-01-13","finish":"2028-01-18","duration":4,"isMilestone":false},{"taskId":"task-mula7xq4ichn532","start":"2028-01-19","finish":"2028-01-24","duration":4,"isMilestone":false},{"taskId":"task-mula7xqczjtc533","start":"2028-01-25","finish":"2028-02-07","duration":10,"isMilestone":false},{"taskId":"task-mula7xqospxg534","start":"2028-02-07","finish":"2028-02-07","duration":0,"isMilestone":true,"milestoneKind":"FINISH"},{"taskId":"task-mula7xr3pr00536","start":"2027-12-17","finish":"2027-12-28","duration":8,"isMilestone":false},{"taskId":"task-mula7xrcl5wc537","start":"2027-12-21","finish":"2027-12-29","duration":7,"isMilestone":false},{"taskId":"task-mula7xrlcl99538","start":"2027-12-30","finish":"2028-01-05","duration":5,"isMilestone":false},{"taskId":"task-mula7xrtadzn539","start":"2028-01-06","finish":"2028-01-12","duration":5,"isMilestone":false},{"taskId":"task-mula7xs3uqf8540","start":"2028-01-13","finish":"2028-01-18","duration":4,"isMilestone":false},{"taskId":"task-mula7xschxhc541","start":"2028-01-19","finish":"2028-01-24","duration":4,"isMilestone":false},{"taskId":"task-mula7xslm0af542","start":"2028-01-25","finish":"2028-02-07","duration":10,"isMilestone":false},{"taskId":"task-mula7xsxa1fy543","start":"2028-02-07","finish":"2028-02-07","duration":0,"isMilestone":true,"milestoneKind":"FINISH"},{"taskId":"task-mula7xtf4l2j545","start":"2027-12-17","finish":"2027-12-28","duration":8,"isMilestone":false},{"taskId":"task-mula7xtowxcg546","start":"2027-12-21","finish":"2027-12-29","duration":7,"isMilestone":false},{"taskId":"task-mula7xtx5ugc547","start":"2027-12-30","finish":"2028-01-05","duration":5,"isMilestone":false},{"taskId":"task-mula7xu6d0xp548","start":"2028-01-06","finish":"2028-01-12","duration":5,"isMilestone":false},{"taskId":"task-mula7xufrb24549","start":"2028-01-13","finish":"2028-01-18","duration":4,"isMilestone":false},{"taskId":"task-mula7xunheu0550","start":"2028-01-19","finish":"2028-01-24","duration":4,"isMilestone":false},{"taskId":"task-mula7xuw4hpp551","start":"2028-01-25","finish":"2028-02-07","duration":10,"isMilestone":false},{"taskId":"task-mula7xv84ltk552","start":"2028-02-07","finish":"2028-02-07","duration":0,"isMilestone":true,"milestoneKind":"FINISH"},{"taskId":"task-mula7xvv6r47555","start":"2028-02-08","finish":"2028-02-28","duration":15,"isMilestone":false},{"taskId":"task-mula7xw94cbm556","start":"2028-02-29","finish":"2028-03-13","duration":10,"isMilestone":false},{"taskId":"task-mula7xwm97nv558","start":"2028-03-14","finish":"2028-03-23","duration":8,"isMilestone":false},{"taskId":"task-mula7xwvpraa559","start":"2028-03-24","finish":"2028-04-03","duration":7,"isMilestone":false},{"taskId":"task-mula7xx45rdf560","start":"2028-04-04","finish":"2028-04-13","duration":8,"isMilestone":false},{"taskId":"task-mula7xxdfawv561","start":"2028-04-18","finish":"2028-04-24","duration":5,"isMilestone":false},{"taskId":"task-mula7xxm51i3562","start":"2028-04-25","finish":"2028-05-02","duration":5,"isMilestone":false},{"taskId":"task-mula7xxvoy39563","start":"2028-05-03","finish":"2028-05-09","duration":4,"isMilestone":false},{"taskId":"task-mula7xydkf1o566","start":"2028-02-08","finish":"2028-02-28","duration":15,"isMilestone":false},{"taskId":"task-mula7xym9jc9567","start":"2028-02-29","finish":"2028-03-13","duration":10,"isMilestone":false},{"taskId":"task-mula7xyv86r9568","start":"2028-03-14","finish":"2028-03-23","duration":8,"isMilestone":false},{"taskId":"task-mula7xz41nfj569","start":"2028-03-24","finish":"2028-04-03","duration":7,"isMilestone":false},{"taskId":"task-mula7xzfavzt570","start":"2028-04-04","finish":"2028-04-13","duration":8,"isMilestone":false},{"taskId":"task-mula7xzoo8r8571","start":"2028-04-18","finish":"2028-04-24","duration":5,"isMilestone":false},{"taskId":"task-mula7xzxvjqc572","start":"2028-04-25","finish":"2028-05-02","duration":5,"isMilestone":false},{"taskId":"task-mula7y07h9yg573","start":"2028-05-03","finish":"2028-05-09","duration":4,"isMilestone":false},{"taskId":"task-mula7y0qjnuh575","start":"2028-02-08","finish":"2028-02-23","duration":12,"isMilestone":false},{"taskId":"task-mula7y0zrhcr576","start":"2028-02-24","finish":"2028-03-08","duration":10,"isMilestone":false},{"taskId":"task-mula7y1axt8b577","start":"2028-03-09","finish":"2028-03-20","duration":8,"isMilestone":false},{"taskId":"task-mula7y1ozhiv578","start":"2028-03-21","finish":"2028-03-29","duration":7,"isMilestone":false},{"taskId":"task-mula7y1xdaa3579","start":"2028-03-30","finish":"2028-04-10","duration":8,"isMilestone":false},{"taskId":"task-mula7y26tfjd580","start":"2028-04-11","finish":"2028-04-19","duration":5,"isMilestone":false},{"taskId":"task-mula7y2fn1x4581","start":"2028-04-20","finish":"2028-04-26","duration":5,"isMilestone":false},{"taskId":"task-mula7y2o8f7n582","start":"2028-04-28","finish":"2028-05-03","duration":4,"isMilestone":false},{"taskId":"task-mula7y2zindz583","start":"2027-12-23","finish":"2027-12-30","duration":6,"isMilestone":false},{"taskId":"task-mula7y3a0ber584","start":"2027-12-31","finish":"2028-01-05","duration":4,"isMilestone":false},{"taskId":"task-mula7y3mw2ax585","start":"2027-12-31","finish":"2028-01-05","duration":4,"isMilestone":false},{"taskId":"task-mula7y3wowla586","start":"2028-01-06","finish":"2028-01-12","duration":5,"isMilestone":false},{"taskId":"task-mula7y47i5ql587","start":"2028-01-13","finish":"2028-01-18","duration":4,"isMilestone":false},{"taskId":"task-mula7y4f3ov7588","start":"2028-01-19","finish":"2028-01-20","duration":2,"isMilestone":false},{"taskId":"task-mula7y4ppqx5589","start":"2028-01-21","finish":"2028-01-25","duration":3,"isMilestone":false},{"taskId":"task-mula7y56s90i591","start":"2027-07-06","finish":"2027-09-06","duration":30,"isMilestone":false},{"taskId":"task-mula7y5gcnhi592","start":"2027-09-07","finish":"2027-10-08","duration":24,"isMilestone":false},{"taskId":"task-mula7y5oqes3593","start":"2027-10-11","finish":"2027-11-09","duration":22,"isMilestone":false},{"taskId":"task-mula7y5y3ecs594","start":"2027-11-10","finish":"2027-12-01","duration":16,"isMilestone":false},{"taskId":"task-mula7y6727tk595","start":"2027-12-02","finish":"2027-12-23","duration":16,"isMilestone":false},{"taskId":"task-mula7y6gu4mu596","start":"2027-12-24","finish":"2028-01-06","duration":10,"isMilestone":false},{"taskId":"task-mula7y6qbzv0597","start":"2028-01-07","finish":"2028-01-20","duration":10,"isMilestone":false},{"taskId":"task-mula7y70a79w598","start":"2028-01-21","finish":"2028-02-09","duration":14,"isMilestone":false},{"taskId":"task-mula7y7ah41w599","start":"2028-02-10","finish":"2028-02-23","duration":10,"isMilestone":false},{"taskId":"task-mula7y7lh7t1600","start":"2028-02-24","finish":"2028-03-10","duration":12,"isMilestone":false},{"taskId":"task-mula7y7vygnt601","start":"2028-03-10","finish":"2028-03-10","duration":0,"isMilestone":true,"milestoneKind":"FINISH"},{"taskId":"task-mula7y858hpw602","start":"2028-03-13","finish":"2028-03-16","duration":4,"isMilestone":false},{"taskId":"task-mula7y8fv669603","start":"2028-03-17","finish":"2028-03-17","duration":0,"isMilestone":true,"milestoneKind":"START"},{"taskId":"task-mula7y8nkzv6604","start":"2028-03-15","finish":"2028-03-17","duration":3,"isMilestone":false},{"taskId":"task-mula7y8wpk9d605","start":"2028-03-17","finish":"2028-03-22","duration":4,"isMilestone":false},{"taskId":"task-mula7y978169606","start":"2028-03-23","finish":"2028-03-30","duration":6,"isMilestone":false},{"taskId":"task-mula7y9ktcuy608","start":"2028-03-31","finish":"2028-04-04","duration":3,"isMilestone":false},{"taskId":"task-mula7y9td169609","start":"2028-03-31","finish":"2028-04-06","duration":5,"isMilestone":false},{"taskId":"task-mula7ya39e68610","start":"2028-04-07","finish":"2028-04-11","duration":3,"isMilestone":false},{"taskId":"task-mula7yacfwyc611","start":"2028-04-12","finish":"2028-04-13","duration":2,"isMilestone":false},{"taskId":"task-mula7yam3n2k612","start":"2028-04-18","finish":"2028-04-18","duration":1,"isMilestone":false},{"taskId":"task-mula7yawnsn5613","start":"2028-04-18","finish":"2028-04-18","duration":0,"isMilestone":true,"milestoneKind":"FINISH"},{"taskId":"task-mula7ybfgcyb615","start":"2028-05-09","finish":"2028-05-09","duration":0,"isMilestone":true,"milestoneKind":"FINISH"},{"taskId":"task-mula7ybpkjtl616","start":"2028-05-09","finish":"2028-05-09","duration":0,"isMilestone":true,"milestoneKind":"FINISH"},{"taskId":"task-mula7ybzt5n9617","start":"2028-05-03","finish":"2028-05-03","duration":0,"isMilestone":true,"milestoneKind":"FINISH"},{"taskId":"task-mula7yc99uve618","start":"2028-04-19","finish":"2028-04-21","duration":3,"isMilestone":false},{"taskId":"task-mula7ycjt7jc619","start":"2028-04-28","finish":"2028-05-01","duration":2,"isMilestone":false},{"taskId":"task-mula7ycsaxk2620","start":"2028-04-24","finish":"2028-04-26","duration":3,"isMilestone":false},{"taskId":"task-mula7yd273vn621","start":"2028-05-01","finish":"2028-05-01","duration":0,"isMilestone":true,"milestoneKind":"FINISH"},{"taskId":"task-mula7ydc31oh622","start":"2028-05-02","finish":"2028-05-02","duration":0,"isMilestone":true,"milestoneKind":"START"},{"taskId":"task-mula7ydnsxv4623","start":"2028-05-02","finish":"2028-05-02","duration":1,"isMilestone":false},{"taskId":"task-mula7zn2yrz21080","start":"2027-07-01","finish":"2027-07-08","duration":6,"isMilestone":false}],"projectEnd":"2028-05-09","projectDuration":287}]'),$);
#3468=IFCPROPERTYSINGLEVALUE('TaskGuids',$,IFCTEXT('{"task-mula7wrdegki362":"1fOFJd142NGMPHKaVFqJNU","task-mula7wrkocww364":"0xAtQ7UnYtl8YHRgYn6v1N","task-mula7wrqk39s365":"2QbrUCx7Hb36y6dSBGYB56","task-mula7wrwmysc366":"2ihlTECuiXA_ucYVVEDRiR","task-mula7ws19vjm367":"1jNdnTAugbMExIyWp4olzH","task-mula7ws691qv368":"1AL0c9BtSbL2JYazLwqTW6","task-mula7wsb8z05369":"0raQpVzJ1pJtgETM_px$fx","task-mula7wsgcdv5370":"2vf5vfC1ovS6xO_FdNRH0d","task-mula7wsmsjud371":"1VscMa2nS8c6caNpgrxw9a","task-mula7wsvkrff373":"1E3CTvuxwNe84iiJyrjY9M","task-mula7wt1dtor374":"1SlY03Kp6WMys2syBQ$xgp","task-mula7wt7ny45375":"0G3lEl$Xgtnc7EAyCQrLDB","task-mula7wtd8eh4376":"0tYK9igWfXav1xYmCUcLgo","task-mula7wtlp87c377":"3$riDazXUFYyfNiLr92B8b","task-mula7wtrwjkl378":"3HczQw4hRp0D$6PR_KxX6L","task-mula7wtyttek379":"0W_QKxHMluNd13byKttcJG","task-mula7wu5o9to380":"0gqK1M8fu3bw7A3f7Mx1Vk","task-mula7wubyvaf381":"3CqHT3mVjTAWE$iULvJs8l","task-mula7wuh2u9o382":"1FNb7n1AoDdFHCcUgPHVxg","task-mula7wuo13vk383":"1Ynlj8MGaY3WfcrW4ek2rY","task-mula7wuvssy5384":"2LT5CqqmuQ2$iJdk1MMHPE","task-mula7wv2f34t385":"35$9FOb$2NVBQVIBX30oOT","task-mula7wv90gjg386":"3BTMo$QtyZMRN56F5iou1H","task-mula7wvgv3q2387":"0b8fTahDXvYRIooQsHGcjo","task-mula7wvnsxbf388":"1CkwwvEwg9pPfvlcmY802w","task-mula7wvuesoo389":"1Pd$8a1HTxcaEwiL5TXzQH","task-mula7ww049dp390":"14i6gJOqW9c5aUT94WoCN7","task-mula7ww70oly391":"0PMrfv$$eJPlQBDlIQwnLr","task-mula7wwfbaz6392":"3$d1dTCaZppNWuBaX8Le7C","task-mula7wwmwhka393":"2e92DRAlVPF6IsMtmzeQck","task-mula7wwtr4r0394":"09__Xm2w4pVT53JHcrcMnA","task-mula7wx0s3zq395":"2dxzgV3wNtFLf4seodtraC","task-mula7wx70go9396":"0aA23lhBuqyK_NBuVVhWAA","task-mula7wxgy6sg398":"29b8bmK_d32IO38Eqs1AWk","task-mula7wxvyyki400":"3KmfBcQT_Gi_Dl2i8gOrFT","task-mula7wy2qb26401":"0Lgv9ATph9Y00p_ugVd42E","task-mula7wya9mzj402":"0gek4oz4hJeNtk3Lgyqcdc","task-mula7wyhuukc403":"3UxbjyQaMdXnoy2Z4VbMT5","task-mula7wyovlzr404":"2C$ySOx0ZEzO7GiCP5FEZm","task-mula7wywt4m9405":"0PDLvfvUit4HwnU3ZEe5Ar","task-mula7wz3gmap406":"1gXcU0QQEc34vzX3wahjHC","task-mula7wza6w3l407":"3qm0rHS80pCoVgsdtcmg22","task-mula7wzhmf7u408":"1wVICFAx7rDj7pmBZAVkRz","task-mula7wzorwvo409":"25cY49KOE3Tsqnf8APe$bR","task-mula7wzvpvc6410":"2uZjSx1cUSrGSsOD_s5bP2","task-mula7x03up0o411":"0AJ8vulk76ZmSJRzoIzdQg","task-mula7x0amdqp412":"0opf$LGQRywjX0xBgF$ox$","task-mula7x0imbq1413":"2RoXndcDgTlr2ko2aAMacS","task-mula7x0pwslz414":"3mBBaNgMZMmOY2iExuGj8$","task-mula7x0w7c1o415":"1u4MoLbREeUaRpr1Fg675a","task-mula7x132v4v416":"1XvXIES6iCNilSyu1mFDOs","task-mula7x1ax0l1417":"2VvOEk$P8ptYMUjtDXw5zq","task-mula7x1hpxgn418":"0SnpHBXF9YYyUliSlrWp0e","task-mula7x1njv18419":"1Z2o7fCwHaGcYzMdthXc3Z","task-mula7x1uq662420":"2VeVZbnf0MvcOBgFlR$50k","task-mula7x22lcyp421":"0IC5x6YEvWkyeKZQ30BajQ","task-mula7x2ajph9422":"3TFkGgl1kLLurjaEzXE91E","task-mula7x2hitci423":"3T_QSQNmZ5uLinTJOOnjgc","task-mula7x2owl6x424":"21CM_Ax5s0W1vf90qMsqsB","task-mula7x2wqzfz425":"3EfJfkYfgc9X$hM$AjV$Fd","task-mula7x33wxbg426":"2uhu$OoE5AiXIuRvMYIKYm","task-mula7x3anr68427":"21dLLj01bdQAtLBYeUNoqk","task-mula7x3pzg8k429":"0pAYUkJvL8yJ4knwGsJEi_","task-mula7x3x9vq1430":"0yhEBqDeewFDnyKw_9Dpy4","task-mula7x449b0c431":"1nlwjXv2JfWdW5Z6HElrqE","task-mula7x4b0lh4432":"2$eF5alESiAwgI89DwGOwD","task-mula7x4j2k0v433":"3tYZSCa$NN_p64H$Z6Ya2E","task-mula7x4qz7eq434":"04TIOlNh1svm2Jmi5ArjEc","task-mula7x4y9rux435":"0I9YZFN8VJlyNAMcMeDkt6","task-mula7x56bydh436":"0D_JaaJjfaSSaAYfqqykyw","task-mula7x5e8vjg437":"00knBoTyfeRm0NHtedr7mG","task-mula7x5lawbv438":"3WSd8oznHVpyJJUm2rpTP9","task-mula7x5se50y439":"0L$E_rqBPE9Es57NJBUDSc","task-mula7x60g6b3440":"2SZTuwUfalOpsPik3unF4$","task-mula7x67xwmm441":"2qRU_6BiRq8muB9g1BDNUU","task-mula7x6e3uj0442":"3rU1g$R_b6bwaZQ2fwb0aK","task-mula7x6m8tea443":"0x$dA0jYvevnkYD58FTTyO","task-mula7x6u51al444":"3mqW5Celp9PGr6Rco4J$nS","task-mula7x715zm8445":"1j7yMtFy4nO4J5TenCk8LC","task-mula7x78swi5446":"3RCPnX2drdkMgX_dpBWKSE","task-mula7x7flij4447":"0k6_33TYRfTVLxrgBT1XQL","task-mula7x7nu41a448":"3E5uDcsKLzyuGAcDaILZ0t","task-mula7x7upsj5449":"2RC4yDTItvv2AURusT5eEE","task-mula7x8185c4450":"0_PwqhV2IVp14IYnYcpTYp","task-mula7x89quvz451":"2kkg6XJKTUlWCl3$M9ngiJ","task-mula7x8h0cwy452":"3RXQcOO1$3dFPdW1HXa0_R","task-mula7x8oeok2453":"1gGiRhE3L4L_Qq6iP7QXez","task-mula7x8vbawe454":"323DZ$c$lS_V3J113CyvF6","task-mula7x94md8a455":"25rxl_qC8zIy3y0DzYg8fa","task-mula7x9bri0k456":"0QX316HG1NiYfK02z7AJt7","task-mula7x9qn8n6458":"2frAVcXgDQ4b7L_PEzCwNW","task-mula7x9ya4d3459":"284yQPMeWk_op69VUOxSOR","task-mula7xa5cfwh460":"2y5IHtj41vkIvidLVWeXLW","task-mula7xad0kkq461":"0D3kqEVBgtr5Sc3GZpzLd1","task-mula7xaldfm7462":"1_OTKOfto3KrbQay3c6GJq","task-mula7xat4nbu463":"2aguvsRroIBpUTUcK0zfTy","task-mula7xb0spvj464":"1zRJUMZdp$wx8z7xLqknQR","task-mula7xb8p273465":"2yKnCS6cKxko0aMzUbDMEn","task-mula7xbfker6466":"1uMq5hBMtz$_0o0FvhEocM","task-mula7xbnqp5v467":"2CS81n2i52W2zkxwXE6LjI","task-mula7xbub2bt468":"3v4J0KjHis4G_UST68e2yL","task-mula7xc2agby469":"3rfQeuSBxljI0dgXOAOiIk","task-mula7xcapkcg470":"3xnOyT09Gq4dsMwrOxmcm4","task-mula7xcisg6r471":"2HGQGHv54YJIqxIk0BLJ9y","task-mula7xcp2mvy472":"0wbs$BUzgg8gYdfD2cwMqo","task-mula7xcxbo8r473":"3R8D4Kt1suhU5Af4wY$63h","task-mula7xd4xhfb474":"2t0q3JNPt70tsGkJU3Yeoq","task-mula7xdciw8t475":"1S0S6hDJIj03CwmYUiavpF","task-mula7xdj6lop476":"3bCm_z600$SMdleGYzwDCI","task-mula7xdrc7qk477":"3nvFPLAB3IvNeVl0jiX8gH","task-mula7xdzz9hp478":"3he8xAfIgdOPPbZDNNzRFf","task-mula7xe6j7x1479":"0qFjZxxwPmq1W3WMPX5_Cy","task-mula7xee0psl480":"2AUMlwu5lDWrKtkwDG79sq","task-mula7xemy68q481":"1iDq3VnWot$vvtn9NRTV4w","task-mula7xeutyuh482":"2MgIoGurfMq$VSrwIWHVH0","task-mula7xf21bbe483":"1ZtTYnOuXgTY7X_GqKtEd9","task-mula7xfazwdd484":"0kfUGZDJ5xM9t7Y0$Cq6ng","task-mula7xfi82rd485":"3TeTtfr9$EkGidtPYGYRYO","task-mula7xfqbepn486":"3BiHwjBHNN_RtT_nysvlLt","task-mula7xfszq9k487":"0U_5tOSzFDJdl77Y6iMvZA","task-mula7xgbl4r1490":"2ryoUMfIZwJsWQIoS_dxiH","task-mula7xgi8fmh491":"2HRjkgmZ4atORt1xXKsPPy","task-mula7xgq5ex3492":"3YhosOR4oxa42AuKNjnH0u","task-mula7xgyu6uy493":"14UnYB3ABmvBuyJRgN07jj","task-mula7xh5vra8494":"1h7ajLDVrSzMHkB6uZhsJj","task-mula7xhemnkg495":"3yw3MtA4G_Z3LNuoPZfeaq","task-mula7xhn8r8r496":"0kQZWDEVciRjeifvDxMLMj","task-mula7xhvma6d497":"2$QRFKwRD$OS0_U2$pYCOo","task-mula7xi2o6vb498":"1aYCxwjn16ikSXIDJMxwhY","task-mula7xij9qfm500":"2pCxf8IsWDioudKGFGr_va","task-mula7xirzmb6501":"28sXDeVl$Dv45WcThffPqB","task-mula7xj0dmbl502":"2HJZKhhZ7o4wxkJDOe16TN","task-mula7xj8nh93503":"0bZOcl8nq6IOeCcGmYKrOU","task-mula7xjg9vij504":"2Zbysjfgq85dnL2KWS$y6t","task-mula7xjoj2hi505":"3X1v2Tq0MuccOqz351ZsF0","task-mula7xjyq9j5506":"1YRwy6diQ_ezSR2SQ73YNj","task-mula7xk7fa6j507":"29$k_3PcfO9$0QCWwbkMJ0","task-mula7xkfk7mj508":"0STl5tt5m3rnmfq5de8Fm8","task-mula7xkyh2x2510":"1xJaPpWHu$XstNoNRlYFRO","task-mula7xl6sgia511":"03J8x1IVaGZmivegXMSgEf","task-mula7xlfygib512":"0db9Sxdrb1eArwJcOdpzRt","task-mula7xloljts513":"0qysvWF$9XfP0Klc9_ohTt","task-mula7xlxaksh514":"19akvCDvzDdIVjflp8Mr3D","task-mula7xm59imj515":"3UWDwHKcvGZkhAy64tWUco","task-mula7xmenbdj516":"3ndgJyWj7wgi40hMDJL9oY","task-mula7xmn4pms517":"2OmtzALBWfOwXCaXMYKRy5","task-mula7xmwstpc518":"20gu58FSVuCOAnmW4XF2ZJ","task-mula7xn41qy5519":"0SFBfsqYZhq2gY5WYvTtUz","task-mula7xnduqva520":"37DFXvkEiCOc617FgeB9M_","task-mula7xnoyxga522":"3462_Rfzl57UJYVdsrta7C","task-mula7xnx5wwo523":"2qzvftdUzJSqN9YdT0iW9n","task-mula7xo7vww1524":"2$8BhUzCHoJfhB3RGt43mZ","task-mula7xogglst525":"18ztD9AGmKQs2aljm5YBB1","task-mula7xox6fhj527":"1BVF$FIAqeLkyP2rb$u9fl","task-mula7xp5kmw0528":"0mWgUyHJoM8BmxxB0gua7D","task-mula7xpdwcxe529":"0LG4bOula7h_wgioSlfMYd","task-mula7xpnc3o1530":"1wXTRCGFSyn2JNo86zbp2J","task-mula7xpw96pv531":"1JSCkaidQqb34vmmTO72q6","task-mula7xq4ichn532":"1rHuPvE6OBf1LtTBCDuqmf","task-mula7xqczjtc533":"0CjESex9EAaaiC5SjE14k1","task-mula7xqospxg534":"0LlylC2P8yiNxWFP0uD03B","task-mula7xr3pr00536":"01rQtBE_0hekifRbdpXyK2","task-mula7xrcl5wc537":"0oK6oK$Kq7Tk8SUHl2wSzP","task-mula7xrlcl99538":"3SNsHBWCn4d5MhZPnNRtca","task-mula7xrtadzn539":"190IbPpLS3vhr_qrypAMuh","task-mula7xs3uqf8540":"1HVmLVTbHKBv2r7RTqWAef","task-mula7xschxhc541":"3$ktUe95qsuzXHHtdCUqN6","task-mula7xslm0af542":"31BIDDTGhfKnO7sxW$upU0","task-mula7xsxa1fy543":"0Z091dv7rxr6YrKKC8sxRb","task-mula7xtf4l2j545":"0OB4moGKpoIsu$zXcotCu2","task-mula7xtowxcg546":"3CHAuTswR_eQy81wJT1t$k","task-mula7xtx5ugc547":"1rF79iCfKpqcYe94THHIGs","task-mula7xu6d0xp548":"3CX3mQZrskCkriv$fxZbzG","task-mula7xufrb24549":"3U5F4JgWEOZ7oLG8OFSiKZ","task-mula7xunheu0550":"3YRsX8DN4U5JwnEPSASK1h","task-mula7xuw4hpp551":"0Ikm419p9n3qWmxpa1$Zyo","task-mula7xv84ltk552":"3eZU4ZS4suM4LVUA5IkHjY","task-mula7xvv6r47555":"2xjSQ_UtZW9YCsdUAb_lnw","task-mula7xw94cbm556":"2Aj3kQPWG61FsqkQGPrFTA","task-mula7xwm97nv558":"0U3C34$vVFTyljHgvKbFMB","task-mula7xwvpraa559":"0K9$94tMCfxOK8UlGrluQz","task-mula7xx45rdf560":"2FY_tJPo3_FTf_xQjBOIDr","task-mula7xxdfawv561":"2Hk1SMBc$rkCt5qL40DVfw","task-mula7xxm51i3562":"0zAGt_uUjcBzrCmVLh9Q9w","task-mula7xxvoy39563":"2KP4jgjuFYFemAdrQCS2do","task-mula7xydkf1o566":"2nSSJWRnZn_GvSgh0tZUaW","task-mula7xym9jc9567":"0jGwARPOrqM3bxi_10jwqK","task-mula7xyv86r9568":"0okS7LxvWWMkOaKAjx7Qap","task-mula7xz41nfj569":"2OFO71IMV1p8_U8wpBEhrf","task-mula7xzfavzt570":"3XUja$YXydz46u_C9yy$6O","task-mula7xzoo8r8571":"2VPHxO61y7zyWlmrNd1yiS","task-mula7xzxvjqc572":"1lEF1w$fcW_9S40TgETosu","task-mula7y07h9yg573":"2a$8nZMl6nprLu$Hf0J0gj","task-mula7y0qjnuh575":"1SsRhPkK8diGkGZjeWnEjw","task-mula7y0zrhcr576":"0HxTR3Voy0NN6lqmA7I$0X","task-mula7y1axt8b577":"2OKFUDYkUSzHWVl24V_8Nx","task-mula7y1ozhiv578":"32LXjaUHp6xqcVBAFnQMPg","task-mula7y1xdaa3579":"2d2xtWYYRikKJk7tLJP1GW","task-mula7y26tfjd580":"0i7yGH8DWgRloon9$OXKm2","task-mula7y2fn1x4581":"13hCSfZu5HnNNYEmR$qWld","task-mula7y2o8f7n582":"13$YxU2$i_Unalk$gLAYMJ","task-mula7y2zindz583":"1lhAWPars4pbQZ5VTyAJ$g","task-mula7y3a0ber584":"3cDEUHzIerxkvGGZt_GsEA","task-mula7y3mw2ax585":"24OEn5ZyPnT6PN3xOXU22Q","task-mula7y3wowla586":"2W6Sk0vEc6zirrXsjbGGqc","task-mula7y47i5ql587":"1OBiWSC3vvo6hT30r2K3KG","task-mula7y4f3ov7588":"1BhDxyinA02Ynhg5xiUwWU","task-mula7y4ppqx5589":"1BrxW9mR$Oqw5sYfRJxRcx","task-mula7y56s90i591":"1s7XvX5QnPLFAt4Yz4tN0X","task-mula7y5gcnhi592":"0zSbo5KSzFXl301rX9xeoe","task-mula7y5oqes3593":"1yFcLj70KqsrAtfNVhyaxQ","task-mula7y5y3ecs594":"1OcpGPrRcLBI$AUY87awk$","task-mula7y6727tk595":"04KLW8V18PBXrx9nKhyRNJ","task-mula7y6gu4mu596":"09QcRoz3Qd5x_I04fABLNn","task-mula7y6qbzv0597":"1Xk$2T$02cNZJ2WxtUGzpj","task-mula7y70a79w598":"1MxBIhJ9uYLPH$2jmzcR8I","task-mula7y7ah41w599":"0UJGOmPa2Ar0EEeapO_CJx","task-mula7y7lh7t1600":"2_f2lYGJiZdKNPXxY5ORTT","task-mula7y7vygnt601":"05SJVLxvKrboXFbvWZjNYq","task-mula7y858hpw602":"0JlH5xjrHGkuyPDLMV4bci","task-mula7y8fv669603":"1RW56pAbRNZaNbjMx_EWr0","task-mula7y8nkzv6604":"08sfsU0C6A5Y17Gkt37twS","task-mula7y8wpk9d605":"1yAdLJCCByScpMsGRZg5Cf","task-mula7y978169606":"0KturT6J5GpYsl69zLu8ZO","task-mula7y9ktcuy608":"2y4ul1rvaBOXDqGGK_UC5D","task-mula7y9td169609":"26XokRTxHxjFvSV_BFyuou","task-mula7ya39e68610":"0tTYDIUmlyrsLfIBTxtb6_","task-mula7yacfwyc611":"29sGEsCwTylZ5g$2Cwdm8q","task-mula7yam3n2k612":"3fC6tYZirBZgKKsegFAdNr","task-mula7yawnsn5613":"37yPiE2cOi417e44vPUct8","task-mula7ybfgcyb615":"0ZV9xLYMkM1fl_Ooac2ZQB","task-mula7ybpkjtl616":"2z3hgz2JfKU7cXTvHI6SNr","task-mula7ybzt5n9617":"14w7vmxo6yeTJnPmdyP03Q","task-mula7yc99uve618":"3nDIx1OAW1mX7JiNy6mp6y","task-mula7ycjt7jc619":"1oiciYQFESoIZKaDs9SSNu","task-mula7ycsaxk2620":"3ZcHgPpBTWvtRI0jdfgDd7","task-mula7yd273vn621":"0QQwUfmutbT3LOqZ0ljHI0","task-mula7ydc31oh622":"3jwCtg6FhlRzJM6Ts_0tAG","task-mula7ydnsxv4623":"0q5QrZtY4XwKn6l4NX8BOX","task-mula7zn2yrz21080":"0aPU2l69CmSALsijRSo630"}'),$);
#3469=IFCPROPERTYSINGLEVALUE('ActiveBaselineId',$,IFCTEXT('baseline-mula7zmw7yat1079'),$);
#3470=IFCPROPERTYSET('3jJex80bQtdGKeBDTyvIJv',#6,'OPS_Baselines',$,(#3467,#3468,#3469));
#3471=IFCRELDEFINESBYPROPERTIES('3IwqfgRNJi3X0fFeypG1j2',#6,$,$,(#40),#3470);
#3472=IFCPROPERTYSINGLEVALUE('SchedulingOptions',$,IFCTEXT('{"nearCriticalThreshold":3,"floatPaths":{"enabled":true,"method":"FREE_FLOAT","maxPaths":8}}'),$);
#3473=IFCPROPERTYSET('26vAK9EI4VrXi_Ijc_uitN',#6,'OPS_SchedulingOptions',$,(#3472));
#3474=IFCRELDEFINESBYPROPERTIES('3$o9vEYTLB9zNI7VenKQ9b',#6,$,$,(#40),#3473);
ENDSEC;
END-ISO-10303-21;
