ISO-10303-21;
HEADER;
FILE_DESCRIPTION(('ViewDefinition [SchedulingView]'),'2;1');
FILE_NAME('6 New Terraced Houses, De Akkers.ifc','2026-09-28T13:27:15',('Site manager'),('Van der Meer Construction BV'),'Open Planner Studio 0.1','Open Planner Studio','');
FILE_SCHEMA(('IFC4X3'));
ENDSEC;
DATA;
#1=IFCPERSON($,'Site manager',$,$,$,$,$,$);
#2=IFCORGANIZATION($,'Van der Meer Construction BV',$,$,$);
#3=IFCPERSONANDORGANIZATION(#1,#2,$);
#4=IFCORGANIZATION($,'OpenAEC Foundation',$,$,$);
#5=IFCAPPLICATION(#4,'0.2','Open Planner Studio','OPS');
#6=IFCOWNERHISTORY(#3,#5,$,.NOCHANGE.,$,$,$,1790602035);
#7=IFCSIUNIT(*,.LENGTHUNIT.,$,.METRE.);
#8=IFCSIUNIT(*,.TIMEUNIT.,$,.SECOND.);
#9=IFCUNITASSIGNMENT((#7,#8));
#10=IFCCARTESIANPOINT((0.,0.,0.));
#11=IFCAXIS2PLACEMENT3D(#10,$,$);
#12=IFCGEOMETRICREPRESENTATIONCONTEXT($,'Plan',3,1.0E-05,#11,$);
#13=IFCPROJECT('1ZYNFY9ik6nN2z6zqMWdmX',#6,'6 New Terraced Houses, De Akkers','New-build block of six identical terraced houses \X2\2014\X0\ repeating structure, resources and progress reporting.',$,$,$,(#12),#9);
#14=IFCTIMEPERIOD('07:00:00','16:00:00');
#15=IFCRECURRENCEPATTERN(.WEEKLY.,$,(1,2,3,4,5),$,$,$,$,(#14));
#16=IFCWORKTIME('Standard work week',.PREDICTED.,$,#15,$,$);
#17=IFCWORKTIME('New Year''s Day',.PREDICTED.,$,$,'2027-01-01','2027-01-01');
#18=IFCWORKTIME('Good Friday',.PREDICTED.,$,$,'2027-03-26','2027-03-26');
#19=IFCWORKTIME('Easter',.PREDICTED.,$,$,'2027-03-28','2027-03-29');
#20=IFCWORKTIME('King''s Day',.PREDICTED.,$,$,'2027-04-27','2027-04-27');
#21=IFCWORKTIME('Liberation Day',.PREDICTED.,$,$,'2027-05-05','2027-05-05');
#22=IFCWORKTIME('Ascension Day',.PREDICTED.,$,$,'2027-05-06','2027-05-06');
#23=IFCWORKTIME('Whitsun',.PREDICTED.,$,$,'2027-05-16','2027-05-17');
#24=IFCWORKTIME('Christmas',.PREDICTED.,$,$,'2027-12-25','2027-12-26');
#25=IFCWORKTIME('Construction holiday (northern region)',.PREDICTED.,$,$,'2027-07-26','2027-08-15');
#26=IFCWORKTIME('New Year''s Day',.PREDICTED.,$,$,'2028-01-01','2028-01-01');
#27=IFCWORKTIME('Good Friday',.PREDICTED.,$,$,'2028-04-14','2028-04-14');
#28=IFCWORKTIME('Easter',.PREDICTED.,$,$,'2028-04-16','2028-04-17');
#29=IFCWORKTIME('King''s Day',.PREDICTED.,$,$,'2028-04-27','2028-04-27');
#30=IFCWORKTIME('Liberation Day',.PREDICTED.,$,$,'2028-05-05','2028-05-05');
#31=IFCWORKTIME('Ascension Day',.PREDICTED.,$,$,'2028-05-25','2028-05-25');
#32=IFCWORKTIME('Whitsun',.PREDICTED.,$,$,'2028-06-04','2028-06-05');
#33=IFCWORKTIME('Christmas',.PREDICTED.,$,$,'2028-12-25','2028-12-26');
#34=IFCWORKTIME('Construction holiday (northern region)',.PREDICTED.,$,$,'2028-07-24','2028-08-13');
#35=IFCWORKTIME('Frost delay, foundations',.PREDICTED.,$,$,'2027-03-23','2027-03-28');
#36=IFCWORKCALENDAR('3fw3LUPtGrOX52NYsQ_Mbm',#6,'Construction calendar NL','Standard construction calendar: Mon-Fri 07:00-16:00',$,(#16),(#17,#18,#19,#20,#21,#22,#23,#24,#25,#26,#27,#28,#29,#30,#31,#32,#33,#34,#35),.FIRSTSHIFT.);
#37=IFCPROPERTYSINGLEVALUE('HoursPerDay',$,IFCREAL(8),$);
#38=IFCPROPERTYSET('30xLy06l1lkbiv255lCEJO',#6,'OPS_Calendar',$,(#37));
#39=IFCRELDEFINESBYPROPERTIES('3r24BI1crADH2J6jZ3oWJR',#6,$,$,(#36),#38);
#40=IFCWORKPLAN('2e95brRaH0EoKsddtz8Txo',#6,'6 New Terraced Houses, De Akkers','New-build block of six identical terraced houses \X2\2014\X0\ repeating structure, resources and progress reporting.',$,$,'2026-09-28T13:27:15',$,$,$,$,$,'2027-03-01T07:00:00','2027-03-08T07:00:00',.PLANNED.);
#41=IFCWORKSCHEDULE('0U7iPpH5vfTYxI4iyLlAU3',#6,'Construction schedule v1.0',$,$,$,'2026-09-28T13:27:15',$,$,$,$,$,'2027-03-01T07:00:00','2027-03-08T07:00:00',.PLANNED.);
#42=IFCWORKSCHEDULE('3tJdUQik4YCgcOjiGbdjbp',#6,'Baseline at start',$,$,$,'2026-09-28T13:27:14.838Z',$,$,$,$,$,$,'2027-08-16T07:00:00',.BASELINE.);
#43=IFCRELAGGREGATES('2gy5Nt6T8fWF8zqCApzLBb',#6,$,$,#40,(#41,#42));
#44=IFCTASKTIME('Start of construction Time',.PREDICTED.,$,.WORKTIME.,'P0Y0M0D','2027-03-01T07:00:00','2027-03-01T07:00:00','2027-03-01T07:00:00','2027-03-01T07:00:00','2027-02-16T07:00:00','2027-02-16T07:00:00','P0Y0M0D','P0Y0M-9D',.F.,'2027-05-20T07:00:00',$,'2027-03-01T07:00:00','2027-03-01T07:00:00','P0Y0M0D',1.00);
#45=IFCTASK('2bP856o_ns1Moz0Fxt5Dl2',#6,'Start of construction',$,$,'1',$,$,$,.T.,$,#44,.CONSTRUCTION.);
#46=IFCTASKTIME('1. Site set-up Time',.PREDICTED.,$,.WORKTIME.,'P0Y0M10D','2027-03-01T07:00:00','2027-03-05T07:00:00','2027-03-01T07:00:00','2027-03-12T07:00:00','2027-02-16T07:00:00','2027-02-26T07:00:00','P0Y0M-1D','P0Y0M-10D',.F.,'2027-05-20T07:00:00',$,'2027-03-01T07:00:00','2027-03-12T07:00:00',$,1.00);
#47=IFCTASK('0frdTGRVjJ670apUU$9mWI',#6,'1. Site set-up',$,$,'2',$,$,$,.F.,$,#46,.LOGISTIC.);
#48=IFCTASKTIME('Install site board & safety fencing Time',.PREDICTED.,$,.WORKTIME.,'P0Y0M1D','2027-03-01T07:00:00','2027-03-01T07:00:00','2027-03-01T07:00:00','2027-03-02T07:00:00','2027-02-16T07:00:00','2027-02-16T07:00:00','P0Y0M-1D','P0Y0M-10D',.F.,'2027-05-20T07:00:00',$,'2027-03-01T07:00:00','2027-03-02T07:00:00','P0Y0M0D',1.00);
#49=IFCTASK('2YgVTAk2PMKJ6lfbuGorgI',#6,'Install site board & safety fencing',$,$,'2.1',$,$,$,.F.,$,#48,.LOGISTIC.);
#50=IFCTASKTIME('Construct site road Time',.PREDICTED.,$,.WORKTIME.,'P0Y0M3D','2027-03-01T07:00:00','2027-03-03T07:00:00','2027-03-02T07:00:00','2027-03-05T07:00:00','2027-02-17T07:00:00','2027-02-19T07:00:00','P0Y0M-1D','P0Y0M-10D',.F.,'2027-05-20T07:00:00',$,'2027-03-02T07:00:00','2027-03-05T07:00:00','P0Y0M0D',1.00);
#51=IFCTASK('06L4rimvwl4KIHpSYF_Ta3',#6,'Construct site road',$,$,'2.2',$,$,$,.F.,$,#50,.LOGISTIC.);
#52=IFCTASKTIME('Place site huts Time',.PREDICTED.,$,.WORKTIME.,'P0Y0M2D','2027-03-01T07:00:00','2027-03-02T07:00:00','2027-03-05T07:00:00','2027-03-09T07:00:00','2027-02-22T07:00:00','2027-02-23T07:00:00','P0Y0M-1D','P0Y0M-10D',.F.,'2027-05-20T07:00:00',$,'2027-03-05T07:00:00','2027-03-09T07:00:00','P0Y0M0D',1.00);
#53=IFCTASK('3bJyUtmLsJ_ZyKEkUbw$$w',#6,'Place site huts',$,$,'2.3',$,$,$,.F.,$,#52,.LOGISTIC.);
#54=IFCTASKTIME('Install utility connections Time',.PREDICTED.,$,.WORKTIME.,'P0Y0M3D','2027-03-01T07:00:00','2027-03-03T07:00:00','2027-03-09T07:00:00','2027-03-12T07:00:00','2027-02-24T07:00:00','2027-02-26T07:00:00','P0Y0M-1D','P0Y0M-10D',.F.,'2027-05-20T07:00:00',$,'2027-03-09T07:00:00','2027-03-12T07:00:00','P0Y0M0D',1.00);
#55=IFCTASK('1EvclBJspW8r1gyHEFj3lU',#6,'Install utility connections','Pinned (priority 1000): the connection date is fixed by the utility company and must not move.',$,'2.4',$,$,$,.F.,1000,#54,.LOGISTIC.);
#56=IFCTASKTIME('2. Foundations (shared) Time',.PREDICTED.,$,.WORKTIME.,'P0Y0M14D','2027-03-01T07:00:00','2027-03-05T07:00:00','2027-03-12T07:00:00','2027-04-07T07:00:00','2027-03-01T07:00:00','2027-03-30T07:00:00','P0Y0M-1D','P0Y0M-10D',.F.,'2027-05-20T07:00:00',$,'2027-03-12T07:00:00','2027-04-07T07:00:00',$,1.00);
#57=IFCTASK('2rkrHJIMGve0v201oE1rng',#6,'2. Foundations (shared)',$,$,'3',$,$,$,.F.,$,#56,.CONSTRUCTION.);
#58=IFCTASKTIME('Excavation, building pit Time',.PREDICTED.,$,.WORKTIME.,'P0Y0M5D','2027-03-01T07:00:00','2027-03-05T07:00:00','2027-03-12T07:00:00','2027-03-19T07:00:00','2027-03-01T07:00:00','2027-03-05T07:00:00','P0Y0M-1D','P0Y0M-10D',.F.,'2027-05-20T07:00:00',$,'2027-03-12T07:00:00','2027-03-19T07:00:00','P0Y0M0D',1.00);
#59=IFCTASK('1e3Audy_4RbyjNjfyfkkKV',#6,'Excavation, building pit',$,$,'3.1',$,$,$,.F.,$,#58,.CONSTRUCTION.);
#60=IFCTASKTIME('Pour foundation beams Time',.PREDICTED.,$,.WORKTIME.,'P0Y0M5D','2027-03-01T07:00:00','2027-03-05T07:00:00','2027-03-19T07:00:00','2027-03-22T07:00:00','2027-03-08T07:00:00','2027-03-12T07:00:00','P0Y0M2D','P0Y0M-6D',.F.,'2027-05-20T07:00:00',$,'2027-03-19T07:00:00','2027-03-29T07:00:00','P0Y0M0D',1.00);
#61=IFCTASK('1z3lQFRGvTiyHINXmTP6H0',#6,'Pour foundation beams',$,$,'3.2',$,$,$,.F.,$,#60,.CONSTRUCTION.);
#62=IFCTASKTIME('Pour ground floor slab Time',.PREDICTED.,$,.WORKTIME.,'P0Y0M4D','2027-03-01T07:00:00','2027-03-04T07:00:00','2027-04-01T07:00:00','2027-04-07T07:00:00','2027-03-18T07:00:00','2027-03-30T07:00:00','P0Y0M0D','P0Y0M-6D',.F.,'2027-05-20T07:00:00',$,'2027-04-01T07:00:00','2027-04-07T07:00:00','P0Y0M0D',1.00);
#63=IFCTASK('1NPVCm_MoVXbn$dZB3Ckwg',#6,'Pour ground floor slab',$,$,'3.3',$,$,$,.F.,$,#62,.CONSTRUCTION.);
#64=IFCTASKTIME('Foundation inspection Time',.PREDICTED.,$,.WORKTIME.,'P0Y0M0D','2027-03-01T07:00:00','2027-03-01T07:00:00','2027-04-07T07:00:00','2027-04-07T07:00:00','2027-03-30T07:00:00','2027-03-30T07:00:00','P0Y0M-1D','P0Y0M-6D',.F.,'2027-05-20T07:00:00',$,'2027-04-07T07:00:00','2027-04-07T07:00:00','P0Y0M0D',1.00);
#65=IFCTASK('3w03ySKBouFJU3_5JODX85',#6,'Foundation inspection',$,$,'3.4',$,$,$,.T.,$,#64,.CONSTRUCTION.);
#66=IFCTASKTIME('3. Structural works per house Time',.PREDICTED.,$,.WORKTIME.,'P0Y0M54D','2027-03-01T07:00:00','2027-03-05T07:00:00','2027-04-07T07:00:00','2027-06-25T07:00:00','2027-03-31T07:00:00','2027-08-17T07:00:00','P0Y0M-1D','P0Y0M-8D',.T.,'2027-05-20T07:00:00',$,'2027-04-07T07:00:00',$,$,0.563);
#67=IFCTASK('2v$slWBg1fNGFwuz36cuk5',#6,'3. Structural works per house',$,$,'4',$,$,$,.F.,$,#66,.CONSTRUCTION.);
#68=IFCTASKTIME('Ground floor masonry \X2\2014\X0\ House 1 Time',.PREDICTED.,$,.WORKTIME.,'P0Y0M6D','2027-03-01T07:00:00','2027-03-08T07:00:00','2027-04-07T07:00:00','2027-04-15T07:00:00','2027-03-31T07:00:00','2027-04-07T07:00:00','P0Y0M-1D','P0Y0M-6D',.F.,'2027-05-20T07:00:00',$,'2027-04-07T07:00:00','2027-04-15T07:00:00','P0Y0M0D',1.00);
#69=IFCTASK('27Lt3qXVsMkF$88wxvhLjL',#6,'Ground floor masonry \X2\2014\X0\ House 1',$,$,'4.1',$,$,$,.F.,$,#68,.CONSTRUCTION.);
#70=IFCTASKTIME('Upper floor slab \X2\2014\X0\ House 1 Time',.PREDICTED.,$,.WORKTIME.,'P0Y0M4D','2027-03-01T07:00:00','2027-03-04T07:00:00','2027-04-15T07:00:00','2027-04-21T07:00:00','2027-05-27T07:00:00','2027-06-01T07:00:00','P0Y0M-1D','P0Y0M25D',.F.,'2027-05-20T07:00:00',$,'2027-04-15T07:00:00','2027-04-21T07:00:00','P0Y0M0D',1.00);
#71=IFCTASK('3fD_10duqgeZV9CkdvWPsx',#6,'Upper floor slab \X2\2014\X0\ House 1',$,$,'4.2',$,$,$,.F.,$,#70,.CONSTRUCTION.);
#72=IFCTASKTIME('Upper floor masonry \X2\2014\X0\ House 1 Time',.PREDICTED.,$,.WORKTIME.,'P0Y0M6D','2027-03-01T07:00:00','2027-03-08T07:00:00','2027-04-21T07:00:00','2027-04-29T07:00:00','2027-06-02T07:00:00','2027-06-09T07:00:00','P0Y0M-1D','P0Y0M26D',.F.,'2027-05-20T07:00:00',$,'2027-04-21T07:00:00','2027-04-29T07:00:00','P0Y0M0D',1.00);
#73=IFCTASK('0qRpLvKDdCeSj449V4cjNc',#6,'Upper floor masonry \X2\2014\X0\ House 1',$,$,'4.3',$,$,$,.F.,$,#72,.CONSTRUCTION.);
#74=IFCTASKTIME('Roof structure \X2\2014\X0\ House 1 Time',.PREDICTED.,$,.WORKTIME.,'P0Y0M5D','2027-03-01T07:00:00','2027-03-05T07:00:00','2027-04-29T07:00:00','2027-05-04T07:00:00','2027-06-10T07:00:00','2027-06-16T07:00:00','P0Y0M8D','P0Y0M28D',.F.,'2027-05-20T07:00:00',$,'2027-04-29T07:00:00','2027-05-06T07:00:00','P0Y0M0D',1.00);
#75=IFCTASK('0_HBfsVOV3k3On1CANrC3E',#6,'Roof structure \X2\2014\X0\ House 1',$,$,'4.4',$,$,$,.F.,$,#74,.CONSTRUCTION.);
#76=IFCTASKTIME('Ground floor masonry \X2\2014\X0\ House 2 Time',.PREDICTED.,$,.WORKTIME.,'P0Y0M6D','2027-03-01T07:00:00','2027-03-08T07:00:00','2027-04-15T07:00:00','2027-04-23T07:00:00','2027-04-08T07:00:00','2027-04-15T07:00:00','P0Y0M-1D','P0Y0M-6D',.F.,'2027-05-20T07:00:00',$,'2027-04-15T07:00:00','2027-04-23T07:00:00','P0Y0M0D',1.00);
#77=IFCTASK('1KgirLUE45r0IY8QmNyOXD',#6,'Ground floor masonry \X2\2014\X0\ House 2',$,$,'4.5',$,$,$,.F.,$,#76,.CONSTRUCTION.);
#78=IFCTASKTIME('Upper floor slab \X2\2014\X0\ House 2 Time',.PREDICTED.,$,.WORKTIME.,'P0Y0M4D','2027-03-01T07:00:00','2027-03-04T07:00:00','2027-04-23T07:00:00','2027-04-29T07:00:00','2027-05-26T07:00:00','2027-05-31T07:00:00','P0Y0M-1D','P0Y0M19D',.F.,'2027-05-20T07:00:00',$,'2027-04-23T07:00:00','2027-04-29T07:00:00','P0Y0M0D',1.00);
#79=IFCTASK('1QwQ4cOTJ0gQgNzOX1h7fq',#6,'Upper floor slab \X2\2014\X0\ House 2',$,$,'4.6',$,$,$,.F.,$,#78,.CONSTRUCTION.);
#80=IFCTASKTIME('Upper floor masonry \X2\2014\X0\ House 2 Time',.PREDICTED.,$,.WORKTIME.,'P0Y0M6D','2027-03-01T07:00:00','2027-03-08T07:00:00','2027-04-29T07:00:00','2027-05-07T07:00:00','2027-06-01T07:00:00','2027-06-08T07:00:00','P0Y0M-1D','P0Y0M21D',.F.,'2027-05-20T07:00:00',$,'2027-04-29T07:00:00','2027-05-07T07:00:00','P0Y0M0D',1.00);
#81=IFCTASK('2l4CqN36jPv$m24EcuwwN$',#6,'Upper floor masonry \X2\2014\X0\ House 2',$,$,'4.7',$,$,$,.F.,$,#80,.CONSTRUCTION.);
#82=IFCTASKTIME('Roof structure \X2\2014\X0\ House 2 Time',.PREDICTED.,$,.WORKTIME.,'P0Y0M5D','2027-03-01T07:00:00','2027-03-05T07:00:00','2027-05-07T07:00:00','2027-05-14T07:00:00','2027-06-09T07:00:00','2027-06-15T07:00:00','P0Y0M2D','P0Y0M21D',.F.,'2027-05-20T07:00:00',$,'2027-05-07T07:00:00','2027-05-14T07:00:00','P0Y0M0D',1.00);
#83=IFCTASK('0eVl9Wf4p6HUM0Fu9eQSJR',#6,'Roof structure \X2\2014\X0\ House 2',$,$,'4.8',$,$,$,.F.,$,#82,.CONSTRUCTION.);
#84=IFCTASKTIME('Ground floor masonry \X2\2014\X0\ House 3 Time',.PREDICTED.,$,.WORKTIME.,'P0Y0M6D','2027-03-01T07:00:00','2027-03-08T07:00:00','2027-04-23T07:00:00','2027-05-03T07:00:00','2027-04-16T07:00:00','2027-04-23T07:00:00','P0Y0M-1D','P0Y0M-5D',.F.,'2027-05-20T07:00:00',$,'2027-04-23T07:00:00','2027-05-03T07:00:00','P0Y0M0D',1.00);
#85=IFCTASK('1hsbjuWpkLskB910V0z9XE',#6,'Ground floor masonry \X2\2014\X0\ House 3',$,$,'4.9',$,$,$,.F.,$,#84,.CONSTRUCTION.);
#86=IFCTASKTIME('Upper floor slab \X2\2014\X0\ House 3 Time',.PREDICTED.,$,.WORKTIME.,'P0Y0M4D','2027-03-01T07:00:00','2027-03-04T07:00:00','2027-05-03T07:00:00','2027-05-07T07:00:00','2027-05-26T07:00:00','2027-05-31T07:00:00','P0Y0M-1D','P0Y0M15D',.F.,'2027-05-20T07:00:00',$,'2027-05-03T07:00:00','2027-05-07T07:00:00','P0Y0M0D',1.00);
#87=IFCTASK('3WKezywMwS56$EoDLqzKwM',#6,'Upper floor slab \X2\2014\X0\ House 3',$,$,'4.10',$,$,$,.F.,$,#86,.CONSTRUCTION.);
#88=IFCTASKTIME('Upper floor masonry \X2\2014\X0\ House 3 Time',.PREDICTED.,$,.WORKTIME.,'P0Y0M6D','2027-03-01T07:00:00','2027-03-08T07:00:00','2027-05-07T07:00:00','2027-05-14T07:00:00','2027-06-01T07:00:00','2027-06-08T07:00:00','P0Y0M-1D','P0Y0M16D',.F.,'2027-05-20T07:00:00',$,'2027-05-07T07:00:00','2027-05-17T07:00:00','P0Y0M0D',1.00);
#89=IFCTASK('1nvrx4MEfR6LwRxE25yoJ$',#6,'Upper floor masonry \X2\2014\X0\ House 3',$,$,'4.11',$,$,$,.F.,$,#88,.CONSTRUCTION.);
#90=IFCTASKTIME('Roof structure \X2\2014\X0\ House 3 Time',.PREDICTED.,$,.WORKTIME.,'P0Y0M5D','2027-03-01T07:00:00','2027-03-05T07:00:00','2027-05-17T07:00:00','2027-05-20T07:00:00','2027-06-09T07:00:00','2027-06-15T07:00:00','P0Y0M0D','P0Y0M18D',.F.,'2027-05-20T07:00:00',$,'2027-05-17T07:00:00','2027-05-20T07:00:00','P0Y0M0D',1.00);
#91=IFCTASK('2ozlQ5IVKA4sjtq8rYNTKX',#6,'Roof structure \X2\2014\X0\ House 3',$,$,'4.12',$,$,$,.F.,$,#90,.CONSTRUCTION.);
#92=IFCTASKTIME('Ground floor masonry \X2\2014\X0\ House 4 Time',.PREDICTED.,$,.WORKTIME.,'P0Y0M6D','2027-03-01T07:00:00','2027-03-08T07:00:00','2027-05-04T07:00:00','2027-05-11T07:00:00','2027-04-26T07:00:00','2027-05-04T07:00:00','P0Y0M-1D','P0Y0M-3D',.F.,'2027-05-20T07:00:00',$,'2027-05-04T07:00:00','2027-05-11T07:00:00','P0Y0M0D',1.00);
#93=IFCTASK('071ijZNX8M_tLWml0wUvkM',#6,'Ground floor masonry \X2\2014\X0\ House 4',$,$,'4.13',$,$,$,.F.,$,#92,.CONSTRUCTION.);
#94=IFCTASKTIME('Upper floor slab \X2\2014\X0\ House 4 Time',.PREDICTED.,$,.WORKTIME.,'P0Y0M4D','2027-03-01T07:00:00','2027-03-04T07:00:00','2027-05-11T07:00:00','2027-05-21T07:00:00','2027-05-26T07:00:00','2027-05-31T07:00:00','P0Y0M0D','P0Y0M6D',.F.,'2027-05-20T07:00:00',$,'2027-05-11T07:00:00',$,'P0Y0M2D',0.50);
#95=IFCTASK('3kcrI7IEdvZNl4mZ7DhKIV',#6,'Upper floor slab \X2\2014\X0\ House 4',$,$,'4.14',$,$,$,.F.,$,#94,.CONSTRUCTION.);
#96=IFCTASKTIME('Upper floor masonry \X2\2014\X0\ House 4 Time',.PREDICTED.,$,.WORKTIME.,'P0Y0M6D','2027-03-01T07:00:00','2027-03-08T07:00:00','2027-05-24T07:00:00','2027-05-31T07:00:00','2027-06-01T07:00:00','2027-06-08T07:00:00','P0Y0M0D','P0Y0M6D',.F.,$,$,$,$,$,0.00);
#97=IFCTASK('0DhdVOLNd8Xec$XhRwNhHN',#6,'Upper floor masonry \X2\2014\X0\ House 4',$,$,'4.15',$,$,$,.F.,$,#96,.CONSTRUCTION.);
#98=IFCTASKTIME('Roof structure \X2\2014\X0\ House 4 Time',.PREDICTED.,$,.WORKTIME.,'P0Y0M5D','2027-03-01T07:00:00','2027-03-05T07:00:00','2027-06-01T07:00:00','2027-06-07T07:00:00','2027-06-09T07:00:00','2027-06-15T07:00:00','P0Y0M0D','P0Y0M6D',.F.,$,$,$,$,$,0.00);
#99=IFCTASK('0ozvyQ0bOt$dz3LT31f08x',#6,'Roof structure \X2\2014\X0\ House 4',$,$,'4.16',$,$,$,.F.,$,#98,.CONSTRUCTION.);
#100=IFCTASKTIME('Ground floor masonry \X2\2014\X0\ House 5 Time',.PREDICTED.,$,.WORKTIME.,'P0Y0M6D','2027-03-01T07:00:00','2027-03-08T07:00:00','2027-05-20T07:00:00','2027-05-27T07:00:00','2027-05-07T07:00:00','2027-05-14T07:00:00','P0Y0M0D','P0Y0M-8D',.T.,$,$,$,$,$,0.00);
#101=IFCTASK('3YC92SCjWmWsOMHibb5hpo',#6,'Ground floor masonry \X2\2014\X0\ House 5',$,$,'4.17',$,$,$,.F.,$,#100,.CONSTRUCTION.);
#102=IFCTASKTIME('Upper floor slab \X2\2014\X0\ House 5 Time',.PREDICTED.,$,.WORKTIME.,'P0Y0M4D','2027-03-01T07:00:00','2027-03-04T07:00:00','2027-05-28T07:00:00','2027-06-02T07:00:00','2027-05-26T07:00:00','2027-05-31T07:00:00','P0Y0M0D','P0Y0M-2D',.T.,$,$,$,$,$,0.00);
#103=IFCTASK('3vKdL5RrcuHGTnvsYbqu_m',#6,'Upper floor slab \X2\2014\X0\ House 5',$,$,'4.18',$,$,$,.F.,$,#102,.CONSTRUCTION.);
#104=IFCTASKTIME('Upper floor masonry \X2\2014\X0\ House 5 Time',.PREDICTED.,$,.WORKTIME.,'P0Y0M6D','2027-03-01T07:00:00','2027-03-08T07:00:00','2027-06-03T07:00:00','2027-06-10T07:00:00','2027-06-01T07:00:00','2027-06-08T07:00:00','P0Y0M0D','P0Y0M-2D',.T.,$,$,$,$,$,0.00);
#105=IFCTASK('2n3iUzZAW7PEa3vMMb57X9',#6,'Upper floor masonry \X2\2014\X0\ House 5',$,$,'4.19',$,$,$,.F.,$,#104,.CONSTRUCTION.);
#106=IFCTASKTIME('Roof structure \X2\2014\X0\ House 5 Time',.PREDICTED.,$,.WORKTIME.,'P0Y0M5D','2027-03-01T07:00:00','2027-03-05T07:00:00','2027-06-11T07:00:00','2027-06-17T07:00:00','2027-06-09T07:00:00','2027-06-15T07:00:00','P0Y0M0D','P0Y0M-2D',.T.,$,$,$,$,$,0.00);
#107=IFCTASK('3kulEnc9ezlVrVNGmLqbHt',#6,'Roof structure \X2\2014\X0\ House 5',$,$,'4.20',$,$,$,.F.,$,#106,.CONSTRUCTION.);
#108=IFCTASKTIME('Ground floor masonry \X2\2014\X0\ House 6 Time',.PREDICTED.,$,.WORKTIME.,'P0Y0M6D','2027-03-01T07:00:00','2027-03-08T07:00:00','2027-05-28T07:00:00','2027-06-04T07:00:00','2027-05-18T07:00:00','2027-05-25T07:00:00','P0Y0M0D','P0Y0M-8D',.T.,$,$,$,$,$,0.00);
#109=IFCTASK('3GSh31GkHdi1PrqF6gjyEz',#6,'Ground floor masonry \X2\2014\X0\ House 6',$,$,'4.21',$,$,$,.F.,$,#108,.CONSTRUCTION.);
#110=IFCTASKTIME('Upper floor slab \X2\2014\X0\ House 6 Time',.PREDICTED.,$,.WORKTIME.,'P0Y0M4D','2027-03-01T07:00:00','2027-03-04T07:00:00','2027-06-07T07:00:00','2027-06-10T07:00:00','2027-05-26T07:00:00','2027-05-31T07:00:00','P0Y0M0D','P0Y0M-8D',.T.,$,$,$,$,$,0.00);
#111=IFCTASK('0AtTUEbRCBQ_CUAPGZHNqt',#6,'Upper floor slab \X2\2014\X0\ House 6',$,$,'4.22',$,$,$,.F.,$,#110,.CONSTRUCTION.);
#112=IFCTASKTIME('Upper floor masonry \X2\2014\X0\ House 6 Time',.PREDICTED.,$,.WORKTIME.,'P0Y0M6D','2027-03-01T07:00:00','2027-03-08T07:00:00','2027-06-11T07:00:00','2027-06-18T07:00:00','2027-06-01T07:00:00','2027-06-08T07:00:00','P0Y0M0D','P0Y0M-8D',.T.,$,$,$,$,$,0.00);
#113=IFCTASK('3bP917HYKEUosokVXiK4FZ',#6,'Upper floor masonry \X2\2014\X0\ House 6',$,$,'4.23',$,$,$,.F.,$,#112,.CONSTRUCTION.);
#114=IFCTASKTIME('Roof structure \X2\2014\X0\ House 6 Time',.PREDICTED.,$,.WORKTIME.,'P0Y0M5D','2027-03-01T07:00:00','2027-03-05T07:00:00','2027-06-21T07:00:00','2027-06-25T07:00:00','2027-06-09T07:00:00','2027-06-15T07:00:00','P0Y0M0D','P0Y0M-8D',.T.,$,$,$,$,$,0.00);
#115=IFCTASK('2whFCoUHPOV$18wtPV2eSa',#6,'Roof structure \X2\2014\X0\ House 6',$,$,'4.24',$,$,$,.F.,$,#114,.CONSTRUCTION.);
#116=IFCTASKTIME('Topping out reached Time',.PREDICTED.,$,.WORKTIME.,'P0Y0M0D','2027-03-01T07:00:00','2027-03-01T07:00:00','2027-06-25T07:00:00','2027-06-25T07:00:00','2027-08-17T07:00:00','2027-08-17T07:00:00','P0Y0M22D','P0Y0M22D',.F.,$,$,$,$,$,0.00);
#117=IFCTASK('0c28W1b6BOR5JNgo$PBcfa',#6,'Topping out reached',$,$,'4.25',$,$,$,.T.,$,#116,.CONSTRUCTION.);
#118=IFCTASKTIME('4. Building services Time',.PREDICTED.,$,.WORKTIME.,'P0Y0M34D','2027-03-01T07:00:00','2027-03-05T07:00:00','2027-05-20T07:00:00','2027-07-06T07:00:00','2027-06-16T07:00:00','2027-06-24T07:00:00','P0Y0M0D','P0Y0M-8D',.T.,$,$,$,$,$,0.00);
#119=IFCTASK('2SHrKGzx8PV0cPegN5FMiM',#6,'4. Building services',$,$,'5',$,$,$,.F.,$,#118,.INSTALLATION.);
#120=IFCTASKTIME('Plumbing \X2\2014\X0\ House 1 Time',.PREDICTED.,$,.WORKTIME.,'P0Y0M3D','2027-03-01T07:00:00','2027-03-03T07:00:00','2027-05-20T07:00:00','2027-05-24T07:00:00','2027-06-17T07:00:00','2027-06-21T07:00:00','P0Y0M0D','P0Y0M20D',.F.,$,$,$,$,$,0.00);
#121=IFCTASK('16GFFqxpnDvubAfJq2TS6Z',#6,'Plumbing \X2\2014\X0\ House 1',$,$,'5.1',$,$,$,.F.,$,#120,.INSTALLATION.);
#122=IFCTASKTIME('Electrical \X2\2014\X0\ House 1 Time',.PREDICTED.,$,.WORKTIME.,'P0Y0M3D','2027-03-01T07:00:00','2027-03-03T07:00:00','2027-05-25T07:00:00','2027-05-27T07:00:00','2027-06-22T07:00:00','2027-06-24T07:00:00','P0Y0M0D','P0Y0M20D',.F.,$,$,$,$,$,0.00);
#123=IFCTASK('35nOx5mh_SbJGjP9hmS_3v',#6,'Electrical \X2\2014\X0\ House 1',$,$,'5.2',$,$,$,.F.,$,#122,.INSTALLATION.);
#124=IFCTASKTIME('Services commissioning inspection \X2\2014\X0\ House 1 Time',.PREDICTED.,$,.WORKTIME.,'P0Y0M1D','2027-03-01T07:00:00','2027-03-01T07:00:00','2027-05-27T07:00:00','2027-05-27T07:00:00','2027-06-24T07:00:00','2027-06-24T07:00:00','P0Y0M0D','P0Y0M20D',.F.,$,$,$,$,$,0.00);
#125=IFCTASK('2WhUrJoRc7CluxHVZziHz8',#6,'Services commissioning inspection \X2\2014\X0\ House 1',$,$,'5.3',$,$,$,.F.,$,#124,.ATTENDANCE.);
#126=IFCTASKTIME('Plumbing \X2\2014\X0\ House 2 Time',.PREDICTED.,$,.WORKTIME.,'P0Y0M3D','2027-03-01T07:00:00','2027-03-03T07:00:00','2027-05-20T07:00:00','2027-05-24T07:00:00','2027-06-16T07:00:00','2027-06-18T07:00:00','P0Y0M0D','P0Y0M19D',.F.,$,$,$,$,$,0.00);
#127=IFCTASK('3GbWZIIu2HAX2F1gAeDi_r',#6,'Plumbing \X2\2014\X0\ House 2',$,$,'5.4',$,$,$,.F.,$,#126,.INSTALLATION.);
#128=IFCTASKTIME('Electrical \X2\2014\X0\ House 2 Time',.PREDICTED.,$,.WORKTIME.,'P0Y0M3D','2027-03-01T07:00:00','2027-03-03T07:00:00','2027-05-25T07:00:00','2027-05-27T07:00:00','2027-06-21T07:00:00','2027-06-23T07:00:00','P0Y0M0D','P0Y0M19D',.F.,$,$,$,$,$,0.00);
#129=IFCTASK('1FHbJT5IJMJxXUi_W24Wu8',#6,'Electrical \X2\2014\X0\ House 2',$,$,'5.5',$,$,$,.F.,$,#128,.INSTALLATION.);
#130=IFCTASKTIME('Services commissioning inspection \X2\2014\X0\ House 2 Time',.PREDICTED.,$,.WORKTIME.,'P0Y0M1D','2027-03-01T07:00:00','2027-03-01T07:00:00','2027-05-28T07:00:00','2027-05-28T07:00:00','2027-06-24T07:00:00','2027-06-24T07:00:00','P0Y0M0D','P0Y0M19D',.F.,$,$,$,$,$,0.00);
#131=IFCTASK('2qQO6BBLNTFf66AYqmj9v9',#6,'Services commissioning inspection \X2\2014\X0\ House 2',$,$,'5.6',$,$,$,.F.,$,#130,.ATTENDANCE.);
#132=IFCTASKTIME('Plumbing \X2\2014\X0\ House 3 Time',.PREDICTED.,$,.WORKTIME.,'P0Y0M3D','2027-03-01T07:00:00','2027-03-03T07:00:00','2027-05-21T07:00:00','2027-05-25T07:00:00','2027-06-16T07:00:00','2027-06-18T07:00:00','P0Y0M0D','P0Y0M18D',.F.,$,$,$,$,$,0.00);
#133=IFCTASK('1VW5KDT_POLLvf80Dp3v45',#6,'Plumbing \X2\2014\X0\ House 3',$,$,'5.7',$,$,$,.F.,$,#132,.INSTALLATION.);
#134=IFCTASKTIME('Electrical \X2\2014\X0\ House 3 Time',.PREDICTED.,$,.WORKTIME.,'P0Y0M3D','2027-03-01T07:00:00','2027-03-03T07:00:00','2027-05-26T07:00:00','2027-05-28T07:00:00','2027-06-21T07:00:00','2027-06-23T07:00:00','P0Y0M0D','P0Y0M18D',.F.,$,$,$,$,$,0.00);
#135=IFCTASK('1NsC$S94iLAEYwUYP1pGNt',#6,'Electrical \X2\2014\X0\ House 3',$,$,'5.8',$,$,$,.F.,$,#134,.INSTALLATION.);
#136=IFCTASKTIME('Services commissioning inspection \X2\2014\X0\ House 3 Time',.PREDICTED.,$,.WORKTIME.,'P0Y0M1D','2027-03-01T07:00:00','2027-03-01T07:00:00','2027-05-31T07:00:00','2027-05-31T07:00:00','2027-06-24T07:00:00','2027-06-24T07:00:00','P0Y0M0D','P0Y0M18D',.F.,$,$,$,$,$,0.00);
#137=IFCTASK('1ToKKo1HFj1Lm9RJcsUzwe',#6,'Services commissioning inspection \X2\2014\X0\ House 3',$,$,'5.9',$,$,$,.F.,$,#136,.ATTENDANCE.);
#138=IFCTASKTIME('Plumbing \X2\2014\X0\ House 4 Time',.PREDICTED.,$,.WORKTIME.,'P0Y0M3D','2027-03-01T07:00:00','2027-03-03T07:00:00','2027-06-08T07:00:00','2027-06-10T07:00:00','2027-06-16T07:00:00','2027-06-18T07:00:00','P0Y0M0D','P0Y0M6D',.F.,$,$,$,$,$,0.00);
#139=IFCTASK('15NedG_Fa_gvQ3w0ur05QW',#6,'Plumbing \X2\2014\X0\ House 4',$,$,'5.10',$,$,$,.F.,$,#138,.INSTALLATION.);
#140=IFCTASKTIME('Electrical \X2\2014\X0\ House 4 Time',.PREDICTED.,$,.WORKTIME.,'P0Y0M3D','2027-03-01T07:00:00','2027-03-03T07:00:00','2027-06-11T07:00:00','2027-06-15T07:00:00','2027-06-21T07:00:00','2027-06-23T07:00:00','P0Y0M0D','P0Y0M6D',.F.,$,$,$,$,$,0.00);
#141=IFCTASK('2iT0G$A6QQztwcbjcAFZuA',#6,'Electrical \X2\2014\X0\ House 4',$,$,'5.11',$,$,$,.F.,$,#140,.INSTALLATION.);
#142=IFCTASKTIME('Services commissioning inspection \X2\2014\X0\ House 4 Time',.PREDICTED.,$,.WORKTIME.,'P0Y0M1D','2027-03-01T07:00:00','2027-03-01T07:00:00','2027-06-16T07:00:00','2027-06-16T07:00:00','2027-06-24T07:00:00','2027-06-24T07:00:00','P0Y0M0D','P0Y0M6D',.F.,$,$,$,$,$,0.00);
#143=IFCTASK('3K8ecQxuJeGhGTTs0pasuh',#6,'Services commissioning inspection \X2\2014\X0\ House 4',$,$,'5.12',$,$,$,.F.,$,#142,.ATTENDANCE.);
#144=IFCTASKTIME('Plumbing \X2\2014\X0\ House 5 Time',.PREDICTED.,$,.WORKTIME.,'P0Y0M3D','2027-03-01T07:00:00','2027-03-03T07:00:00','2027-06-18T07:00:00','2027-06-22T07:00:00','2027-06-16T07:00:00','2027-06-18T07:00:00','P0Y0M0D','P0Y0M-2D',.T.,$,$,$,$,$,0.00);
#145=IFCTASK('3DGsVcXeRUKgglDbsKa9GE',#6,'Plumbing \X2\2014\X0\ House 5',$,$,'5.13',$,$,$,.F.,$,#144,.INSTALLATION.);
#146=IFCTASKTIME('Electrical \X2\2014\X0\ House 5 Time',.PREDICTED.,$,.WORKTIME.,'P0Y0M3D','2027-03-01T07:00:00','2027-03-03T07:00:00','2027-06-23T07:00:00','2027-06-25T07:00:00','2027-06-21T07:00:00','2027-06-23T07:00:00','P0Y0M0D','P0Y0M-2D',.T.,$,$,$,$,$,0.00);
#147=IFCTASK('19aYgEuhlZZwYYnuQwqPub',#6,'Electrical \X2\2014\X0\ House 5',$,$,'5.14',$,$,$,.F.,$,#146,.INSTALLATION.);
#148=IFCTASKTIME('Services commissioning inspection \X2\2014\X0\ House 5 Time',.PREDICTED.,$,.WORKTIME.,'P0Y0M1D','2027-03-01T07:00:00','2027-03-01T07:00:00','2027-06-28T07:00:00','2027-06-28T07:00:00','2027-06-24T07:00:00','2027-06-24T07:00:00','P0Y0M0D','P0Y0M-2D',.T.,$,$,$,$,$,0.00);
#149=IFCTASK('3R3g6D3pZWBYCNa4ms_UXW',#6,'Services commissioning inspection \X2\2014\X0\ House 5',$,$,'5.15',$,$,$,.F.,$,#148,.ATTENDANCE.);
#150=IFCTASKTIME('Plumbing \X2\2014\X0\ House 6 Time',.PREDICTED.,$,.WORKTIME.,'P0Y0M3D','2027-03-01T07:00:00','2027-03-03T07:00:00','2027-06-28T07:00:00','2027-06-30T07:00:00','2027-06-16T07:00:00','2027-06-18T07:00:00','P0Y0M0D','P0Y0M-8D',.T.,$,$,$,$,$,0.00);
#151=IFCTASK('3d1vZTmcMP4y058FeaAvQ5',#6,'Plumbing \X2\2014\X0\ House 6',$,$,'5.16',$,$,$,.F.,$,#150,.INSTALLATION.);
#152=IFCTASKTIME('Electrical \X2\2014\X0\ House 6 Time',.PREDICTED.,$,.WORKTIME.,'P0Y0M3D','2027-03-01T07:00:00','2027-03-03T07:00:00','2027-07-01T07:00:00','2027-07-05T07:00:00','2027-06-21T07:00:00','2027-06-23T07:00:00','P0Y0M0D','P0Y0M-8D',.T.,$,$,$,$,$,0.00);
#153=IFCTASK('3CHy5WCr9Hrldg7fy7XzrY',#6,'Electrical \X2\2014\X0\ House 6',$,$,'5.17',$,$,$,.F.,$,#152,.INSTALLATION.);
#154=IFCTASKTIME('Services commissioning inspection \X2\2014\X0\ House 6 Time',.PREDICTED.,$,.WORKTIME.,'P0Y0M1D','2027-03-01T07:00:00','2027-03-01T07:00:00','2027-07-06T07:00:00','2027-07-06T07:00:00','2027-06-24T07:00:00','2027-06-24T07:00:00','P0Y0M0D','P0Y0M-8D',.T.,$,$,$,$,$,0.00);
#155=IFCTASK('3ah9Hh_brbBt45dCYWQv7P',#6,'Services commissioning inspection \X2\2014\X0\ House 6',$,$,'5.18',$,$,$,.F.,$,#154,.ATTENDANCE.);
#156=IFCTASKTIME('5. Fit-out Time',.PREDICTED.,$,.WORKTIME.,'P0Y0M43D','2027-03-01T07:00:00','2027-03-05T07:00:00','2027-05-28T07:00:00','2027-08-17T07:00:00','2027-06-25T07:00:00','2027-07-15T07:00:00','P0Y0M0D','P0Y0M-8D',.T.,$,$,$,$,$,0.00);
#157=IFCTASK('271pYaNK3djQ1UW9jD0OIZ',#6,'5. Fit-out',$,$,'6',$,$,$,.F.,$,#156,.CONSTRUCTION.);
#158=IFCTASKTIME('Plastering \X2\2014\X0\ House 1 Time',.PREDICTED.,$,.WORKTIME.,'P0Y0M5D','2027-03-01T07:00:00','2027-03-05T07:00:00','2027-05-28T07:00:00','2027-06-03T07:00:00','2027-06-25T07:00:00','2027-07-01T07:00:00','P0Y0M0D','P0Y0M20D',.F.,$,$,$,$,$,0.00);
#159=IFCTASK('2MmDRTec20qTV$0C0iDuAR',#6,'Plastering \X2\2014\X0\ House 1',$,$,'6.1',$,$,$,.F.,$,#158,.CONSTRUCTION.);
#160=IFCTASKTIME('Tiling \X2\2014\X0\ House 1 Time',.PREDICTED.,$,.WORKTIME.,'P0Y0M3D','2027-03-01T07:00:00','2027-03-03T07:00:00','2027-06-04T07:00:00','2027-06-08T07:00:00','2027-07-06T07:00:00','2027-07-08T07:00:00','P0Y0M0D','P0Y0M22D',.F.,$,$,$,$,$,0.00);
#161=IFCTASK('3JJoejf5Hn9XfVn0l7hFbs',#6,'Tiling \X2\2014\X0\ House 1',$,$,'6.2',$,$,$,.F.,$,#160,.INSTALLATION.);
#162=IFCTASKTIME('Install sanitary fittings \X2\2014\X0\ House 1 Time',.PREDICTED.,$,.WORKTIME.,'P0Y0M3D','2027-03-01T07:00:00','2027-03-03T07:00:00','2027-06-09T07:00:00','2027-06-11T07:00:00','2027-07-09T07:00:00','2027-07-13T07:00:00','P0Y0M0D','P0Y0M22D',.F.,$,$,$,$,$,0.00);
#163=IFCTASK('2Qk2dXNl7uNqwFKD2coLPO',#6,'Install sanitary fittings \X2\2014\X0\ House 1',$,$,'6.3',$,$,$,.F.,$,#162,.INSTALLATION.);
#164=IFCTASKTIME('Painting \X2\2014\X0\ House 1 Time',.PREDICTED.,$,.WORKTIME.,'P0Y0M4D','2027-03-01T07:00:00','2027-03-04T07:00:00','2027-06-10T07:00:00','2027-06-15T07:00:00','2027-07-12T07:00:00','2027-07-15T07:00:00','P0Y0M0D','P0Y0M22D',.F.,$,$,$,$,$,0.00);
#165=IFCTASK('2lr6OyQFmFTAkwU2v2ejcl',#6,'Painting \X2\2014\X0\ House 1',$,$,'6.4',$,$,$,.F.,$,#164,.CONSTRUCTION.);
#166=IFCTASKTIME('Plastering \X2\2014\X0\ House 2 Time',.PREDICTED.,$,.WORKTIME.,'P0Y0M5D','2027-03-01T07:00:00','2027-03-05T07:00:00','2027-05-31T07:00:00','2027-06-04T07:00:00','2027-06-25T07:00:00','2027-07-01T07:00:00','P0Y0M0D','P0Y0M19D',.F.,$,$,$,$,$,0.00);
#167=IFCTASK('3_HotO_8P8NAZbMEqAVw2T',#6,'Plastering \X2\2014\X0\ House 2',$,$,'6.5',$,$,$,.F.,$,#166,.CONSTRUCTION.);
#168=IFCTASKTIME('Tiling \X2\2014\X0\ House 2 Time',.PREDICTED.,$,.WORKTIME.,'P0Y0M3D','2027-03-01T07:00:00','2027-03-03T07:00:00','2027-06-07T07:00:00','2027-06-09T07:00:00','2027-07-02T07:00:00','2027-07-06T07:00:00','P0Y0M0D','P0Y0M19D',.F.,$,$,$,$,$,0.00);
#169=IFCTASK('1lyLZC9nErMTrHC3$kr8Hm',#6,'Tiling \X2\2014\X0\ House 2',$,$,'6.6',$,$,$,.F.,$,#168,.INSTALLATION.);
#170=IFCTASKTIME('Install sanitary fittings \X2\2014\X0\ House 2 Time',.PREDICTED.,$,.WORKTIME.,'P0Y0M3D','2027-03-01T07:00:00','2027-03-03T07:00:00','2027-06-10T07:00:00','2027-06-14T07:00:00','2027-07-07T07:00:00','2027-07-09T07:00:00','P0Y0M0D','P0Y0M19D',.F.,$,$,$,$,$,0.00);
#171=IFCTASK('0iMcxFjwbSxd3GYVG$lHMY',#6,'Install sanitary fittings \X2\2014\X0\ House 2',$,$,'6.7',$,$,$,.F.,$,#170,.INSTALLATION.);
#172=IFCTASKTIME('Painting \X2\2014\X0\ House 2 Time',.PREDICTED.,$,.WORKTIME.,'P0Y0M4D','2027-03-01T07:00:00','2027-03-04T07:00:00','2027-06-15T07:00:00','2027-06-18T07:00:00','2027-07-12T07:00:00','2027-07-15T07:00:00','P0Y0M0D','P0Y0M19D',.F.,$,$,$,$,$,0.00);
#173=IFCTASK('1DrgjbiqRgZn1wld1T1Rto',#6,'Painting \X2\2014\X0\ House 2',$,$,'6.8',$,$,$,.F.,$,#172,.CONSTRUCTION.);
#174=IFCTASKTIME('Plastering \X2\2014\X0\ House 3 Time',.PREDICTED.,$,.WORKTIME.,'P0Y0M5D','2027-03-01T07:00:00','2027-03-05T07:00:00','2027-06-01T07:00:00','2027-06-07T07:00:00','2027-06-25T07:00:00','2027-07-01T07:00:00','P0Y0M0D','P0Y0M18D',.F.,$,$,$,$,$,0.00);
#175=IFCTASK('0vD_sZNVNKB_xTd2DaLYiJ',#6,'Plastering \X2\2014\X0\ House 3',$,$,'6.9',$,$,$,.F.,$,#174,.CONSTRUCTION.);
#176=IFCTASKTIME('Tiling \X2\2014\X0\ House 3 Time',.PREDICTED.,$,.WORKTIME.,'P0Y0M3D','2027-03-01T07:00:00','2027-03-03T07:00:00','2027-06-08T07:00:00','2027-06-10T07:00:00','2027-07-02T07:00:00','2027-07-06T07:00:00','P0Y0M0D','P0Y0M18D',.F.,$,$,$,$,$,0.00);
#177=IFCTASK('1zpnEINObla4zHsSQV3Rrf',#6,'Tiling \X2\2014\X0\ House 3',$,$,'6.10',$,$,$,.F.,$,#176,.INSTALLATION.);
#178=IFCTASKTIME('Install sanitary fittings \X2\2014\X0\ House 3 Time',.PREDICTED.,$,.WORKTIME.,'P0Y0M3D','2027-03-01T07:00:00','2027-03-03T07:00:00','2027-06-11T07:00:00','2027-06-15T07:00:00','2027-07-07T07:00:00','2027-07-09T07:00:00','P0Y0M0D','P0Y0M18D',.F.,$,$,$,$,$,0.00);
#179=IFCTASK('3Hd$hFHt7muDbmgL$H30Mu',#6,'Install sanitary fittings \X2\2014\X0\ House 3',$,$,'6.11',$,$,$,.F.,$,#178,.INSTALLATION.);
#180=IFCTASKTIME('Painting \X2\2014\X0\ House 3 Time',.PREDICTED.,$,.WORKTIME.,'P0Y0M4D','2027-03-01T07:00:00','2027-03-04T07:00:00','2027-06-16T07:00:00','2027-06-21T07:00:00','2027-07-12T07:00:00','2027-07-15T07:00:00','P0Y0M0D','P0Y0M18D',.F.,$,$,$,$,$,0.00);
#181=IFCTASK('2XhJ8EkPMUEiTI6PxAhuM7',#6,'Painting \X2\2014\X0\ House 3',$,$,'6.12',$,$,$,.F.,$,#180,.CONSTRUCTION.);
#182=IFCTASKTIME('Plastering \X2\2014\X0\ House 4 Time',.PREDICTED.,$,.WORKTIME.,'P0Y0M5D','2027-03-01T07:00:00','2027-03-05T07:00:00','2027-06-17T07:00:00','2027-06-23T07:00:00','2027-06-25T07:00:00','2027-07-01T07:00:00','P0Y0M0D','P0Y0M6D',.F.,$,$,$,$,$,0.00);
#183=IFCTASK('1WnWXYe8LJcKyimMC6R_K1',#6,'Plastering \X2\2014\X0\ House 4',$,$,'6.13',$,$,$,.F.,$,#182,.CONSTRUCTION.);
#184=IFCTASKTIME('Tiling \X2\2014\X0\ House 4 Time',.PREDICTED.,$,.WORKTIME.,'P0Y0M3D','2027-03-01T07:00:00','2027-03-03T07:00:00','2027-06-24T07:00:00','2027-06-28T07:00:00','2027-07-02T07:00:00','2027-07-06T07:00:00','P0Y0M0D','P0Y0M6D',.F.,$,$,$,$,$,0.00);
#185=IFCTASK('2uY9m74XuchXZ4xlARUeyp',#6,'Tiling \X2\2014\X0\ House 4',$,$,'6.14',$,$,$,.F.,$,#184,.INSTALLATION.);
#186=IFCTASKTIME('Install sanitary fittings \X2\2014\X0\ House 4 Time',.PREDICTED.,$,.WORKTIME.,'P0Y0M3D','2027-03-01T07:00:00','2027-03-03T07:00:00','2027-06-29T07:00:00','2027-07-01T07:00:00','2027-07-07T07:00:00','2027-07-09T07:00:00','P0Y0M0D','P0Y0M6D',.F.,$,$,$,$,$,0.00);
#187=IFCTASK('0jAn0zUNoW_BSNggFLqWHD',#6,'Install sanitary fittings \X2\2014\X0\ House 4',$,$,'6.15',$,$,$,.F.,$,#186,.INSTALLATION.);
#188=IFCTASKTIME('Painting \X2\2014\X0\ House 4 Time',.PREDICTED.,$,.WORKTIME.,'P0Y0M4D','2027-03-01T07:00:00','2027-03-04T07:00:00','2027-07-02T07:00:00','2027-07-07T07:00:00','2027-07-12T07:00:00','2027-07-15T07:00:00','P0Y0M0D','P0Y0M6D',.F.,$,$,$,$,$,0.00);
#189=IFCTASK('0HWK4DDW5phYCC0WEo3tta',#6,'Painting \X2\2014\X0\ House 4',$,$,'6.16',$,$,$,.F.,$,#188,.CONSTRUCTION.);
#190=IFCTASKTIME('Plastering \X2\2014\X0\ House 5 Time',.PREDICTED.,$,.WORKTIME.,'P0Y0M5D','2027-03-01T07:00:00','2027-03-05T07:00:00','2027-06-29T07:00:00','2027-07-05T07:00:00','2027-06-25T07:00:00','2027-07-01T07:00:00','P0Y0M0D','P0Y0M-2D',.T.,$,$,$,$,$,0.00);
#191=IFCTASK('0NXiCaraAZI$SqAm22A0r2',#6,'Plastering \X2\2014\X0\ House 5',$,$,'6.17',$,$,$,.F.,$,#190,.CONSTRUCTION.);
#192=IFCTASKTIME('Tiling \X2\2014\X0\ House 5 Time',.PREDICTED.,$,.WORKTIME.,'P0Y0M3D','2027-03-01T07:00:00','2027-03-03T07:00:00','2027-07-06T07:00:00','2027-07-08T07:00:00','2027-07-02T07:00:00','2027-07-06T07:00:00','P0Y0M0D','P0Y0M-2D',.T.,$,$,$,$,$,0.00);
#193=IFCTASK('1OQQtX9fUqHstiE4nsT34s',#6,'Tiling \X2\2014\X0\ House 5',$,$,'6.18',$,$,$,.F.,$,#192,.INSTALLATION.);
#194=IFCTASKTIME('Install sanitary fittings \X2\2014\X0\ House 5 Time',.PREDICTED.,$,.WORKTIME.,'P0Y0M3D','2027-03-01T07:00:00','2027-03-03T07:00:00','2027-07-09T07:00:00','2027-07-13T07:00:00','2027-07-07T07:00:00','2027-07-09T07:00:00','P0Y0M0D','P0Y0M-2D',.T.,$,$,$,$,$,0.00);
#195=IFCTASK('3rzoulKdRO12lMNGf9mtXK',#6,'Install sanitary fittings \X2\2014\X0\ House 5',$,$,'6.19',$,$,$,.F.,$,#194,.INSTALLATION.);
#196=IFCTASKTIME('Painting \X2\2014\X0\ House 5 Time',.PREDICTED.,$,.WORKTIME.,'P0Y0M4D','2027-03-01T07:00:00','2027-03-04T07:00:00','2027-07-14T07:00:00','2027-07-19T07:00:00','2027-07-12T07:00:00','2027-07-15T07:00:00','P0Y0M0D','P0Y0M-2D',.T.,$,$,$,$,$,0.00);
#197=IFCTASK('2MLtTIG$an6T5hSAshkL6o',#6,'Painting \X2\2014\X0\ House 5',$,$,'6.20',$,$,$,.F.,$,#196,.CONSTRUCTION.);
#198=IFCTASKTIME('Plastering \X2\2014\X0\ House 6 Time',.PREDICTED.,$,.WORKTIME.,'P0Y0M5D','2027-03-01T07:00:00','2027-03-05T07:00:00','2027-07-07T07:00:00','2027-07-13T07:00:00','2027-06-25T07:00:00','2027-07-01T07:00:00','P0Y0M0D','P0Y0M-8D',.T.,$,$,$,$,$,0.00);
#199=IFCTASK('2YXa8GJlCkoJb_8Ed40uAy',#6,'Plastering \X2\2014\X0\ House 6',$,$,'6.21',$,$,$,.F.,$,#198,.CONSTRUCTION.);
#200=IFCTASKTIME('Tiling \X2\2014\X0\ House 6 Time',.PREDICTED.,$,.WORKTIME.,'P0Y0M3D','2027-03-01T07:00:00','2027-03-03T07:00:00','2027-07-14T07:00:00','2027-07-16T07:00:00','2027-07-02T07:00:00','2027-07-06T07:00:00','P0Y0M0D','P0Y0M-8D',.T.,$,$,$,$,$,0.00);
#201=IFCTASK('2cIhaD0qhm6yQ4FZ9bJ_s9',#6,'Tiling \X2\2014\X0\ House 6',$,$,'6.22',$,$,$,.F.,$,#200,.INSTALLATION.);
#202=IFCTASKTIME('Install sanitary fittings \X2\2014\X0\ House 6 Time',.PREDICTED.,$,.WORKTIME.,'P0Y0M3D','2027-03-01T07:00:00','2027-03-03T07:00:00','2027-07-19T07:00:00','2027-07-21T07:00:00','2027-07-07T07:00:00','2027-07-09T07:00:00','P0Y0M0D','P0Y0M-8D',.T.,$,$,$,$,$,0.00);
#203=IFCTASK('2MDZvy9LULy5$3TaPwVehv',#6,'Install sanitary fittings \X2\2014\X0\ House 6',$,$,'6.23',$,$,$,.F.,$,#202,.INSTALLATION.);
#204=IFCTASKTIME('Painting \X2\2014\X0\ House 6 Time',.PREDICTED.,$,.WORKTIME.,'P0Y0M4D','2027-03-01T07:00:00','2027-03-04T07:00:00','2027-07-22T07:00:00','2027-08-17T07:00:00','2027-07-12T07:00:00','2027-07-15T07:00:00','P0Y0M0D','P0Y0M-8D',.T.,$,$,$,$,$,0.00);
#205=IFCTASK('0gCFVndfa2x7RcpjQ2153o',#6,'Painting \X2\2014\X0\ House 6',$,$,'6.24',$,$,$,.F.,$,#204,.CONSTRUCTION.);
#206=IFCTASKTIME('6. Handover Time',.PREDICTED.,$,.WORKTIME.,'P0Y0M31D','2027-03-01T07:00:00','2027-03-05T07:00:00','2027-06-15T07:00:00','2027-08-17T07:00:00','2027-07-15T07:00:00','2027-07-15T07:00:00','P0Y0M-8D','P0Y0M-8D',.T.,$,$,$,$,$,0.00);
#207=IFCTASK('2vT$XMUU4luqc8dAyvfbIW',#6,'6. Handover',$,$,'7',$,$,$,.F.,$,#206,.ATTENDANCE.);
#208=IFCTASKTIME('Handover inspection \X2\2014\X0\ House 1 Time',.PREDICTED.,$,.WORKTIME.,'P0Y0M0D','2027-03-01T07:00:00','2027-03-01T07:00:00','2027-06-15T07:00:00','2027-06-15T07:00:00','2027-07-15T07:00:00','2027-07-15T07:00:00','P0Y0M30D','P0Y0M22D',.F.,$,$,$,$,$,0.00);
#209=IFCTASK('3Mtin1ogBVjuAfNezfVaQ3',#6,'Handover inspection \X2\2014\X0\ House 1',$,$,'7.1',$,$,$,.T.,$,#208,.CONSTRUCTION.);
#210=IFCTASKTIME('Handover inspection \X2\2014\X0\ House 2 Time',.PREDICTED.,$,.WORKTIME.,'P0Y0M0D','2027-03-01T07:00:00','2027-03-01T07:00:00','2027-06-18T07:00:00','2027-06-18T07:00:00','2027-07-15T07:00:00','2027-07-15T07:00:00','P0Y0M27D','P0Y0M19D',.F.,$,$,$,$,$,0.00);
#211=IFCTASK('1jMsfIui5P9WfMaBaqiAYl',#6,'Handover inspection \X2\2014\X0\ House 2',$,$,'7.2',$,$,$,.T.,$,#210,.CONSTRUCTION.);
#212=IFCTASKTIME('Handover inspection \X2\2014\X0\ House 3 Time',.PREDICTED.,$,.WORKTIME.,'P0Y0M0D','2027-03-01T07:00:00','2027-03-01T07:00:00','2027-06-21T07:00:00','2027-06-21T07:00:00','2027-07-15T07:00:00','2027-07-15T07:00:00','P0Y0M26D','P0Y0M18D',.F.,$,$,$,$,$,0.00);
#213=IFCTASK('0mO42gK2c86n9Fun2haPuU',#6,'Handover inspection \X2\2014\X0\ House 3',$,$,'7.3',$,$,$,.T.,$,#212,.CONSTRUCTION.);
#214=IFCTASKTIME('Handover inspection \X2\2014\X0\ House 4 Time',.PREDICTED.,$,.WORKTIME.,'P0Y0M0D','2027-03-01T07:00:00','2027-03-01T07:00:00','2027-07-07T07:00:00','2027-07-07T07:00:00','2027-07-15T07:00:00','2027-07-15T07:00:00','P0Y0M14D','P0Y0M6D',.F.,$,$,$,$,$,0.00);
#215=IFCTASK('2r0iY4I8nlZ4$sDoV8RsSI',#6,'Handover inspection \X2\2014\X0\ House 4',$,$,'7.4',$,$,$,.T.,$,#214,.CONSTRUCTION.);
#216=IFCTASKTIME('Handover inspection \X2\2014\X0\ House 5 Time',.PREDICTED.,$,.WORKTIME.,'P0Y0M0D','2027-03-01T07:00:00','2027-03-01T07:00:00','2027-07-19T07:00:00','2027-07-19T07:00:00','2027-07-15T07:00:00','2027-07-15T07:00:00','P0Y0M6D','P0Y0M-2D',.T.,$,$,$,$,$,0.00);
#217=IFCTASK('0yRn5$CqZLdVyogXa3AQD1',#6,'Handover inspection \X2\2014\X0\ House 5',$,$,'7.5',$,$,$,.T.,$,#216,.CONSTRUCTION.);
#218=IFCTASKTIME('Handover inspection \X2\2014\X0\ House 6 Time',.PREDICTED.,$,.WORKTIME.,'P0Y0M0D','2027-03-01T07:00:00','2027-03-01T07:00:00','2027-08-17T07:00:00','2027-08-17T07:00:00','2027-07-15T07:00:00','2027-07-15T07:00:00','P0Y0M0D','P0Y0M-8D',.T.,$,$,$,$,$,0.00);
#219=IFCTASK('21jRH4_DukuLn_ogF0u68r',#6,'Handover inspection \X2\2014\X0\ House 6',$,$,'7.6',$,$,$,.T.,$,#218,.CONSTRUCTION.);
#220=IFCTASKTIME('Contractual project handover Time',.PREDICTED.,$,.WORKTIME.,'P0Y0M0D','2027-03-01T07:00:00','2027-03-01T07:00:00','2027-08-17T07:00:00','2027-08-17T07:00:00','2027-07-15T07:00:00','2027-07-15T07:00:00','P0Y0M-8D','P0Y0M-8D',.T.,$,$,$,$,$,0.00);
#221=IFCTASK('1aHstbOjxqjlBXLMu6a7cZ',#6,'Contractual project handover','Contractual completion date agreed with the client; the deadline deliberately falls before the earliest achievable date (negative total float).',$,'7.7',$,$,$,.T.,$,#220,.CONSTRUCTION.);
#222=IFCRELNESTS('3LOQ3716r_ceMDigb4ozDb',#6,'WBS 1. Site set-up',$,#47,( #49,#51,#53,#55));
#223=IFCRELNESTS('3hHG9Luj6fk4tX0mL4vM3L',#6,'WBS 2. Foundations (shared)',$,#57,( #59,#61,#63,#65));
#224=IFCRELNESTS('2fHA$i7pjbk7TyfhZqbMCC',#6,'WBS 3. Structural works per house',$,#67,( #69,#71,#73,#75,#77,#79,#81,#83,#85,#87,#89,#91,#93,#95,#97,#99,#101,#103,#105,#107,#109,#111,#113,#115,#117));
#225=IFCRELNESTS('3_93Zc9wXXrZtzue1KJv2t',#6,'WBS 4. Building services',$,#119,( #121,#123,#125,#127,#129,#131,#133,#135,#137,#139,#141,#143,#145,#147,#149,#151,#153,#155));
#226=IFCRELNESTS('0uk1EbCrbdUUaRHk0DS3oz',#6,'WBS 5. Fit-out',$,#157,( #159,#161,#163,#165,#167,#169,#171,#173,#175,#177,#179,#181,#183,#185,#187,#189,#191,#193,#195,#197,#199,#201,#203,#205));
#227=IFCRELNESTS('3B3$_FrDC$UzzrTrE$KhNP',#6,'WBS 6. Handover',$,#207,( #209,#211,#213,#215,#217,#219,#221));
#228=IFCRELNESTS('0EoisnVrEcft5xRRX0n7eM',#6,'WBS Hoofd',$,#41,(#45,#47,#57,#67,#119,#157,#207));
#229=IFCRELSEQUENCE('3E_GZiVgI_WGhBGURJN99m',#6,$,$,#45,#49,$,.FINISH_START.,$);
#230=IFCRELSEQUENCE('1BHhhkCrzNfwhSAW7Q6BTv',#6,$,$,#49,#51,$,.FINISH_START.,$);
#231=IFCRELSEQUENCE('0D6d3aN$DiHuaCYVaena0a',#6,$,$,#51,#53,$,.FINISH_START.,$);
#232=IFCRELSEQUENCE('2VLr76lXt0bllOU9gykoK_',#6,$,$,#53,#55,$,.FINISH_START.,$);
#233=IFCRELSEQUENCE('1Ua2HBtsHQqQ0U8zXECG3A',#6,$,$,#55,#59,$,.FINISH_START.,$);
#234=IFCRELSEQUENCE('3rArhq$CZWmW0DcZvDc9r_',#6,$,$,#59,#61,$,.FINISH_START.,$);
#235=IFCLAGTIME('Lag',.PREDICTED.,$,IFCDURATION('P3D'),.ELAPSEDTIME.);
#236=IFCRELSEQUENCE('28vlRSq_VpqesJC4soSDJ1',#6,$,$,#61,#63,#235,.FINISH_START.,$);
#237=IFCRELSEQUENCE('3Sa55POMR0e_nKXpuXfwUE',#6,$,$,#63,#65,$,.FINISH_START.,$);
#238=IFCRELSEQUENCE('3Ytirv772ZW5hAXRhWi567',#6,$,$,#69,#71,$,.FINISH_START.,$);
#239=IFCRELSEQUENCE('2ukQohOGaO8ayZYoQ4s1Jn',#6,$,$,#71,#73,$,.FINISH_START.,$);
#240=IFCRELSEQUENCE('1zL$0awbmkkjqYYHGasmS7',#6,$,$,#73,#75,$,.FINISH_START.,$);
#241=IFCRELSEQUENCE('1VZ7PYNVO0CzAXasRWNsu8',#6,$,$,#77,#79,$,.FINISH_START.,$);
#242=IFCRELSEQUENCE('1jLlWybvj_yI5lPt66d_Hs',#6,$,$,#79,#81,$,.FINISH_START.,$);
#243=IFCRELSEQUENCE('1a0FklSIahgbnxEKIe2s6E',#6,$,$,#81,#83,$,.FINISH_START.,$);
#244=IFCRELSEQUENCE('3Uyw3XZWfOCQLHu9D42jqp',#6,$,$,#69,#77,$,.FINISH_START.,$);
#245=IFCRELSEQUENCE('0jWFjxy0cm7BJE3c8ROuop',#6,$,$,#85,#87,$,.FINISH_START.,$);
#246=IFCRELSEQUENCE('1BtCY6srKmE$qaXXb_y2_J',#6,$,$,#87,#89,$,.FINISH_START.,$);
#247=IFCRELSEQUENCE('1eoGOAhK5CA$4ijqKCuBXG',#6,$,$,#89,#91,$,.FINISH_START.,$);
#248=IFCRELSEQUENCE('33ZTFH1ZvXMct0XXWfMTF_',#6,$,$,#77,#85,$,.FINISH_START.,$);
#249=IFCRELSEQUENCE('3HIw_u5yhZbQT$TMb07s2H',#6,$,$,#93,#95,$,.FINISH_START.,$);
#250=IFCRELSEQUENCE('1kKGao_APic1qevjSedaxE',#6,$,$,#95,#97,$,.FINISH_START.,$);
#251=IFCRELSEQUENCE('0M7TILo8pU6bVp6NEloNie',#6,$,$,#97,#99,$,.FINISH_START.,$);
#252=IFCRELSEQUENCE('2Kk2omdYsF9S0qdw9b9ubp',#6,$,$,#85,#93,$,.FINISH_START.,$);
#253=IFCRELSEQUENCE('1gv5FLen5lHquvipcT2o8E',#6,$,$,#101,#103,$,.FINISH_START.,$);
#254=IFCRELSEQUENCE('2lLaL7daOn0b1eBCneUDgj',#6,$,$,#103,#105,$,.FINISH_START.,$);
#255=IFCRELSEQUENCE('0qE4wQf56tDFtPF5ihbRd4',#6,$,$,#105,#107,$,.FINISH_START.,$);
#256=IFCRELSEQUENCE('3kg85KPHPaUgROFifW1Vu2',#6,$,$,#93,#101,$,.FINISH_START.,$);
#257=IFCRELSEQUENCE('3al4swqM5Zm5LTyIkq7yol',#6,$,$,#109,#111,$,.FINISH_START.,$);
#258=IFCRELSEQUENCE('1WdGDCyKm5yprsU198SLle',#6,$,$,#111,#113,$,.FINISH_START.,$);
#259=IFCRELSEQUENCE('061I967zMld8PpR4gae0wC',#6,$,$,#113,#115,$,.FINISH_START.,$);
#260=IFCRELSEQUENCE('3airTabL7LPaj$EwMkT4nG',#6,$,$,#101,#109,$,.FINISH_START.,$);
#261=IFCRELSEQUENCE('3VPW2bF09$Z2LG1RHykKnB',#6,$,$,#65,#69,$,.FINISH_START.,$);
#262=IFCRELSEQUENCE('3zB7i0zFtbdLuPAtx_ts9i',#6,$,$,#75,#117,$,.FINISH_START.,$);
#263=IFCRELSEQUENCE('1p$eEkT3X2GseeJIhQs$7x',#6,$,$,#83,#117,$,.FINISH_START.,$);
#264=IFCRELSEQUENCE('3qtq3k$3UyJNI1L50ahnGG',#6,$,$,#91,#117,$,.FINISH_START.,$);
#265=IFCRELSEQUENCE('0IsNjRuiBpeMnJ423EOqvN',#6,$,$,#99,#117,$,.FINISH_START.,$);
#266=IFCRELSEQUENCE('3utom1LWMQDRFZTmPyvbjP',#6,$,$,#107,#117,$,.FINISH_START.,$);
#267=IFCRELSEQUENCE('3EtSIyoPc0FuWBWJK6fg0I',#6,$,$,#115,#117,$,.FINISH_START.,$);
#268=IFCRELSEQUENCE('17h3vYjJRKpDgNM_hhEixg',#6,$,$,#75,#121,$,.FINISH_START.,$);
#269=IFCRELSEQUENCE('2vab7GcEFlYbVOnnVDDgKv',#6,$,$,#121,#123,$,.FINISH_START.,$);
#270=IFCLAGTIME('Lag',.PREDICTED.,$,IFCDURATION('-P1D'),.WORKTIME.);
#271=IFCRELSEQUENCE('0jwmgO1achig7jD9n0m4BK',#6,$,$,#123,#125,#270,.FINISH_START.,$);
#272=IFCRELSEQUENCE('2cHnP_uh4bnKdkjTlXLWa3',#6,$,$,#83,#127,$,.FINISH_START.,$);
#273=IFCRELSEQUENCE('26TweNE97ibCsYBMwoSLW3',#6,$,$,#127,#129,$,.FINISH_START.,$);
#274=IFCRELSEQUENCE('2dh7Bxr1qaJ7uWWJFehV0J',#6,$,$,#129,#131,$,.FINISH_START.,$);
#275=IFCRELSEQUENCE('0KjQ4ftGZCkhzSeYT29pcN',#6,$,$,#91,#133,$,.FINISH_START.,$);
#276=IFCRELSEQUENCE('18s0RHzIwhEivr97bl5iE6',#6,$,$,#133,#135,$,.FINISH_START.,$);
#277=IFCRELSEQUENCE('2EAGReFTE6$8C7b15$pLQa',#6,$,$,#135,#137,$,.FINISH_START.,$);
#278=IFCRELSEQUENCE('3a59q$V4aH6yp$Jgfhd_UH',#6,$,$,#99,#139,$,.FINISH_START.,$);
#279=IFCRELSEQUENCE('0xU92JNWPz4jXCScAjX1Jh',#6,$,$,#139,#141,$,.FINISH_START.,$);
#280=IFCRELSEQUENCE('3FvErML25W_Lv5ZsrhpXes',#6,$,$,#141,#143,$,.FINISH_START.,$);
#281=IFCRELSEQUENCE('2ZHyPW6EcGRBO_LHCBC7jQ',#6,$,$,#107,#145,$,.FINISH_START.,$);
#282=IFCRELSEQUENCE('1qoAqmYQ6u965KP3t1mBN2',#6,$,$,#145,#147,$,.FINISH_START.,$);
#283=IFCRELSEQUENCE('2xLwQLVrqTVjF0kZ758OWP',#6,$,$,#147,#149,$,.FINISH_START.,$);
#284=IFCRELSEQUENCE('3qO_qrZSpWkfCHqLSh4cb9',#6,$,$,#115,#151,$,.FINISH_START.,$);
#285=IFCRELSEQUENCE('3n9jLIsN0rNGsaXkZxC2$Z',#6,$,$,#151,#153,$,.FINISH_START.,$);
#286=IFCRELSEQUENCE('0gpCfd1utLdnvSI$0$_YZT',#6,$,$,#153,#155,$,.FINISH_START.,$);
#287=IFCRELSEQUENCE('2CBGCXmAIqe0BhhEOCpO0U',#6,$,$,#125,#159,$,.FINISH_START.,$);
#288=IFCRELSEQUENCE('0M1dFVo4L0qZo35oASUHZQ',#6,$,$,#159,#161,$,.FINISH_START.,$);
#289=IFCRELSEQUENCE('3gJrricjeNhZ$lyW5DDxC7',#6,$,$,#161,#163,$,.FINISH_START.,$);
#290=IFCLAGTIME('Lag',.PREDICTED.,$,IFCRATIOMEASURE(0.4),.WORKTIME.);
#291=IFCRELSEQUENCE('0S4jIy2LFfZMD2dqh7gmZp',#6,$,$,#163,#165,#290,.START_START.,$);
#292=IFCRELSEQUENCE('1fhRCmdAPHWd22d1dZqFbC',#6,$,$,#131,#167,$,.FINISH_START.,$);
#293=IFCRELSEQUENCE('0gL0nPhQSF3_Kb3Hk5YsQm',#6,$,$,#167,#169,$,.FINISH_START.,$);
#294=IFCRELSEQUENCE('1YTO6BC83vLkzOZdlqYTWe',#6,$,$,#169,#171,$,.FINISH_START.,$);
#295=IFCRELSEQUENCE('3TckTI71hByeq7vlM$MLIe',#6,$,$,#171,#173,$,.FINISH_START.,$);
#296=IFCRELSEQUENCE('1BwmTSnGwZBrXAYR7r96te',#6,$,$,#137,#175,$,.FINISH_START.,$);
#297=IFCRELSEQUENCE('1gScLmwWmRVjrODJ7W2KGS',#6,$,$,#175,#177,$,.FINISH_START.,$);
#298=IFCRELSEQUENCE('2AkMVOwq4rhgqysb9iSjQB',#6,$,$,#177,#179,$,.FINISH_START.,$);
#299=IFCRELSEQUENCE('0ZuPuLNb6h0rmgOXJuitF2',#6,$,$,#179,#181,$,.FINISH_START.,$);
#300=IFCRELSEQUENCE('0_IzrbPP6Tm4pcwvhbXjYg',#6,$,$,#143,#183,$,.FINISH_START.,$);
#301=IFCRELSEQUENCE('166nTFtNqxJeGH49TUvURU',#6,$,$,#183,#185,$,.FINISH_START.,$);
#302=IFCRELSEQUENCE('3bc2GV3YgQmbW74HhBAaRu',#6,$,$,#185,#187,$,.FINISH_START.,$);
#303=IFCRELSEQUENCE('3ij$SIQbeaHy5RMBPlEWJK',#6,$,$,#187,#189,$,.FINISH_START.,$);
#304=IFCRELSEQUENCE('3ZavlQUotttR4Xfusqxm48',#6,$,$,#149,#191,$,.FINISH_START.,$);
#305=IFCRELSEQUENCE('2Rd5oCtvHO$UABWo56pTFO',#6,$,$,#191,#193,$,.FINISH_START.,$);
#306=IFCRELSEQUENCE('0WjUU0JlRAuxnFXycGPbNz',#6,$,$,#193,#195,$,.FINISH_START.,$);
#307=IFCRELSEQUENCE('152dXX8qzPzwzjn2iExqyG',#6,$,$,#195,#197,$,.FINISH_START.,$);
#308=IFCRELSEQUENCE('0dFq69cGl9AkOtolSAOtK$',#6,$,$,#155,#199,$,.FINISH_START.,$);
#309=IFCRELSEQUENCE('0$RG6aRr1jm9OZBciPnF$D',#6,$,$,#199,#201,$,.FINISH_START.,$);
#310=IFCRELSEQUENCE('2A7YaXJLy0lNcxDPWxTY67',#6,$,$,#201,#203,$,.FINISH_START.,$);
#311=IFCRELSEQUENCE('2npwTTrBtdnYhr74ib1MFb',#6,$,$,#203,#205,$,.FINISH_START.,$);
#312=IFCRELSEQUENCE('0M8x5p3HR2zknUR339wQ4U',#6,$,$,#159,#167,$,.START_START.,$);
#313=IFCRELSEQUENCE('0jZGMdhKUtk6ksBbWHrhnQ',#6,$,$,#165,#209,$,.FINISH_START.,$);
#314=IFCRELSEQUENCE('3xqmgCrhx15V0YMj_Kavgr',#6,$,$,#163,#209,$,.FINISH_START.,$);
#315=IFCRELSEQUENCE('0FMC32VJV9Iq5u_b1w$La_',#6,$,$,#173,#211,$,.FINISH_START.,$);
#316=IFCRELSEQUENCE('1Qv8wJDMIrZT5vmW$r3f3z',#6,$,$,#171,#211,$,.FINISH_START.,$);
#317=IFCRELSEQUENCE('087OsQPd9Nrx$0ui6o_b0S',#6,$,$,#181,#213,$,.FINISH_START.,$);
#318=IFCRELSEQUENCE('3IRhn1Kc3bk9qSjSBAufRI',#6,$,$,#179,#213,$,.FINISH_START.,$);
#319=IFCRELSEQUENCE('2CC7iyhmxsYsN$AVTNEBZE',#6,$,$,#189,#215,$,.FINISH_START.,$);
#320=IFCRELSEQUENCE('1CR_hjHszhVoncSAIN8fAi',#6,$,$,#187,#215,$,.FINISH_START.,$);
#321=IFCRELSEQUENCE('2_uGqdEB26VbwNHt_f7tXW',#6,$,$,#197,#217,$,.FINISH_START.,$);
#322=IFCRELSEQUENCE('1pAq1VOr6FOVFUzs9ik85E',#6,$,$,#195,#217,$,.FINISH_START.,$);
#323=IFCRELSEQUENCE('3jwOBh29kdZ_C$3NKY2Po5',#6,$,$,#205,#219,$,.FINISH_START.,$);
#324=IFCRELSEQUENCE('3vzNc5UkPSqIvdP__V6_Km',#6,$,$,#203,#219,$,.FINISH_START.,$);
#325=IFCRELSEQUENCE('1FLxPNulz38w8lfZt8pma7',#6,$,$,#209,#221,$,.FINISH_START.,$);
#326=IFCRELSEQUENCE('3GbPnn_hwB38GpRK3tLvJW',#6,$,$,#211,#221,$,.FINISH_START.,$);
#327=IFCRELSEQUENCE('1uS7uxQ8TJSx2UiQwQVCVf',#6,$,$,#213,#221,$,.FINISH_START.,$);
#328=IFCRELSEQUENCE('2QZ41VwnM1a$gh2hh$slDg',#6,$,$,#215,#221,$,.FINISH_START.,$);
#329=IFCRELSEQUENCE('1iwlrhi8mjYqT0tg2caapQ',#6,$,$,#217,#221,$,.FINISH_START.,$);
#330=IFCRELSEQUENCE('2dedKNjGqvYY67x65eLCn0',#6,$,$,#219,#221,$,.FINISH_START.,$);
#331=IFCCREWRESOURCE('111oM_k3iVGMBXkv1OHAD0',#6,'Masonry crew','Overarching masonry crew (moves from house to house)',$,$,$,$,.USERDEFINED.);
#332=IFCLABORRESOURCE('3_ajUG8jlB3I2G9mVPqKaa',#6,'Bricklayers',$,$,$,$,$,.USERDEFINED.);
#333=IFCLABORRESOURCE('3pQDMK58l8h1QJ5ubfuJBO',#6,'Carpenters',$,$,$,$,$,.USERDEFINED.);
#334=IFCLABORRESOURCE('1DtijBO_dkpQaB8IREFJpi',#6,'MEP fitters',$,$,$,$,$,.USERDEFINED.);
#335=IFCLABORRESOURCE('3$u$kJQJM814ECr3zXTwaM',#6,'Plasterers',$,$,$,$,$,.USERDEFINED.);
#336=IFCLABORRESOURCE('1uFi8bQb7yJl0k9PCVrVZH',#6,'Painters',$,$,$,$,$,.USERDEFINED.);
#337=IFCCONSTRUCTIONMATERIALRESOURCE('3nTyRWnGwrWw_PvECoTVwg',#6,'Concrete C20/25',$,$,$,$,$,.USERDEFINED.);
#338=IFCPROPERTYSINGLEVALUE('Color',$,IFCTEXT('#1E293B'),$);
#339=IFCPROPERTYSET('3KjwNPuhblMInrF4MosS1X',#6,'OPS_Resource',$,(#338));
#340=IFCRELDEFINESBYPROPERTIES('2eYzNJSj1mlYAXQj1yQ8FX',#6,$,$,(#331),#339);
#341=IFCPROPERTYSINGLEVALUE('MaxUnits',$,IFCREAL(6),$);
#342=IFCPROPERTYSINGLEVALUE('CostPerHour',$,IFCMONETARYMEASURE(46),$);
#343=IFCPROPERTYSINGLEVALUE('Color',$,IFCTEXT('#B91C1C'),$);
#344=IFCPROPERTYSINGLEVALUE('ParentGuid',$,IFCTEXT('111oM_k3iVGMBXkv1OHAD0'),$);
#345=IFCPROPERTYSET('1FsYuaRr0sBu_GialKFPN6',#6,'OPS_Resource',$,(#341,#342,#343,#344));
#346=IFCRELDEFINESBYPROPERTIES('1t7aO3kbn8UQgnhij0MfNx',#6,$,$,(#332),#345);
#347=IFCPROPERTYSINGLEVALUE('MaxUnits',$,IFCREAL(2),$);
#348=IFCPROPERTYSINGLEVALUE('CostPerHour',$,IFCMONETARYMEASURE(45),$);
#349=IFCPROPERTYSINGLEVALUE('Color',$,IFCTEXT('#DB2777'),$);
#350=IFCPROPERTYSET('0TU2TdRV0ZMOCtvK8pHqy9',#6,'OPS_Resource',$,(#347,#348,#349));
#351=IFCRELDEFINESBYPROPERTIES('0IhJEISUJIut5Lf5K8DzW4',#6,$,$,(#333),#350);
#352=IFCPROPERTYSINGLEVALUE('MaxUnits',$,IFCREAL(4),$);
#353=IFCPROPERTYSINGLEVALUE('CostPerHour',$,IFCMONETARYMEASURE(48),$);
#354=IFCPROPERTYSINGLEVALUE('Color',$,IFCTEXT('#C2410C'),$);
#355=IFCPROPERTYSET('3p5_PPZ1wHzTAWowy7mxmX',#6,'OPS_Resource',$,(#352,#353,#354));
#356=IFCRELDEFINESBYPROPERTIES('07qzGK74Af9Bi98sJ2f697',#6,$,$,(#334),#355);
#357=IFCPROPERTYSINGLEVALUE('MaxUnits',$,IFCREAL(2),$);
#358=IFCPROPERTYSINGLEVALUE('CostPerHour',$,IFCMONETARYMEASURE(42),$);
#359=IFCPROPERTYSINGLEVALUE('Color',$,IFCTEXT('#6366F1'),$);
#360=IFCPROPERTYSET('01t08ygX0FtnpsA8eNLNsF',#6,'OPS_Resource',$,(#357,#358,#359));
#361=IFCRELDEFINESBYPROPERTIES('3TIHvU_Henmb53HqCj4BYn',#6,$,$,(#335),#360);
#362=IFCPROPERTYSINGLEVALUE('MaxUnits',$,IFCREAL(8),$);
#363=IFCPROPERTYSINGLEVALUE('CostPerHour',$,IFCMONETARYMEASURE(38),$);
#364=IFCPROPERTYSINGLEVALUE('Color',$,IFCTEXT('#0D9488'),$);
#365=IFCPROPERTYSET('3wP68xx3PB$6tWzRCkL8m5',#6,'OPS_Resource',$,(#362,#363,#364));
#366=IFCRELDEFINESBYPROPERTIES('3ouwUIzAKOPFxVRcT25A3C',#6,$,$,(#336),#365);
#367=IFCPROPERTYSINGLEVALUE('MaxUnits',$,IFCREAL(999),$);
#368=IFCPROPERTYSINGLEVALUE('UnitOfMeasure',$,IFCLABEL('m\X2\00B3\X0\'),$);
#369=IFCPROPERTYSINGLEVALUE('Color',$,IFCTEXT('#D97706'),$);
#370=IFCPROPERTYSET('1jFl6XJBB_1cAXMIJvkXeA',#6,'OPS_Resource',$,(#367,#368,#369));
#371=IFCRELDEFINESBYPROPERTIES('2$k5Ve7YfH8fDPql4K008g',#6,$,$,(#337),#370);
#372=IFCRELNESTS('3eZ7gHrWm2wKMPTQ0CqgCd',#6,'Ploeg Masonry crew',$,#331,(#332));
#373=IFCRELASSIGNSTOPROCESS('3Cb9Ssn1M5edb55kDRq3B2',#6,$,$,(#337),$,#61,$);
#374=IFCRELASSIGNSTOPROCESS('0kh4pI8hRUczzQJOXgdtDS',#6,$,$,(#337),$,#63,$);
#375=IFCRELASSIGNSTOPROCESS('14dQMMelYwtkTrlNTnK2oI',#6,$,$,(#331,#332),$,#69,$);
#376=IFCRELASSIGNSTOPROCESS('2t1NX9nCuFgR1ZNRgkhKlR',#6,$,$,(#332),$,#73,$);
#377=IFCRELASSIGNSTOPROCESS('0_sgMvT_gYKj16w8Uk_NxY',#6,$,$,(#333),$,#75,$);
#378=IFCRELASSIGNSTOPROCESS('0aVbp$QbBjY365THJwRXxe',#6,$,$,(#331,#332),$,#77,$);
#379=IFCRELASSIGNSTOPROCESS('1wirXUZbksj3yI_Ru6q_be',#6,$,$,(#332),$,#81,$);
#380=IFCRELASSIGNSTOPROCESS('1HZj5uoGE3Gz_djanmaa2P',#6,$,$,(#333),$,#83,$);
#381=IFCRELASSIGNSTOPROCESS('12qawrg0DnUNJLR5EF4MG0',#6,$,$,(#331,#332),$,#85,$);
#382=IFCRELASSIGNSTOPROCESS('0ZmAo04m78paYT3X$VvFRg',#6,$,$,(#332),$,#89,$);
#383=IFCRELASSIGNSTOPROCESS('2Ku5pGwPGQq$m_lwdBZdN3',#6,$,$,(#333),$,#91,$);
#384=IFCRELASSIGNSTOPROCESS('1u_Qk2NpcwXYV_W7FzghQE',#6,$,$,(#331,#332),$,#93,$);
#385=IFCRELASSIGNSTOPROCESS('2PBEn9mBE2R2PcvpIGNsld',#6,$,$,(#332),$,#97,$);
#386=IFCRELASSIGNSTOPROCESS('0qaJzqlb5yiFzYFI2$3YwI',#6,$,$,(#333),$,#99,$);
#387=IFCRELASSIGNSTOPROCESS('3o3KQEk1aRaJzYvMoWVEUQ',#6,$,$,(#331,#332),$,#101,$);
#388=IFCRELASSIGNSTOPROCESS('3ty$PAQtOnXfXNzf4syLph',#6,$,$,(#332),$,#105,$);
#389=IFCRELASSIGNSTOPROCESS('0_yjs$UIhbpWk9uZ8j9k4D',#6,$,$,(#333),$,#107,$);
#390=IFCRELASSIGNSTOPROCESS('0Evh5CNEQ9TPTZ5MX1wspP',#6,$,$,(#331,#332),$,#109,$);
#391=IFCRELASSIGNSTOPROCESS('0Cg5zs2JRWyVOxtaVBzWKb',#6,$,$,(#332),$,#113,$);
#392=IFCRELASSIGNSTOPROCESS('1g0BMVrsvE6_wIthxD_rlh',#6,$,$,(#333),$,#115,$);
#393=IFCRELASSIGNSTOPROCESS('0uP$mMvMEtb16esqp8p8qi',#6,$,$,(#334),$,#121,$);
#394=IFCRELASSIGNSTOPROCESS('3PPlHc5MOlrBfm6Gv4pTdj',#6,$,$,(#334),$,#123,$);
#395=IFCRELASSIGNSTOPROCESS('0sEd2XYK11dZOzCZjn6jt$',#6,$,$,(#334),$,#127,$);
#396=IFCRELASSIGNSTOPROCESS('3Mr6B17kSpZRaYLnZUWPmg',#6,$,$,(#334),$,#129,$);
#397=IFCRELASSIGNSTOPROCESS('0XlyIcd5Okar3cwGUcpdZ2',#6,$,$,(#334),$,#133,$);
#398=IFCRELASSIGNSTOPROCESS('0mPSOP4JbdRcOEm2XZNB8L',#6,$,$,(#334),$,#135,$);
#399=IFCRELASSIGNSTOPROCESS('0C9c35WQtxnccHUDdMuFT6',#6,$,$,(#334),$,#139,$);
#400=IFCRELASSIGNSTOPROCESS('0MIDAhxzBBlR6u8hporO2C',#6,$,$,(#334),$,#141,$);
#401=IFCRELASSIGNSTOPROCESS('1xuYb7cVfAE8tWGr37kroN',#6,$,$,(#334),$,#145,$);
#402=IFCRELASSIGNSTOPROCESS('2YAF3d6FJFrR__UkCWMPbl',#6,$,$,(#334),$,#147,$);
#403=IFCRELASSIGNSTOPROCESS('3R4E3EGCkMsJH7TXvvtfmJ',#6,$,$,(#334),$,#151,$);
#404=IFCRELASSIGNSTOPROCESS('3nTPAN05T$STs5U1J3vJKp',#6,$,$,(#334),$,#153,$);
#405=IFCRELASSIGNSTOPROCESS('3Yamob6yAQRsf_hXAVhSGX',#6,$,$,(#335),$,#159,$);
#406=IFCRELASSIGNSTOPROCESS('0OFToLftAfapBOPUx0$rbV',#6,$,$,(#336),$,#165,$);
#407=IFCRELASSIGNSTOPROCESS('1D8gxR18lEAOD4ouCl6Aw_',#6,$,$,(#335),$,#167,$);
#408=IFCRELASSIGNSTOPROCESS('0pPXWxDtmY_2XlG6Y1JP_k',#6,$,$,(#336),$,#173,$);
#409=IFCRELASSIGNSTOPROCESS('3qVPBcS4lN2DPJaVV3fGjk',#6,$,$,(#335),$,#175,$);
#410=IFCRELASSIGNSTOPROCESS('23pXB8Qt_x6E68a8vB0WkX',#6,$,$,(#336),$,#181,$);
#411=IFCRELASSIGNSTOPROCESS('0GjxwiPxApC$gZcB7nnp4N',#6,$,$,(#335),$,#183,$);
#412=IFCRELASSIGNSTOPROCESS('1K90Ln1IH78czgvHVhybpr',#6,$,$,(#336),$,#189,$);
#413=IFCRELASSIGNSTOPROCESS('2NvpFgCm53caPtj4tiTNxN',#6,$,$,(#335),$,#191,$);
#414=IFCRELASSIGNSTOPROCESS('0qS3lp_5RM9LPx4itP0stH',#6,$,$,(#336),$,#197,$);
#415=IFCRELASSIGNSTOPROCESS('20CObFeEN6UKHZqgwePL0b',#6,$,$,(#335),$,#199,$);
#416=IFCRELASSIGNSTOPROCESS('1t5OD5vVXZy6Zd4i1aWgas',#6,$,$,(#336),$,#205,$);
#417=IFCPROPERTYSINGLEVALUE('3nTyRWnGwrWw_PvECoTVwg#0',$,IFCTEXT('60|FRONT_LOADED'),$);
#418=IFCPROPERTYSET('1e1CcYraRBe74fGrRNrEzM',#6,'OPS_Assignments',$,(#417));
#419=IFCRELDEFINESBYPROPERTIES('1_3KF16BEkHScMEeYyiE6r',#6,$,$,(#61),#418);
#420=IFCPROPERTYSINGLEVALUE('3nTyRWnGwrWw_PvECoTVwg#0',$,IFCTEXT('50|FRONT_LOADED'),$);
#421=IFCPROPERTYSET('0caHkDM7EqXiOSiNgm3jAw',#6,'OPS_Assignments',$,(#420));
#422=IFCRELDEFINESBYPROPERTIES('0tc50FIEPDr8YUq_p5b1HE',#6,$,$,(#63),#421);
#423=IFCPROPERTYSINGLEVALUE('111oM_k3iVGMBXkv1OHAD0#0',$,IFCTEXT('1|UNIFORM'),$);
#424=IFCPROPERTYSINGLEVALUE('3_ajUG8jlB3I2G9mVPqKaa#1',$,IFCTEXT('2|UNIFORM'),$);
#425=IFCPROPERTYSET('02DfLPSwqYHK$A4GMazip4',#6,'OPS_Assignments',$,(#423,#424));
#426=IFCRELDEFINESBYPROPERTIES('0GGEhLQ$JAQsqr04353eq1',#6,$,$,(#69),#425);
#427=IFCPROPERTYSINGLEVALUE('3_ajUG8jlB3I2G9mVPqKaa#0',$,IFCTEXT('2|UNIFORM'),$);
#428=IFCPROPERTYSET('34YIaegYFc4Q9Mj7ZSo6hw',#6,'OPS_Assignments',$,(#427));
#429=IFCRELDEFINESBYPROPERTIES('1U3TL3A2npS9r0CkljuVKi',#6,$,$,(#73),#428);
#430=IFCPROPERTYSINGLEVALUE('3pQDMK58l8h1QJ5ubfuJBO#0',$,IFCTEXT('2|UNIFORM'),$);
#431=IFCPROPERTYSET('0DUQq711teEQQx0lc32iNu',#6,'OPS_Assignments',$,(#430));
#432=IFCRELDEFINESBYPROPERTIES('1Kr7bn2wOb3Jt6OATnbVHn',#6,$,$,(#75),#431);
#433=IFCPROPERTYSINGLEVALUE('111oM_k3iVGMBXkv1OHAD0#0',$,IFCTEXT('1|UNIFORM'),$);
#434=IFCPROPERTYSINGLEVALUE('3_ajUG8jlB3I2G9mVPqKaa#1',$,IFCTEXT('2|UNIFORM'),$);
#435=IFCPROPERTYSET('1cktBmrDv_d4xDmRcUhaLU',#6,'OPS_Assignments',$,(#433,#434));
#436=IFCRELDEFINESBYPROPERTIES('2XcubWx7BXu_gJMX2oVGBW',#6,$,$,(#77),#435);
#437=IFCPROPERTYSINGLEVALUE('3_ajUG8jlB3I2G9mVPqKaa#0',$,IFCTEXT('2|UNIFORM'),$);
#438=IFCPROPERTYSET('10v_lgP69ROM5$8Fp7dsuH',#6,'OPS_Assignments',$,(#437));
#439=IFCRELDEFINESBYPROPERTIES('1LziAI6XpCpDBCAf4J4IIK',#6,$,$,(#81),#438);
#440=IFCPROPERTYSINGLEVALUE('3pQDMK58l8h1QJ5ubfuJBO#0',$,IFCTEXT('2|UNIFORM'),$);
#441=IFCPROPERTYSET('3MDuZIJ3AIe8dNNwhm1ek1',#6,'OPS_Assignments',$,(#440));
#442=IFCRELDEFINESBYPROPERTIES('3xtY1hGzN$nSmDriZ3rS2G',#6,$,$,(#83),#441);
#443=IFCPROPERTYSINGLEVALUE('111oM_k3iVGMBXkv1OHAD0#0',$,IFCTEXT('1|UNIFORM'),$);
#444=IFCPROPERTYSINGLEVALUE('3_ajUG8jlB3I2G9mVPqKaa#1',$,IFCTEXT('2|UNIFORM'),$);
#445=IFCPROPERTYSET('0yOXS8s0M1ImbOAyZTTctE',#6,'OPS_Assignments',$,(#443,#444));
#446=IFCRELDEFINESBYPROPERTIES('1TDRIsnZ$2f9N8ycqfjH0j',#6,$,$,(#85),#445);
#447=IFCPROPERTYSINGLEVALUE('3_ajUG8jlB3I2G9mVPqKaa#0',$,IFCTEXT('2|UNIFORM'),$);
#448=IFCPROPERTYSET('2yqZd8es6B7f1Vz7$IyUxw',#6,'OPS_Assignments',$,(#447));
#449=IFCRELDEFINESBYPROPERTIES('3v8fkFsTGoswhNbiBQ3rDs',#6,$,$,(#89),#448);
#450=IFCPROPERTYSINGLEVALUE('3pQDMK58l8h1QJ5ubfuJBO#0',$,IFCTEXT('2|UNIFORM'),$);
#451=IFCPROPERTYSET('1v6EPoZtn0G1$VfQi0YHaB',#6,'OPS_Assignments',$,(#450));
#452=IFCRELDEFINESBYPROPERTIES('01NJnI6hQl$$gGPNqpOLWg',#6,$,$,(#91),#451);
#453=IFCPROPERTYSINGLEVALUE('111oM_k3iVGMBXkv1OHAD0#0',$,IFCTEXT('1|UNIFORM'),$);
#454=IFCPROPERTYSINGLEVALUE('3_ajUG8jlB3I2G9mVPqKaa#1',$,IFCTEXT('2|UNIFORM'),$);
#455=IFCPROPERTYSET('0tz0s68XE1bHH01_aVvu5B',#6,'OPS_Assignments',$,(#453,#454));
#456=IFCRELDEFINESBYPROPERTIES('2cSSltBJr_6Zw5msKY6r_X',#6,$,$,(#93),#455);
#457=IFCPROPERTYSINGLEVALUE('3_ajUG8jlB3I2G9mVPqKaa#0',$,IFCTEXT('2|UNIFORM'),$);
#458=IFCPROPERTYSET('3U0GaTZEUkfO6xow6RpXnb',#6,'OPS_Assignments',$,(#457));
#459=IFCRELDEFINESBYPROPERTIES('1ar65VJVXhJpJZ_cACcxjv',#6,$,$,(#97),#458);
#460=IFCPROPERTYSINGLEVALUE('3pQDMK58l8h1QJ5ubfuJBO#0',$,IFCTEXT('2|UNIFORM'),$);
#461=IFCPROPERTYSET('3221w8yzeXCDTaeNI1yiQc',#6,'OPS_Assignments',$,(#460));
#462=IFCRELDEFINESBYPROPERTIES('2Pw8wwkANTRirwUVtHtyCi',#6,$,$,(#99),#461);
#463=IFCPROPERTYSINGLEVALUE('111oM_k3iVGMBXkv1OHAD0#0',$,IFCTEXT('1|UNIFORM'),$);
#464=IFCPROPERTYSINGLEVALUE('3_ajUG8jlB3I2G9mVPqKaa#1',$,IFCTEXT('2|UNIFORM'),$);
#465=IFCPROPERTYSET('3vQTWc8ojJCAfNygMlHm3o',#6,'OPS_Assignments',$,(#463,#464));
#466=IFCRELDEFINESBYPROPERTIES('0quFHY2NK21ojrCTTcBoa$',#6,$,$,(#101),#465);
#467=IFCPROPERTYSINGLEVALUE('3_ajUG8jlB3I2G9mVPqKaa#0',$,IFCTEXT('2|UNIFORM'),$);
#468=IFCPROPERTYSET('08KhQPGZ_n5wrMHj$jDDb2',#6,'OPS_Assignments',$,(#467));
#469=IFCRELDEFINESBYPROPERTIES('1r6A8YnnpWheSUq3zfFE$V',#6,$,$,(#105),#468);
#470=IFCPROPERTYSINGLEVALUE('3pQDMK58l8h1QJ5ubfuJBO#0',$,IFCTEXT('2|UNIFORM'),$);
#471=IFCPROPERTYSET('1Jdq5S1RWqxFHmWGR33t_i',#6,'OPS_Assignments',$,(#470));
#472=IFCRELDEFINESBYPROPERTIES('03qv0t7y9ZbsxQTgaVclze',#6,$,$,(#107),#471);
#473=IFCPROPERTYSINGLEVALUE('111oM_k3iVGMBXkv1OHAD0#0',$,IFCTEXT('1|UNIFORM'),$);
#474=IFCPROPERTYSINGLEVALUE('3_ajUG8jlB3I2G9mVPqKaa#1',$,IFCTEXT('2|UNIFORM'),$);
#475=IFCPROPERTYSET('0haFs3sENmykCIyEmwPVqc',#6,'OPS_Assignments',$,(#473,#474));
#476=IFCRELDEFINESBYPROPERTIES('26AQK7zT56eMecoIQAr6$n',#6,$,$,(#109),#475);
#477=IFCPROPERTYSINGLEVALUE('3_ajUG8jlB3I2G9mVPqKaa#0',$,IFCTEXT('2|UNIFORM'),$);
#478=IFCPROPERTYSET('25oSDPMXbDquk49_Un85Cl',#6,'OPS_Assignments',$,(#477));
#479=IFCRELDEFINESBYPROPERTIES('01uGMAk3izc7H39bcJmSif',#6,$,$,(#113),#478);
#480=IFCPROPERTYSINGLEVALUE('3pQDMK58l8h1QJ5ubfuJBO#0',$,IFCTEXT('2|UNIFORM'),$);
#481=IFCPROPERTYSET('1VZcQHq3wtks$VBdHtOU0n',#6,'OPS_Assignments',$,(#480));
#482=IFCRELDEFINESBYPROPERTIES('0crPMa8diy5mgT01KFdbww',#6,$,$,(#115),#481);
#483=IFCPROPERTYSINGLEVALUE('1DtijBO_dkpQaB8IREFJpi#0',$,IFCTEXT('1|UNIFORM'),$);
#484=IFCPROPERTYSET('0I2FQDXEpYiRUxgN_0RIGT',#6,'OPS_Assignments',$,(#483));
#485=IFCRELDEFINESBYPROPERTIES('3eu_HZgMEitn_$Nkict7Qx',#6,$,$,(#121),#484);
#486=IFCPROPERTYSINGLEVALUE('1DtijBO_dkpQaB8IREFJpi#0',$,IFCTEXT('1|UNIFORM'),$);
#487=IFCPROPERTYSET('12P8cvldIxxGL_Dt_EaDAV',#6,'OPS_Assignments',$,(#486));
#488=IFCRELDEFINESBYPROPERTIES('3v5xwbdqPt14xlISx7zNiy',#6,$,$,(#123),#487);
#489=IFCPROPERTYSINGLEVALUE('1DtijBO_dkpQaB8IREFJpi#0',$,IFCTEXT('1|UNIFORM'),$);
#490=IFCPROPERTYSET('2gkCtUUrq0taGS$xHDlhlc',#6,'OPS_Assignments',$,(#489));
#491=IFCRELDEFINESBYPROPERTIES('1la2SONuQ0xIEH9KM3UIm_',#6,$,$,(#127),#490);
#492=IFCPROPERTYSINGLEVALUE('1DtijBO_dkpQaB8IREFJpi#0',$,IFCTEXT('1|UNIFORM'),$);
#493=IFCPROPERTYSET('0HKo3tKAzmO7xLCyv7IRoy',#6,'OPS_Assignments',$,(#492));
#494=IFCRELDEFINESBYPROPERTIES('2jCH2fWbVKsHFzXCP5bSad',#6,$,$,(#129),#493);
#495=IFCPROPERTYSINGLEVALUE('1DtijBO_dkpQaB8IREFJpi#0',$,IFCTEXT('1|UNIFORM'),$);
#496=IFCPROPERTYSET('1GJ1URnoL4ycqWLLLTMSaf',#6,'OPS_Assignments',$,(#495));
#497=IFCRELDEFINESBYPROPERTIES('0QAKYvTCOwwxHtNPx7ovXZ',#6,$,$,(#133),#496);
#498=IFCPROPERTYSINGLEVALUE('1DtijBO_dkpQaB8IREFJpi#0',$,IFCTEXT('1|UNIFORM'),$);
#499=IFCPROPERTYSET('2klr28KfQx90SwoTdo_zh_',#6,'OPS_Assignments',$,(#498));
#500=IFCRELDEFINESBYPROPERTIES('2w$AFJB6Aq9b4ihXJhP9xr',#6,$,$,(#135),#499);
#501=IFCPROPERTYSINGLEVALUE('1DtijBO_dkpQaB8IREFJpi#0',$,IFCTEXT('1|UNIFORM'),$);
#502=IFCPROPERTYSET('3Bgre2QEeKSDRD7Q$Y7xQ6',#6,'OPS_Assignments',$,(#501));
#503=IFCRELDEFINESBYPROPERTIES('3y8BElTDvxkPLY95E$INLl',#6,$,$,(#139),#502);
#504=IFCPROPERTYSINGLEVALUE('1DtijBO_dkpQaB8IREFJpi#0',$,IFCTEXT('1|UNIFORM'),$);
#505=IFCPROPERTYSET('2iZeJSlab7Gpi3uNj4KzEG',#6,'OPS_Assignments',$,(#504));
#506=IFCRELDEFINESBYPROPERTIES('0By$cRKW9pe2W77mOzd9$7',#6,$,$,(#141),#505);
#507=IFCPROPERTYSINGLEVALUE('1DtijBO_dkpQaB8IREFJpi#0',$,IFCTEXT('1|UNIFORM'),$);
#508=IFCPROPERTYSET('2xNiADvlrGKsttxMRwA$yr',#6,'OPS_Assignments',$,(#507));
#509=IFCRELDEFINESBYPROPERTIES('123eZ5gHYH9xxrzeM_nMCW',#6,$,$,(#145),#508);
#510=IFCPROPERTYSINGLEVALUE('1DtijBO_dkpQaB8IREFJpi#0',$,IFCTEXT('1|UNIFORM'),$);
#511=IFCPROPERTYSET('2XGqpO1jpl1JwEp8jd5OQ6',#6,'OPS_Assignments',$,(#510));
#512=IFCRELDEFINESBYPROPERTIES('24vVoW4g391l4rFUCCCrQA',#6,$,$,(#147),#511);
#513=IFCPROPERTYSINGLEVALUE('1DtijBO_dkpQaB8IREFJpi#0',$,IFCTEXT('1|UNIFORM'),$);
#514=IFCPROPERTYSET('0Ag7DDjTfmhvGjRmda6d67',#6,'OPS_Assignments',$,(#513));
#515=IFCRELDEFINESBYPROPERTIES('2psE4TjnrTPmKcNCsLn34h',#6,$,$,(#151),#514);
#516=IFCPROPERTYSINGLEVALUE('1DtijBO_dkpQaB8IREFJpi#0',$,IFCTEXT('1|UNIFORM'),$);
#517=IFCPROPERTYSET('2PAxaVhNzodPkE5c$h$H86',#6,'OPS_Assignments',$,(#516));
#518=IFCRELDEFINESBYPROPERTIES('3$5SeipkfzrbrqjpFBC6_P',#6,$,$,(#153),#517);
#519=IFCPROPERTYSINGLEVALUE('3$u$kJQJM814ECr3zXTwaM#0',$,IFCTEXT('2|UNIFORM'),$);
#520=IFCPROPERTYSET('0xlI5nHO7VpAmqKDWhJHWb',#6,'OPS_Assignments',$,(#519));
#521=IFCRELDEFINESBYPROPERTIES('2gY3x0A7a9UFe9F$UrtIRe',#6,$,$,(#159),#520);
#522=IFCPROPERTYSINGLEVALUE('1uFi8bQb7yJl0k9PCVrVZH#0',$,IFCTEXT('2|BACK_LOADED'),$);
#523=IFCPROPERTYSET('2vs2_cZAvBt1bK8pCzgkjz',#6,'OPS_Assignments',$,(#522));
#524=IFCRELDEFINESBYPROPERTIES('0wGH6p2JXoOLAAd7ACdFlD',#6,$,$,(#165),#523);
#525=IFCPROPERTYSINGLEVALUE('3$u$kJQJM814ECr3zXTwaM#0',$,IFCTEXT('2|UNIFORM'),$);
#526=IFCPROPERTYSET('3ipwQ_e7dJgy6ua_RwoKB3',#6,'OPS_Assignments',$,(#525));
#527=IFCRELDEFINESBYPROPERTIES('0o$u65unZp1Yfvp5I5UIKf',#6,$,$,(#167),#526);
#528=IFCPROPERTYSINGLEVALUE('1uFi8bQb7yJl0k9PCVrVZH#0',$,IFCTEXT('2|FRONT_LOADED'),$);
#529=IFCPROPERTYSET('2rpXJz06wbNL2zq32nIDhV',#6,'OPS_Assignments',$,(#528));
#530=IFCRELDEFINESBYPROPERTIES('0xiBaS4MwWi6yKtaqJmio7',#6,$,$,(#173),#529);
#531=IFCPROPERTYSINGLEVALUE('3$u$kJQJM814ECr3zXTwaM#0',$,IFCTEXT('2|UNIFORM'),$);
#532=IFCPROPERTYSET('0rgpCZ4JqMrkNqpEMnK3vq',#6,'OPS_Assignments',$,(#531));
#533=IFCRELDEFINESBYPROPERTIES('0l3bonE8916TeuWBjI3mQ8',#6,$,$,(#175),#532);
#534=IFCPROPERTYSINGLEVALUE('1uFi8bQb7yJl0k9PCVrVZH#0',$,IFCTEXT('2|UNIFORM'),$);
#535=IFCPROPERTYSET('1kw9tVcK4YLCyTFKGgrHL0',#6,'OPS_Assignments',$,(#534));
#536=IFCRELDEFINESBYPROPERTIES('0mxTes7gAYZRYSBh3Xr2Sa',#6,$,$,(#181),#535);
#537=IFCPROPERTYSINGLEVALUE('3$u$kJQJM814ECr3zXTwaM#0',$,IFCTEXT('2|UNIFORM'),$);
#538=IFCPROPERTYSET('0uSt2mkgeEaUx9JI7nby2p',#6,'OPS_Assignments',$,(#537));
#539=IFCRELDEFINESBYPROPERTIES('3ta0YC5mjcbavPinAQzykQ',#6,$,$,(#183),#538);
#540=IFCPROPERTYSINGLEVALUE('1uFi8bQb7yJl0k9PCVrVZH#0',$,IFCTEXT('2|BACK_LOADED'),$);
#541=IFCPROPERTYSET('0D1Hdy$xkQ14DsVVZ2CBjV',#6,'OPS_Assignments',$,(#540));
#542=IFCRELDEFINESBYPROPERTIES('0Wx77QDPrqSKq$bUWHLzRW',#6,$,$,(#189),#541);
#543=IFCPROPERTYSINGLEVALUE('3$u$kJQJM814ECr3zXTwaM#0',$,IFCTEXT('2|UNIFORM'),$);
#544=IFCPROPERTYSET('1BeEQqkqUW7$ruoEWrFNKp',#6,'OPS_Assignments',$,(#543));
#545=IFCRELDEFINESBYPROPERTIES('0BTNr6AUVtlkorddPcMDCA',#6,$,$,(#191),#544);
#546=IFCPROPERTYSINGLEVALUE('1uFi8bQb7yJl0k9PCVrVZH#0',$,IFCTEXT('2|FRONT_LOADED'),$);
#547=IFCPROPERTYSET('0fgu9hyumS2JrrAj4Z418x',#6,'OPS_Assignments',$,(#546));
#548=IFCRELDEFINESBYPROPERTIES('2G3TAYEx3ncbPc4dMlZKZ2',#6,$,$,(#197),#547);
#549=IFCPROPERTYSINGLEVALUE('3$u$kJQJM814ECr3zXTwaM#0',$,IFCTEXT('2|UNIFORM'),$);
#550=IFCPROPERTYSET('16TJd5Je9HKIspvf74otUa',#6,'OPS_Assignments',$,(#549));
#551=IFCRELDEFINESBYPROPERTIES('30Bnc8FgjWybjyYA2HUGAT',#6,$,$,(#199),#550);
#552=IFCPROPERTYSINGLEVALUE('1uFi8bQb7yJl0k9PCVrVZH#0',$,IFCTEXT('2|UNIFORM'),$);
#553=IFCPROPERTYSET('2IqZKOHzkbnUs9cmBEv3mM',#6,'OPS_Assignments',$,(#552));
#554=IFCRELDEFINESBYPROPERTIES('0d7AVGyZJ7lVinmZeDlu2a',#6,$,$,(#205),#553);
#555=IFCRELASSIGNSTOCONTROL('03OsqoxOuKRO_k$WMOL9pm',#6,$,$,(#45,#47,#49,#51,#53,#55,#57,#59,#61,#63,#65,#67,#69,#71,#73,#75,#77,#79,#81,#83,#85,#87,#89,#91,#93,#95,#97,#99,#101,#103,#105,#107,#109,#111,#113,#115,#117,#119,#121,#123,#125,#127,#129,#131,#133,#135,#137,#139,#141,#143,#145,#147,#149,#151,#153,#155,#157,#159,#161,#163,#165,#167,#169,#171,#173,#175,#177,#179,#181,#183,#185,#187,#189,#191,#193,#195,#197,#199,#201,#203,#205,#207,#209,#211,#213,#215,#217,#219,#221),$,#41);
#556=IFCPROPERTYSINGLEVALUE('InternalProjectId',$,IFCTEXT('proj-mula7vl3v6qx71'),$);
#557=IFCPROPERTYSINGLEVALUE('wbsAutoNumber',$,IFCBOOLEAN(.T.),$);
#558=IFCPROPERTYSINGLEVALUE('DefaultTaskDurationUnit',$,IFCLABEL('days'),$);
#559=IFCPROPERTYSINGLEVALUE('StatusDate',$,IFCDATE('2027-05-20'),$);
#560=IFCPROPERTYSINGLEVALUE('ProjectStartDate',$,IFCDATE('2027-03-01'),$);
#561=IFCPROPERTYSINGLEVALUE('ProjectEndDate',$,$,$);
#562=IFCPROPERTYSINGLEVALUE('CreatedAt',$,IFCTEXT('2026-09-28T13:27:13.575Z'),$);
#563=IFCPROPERTYSINGLEVALUE('ModifiedAt',$,IFCTEXT('2026-09-28T13:27:14.841Z'),$);
#564=IFCPROPERTYSET('2yh6V8By5jsBbV0cB8RYxx',#6,'OPS_ProjectSettings',$,(#556,#557,#558,#559,#560,#561,#562,#563));
#565=IFCRELDEFINESBYPROPERTIES('0If_wX_y5bj8HncE$rrQ26',#6,$,$,(#13),#564);
#566=IFCPROPERTYSINGLEVALUE('structure',$,IFCTEXT('{"activityCodeTypes":[{"id":"act-mula7vl77v1k72","name":"House","values":[{"code":"1","description":"House 1","id":"acv-mula7vl90m4m73"},{"code":"2","description":"House 2","id":"acv-mula7vlbk1m374"},{"code":"3","description":"House 3","id":"acv-mula7vlcdrzf75"},{"code":"4","description":"House 4","id":"acv-mula7vleaegq76"},{"code":"5","description":"House 5","id":"acv-mula7vlgt90y77"},{"code":"6","description":"House 6","id":"acv-mula7vlisw1w78"},{"code":"GEN","description":"General / site","color":"#6b7280","id":"acv-mula7vlj0otb79"}]},{"id":"act-mula7vllicmx80","name":"Discipline","values":[{"code":"STR","description":"Structural works","color":"#b45309","id":"acv-mula7vlmfabz81"},{"code":"MEP","description":"Building services","color":"#0891b2","id":"acv-mula7vlotefd82"},{"code":"FIT","description":"Fit-out","color":"#7c3aed","id":"acv-mula7vlqypfv83"}]}],"customFieldDefs":[{"id":"cfd-mula7vlrh8kk84","name":"Cost estimate","type":"cost"}]}'),$);
#567=IFCPROPERTYSET('3NP_ThbvsfiVO5XOU12zof',#6,'OPS_StructureMeta',$,(#566));
#568=IFCRELDEFINESBYPROPERTIES('0AvkdZbnEhI5TzjfMQtCFu',#6,$,$,(#13),#567);
#569=IFCSIMPLEPROPERTYTEMPLATE('1p3_8ugCkX$lnlXFEQP9Eh',#6,'Cost estimate',$,.P_SINGLEVALUE.,'IfcMonetaryMeasure',$,$,$,$,$,$);
#570=IFCPROPERTYSETTEMPLATE('3MR9N6YvbqikpjrxtjiKFc',#6,'OPS_CustomFields',$,.PSET_OCCURRENCEDRIVEN.,'IfcTask',(#569));
#571=IFCPROPERTYENUMERATION('House',(IFCLABEL('1'),IFCLABEL('2'),IFCLABEL('3'),IFCLABEL('4'),IFCLABEL('5'),IFCLABEL('6'),IFCLABEL('GEN')),$);
#572=IFCSIMPLEPROPERTYTEMPLATE('1gu3QUCeTbOQzjYvkP0KOb',#6,'House',$,.P_ENUMERATEDVALUE.,$,$,#571,$,$,$,$);
#573=IFCPROPERTYENUMERATION('Discipline',(IFCLABEL('STR'),IFCLABEL('MEP'),IFCLABEL('FIT')),$);
#574=IFCSIMPLEPROPERTYTEMPLATE('2JdL7k8MkEzT0_hVD7lfDs',#6,'Discipline',$,.P_ENUMERATEDVALUE.,$,$,#573,$,$,$,$);
#575=IFCPROPERTYSETTEMPLATE('3K__dVGkGiv$kvmS1NVeJp',#6,'OPS_ActivityCodes',$,.PSET_OCCURRENCEDRIVEN.,'IfcTask',(#572,#574));
#576=IFCRELDECLARES('1p$ML0$XJo_GrKf47OmaVv',#6,$,$,#13,(#570,#575));
#577=IFCPROPERTYENUMERATEDVALUE('House',$,(IFCLABEL('GEN')),$);
#578=IFCPROPERTYSET('0vit$vcV2OgnUCsHoWLKBe',#6,'OPS_ActivityCodes',$,(#577));
#579=IFCRELDEFINESBYPROPERTIES('2rTta1KJbwBIcsqVna7RK3',#6,$,$,(#45),#578);
#580=IFCPROPERTYENUMERATEDVALUE('House',$,(IFCLABEL('GEN')),$);
#581=IFCPROPERTYSET('1KBBM$9B2GtbgHrQ10XATc',#6,'OPS_ActivityCodes',$,(#580));
#582=IFCRELDEFINESBYPROPERTIES('3aVhVbzDs_oluO4nzJcyC7',#6,$,$,(#47),#581);
#583=IFCPROPERTYENUMERATEDVALUE('House',$,(IFCLABEL('GEN')),$);
#584=IFCPROPERTYSET('3USNANmg0BnpgPcz7TXMfT',#6,'OPS_ActivityCodes',$,(#583));
#585=IFCRELDEFINESBYPROPERTIES('2CZvUq132Ihqmf2Wd$8xut',#6,$,$,(#49),#584);
#586=IFCPROPERTYENUMERATEDVALUE('House',$,(IFCLABEL('GEN')),$);
#587=IFCPROPERTYSET('3F8CkfLfzJ64gkvDR_QJEq',#6,'OPS_ActivityCodes',$,(#586));
#588=IFCRELDEFINESBYPROPERTIES('2TRG5x8qeH$OYhr3cEHsjN',#6,$,$,(#51),#587);
#589=IFCPROPERTYENUMERATEDVALUE('House',$,(IFCLABEL('GEN')),$);
#590=IFCPROPERTYSET('3xtWFq_c5koqJCxe_Fkqoq',#6,'OPS_ActivityCodes',$,(#589));
#591=IFCRELDEFINESBYPROPERTIES('0UoU7b6wTEadwzBxaBM3vB',#6,$,$,(#53),#590);
#592=IFCPROPERTYENUMERATEDVALUE('House',$,(IFCLABEL('GEN')),$);
#593=IFCPROPERTYSET('3sLm$tx$qTFe7vDcNCmNBX',#6,'OPS_ActivityCodes',$,(#592));
#594=IFCRELDEFINESBYPROPERTIES('39Fs$MIP2q7PRsKo$0EWjS',#6,$,$,(#55),#593);
#595=IFCPROPERTYENUMERATEDVALUE('House',$,(IFCLABEL('GEN')),$);
#596=IFCPROPERTYSET('3sNi$aXW2mkzsb5uSmm8m6',#6,'OPS_ActivityCodes',$,(#595));
#597=IFCRELDEFINESBYPROPERTIES('1MO2X_wyUrYjyumgMt7Zyc',#6,$,$,(#57),#596);
#598=IFCPROPERTYENUMERATEDVALUE('House',$,(IFCLABEL('GEN')),$);
#599=IFCPROPERTYSET('1bbpmwRk9dQpGdqxFYVQuh',#6,'OPS_ActivityCodes',$,(#598));
#600=IFCRELDEFINESBYPROPERTIES('1gDVSdRvXb84taWP2yM0If',#6,$,$,(#59),#599);
#601=IFCPROPERTYSINGLEVALUE('Cost estimate',$,IFCMONETARYMEASURE(95000),$);
#602=IFCPROPERTYSET('1Xm9CzkJ2dncBasOrKPDxL',#6,'OPS_CustomFields',$,(#601));
#603=IFCRELDEFINESBYPROPERTIES('39aO3C3m7gI8Yg6eFHuzLj',#6,$,$,(#61),#602);
#604=IFCPROPERTYENUMERATEDVALUE('House',$,(IFCLABEL('GEN')),$);
#605=IFCPROPERTYSET('2YAH8MTOFMd4PQVGDsuch4',#6,'OPS_ActivityCodes',$,(#604));
#606=IFCRELDEFINESBYPROPERTIES('3lOgcKOv5lDjd1I3T8q4uj',#6,$,$,(#61),#605);
#607=IFCPROPERTYENUMERATEDVALUE('House',$,(IFCLABEL('GEN')),$);
#608=IFCPROPERTYSET('3ya62Puava$4WL0s9ZC9XP',#6,'OPS_ActivityCodes',$,(#607));
#609=IFCRELDEFINESBYPROPERTIES('00CXLgGflHJxpzbRnfsYUv',#6,$,$,(#63),#608);
#610=IFCPROPERTYENUMERATEDVALUE('House',$,(IFCLABEL('GEN')),$);
#611=IFCPROPERTYSET('3ntIriCjfS$LTgS9vUc8KY',#6,'OPS_ActivityCodes',$,(#610));
#612=IFCRELDEFINESBYPROPERTIES('02OSTu_TmkLTVsbfdHp0iT',#6,$,$,(#65),#611);
#613=IFCPROPERTYENUMERATEDVALUE('Discipline',$,(IFCLABEL('STR')),$);
#614=IFCPROPERTYSET('2m8durJAwkXoZuS694SX4l',#6,'OPS_ActivityCodes',$,(#613));
#615=IFCRELDEFINESBYPROPERTIES('0t$xsD6phJRRTBMqqzlheS',#6,$,$,(#67),#614);
#616=IFCPROPERTYENUMERATEDVALUE('House',$,(IFCLABEL('1')),$);
#617=IFCPROPERTYENUMERATEDVALUE('Discipline',$,(IFCLABEL('STR')),$);
#618=IFCPROPERTYSET('2trekOEVdMxdJhAfpiWszN',#6,'OPS_ActivityCodes',$,(#616,#617));
#619=IFCRELDEFINESBYPROPERTIES('1pVWGQlgqikFAUTD5FBGSI',#6,$,$,(#69),#618);
#620=IFCPROPERTYENUMERATEDVALUE('House',$,(IFCLABEL('1')),$);
#621=IFCPROPERTYENUMERATEDVALUE('Discipline',$,(IFCLABEL('STR')),$);
#622=IFCPROPERTYSET('2FoX07WYFtw7sPQgottFaq',#6,'OPS_ActivityCodes',$,(#620,#621));
#623=IFCRELDEFINESBYPROPERTIES('3w006kPRCdOjJLuIraF0UF',#6,$,$,(#71),#622);
#624=IFCPROPERTYENUMERATEDVALUE('House',$,(IFCLABEL('1')),$);
#625=IFCPROPERTYENUMERATEDVALUE('Discipline',$,(IFCLABEL('STR')),$);
#626=IFCPROPERTYSET('1ZMHI_FbPyokzV5BIhIFqm',#6,'OPS_ActivityCodes',$,(#624,#625));
#627=IFCRELDEFINESBYPROPERTIES('3UOZc0fKed0YgoguhsLuvn',#6,$,$,(#73),#626);
#628=IFCPROPERTYENUMERATEDVALUE('House',$,(IFCLABEL('1')),$);
#629=IFCPROPERTYENUMERATEDVALUE('Discipline',$,(IFCLABEL('STR')),$);
#630=IFCPROPERTYSET('3e5TmvJteOLsvNHI30rZhO',#6,'OPS_ActivityCodes',$,(#628,#629));
#631=IFCRELDEFINESBYPROPERTIES('2JzzqzRqa7Tn3HuHR23gDE',#6,$,$,(#75),#630);
#632=IFCPROPERTYENUMERATEDVALUE('House',$,(IFCLABEL('2')),$);
#633=IFCPROPERTYENUMERATEDVALUE('Discipline',$,(IFCLABEL('STR')),$);
#634=IFCPROPERTYSET('29XKShhVqUge50QIJHY5GM',#6,'OPS_ActivityCodes',$,(#632,#633));
#635=IFCRELDEFINESBYPROPERTIES('23sajZiye4j1mijjZ$bFqV',#6,$,$,(#77),#634);
#636=IFCPROPERTYENUMERATEDVALUE('House',$,(IFCLABEL('2')),$);
#637=IFCPROPERTYENUMERATEDVALUE('Discipline',$,(IFCLABEL('STR')),$);
#638=IFCPROPERTYSET('3EnxTJ3oEA6xgS74EAPe7d',#6,'OPS_ActivityCodes',$,(#636,#637));
#639=IFCRELDEFINESBYPROPERTIES('2uhRLgEp8s0z_00jQnUqvv',#6,$,$,(#79),#638);
#640=IFCPROPERTYENUMERATEDVALUE('House',$,(IFCLABEL('2')),$);
#641=IFCPROPERTYENUMERATEDVALUE('Discipline',$,(IFCLABEL('STR')),$);
#642=IFCPROPERTYSET('27OBcDuawHZqNDjF$9I5on',#6,'OPS_ActivityCodes',$,(#640,#641));
#643=IFCRELDEFINESBYPROPERTIES('1EBpzaZOPgo8rVagZveNy6',#6,$,$,(#81),#642);
#644=IFCPROPERTYENUMERATEDVALUE('House',$,(IFCLABEL('2')),$);
#645=IFCPROPERTYENUMERATEDVALUE('Discipline',$,(IFCLABEL('STR')),$);
#646=IFCPROPERTYSET('2ucZJkn7xz6FCPmj356On8',#6,'OPS_ActivityCodes',$,(#644,#645));
#647=IFCRELDEFINESBYPROPERTIES('3v9jFSH_1yjHq$fR07M0B9',#6,$,$,(#83),#646);
#648=IFCPROPERTYENUMERATEDVALUE('House',$,(IFCLABEL('3')),$);
#649=IFCPROPERTYENUMERATEDVALUE('Discipline',$,(IFCLABEL('STR')),$);
#650=IFCPROPERTYSET('0MEZFmEkaTni0ammFQ1zgc',#6,'OPS_ActivityCodes',$,(#648,#649));
#651=IFCRELDEFINESBYPROPERTIES('1bTYQRtntPQz3OuQisI_ag',#6,$,$,(#85),#650);
#652=IFCPROPERTYENUMERATEDVALUE('House',$,(IFCLABEL('3')),$);
#653=IFCPROPERTYENUMERATEDVALUE('Discipline',$,(IFCLABEL('STR')),$);
#654=IFCPROPERTYSET('1g2qD1lKulkaDPjEGZuyCO',#6,'OPS_ActivityCodes',$,(#652,#653));
#655=IFCRELDEFINESBYPROPERTIES('0vbMdQr_7JNpnEBmvBqbnY',#6,$,$,(#87),#654);
#656=IFCPROPERTYENUMERATEDVALUE('House',$,(IFCLABEL('3')),$);
#657=IFCPROPERTYENUMERATEDVALUE('Discipline',$,(IFCLABEL('STR')),$);
#658=IFCPROPERTYSET('2TrwkaLNo7ANCnEqSJ7g2_',#6,'OPS_ActivityCodes',$,(#656,#657));
#659=IFCRELDEFINESBYPROPERTIES('3tW0$Ulyn_zWNZcNjT6d3I',#6,$,$,(#89),#658);
#660=IFCPROPERTYENUMERATEDVALUE('House',$,(IFCLABEL('3')),$);
#661=IFCPROPERTYENUMERATEDVALUE('Discipline',$,(IFCLABEL('STR')),$);
#662=IFCPROPERTYSET('0ikroFR5rhcm5OklRxwngo',#6,'OPS_ActivityCodes',$,(#660,#661));
#663=IFCRELDEFINESBYPROPERTIES('15hotgWPAJ4liCWuLCo8aV',#6,$,$,(#91),#662);
#664=IFCPROPERTYENUMERATEDVALUE('House',$,(IFCLABEL('4')),$);
#665=IFCPROPERTYENUMERATEDVALUE('Discipline',$,(IFCLABEL('STR')),$);
#666=IFCPROPERTYSET('3hTeE53InBvrFOTNKhzdzD',#6,'OPS_ActivityCodes',$,(#664,#665));
#667=IFCRELDEFINESBYPROPERTIES('3prjoPrK7JiH_i0aHOHN2x',#6,$,$,(#93),#666);
#668=IFCPROPERTYENUMERATEDVALUE('House',$,(IFCLABEL('4')),$);
#669=IFCPROPERTYENUMERATEDVALUE('Discipline',$,(IFCLABEL('STR')),$);
#670=IFCPROPERTYSET('2KUeycuBKeIXiwmDcpFZSN',#6,'OPS_ActivityCodes',$,(#668,#669));
#671=IFCRELDEFINESBYPROPERTIES('3iekVoCGJ13zMlGQDHxW$q',#6,$,$,(#95),#670);
#672=IFCPROPERTYENUMERATEDVALUE('House',$,(IFCLABEL('4')),$);
#673=IFCPROPERTYENUMERATEDVALUE('Discipline',$,(IFCLABEL('STR')),$);
#674=IFCPROPERTYSET('0S$VMMTfNn7eq4yzQUVZl_',#6,'OPS_ActivityCodes',$,(#672,#673));
#675=IFCRELDEFINESBYPROPERTIES('2ACoULeQ0cZEiHX7BwgRfI',#6,$,$,(#97),#674);
#676=IFCPROPERTYENUMERATEDVALUE('House',$,(IFCLABEL('4')),$);
#677=IFCPROPERTYENUMERATEDVALUE('Discipline',$,(IFCLABEL('STR')),$);
#678=IFCPROPERTYSET('2lwaxtRJM8Fw_x1Iq2yb68',#6,'OPS_ActivityCodes',$,(#676,#677));
#679=IFCRELDEFINESBYPROPERTIES('3ZfbpjwoRb1DJ2zeyelpg$',#6,$,$,(#99),#678);
#680=IFCPROPERTYENUMERATEDVALUE('House',$,(IFCLABEL('5')),$);
#681=IFCPROPERTYENUMERATEDVALUE('Discipline',$,(IFCLABEL('STR')),$);
#682=IFCPROPERTYSET('2LK$ywpqJB8GVw$Tr9OdfY',#6,'OPS_ActivityCodes',$,(#680,#681));
#683=IFCRELDEFINESBYPROPERTIES('04fq$OUxHTc4pMyxRndt$e',#6,$,$,(#101),#682);
#684=IFCPROPERTYENUMERATEDVALUE('House',$,(IFCLABEL('5')),$);
#685=IFCPROPERTYENUMERATEDVALUE('Discipline',$,(IFCLABEL('STR')),$);
#686=IFCPROPERTYSET('1ZXCEa7IU8y$KavaO2iFzx',#6,'OPS_ActivityCodes',$,(#684,#685));
#687=IFCRELDEFINESBYPROPERTIES('0$tGHT3hKOckjdnGBwePVo',#6,$,$,(#103),#686);
#688=IFCPROPERTYENUMERATEDVALUE('House',$,(IFCLABEL('5')),$);
#689=IFCPROPERTYENUMERATEDVALUE('Discipline',$,(IFCLABEL('STR')),$);
#690=IFCPROPERTYSET('3gSBtjXgUS2cyOMXn_Nmac',#6,'OPS_ActivityCodes',$,(#688,#689));
#691=IFCRELDEFINESBYPROPERTIES('1IDt49V2g$9FMZTkVNBO2Y',#6,$,$,(#105),#690);
#692=IFCPROPERTYENUMERATEDVALUE('House',$,(IFCLABEL('5')),$);
#693=IFCPROPERTYENUMERATEDVALUE('Discipline',$,(IFCLABEL('STR')),$);
#694=IFCPROPERTYSET('1X7b1T9uLGG9PjLYa5lKdr',#6,'OPS_ActivityCodes',$,(#692,#693));
#695=IFCRELDEFINESBYPROPERTIES('2wV_a_soPnii5vCxp3iNP7',#6,$,$,(#107),#694);
#696=IFCPROPERTYENUMERATEDVALUE('House',$,(IFCLABEL('6')),$);
#697=IFCPROPERTYENUMERATEDVALUE('Discipline',$,(IFCLABEL('STR')),$);
#698=IFCPROPERTYSET('3Xo8Al4CtLJPZpYQpJTdhB',#6,'OPS_ActivityCodes',$,(#696,#697));
#699=IFCRELDEFINESBYPROPERTIES('0yvwbsDh3AUb0tOmNADA8G',#6,$,$,(#109),#698);
#700=IFCPROPERTYENUMERATEDVALUE('House',$,(IFCLABEL('6')),$);
#701=IFCPROPERTYENUMERATEDVALUE('Discipline',$,(IFCLABEL('STR')),$);
#702=IFCPROPERTYSET('2n91ksNjnKvsYL3fnmyu$k',#6,'OPS_ActivityCodes',$,(#700,#701));
#703=IFCRELDEFINESBYPROPERTIES('39_fnBOEsCVR9ThKF4$GPk',#6,$,$,(#111),#702);
#704=IFCPROPERTYENUMERATEDVALUE('House',$,(IFCLABEL('6')),$);
#705=IFCPROPERTYENUMERATEDVALUE('Discipline',$,(IFCLABEL('STR')),$);
#706=IFCPROPERTYSET('2QAzVx6p608E6F3r1a2AhJ',#6,'OPS_ActivityCodes',$,(#704,#705));
#707=IFCRELDEFINESBYPROPERTIES('334_thNFZXXIZ8mYlG0iXZ',#6,$,$,(#113),#706);
#708=IFCPROPERTYENUMERATEDVALUE('House',$,(IFCLABEL('6')),$);
#709=IFCPROPERTYENUMERATEDVALUE('Discipline',$,(IFCLABEL('STR')),$);
#710=IFCPROPERTYSET('3yWzkjh1kRvNtIrIpHnjXH',#6,'OPS_ActivityCodes',$,(#708,#709));
#711=IFCRELDEFINESBYPROPERTIES('3968r$SlUtXzJbydL54WSd',#6,$,$,(#115),#710);
#712=IFCPROPERTYENUMERATEDVALUE('House',$,(IFCLABEL('GEN')),$);
#713=IFCPROPERTYENUMERATEDVALUE('Discipline',$,(IFCLABEL('STR')),$);
#714=IFCPROPERTYSET('1qiHHdX_XG80CB832GqA9o',#6,'OPS_ActivityCodes',$,(#712,#713));
#715=IFCRELDEFINESBYPROPERTIES('08sPO$tVApryAwSHQJUdYQ',#6,$,$,(#117),#714);
#716=IFCPROPERTYENUMERATEDVALUE('Discipline',$,(IFCLABEL('MEP')),$);
#717=IFCPROPERTYSET('0x58KOlX$oRmcguhdIt9X1',#6,'OPS_ActivityCodes',$,(#716));
#718=IFCRELDEFINESBYPROPERTIES('16Sriwv6A0U50js6utQltx',#6,$,$,(#119),#717);
#719=IFCPROPERTYENUMERATEDVALUE('House',$,(IFCLABEL('1')),$);
#720=IFCPROPERTYENUMERATEDVALUE('Discipline',$,(IFCLABEL('MEP')),$);
#721=IFCPROPERTYSET('2qVlKIXmB0lmQPpkWBemuc',#6,'OPS_ActivityCodes',$,(#719,#720));
#722=IFCRELDEFINESBYPROPERTIES('1e2ObN_lH3IiU_VqGp83cz',#6,$,$,(#121),#721);
#723=IFCPROPERTYENUMERATEDVALUE('House',$,(IFCLABEL('1')),$);
#724=IFCPROPERTYENUMERATEDVALUE('Discipline',$,(IFCLABEL('MEP')),$);
#725=IFCPROPERTYSET('2JGyhIg95aR5ge18kmFGIB',#6,'OPS_ActivityCodes',$,(#723,#724));
#726=IFCRELDEFINESBYPROPERTIES('12oCe5nhQjrE_K7q1jpmZ5',#6,$,$,(#123),#725);
#727=IFCPROPERTYENUMERATEDVALUE('House',$,(IFCLABEL('1')),$);
#728=IFCPROPERTYENUMERATEDVALUE('Discipline',$,(IFCLABEL('MEP')),$);
#729=IFCPROPERTYSET('00jA7c0vkBKviZ$pi1irii',#6,'OPS_ActivityCodes',$,(#727,#728));
#730=IFCRELDEFINESBYPROPERTIES('1AdnlaE$CPXRZh_SYgSkIJ',#6,$,$,(#125),#729);
#731=IFCPROPERTYENUMERATEDVALUE('House',$,(IFCLABEL('2')),$);
#732=IFCPROPERTYENUMERATEDVALUE('Discipline',$,(IFCLABEL('MEP')),$);
#733=IFCPROPERTYSET('1$GIS3VLH08tcG5SS4Fpj_',#6,'OPS_ActivityCodes',$,(#731,#732));
#734=IFCRELDEFINESBYPROPERTIES('20R9OnirGWiMYj_lPq133R',#6,$,$,(#127),#733);
#735=IFCPROPERTYENUMERATEDVALUE('House',$,(IFCLABEL('2')),$);
#736=IFCPROPERTYENUMERATEDVALUE('Discipline',$,(IFCLABEL('MEP')),$);
#737=IFCPROPERTYSET('1SN4puDDaRmqkfnvUgoXwf',#6,'OPS_ActivityCodes',$,(#735,#736));
#738=IFCRELDEFINESBYPROPERTIES('3bR$gyyAheA017XEednBF7',#6,$,$,(#129),#737);
#739=IFCPROPERTYENUMERATEDVALUE('House',$,(IFCLABEL('2')),$);
#740=IFCPROPERTYENUMERATEDVALUE('Discipline',$,(IFCLABEL('MEP')),$);
#741=IFCPROPERTYSET('20K60dQtsRrvbprHfu1WEv',#6,'OPS_ActivityCodes',$,(#739,#740));
#742=IFCRELDEFINESBYPROPERTIES('3i8iueMh6ied1D2aQYnZBY',#6,$,$,(#131),#741);
#743=IFCPROPERTYENUMERATEDVALUE('House',$,(IFCLABEL('3')),$);
#744=IFCPROPERTYENUMERATEDVALUE('Discipline',$,(IFCLABEL('MEP')),$);
#745=IFCPROPERTYSET('1TIEkAH4iXEJ32CSOWD0Cw',#6,'OPS_ActivityCodes',$,(#743,#744));
#746=IFCRELDEFINESBYPROPERTIES('1xxArXguXDKn1vy7eSOdwg',#6,$,$,(#133),#745);
#747=IFCPROPERTYENUMERATEDVALUE('House',$,(IFCLABEL('3')),$);
#748=IFCPROPERTYENUMERATEDVALUE('Discipline',$,(IFCLABEL('MEP')),$);
#749=IFCPROPERTYSET('10Eo2izg7vLVNsyaejJq2y',#6,'OPS_ActivityCodes',$,(#747,#748));
#750=IFCRELDEFINESBYPROPERTIES('1LDCZFWK$ghapYHpByzu0s',#6,$,$,(#135),#749);
#751=IFCPROPERTYENUMERATEDVALUE('House',$,(IFCLABEL('3')),$);
#752=IFCPROPERTYENUMERATEDVALUE('Discipline',$,(IFCLABEL('MEP')),$);
#753=IFCPROPERTYSET('1Wk6J6MUsCfin9Tcqrtpe1',#6,'OPS_ActivityCodes',$,(#751,#752));
#754=IFCRELDEFINESBYPROPERTIES('3qPnMbBHruwTFZWDCWkntl',#6,$,$,(#137),#753);
#755=IFCPROPERTYENUMERATEDVALUE('House',$,(IFCLABEL('4')),$);
#756=IFCPROPERTYENUMERATEDVALUE('Discipline',$,(IFCLABEL('MEP')),$);
#757=IFCPROPERTYSET('0pe2apmO3xLobCPAWNxVKZ',#6,'OPS_ActivityCodes',$,(#755,#756));
#758=IFCRELDEFINESBYPROPERTIES('1w0_n0feDdnEBLoqL3tCng',#6,$,$,(#139),#757);
#759=IFCPROPERTYENUMERATEDVALUE('House',$,(IFCLABEL('4')),$);
#760=IFCPROPERTYENUMERATEDVALUE('Discipline',$,(IFCLABEL('MEP')),$);
#761=IFCPROPERTYSET('0PNZY6n8Fq02CrT0EjJX6N',#6,'OPS_ActivityCodes',$,(#759,#760));
#762=IFCRELDEFINESBYPROPERTIES('2m02Y27LGeGNzRlJu5D6Nk',#6,$,$,(#141),#761);
#763=IFCPROPERTYENUMERATEDVALUE('House',$,(IFCLABEL('4')),$);
#764=IFCPROPERTYENUMERATEDVALUE('Discipline',$,(IFCLABEL('MEP')),$);
#765=IFCPROPERTYSET('1BbtIKLY6vUYZIK6FW0ZmU',#6,'OPS_ActivityCodes',$,(#763,#764));
#766=IFCRELDEFINESBYPROPERTIES('1pVOfUaDxwzhe1xAIU60YJ',#6,$,$,(#143),#765);
#767=IFCPROPERTYENUMERATEDVALUE('House',$,(IFCLABEL('5')),$);
#768=IFCPROPERTYENUMERATEDVALUE('Discipline',$,(IFCLABEL('MEP')),$);
#769=IFCPROPERTYSET('1Rr9XrIzlRMbzX0fxlBFY_',#6,'OPS_ActivityCodes',$,(#767,#768));
#770=IFCRELDEFINESBYPROPERTIES('38EtmIxLdB7THBZtwbSf3X',#6,$,$,(#145),#769);
#771=IFCPROPERTYENUMERATEDVALUE('House',$,(IFCLABEL('5')),$);
#772=IFCPROPERTYENUMERATEDVALUE('Discipline',$,(IFCLABEL('MEP')),$);
#773=IFCPROPERTYSET('1m4zl3WgdqwT4TLoDcqlOq',#6,'OPS_ActivityCodes',$,(#771,#772));
#774=IFCRELDEFINESBYPROPERTIES('2z9KPgV49MTjHm9QmPFN2y',#6,$,$,(#147),#773);
#775=IFCPROPERTYENUMERATEDVALUE('House',$,(IFCLABEL('5')),$);
#776=IFCPROPERTYENUMERATEDVALUE('Discipline',$,(IFCLABEL('MEP')),$);
#777=IFCPROPERTYSET('2jQe79kcvGwBb_A3DsSmSN',#6,'OPS_ActivityCodes',$,(#775,#776));
#778=IFCRELDEFINESBYPROPERTIES('2Wodwqc$Sa1z6pd7pk8nA7',#6,$,$,(#149),#777);
#779=IFCPROPERTYENUMERATEDVALUE('House',$,(IFCLABEL('6')),$);
#780=IFCPROPERTYENUMERATEDVALUE('Discipline',$,(IFCLABEL('MEP')),$);
#781=IFCPROPERTYSET('0zLDK$C5DSedf6V1KEhT_q',#6,'OPS_ActivityCodes',$,(#779,#780));
#782=IFCRELDEFINESBYPROPERTIES('2DSLh$rkLB4z_gL5WJ$qH6',#6,$,$,(#151),#781);
#783=IFCPROPERTYENUMERATEDVALUE('House',$,(IFCLABEL('6')),$);
#784=IFCPROPERTYENUMERATEDVALUE('Discipline',$,(IFCLABEL('MEP')),$);
#785=IFCPROPERTYSET('2Kz1XO0aTWX7TXrIi16wy0',#6,'OPS_ActivityCodes',$,(#783,#784));
#786=IFCRELDEFINESBYPROPERTIES('1gaCo0zuXFGEyP7uG5hf5$',#6,$,$,(#153),#785);
#787=IFCPROPERTYENUMERATEDVALUE('House',$,(IFCLABEL('6')),$);
#788=IFCPROPERTYENUMERATEDVALUE('Discipline',$,(IFCLABEL('MEP')),$);
#789=IFCPROPERTYSET('1qbE$RHPzarOUhknG$527O',#6,'OPS_ActivityCodes',$,(#787,#788));
#790=IFCRELDEFINESBYPROPERTIES('2XfR08J3AbcYseoWUreS$K',#6,$,$,(#155),#789);
#791=IFCPROPERTYENUMERATEDVALUE('Discipline',$,(IFCLABEL('FIT')),$);
#792=IFCPROPERTYSET('1yLCiDrlQ_udJ67XhMUhSg',#6,'OPS_ActivityCodes',$,(#791));
#793=IFCRELDEFINESBYPROPERTIES('14_JUTTzFTwSClj7LWAkQp',#6,$,$,(#157),#792);
#794=IFCPROPERTYENUMERATEDVALUE('House',$,(IFCLABEL('1')),$);
#795=IFCPROPERTYENUMERATEDVALUE('Discipline',$,(IFCLABEL('FIT')),$);
#796=IFCPROPERTYSET('1c$Qhz5R1v2I95Fb1h5h$3',#6,'OPS_ActivityCodes',$,(#794,#795));
#797=IFCRELDEFINESBYPROPERTIES('0sg7xEbAB_itnHTgztocLz',#6,$,$,(#159),#796);
#798=IFCPROPERTYENUMERATEDVALUE('House',$,(IFCLABEL('1')),$);
#799=IFCPROPERTYENUMERATEDVALUE('Discipline',$,(IFCLABEL('FIT')),$);
#800=IFCPROPERTYSET('1OeV3xMplRX4nOSMXG7AO0',#6,'OPS_ActivityCodes',$,(#798,#799));
#801=IFCRELDEFINESBYPROPERTIES('0V0hHIVo6u7xolDs$V_IaJ',#6,$,$,(#161),#800);
#802=IFCPROPERTYENUMERATEDVALUE('House',$,(IFCLABEL('1')),$);
#803=IFCPROPERTYENUMERATEDVALUE('Discipline',$,(IFCLABEL('FIT')),$);
#804=IFCPROPERTYSET('3Ul5ib2lEf_1eU9kkVofZC',#6,'OPS_ActivityCodes',$,(#802,#803));
#805=IFCRELDEFINESBYPROPERTIES('3PmVNnuYqGj6wBC36DIeYh',#6,$,$,(#163),#804);
#806=IFCPROPERTYENUMERATEDVALUE('House',$,(IFCLABEL('1')),$);
#807=IFCPROPERTYENUMERATEDVALUE('Discipline',$,(IFCLABEL('FIT')),$);
#808=IFCPROPERTYSET('229LMJ8JrJJsm2z6C24Iw9',#6,'OPS_ActivityCodes',$,(#806,#807));
#809=IFCRELDEFINESBYPROPERTIES('211hSZaYY_WTyF3X3_wWNh',#6,$,$,(#165),#808);
#810=IFCPROPERTYENUMERATEDVALUE('House',$,(IFCLABEL('2')),$);
#811=IFCPROPERTYENUMERATEDVALUE('Discipline',$,(IFCLABEL('FIT')),$);
#812=IFCPROPERTYSET('08FmN1oXevx7q3KytGTI_r',#6,'OPS_ActivityCodes',$,(#810,#811));
#813=IFCRELDEFINESBYPROPERTIES('3$a5Gvcu_2ZPgStvoIUNIi',#6,$,$,(#167),#812);
#814=IFCPROPERTYENUMERATEDVALUE('House',$,(IFCLABEL('2')),$);
#815=IFCPROPERTYENUMERATEDVALUE('Discipline',$,(IFCLABEL('FIT')),$);
#816=IFCPROPERTYSET('3Sv6lO85PVEXcj7ORXcUQS',#6,'OPS_ActivityCodes',$,(#814,#815));
#817=IFCRELDEFINESBYPROPERTIES('0JhYt3jpO$RMZBArFZTsN$',#6,$,$,(#169),#816);
#818=IFCPROPERTYENUMERATEDVALUE('House',$,(IFCLABEL('2')),$);
#819=IFCPROPERTYENUMERATEDVALUE('Discipline',$,(IFCLABEL('FIT')),$);
#820=IFCPROPERTYSET('2zCqa_fBUZBwDdw2ZpWvBe',#6,'OPS_ActivityCodes',$,(#818,#819));
#821=IFCRELDEFINESBYPROPERTIES('2SmsvfuUUMDUH0zMVyPflX',#6,$,$,(#171),#820);
#822=IFCPROPERTYENUMERATEDVALUE('House',$,(IFCLABEL('2')),$);
#823=IFCPROPERTYENUMERATEDVALUE('Discipline',$,(IFCLABEL('FIT')),$);
#824=IFCPROPERTYSET('2GmSI37ANMve5C3PYQ3aUE',#6,'OPS_ActivityCodes',$,(#822,#823));
#825=IFCRELDEFINESBYPROPERTIES('2sFxmBMERgaBatqNRwdatT',#6,$,$,(#173),#824);
#826=IFCPROPERTYENUMERATEDVALUE('House',$,(IFCLABEL('3')),$);
#827=IFCPROPERTYENUMERATEDVALUE('Discipline',$,(IFCLABEL('FIT')),$);
#828=IFCPROPERTYSET('2Rm6inJBbRbeANO6zzqRvu',#6,'OPS_ActivityCodes',$,(#826,#827));
#829=IFCRELDEFINESBYPROPERTIES('1PnMHvgeOm_E6JQ0uN8cBN',#6,$,$,(#175),#828);
#830=IFCPROPERTYENUMERATEDVALUE('House',$,(IFCLABEL('3')),$);
#831=IFCPROPERTYENUMERATEDVALUE('Discipline',$,(IFCLABEL('FIT')),$);
#832=IFCPROPERTYSET('3OXPyxLJiWNlRnMn4JA_6F',#6,'OPS_ActivityCodes',$,(#830,#831));
#833=IFCRELDEFINESBYPROPERTIES('2TCEm7PIVUH9XLsi1hWP63',#6,$,$,(#177),#832);
#834=IFCPROPERTYENUMERATEDVALUE('House',$,(IFCLABEL('3')),$);
#835=IFCPROPERTYENUMERATEDVALUE('Discipline',$,(IFCLABEL('FIT')),$);
#836=IFCPROPERTYSET('2Xsx2p5WOw_OOTtBUfy4yv',#6,'OPS_ActivityCodes',$,(#834,#835));
#837=IFCRELDEFINESBYPROPERTIES('0XMx0T8K99eFdwpZ0mNx2K',#6,$,$,(#179),#836);
#838=IFCPROPERTYENUMERATEDVALUE('House',$,(IFCLABEL('3')),$);
#839=IFCPROPERTYENUMERATEDVALUE('Discipline',$,(IFCLABEL('FIT')),$);
#840=IFCPROPERTYSET('0xV9aZRj4y1wZ$bcj3m1r5',#6,'OPS_ActivityCodes',$,(#838,#839));
#841=IFCRELDEFINESBYPROPERTIES('2BhsP3_db27CbxS$Vu19TH',#6,$,$,(#181),#840);
#842=IFCPROPERTYENUMERATEDVALUE('House',$,(IFCLABEL('4')),$);
#843=IFCPROPERTYENUMERATEDVALUE('Discipline',$,(IFCLABEL('FIT')),$);
#844=IFCPROPERTYSET('2f0gXUicuNspWCcf7Smkzs',#6,'OPS_ActivityCodes',$,(#842,#843));
#845=IFCRELDEFINESBYPROPERTIES('2QSWfy_mLh1I2knXdCL51j',#6,$,$,(#183),#844);
#846=IFCPROPERTYENUMERATEDVALUE('House',$,(IFCLABEL('4')),$);
#847=IFCPROPERTYENUMERATEDVALUE('Discipline',$,(IFCLABEL('FIT')),$);
#848=IFCPROPERTYSET('0vtaX7n46Cdh7frJOJ4aLk',#6,'OPS_ActivityCodes',$,(#846,#847));
#849=IFCRELDEFINESBYPROPERTIES('0SFKKg1Q_WIb$h6$taoFI4',#6,$,$,(#185),#848);
#850=IFCPROPERTYENUMERATEDVALUE('House',$,(IFCLABEL('4')),$);
#851=IFCPROPERTYENUMERATEDVALUE('Discipline',$,(IFCLABEL('FIT')),$);
#852=IFCPROPERTYSET('10YWT8AblFD7xMif9hB9M4',#6,'OPS_ActivityCodes',$,(#850,#851));
#853=IFCRELDEFINESBYPROPERTIES('3Y2XPFCqbPmS3FOYGc0xdY',#6,$,$,(#187),#852);
#854=IFCPROPERTYENUMERATEDVALUE('House',$,(IFCLABEL('4')),$);
#855=IFCPROPERTYENUMERATEDVALUE('Discipline',$,(IFCLABEL('FIT')),$);
#856=IFCPROPERTYSET('1buZwvSstLHMs1ISKN7wK4',#6,'OPS_ActivityCodes',$,(#854,#855));
#857=IFCRELDEFINESBYPROPERTIES('0YzsmaJT1Xj6XJlZLxUoH8',#6,$,$,(#189),#856);
#858=IFCPROPERTYENUMERATEDVALUE('House',$,(IFCLABEL('5')),$);
#859=IFCPROPERTYENUMERATEDVALUE('Discipline',$,(IFCLABEL('FIT')),$);
#860=IFCPROPERTYSET('0pb4VbR_mFe32Tz9rPdjYB',#6,'OPS_ActivityCodes',$,(#858,#859));
#861=IFCRELDEFINESBYPROPERTIES('3j6IoJFm$qutu99SVvp5gi',#6,$,$,(#191),#860);
#862=IFCPROPERTYENUMERATEDVALUE('House',$,(IFCLABEL('5')),$);
#863=IFCPROPERTYENUMERATEDVALUE('Discipline',$,(IFCLABEL('FIT')),$);
#864=IFCPROPERTYSET('0y1IgCgJGmDpIb2f2OEKF$',#6,'OPS_ActivityCodes',$,(#862,#863));
#865=IFCRELDEFINESBYPROPERTIES('1ZRtuy0rdPKiTP3LwOXEf0',#6,$,$,(#193),#864);
#866=IFCPROPERTYENUMERATEDVALUE('House',$,(IFCLABEL('5')),$);
#867=IFCPROPERTYENUMERATEDVALUE('Discipline',$,(IFCLABEL('FIT')),$);
#868=IFCPROPERTYSET('23aK83Y2nQp0tQYiB8Z2ql',#6,'OPS_ActivityCodes',$,(#866,#867));
#869=IFCRELDEFINESBYPROPERTIES('3_08RpZsi1Iu9XVhpLmpd0',#6,$,$,(#195),#868);
#870=IFCPROPERTYENUMERATEDVALUE('House',$,(IFCLABEL('5')),$);
#871=IFCPROPERTYENUMERATEDVALUE('Discipline',$,(IFCLABEL('FIT')),$);
#872=IFCPROPERTYSET('3lNE2sgsDl$HNva8ULYL95',#6,'OPS_ActivityCodes',$,(#870,#871));
#873=IFCRELDEFINESBYPROPERTIES('2P_f9OytakYsy4LJgCNmNw',#6,$,$,(#197),#872);
#874=IFCPROPERTYENUMERATEDVALUE('House',$,(IFCLABEL('6')),$);
#875=IFCPROPERTYENUMERATEDVALUE('Discipline',$,(IFCLABEL('FIT')),$);
#876=IFCPROPERTYSET('1FuDbUvrrMinqlfjdsG0y7',#6,'OPS_ActivityCodes',$,(#874,#875));
#877=IFCRELDEFINESBYPROPERTIES('12ONhqa6YcnDWsdjDkeolH',#6,$,$,(#199),#876);
#878=IFCPROPERTYENUMERATEDVALUE('House',$,(IFCLABEL('6')),$);
#879=IFCPROPERTYENUMERATEDVALUE('Discipline',$,(IFCLABEL('FIT')),$);
#880=IFCPROPERTYSET('01Mz3Dsh496qPZPw9n42pV',#6,'OPS_ActivityCodes',$,(#878,#879));
#881=IFCRELDEFINESBYPROPERTIES('0_U_NdJFBOkKADHHCIB$bj',#6,$,$,(#201),#880);
#882=IFCPROPERTYENUMERATEDVALUE('House',$,(IFCLABEL('6')),$);
#883=IFCPROPERTYENUMERATEDVALUE('Discipline',$,(IFCLABEL('FIT')),$);
#884=IFCPROPERTYSET('2eF26xyeBiy1WBPN9tFZV1',#6,'OPS_ActivityCodes',$,(#882,#883));
#885=IFCRELDEFINESBYPROPERTIES('2pNtA4hlkG6d$jHxWCQgec',#6,$,$,(#203),#884);
#886=IFCPROPERTYENUMERATEDVALUE('House',$,(IFCLABEL('6')),$);
#887=IFCPROPERTYENUMERATEDVALUE('Discipline',$,(IFCLABEL('FIT')),$);
#888=IFCPROPERTYSET('0hIMk9yZrVUrRVqQG41GIH',#6,'OPS_ActivityCodes',$,(#886,#887));
#889=IFCRELDEFINESBYPROPERTIES('0$3W3fZVn06hrFfs1baIJi',#6,$,$,(#205),#888);
#890=IFCPROPERTYENUMERATEDVALUE('House',$,(IFCLABEL('GEN')),$);
#891=IFCPROPERTYSET('33djQC4$$4bWpNNknbOA1a',#6,'OPS_ActivityCodes',$,(#890));
#892=IFCRELDEFINESBYPROPERTIES('1mFIlrtRNIWxtHy0Rc1h8R',#6,$,$,(#207),#891);
#893=IFCPROPERTYENUMERATEDVALUE('House',$,(IFCLABEL('1')),$);
#894=IFCPROPERTYSET('3uyBNVCUPndr6GUsZF$mcu',#6,'OPS_ActivityCodes',$,(#893));
#895=IFCRELDEFINESBYPROPERTIES('212$bQE0q8X6JKrd8cidcn',#6,$,$,(#209),#894);
#896=IFCPROPERTYENUMERATEDVALUE('House',$,(IFCLABEL('2')),$);
#897=IFCPROPERTYSET('0axXOEumA_hnVMR_tyZMah',#6,'OPS_ActivityCodes',$,(#896));
#898=IFCRELDEFINESBYPROPERTIES('3WDlkNUaF9mNcGieJ00UiJ',#6,$,$,(#211),#897);
#899=IFCPROPERTYENUMERATEDVALUE('House',$,(IFCLABEL('3')),$);
#900=IFCPROPERTYSET('29X0JqlT_GvQ_t8XIvL4rq',#6,'OPS_ActivityCodes',$,(#899));
#901=IFCRELDEFINESBYPROPERTIES('3VTUcHYeDzRZVAzRjWBACa',#6,$,$,(#213),#900);
#902=IFCPROPERTYENUMERATEDVALUE('House',$,(IFCLABEL('4')),$);
#903=IFCPROPERTYSET('31$OJtqityMvbx$aH4rcVt',#6,'OPS_ActivityCodes',$,(#902));
#904=IFCRELDEFINESBYPROPERTIES('1lmVXPJm4lpo4J_4BB3j13',#6,$,$,(#215),#903);
#905=IFCPROPERTYENUMERATEDVALUE('House',$,(IFCLABEL('5')),$);
#906=IFCPROPERTYSET('0QzPbBv0PrYdS8Q0e7vJnx',#6,'OPS_ActivityCodes',$,(#905));
#907=IFCRELDEFINESBYPROPERTIES('3iPkCGcFLqC_GxqAa20pbv',#6,$,$,(#217),#906);
#908=IFCPROPERTYENUMERATEDVALUE('House',$,(IFCLABEL('6')),$);
#909=IFCPROPERTYSET('0ooFIDIQMcEB9vcdOfkw9y',#6,'OPS_ActivityCodes',$,(#908));
#910=IFCRELDEFINESBYPROPERTIES('2Q_r32WL1NTb7CAmtaLkrA',#6,$,$,(#219),#909);
#911=IFCPROPERTYENUMERATEDVALUE('House',$,(IFCLABEL('GEN')),$);
#912=IFCPROPERTYSET('1Znt3B8BXDseVIAd88NVJh',#6,'OPS_ActivityCodes',$,(#911));
#913=IFCRELDEFINESBYPROPERTIES('1skDxZBwFZvn2_rUb7dmu9',#6,$,$,(#221),#912);
#914=IFCPROPERTYSINGLEVALUE('InternalTaskId',$,IFCTEXT('task-mula7vm8hf1x92'),$);
#915=IFCPROPERTYSET('2gyle_VMrYQrkFb6$Pi9fW',#6,'OPS_TaskIdentity',$,(#914));
#916=IFCRELDEFINESBYPROPERTIES('1Sm03KUEyjJDkApvurAQbj',#6,$,$,(#45),#915);
#917=IFCPROPERTYSINGLEVALUE('InternalTaskId',$,IFCTEXT('task-mula7vmdpe3o93'),$);
#918=IFCPROPERTYSET('2we34_q1lqOlIs2oeoWkrS',#6,'OPS_TaskIdentity',$,(#917));
#919=IFCRELDEFINESBYPROPERTIES('1Fcio9vdkcpz8kG83XhBkd',#6,$,$,(#47),#918);
#920=IFCPROPERTYSINGLEVALUE('InternalTaskId',$,IFCTEXT('task-mula7vmi6jz594'),$);
#921=IFCPROPERTYSET('3my8joB83gqA7bB3jKA0w2',#6,'OPS_TaskIdentity',$,(#920));
#922=IFCRELDEFINESBYPROPERTIES('2szRY_UrC63buOPKvUvqw3',#6,$,$,(#49),#921);
#923=IFCPROPERTYSINGLEVALUE('InternalTaskId',$,IFCTEXT('task-mula7vmnon5f95'),$);
#924=IFCPROPERTYSET('15PKQlwmfm_wRHwwVvchFz',#6,'OPS_TaskIdentity',$,(#923));
#925=IFCRELDEFINESBYPROPERTIES('1WMrc$OJ9MqpqxeFoPaveG',#6,$,$,(#51),#924);
#926=IFCPROPERTYSINGLEVALUE('InternalTaskId',$,IFCTEXT('task-mula7vmsjwdg96'),$);
#927=IFCPROPERTYSET('055yRO3x7aZKiWXqH5z57k',#6,'OPS_TaskIdentity',$,(#926));
#928=IFCRELDEFINESBYPROPERTIES('3f6V6ko56J4hRaQ94jJKfb',#6,$,$,(#53),#927);
#929=IFCPROPERTYSINGLEVALUE('InternalTaskId',$,IFCTEXT('task-mula7vmx93cb97'),$);
#930=IFCPROPERTYSET('0AF7Uf5NxGVzOwnOXsdziA',#6,'OPS_TaskIdentity',$,(#929));
#931=IFCRELDEFINESBYPROPERTIES('0ZDN6FNpdwVhipPion_QS9',#6,$,$,(#55),#930);
#932=IFCPROPERTYSINGLEVALUE('InternalTaskId',$,IFCTEXT('task-mula7vn2jl7g98'),$);
#933=IFCPROPERTYSET('15ZhK6RDxOXyzOQRNwo6hw',#6,'OPS_TaskIdentity',$,(#932));
#934=IFCRELDEFINESBYPROPERTIES('1m_7zHBy2jr3Qv_qsb8o50',#6,$,$,(#57),#933);
#935=IFCPROPERTYSINGLEVALUE('InternalTaskId',$,IFCTEXT('task-mula7vn8d2yr99'),$);
#936=IFCPROPERTYSET('3kTPuMBqCoSixebfQh2b7B',#6,'OPS_TaskIdentity',$,(#935));
#937=IFCRELDEFINESBYPROPERTIES('3ZFlfKSwpFykhTeAfs4MxL',#6,$,$,(#59),#936);
#938=IFCPROPERTYSINGLEVALUE('InternalTaskId',$,IFCTEXT('task-mula7vnde6ph100'),$);
#939=IFCPROPERTYSET('0E3Z8nn0zS9pJkKpboVu08',#6,'OPS_TaskIdentity',$,(#938));
#940=IFCRELDEFINESBYPROPERTIES('17pScq9M0GJebF$dShOP2l',#6,$,$,(#61),#939);
#941=IFCPROPERTYSINGLEVALUE('InternalTaskId',$,IFCTEXT('task-mula7vnkefdb101'),$);
#942=IFCPROPERTYSET('3BmjjcOS9GfgHaryLmNjAj',#6,'OPS_TaskIdentity',$,(#941));
#943=IFCRELDEFINESBYPROPERTIES('2CXb5VqTysYI4obDP0t9Ds',#6,$,$,(#63),#942);
#944=IFCPROPERTYSINGLEVALUE('InternalTaskId',$,IFCTEXT('task-mula7vnp9adn102'),$);
#945=IFCPROPERTYSET('30C$Hr1BdJh0XmMxg8Df4R',#6,'OPS_TaskIdentity',$,(#944));
#946=IFCRELDEFINESBYPROPERTIES('0oMx8ZHtGZjdau64XkvVIu',#6,$,$,(#65),#945);
#947=IFCPROPERTYSINGLEVALUE('InternalTaskId',$,IFCTEXT('task-mula7vnv5lh1103'),$);
#948=IFCPROPERTYSET('3_9KuDZmFOTbovrLCvFvRP',#6,'OPS_TaskIdentity',$,(#947));
#949=IFCRELDEFINESBYPROPERTIES('12NV6xBUp5F0_AkT5Hq8_W',#6,$,$,(#67),#948);
#950=IFCPROPERTYSINGLEVALUE('InternalTaskId',$,IFCTEXT('task-mula7vo05g2g104'),$);
#951=IFCPROPERTYSET('00vrYqS9Eg0LqaqajnSb_2',#6,'OPS_TaskIdentity',$,(#950));
#952=IFCRELDEFINESBYPROPERTIES('05BAoCN5qb08zuPfy9vnkw',#6,$,$,(#69),#951);
#953=IFCPROPERTYSINGLEVALUE('InternalTaskId',$,IFCTEXT('task-mula7vo80pfc105'),$);
#954=IFCPROPERTYSET('3IXw0UJITum6PtahdBMc_Q',#6,'OPS_TaskIdentity',$,(#953));
#955=IFCRELDEFINESBYPROPERTIES('3XXUVvGCaG5LeItwgBhMrt',#6,$,$,(#71),#954);
#956=IFCPROPERTYSINGLEVALUE('InternalTaskId',$,IFCTEXT('task-mula7vogulql106'),$);
#957=IFCPROPERTYSET('1XdQBZ69tx0K3t0mG9aDJt',#6,'OPS_TaskIdentity',$,(#956));
#958=IFCRELDEFINESBYPROPERTIES('0vfNy15T0kwZpH_BF5GXZ6',#6,$,$,(#73),#957);
#959=IFCPROPERTYSINGLEVALUE('InternalTaskId',$,IFCTEXT('task-mula7voprt95107'),$);
#960=IFCPROPERTYSET('2Wxxi7FvgIPhEKZvBH1juO',#6,'OPS_TaskIdentity',$,(#959));
#961=IFCRELDEFINESBYPROPERTIES('0IiRV4tvc2Tne35ILug1vb',#6,$,$,(#75),#960);
#962=IFCPROPERTYSINGLEVALUE('InternalTaskId',$,IFCTEXT('task-mula7voxyruf108'),$);
#963=IFCPROPERTYSET('1fKSRW7cvqKeIrMwaLo84M',#6,'OPS_TaskIdentity',$,(#962));
#964=IFCRELDEFINESBYPROPERTIES('1H$gRWaFW1nqOkhTrEgJA7',#6,$,$,(#77),#963);
#965=IFCPROPERTYSINGLEVALUE('InternalTaskId',$,IFCTEXT('task-mula7vp6p19s109'),$);
#966=IFCPROPERTYSET('3YFUqEXXVthYxvrJ_Ip8r6',#6,'OPS_TaskIdentity',$,(#965));
#967=IFCRELDEFINESBYPROPERTIES('0ahzq1xvaI_7hCu0tvYyZK',#6,$,$,(#79),#966);
#968=IFCPROPERTYSINGLEVALUE('InternalTaskId',$,IFCTEXT('task-mula7vpfe1sw110'),$);
#969=IFCPROPERTYSET('0m4bpNRJLyeiuGZifzXdMH',#6,'OPS_TaskIdentity',$,(#968));
#970=IFCRELDEFINESBYPROPERTIES('3uYn3Q73ICvumCXGYxQ3eU',#6,$,$,(#81),#969);
#971=IFCPROPERTYSINGLEVALUE('InternalTaskId',$,IFCTEXT('task-mula7vpoxwp5111'),$);
#972=IFCPROPERTYSET('0M8GxuoroLDHIMUpSSCyM$',#6,'OPS_TaskIdentity',$,(#971));
#973=IFCRELDEFINESBYPROPERTIES('1FHOskWP7yeexXkwBe9gi3',#6,$,$,(#83),#972);
#974=IFCPROPERTYSINGLEVALUE('InternalTaskId',$,IFCTEXT('task-mula7vpyivrp112'),$);
#975=IFCPROPERTYSET('08r7$1izfQMOGjsaLDhJ9A',#6,'OPS_TaskIdentity',$,(#974));
#976=IFCRELDEFINESBYPROPERTIES('1UyktnRTgHDjb4Ex$QGE5b',#6,$,$,(#85),#975);
#977=IFCPROPERTYSINGLEVALUE('InternalTaskId',$,IFCTEXT('task-mula7vq7sple113'),$);
#978=IFCPROPERTYSET('1lhSDtDcV_a_iPpUKPos9f',#6,'OPS_TaskIdentity',$,(#977));
#979=IFCRELDEFINESBYPROPERTIES('1lQC_59uMHoV7dd_Th0EJt',#6,$,$,(#87),#978);
#980=IFCPROPERTYSINGLEVALUE('InternalTaskId',$,IFCTEXT('task-mula7vqgywiz114'),$);
#981=IFCPROPERTYSET('3B0xSF4v0aSr8K1DbJdHJy',#6,'OPS_TaskIdentity',$,(#980));
#982=IFCRELDEFINESBYPROPERTIES('288ghALYlBIx5Ud_HkdRlM',#6,$,$,(#89),#981);
#983=IFCPROPERTYSINGLEVALUE('InternalTaskId',$,IFCTEXT('task-mula7vqnlx4c115'),$);
#984=IFCPROPERTYSET('2gXVU9PFJ$mgXQB5NM9Ytk',#6,'OPS_TaskIdentity',$,(#983));
#985=IFCRELDEFINESBYPROPERTIES('17QCW2NbrmETdqSA1E7S3h',#6,$,$,(#91),#984);
#986=IFCPROPERTYSINGLEVALUE('InternalTaskId',$,IFCTEXT('task-mula7vqvw5rk116'),$);
#987=IFCPROPERTYSET('0ZUlX6CBxhryx3vsiD52JL',#6,'OPS_TaskIdentity',$,(#986));
#988=IFCRELDEFINESBYPROPERTIES('3I_RbYFL5Ui5KB39JWyCfg',#6,$,$,(#93),#987);
#989=IFCPROPERTYSINGLEVALUE('InternalTaskId',$,IFCTEXT('task-mula7vr3vlu4119'),$);
#990=IFCPROPERTYSET('1y_E6DeDHG9HEL6skbx7k8',#6,'OPS_TaskIdentity',$,(#989));
#991=IFCRELDEFINESBYPROPERTIES('3UE4nTHi0_3P92i50uyjxu',#6,$,$,(#95),#990);
#992=IFCPROPERTYSINGLEVALUE('InternalTaskId',$,IFCTEXT('task-mula7vrbspri120'),$);
#993=IFCPROPERTYSET('23jx5nUQI_4DNA5yQHWwwm',#6,'OPS_TaskIdentity',$,(#992));
#994=IFCRELDEFINESBYPROPERTIES('1mI6oS9h_5nSE0Edb4AvDt',#6,$,$,(#97),#993);
#995=IFCPROPERTYSINGLEVALUE('InternalTaskId',$,IFCTEXT('task-mula7vrjy4d9121'),$);
#996=IFCPROPERTYSET('2nDNoUxQcbgWOYs2E10BeS',#6,'OPS_TaskIdentity',$,(#995));
#997=IFCRELDEFINESBYPROPERTIES('3JQHL3BWD4fa7loXGAo9bd',#6,$,$,(#99),#996);
#998=IFCPROPERTYSINGLEVALUE('InternalTaskId',$,IFCTEXT('task-mula7vrrlnr4122'),$);
#999=IFCPROPERTYSET('34B$hQAH8Onv_oKFy7qB9K',#6,'OPS_TaskIdentity',$,(#998));
#1000=IFCRELDEFINESBYPROPERTIES('3DS5vAaEkLUU6$eB$ILAU_',#6,$,$,(#101),#999);
#1001=IFCPROPERTYSINGLEVALUE('InternalTaskId',$,IFCTEXT('task-mula7vry7cg1123'),$);
#1002=IFCPROPERTYSET('1LjEHuOhN4$8fRdbTdR4I0',#6,'OPS_TaskIdentity',$,(#1001));
#1003=IFCRELDEFINESBYPROPERTIES('3doaAoAgZOrljdG5F5SYVN',#6,$,$,(#103),#1002);
#1004=IFCPROPERTYSINGLEVALUE('InternalTaskId',$,IFCTEXT('task-mula7vs6ldkv124'),$);
#1005=IFCPROPERTYSET('0Sq4ygIzyVCdUKV1pVHGkd',#6,'OPS_TaskIdentity',$,(#1004));
#1006=IFCRELDEFINESBYPROPERTIES('3mzwwT_BwsqUMOId1yTpOo',#6,$,$,(#105),#1005);
#1007=IFCPROPERTYSINGLEVALUE('InternalTaskId',$,IFCTEXT('task-mula7vsf1rgd125'),$);
#1008=IFCPROPERTYSET('209M1e99y6wgaqdTpeZK8S',#6,'OPS_TaskIdentity',$,(#1007));
#1009=IFCRELDEFINESBYPROPERTIES('1Zj$XmZCYii_FEslfd2yxG',#6,$,$,(#107),#1008);
#1010=IFCPROPERTYSINGLEVALUE('InternalTaskId',$,IFCTEXT('task-mula7vsnx16a126'),$);
#1011=IFCPROPERTYSET('1$j8J74aT7TrmFf5JPrU$m',#6,'OPS_TaskIdentity',$,(#1010));
#1012=IFCRELDEFINESBYPROPERTIES('14eSOQS6zyGONR9AEnyjNv',#6,$,$,(#109),#1011);
#1013=IFCPROPERTYSINGLEVALUE('InternalTaskId',$,IFCTEXT('task-mula7vsv9ytn127'),$);
#1014=IFCPROPERTYSET('2tmejGTXi4NNYMdwNvEAC7',#6,'OPS_TaskIdentity',$,(#1013));
#1015=IFCRELDEFINESBYPROPERTIES('3muXJjo3mcomIEGR0a8kgh',#6,$,$,(#111),#1014);
#1016=IFCPROPERTYSINGLEVALUE('InternalTaskId',$,IFCTEXT('task-mula7vt2lnig128'),$);
#1017=IFCPROPERTYSET('3et6f531gm0zVRHq2i_M2H',#6,'OPS_TaskIdentity',$,(#1016));
#1018=IFCRELDEFINESBYPROPERTIES('1E5hAVzetSKG8$uVZinPh_',#6,$,$,(#113),#1017);
#1019=IFCPROPERTYSINGLEVALUE('InternalTaskId',$,IFCTEXT('task-mula7vtagsnk129'),$);
#1020=IFCPROPERTYSET('36H6ki65y09lFeW$VZ6aSG',#6,'OPS_TaskIdentity',$,(#1019));
#1021=IFCRELDEFINESBYPROPERTIES('0WpfArbXM2Y87PEZ_jrrph',#6,$,$,(#115),#1020);
#1022=IFCPROPERTYSINGLEVALUE('InternalTaskId',$,IFCTEXT('task-mula7vti2291130'),$);
#1023=IFCPROPERTYSET('1Aq5VmdqcI723i$ahLzmQM',#6,'OPS_TaskIdentity',$,(#1022));
#1024=IFCRELDEFINESBYPROPERTIES('0Sz7_YKsnP2KLgPveWvxeh',#6,$,$,(#117),#1023);
#1025=IFCPROPERTYSINGLEVALUE('InternalTaskId',$,IFCTEXT('task-mula7vts8wop131'),$);
#1026=IFCPROPERTYSET('2PIwy6aINUA1NULONUt93V',#6,'OPS_TaskIdentity',$,(#1025));
#1027=IFCRELDEFINESBYPROPERTIES('0FlOKrY4uTihLYwRCY7Z5a',#6,$,$,(#119),#1026);
#1028=IFCPROPERTYSINGLEVALUE('InternalTaskId',$,IFCTEXT('task-mula7vtxuapt132'),$);
#1029=IFCPROPERTYSET('2vEqcEQrTCp0P9mz$owxfH',#6,'OPS_TaskIdentity',$,(#1028));
#1030=IFCRELDEFINESBYPROPERTIES('05Jflxd3XRvJ3XE$hFbg46',#6,$,$,(#121),#1029);
#1031=IFCPROPERTYSINGLEVALUE('InternalTaskId',$,IFCTEXT('task-mula7vu6q30n133'),$);
#1032=IFCPROPERTYSET('0KcmfT5MH5IhIeqz9HdP9F',#6,'OPS_TaskIdentity',$,(#1031));
#1033=IFCRELDEFINESBYPROPERTIES('2CbqcxoafO3_eb_SJYwPMP',#6,$,$,(#123),#1032);
#1034=IFCPROPERTYSINGLEVALUE('InternalTaskId',$,IFCTEXT('task-mula7vuefuni134'),$);
#1035=IFCPROPERTYSET('2My5oCSG6Du1bWIzBr1XIz',#6,'OPS_TaskIdentity',$,(#1034));
#1036=IFCRELDEFINESBYPROPERTIES('1BaAECKXm3VTTKBKpFrU_j',#6,$,$,(#125),#1035);
#1037=IFCPROPERTYSINGLEVALUE('InternalTaskId',$,IFCTEXT('task-mula7vumpf9z135'),$);
#1038=IFCPROPERTYSET('2hsEm1lGlJRYmxDKnM1o_j',#6,'OPS_TaskIdentity',$,(#1037));
#1039=IFCRELDEFINESBYPROPERTIES('2GR2jSnqKk6V07jpj6XQyG',#6,$,$,(#127),#1038);
#1040=IFCPROPERTYSINGLEVALUE('InternalTaskId',$,IFCTEXT('task-mula7vut1upt136'),$);
#1041=IFCPROPERTYSET('3mgYcmbuzeLBfb3YZJnP_E',#6,'OPS_TaskIdentity',$,(#1040));
#1042=IFCRELDEFINESBYPROPERTIES('3d_jrl$_mzH80o9c3$wXop',#6,$,$,(#129),#1041);
#1043=IFCPROPERTYSINGLEVALUE('InternalTaskId',$,IFCTEXT('task-mula7vv4qy2l137'),$);
#1044=IFCPROPERTYSET('2VLFn3slpXZyPzZpSBSnoF',#6,'OPS_TaskIdentity',$,(#1043));
#1045=IFCRELDEFINESBYPROPERTIES('3OllF62F64RFjHiVHuvn2E',#6,$,$,(#131),#1044);
#1046=IFCPROPERTYSINGLEVALUE('InternalTaskId',$,IFCTEXT('task-mula7vvexpj5139'),$);
#1047=IFCPROPERTYSET('0BLQt$k3AWZIvrKnjTkE6w',#6,'OPS_TaskIdentity',$,(#1046));
#1048=IFCRELDEFINESBYPROPERTIES('0iBMbe7L8i7FZkXOxONh30',#6,$,$,(#133),#1047);
#1049=IFCPROPERTYSINGLEVALUE('InternalTaskId',$,IFCTEXT('task-mula7vvoqkqq140'),$);
#1050=IFCPROPERTYSET('05$WjaGae1hD_L0dD0XMK$',#6,'OPS_TaskIdentity',$,(#1049));
#1051=IFCRELDEFINESBYPROPERTIES('3KbQqex4UcydMfuAIzpHeZ',#6,$,$,(#135),#1050);
#1052=IFCPROPERTYSINGLEVALUE('InternalTaskId',$,IFCTEXT('task-mula7vvxkq1m141'),$);
#1053=IFCPROPERTYSET('1c1OSC5m_ONkkQqYyZ50Ul',#6,'OPS_TaskIdentity',$,(#1052));
#1054=IFCRELDEFINESBYPROPERTIES('30N9FmXxmq4bNeozCSJc11',#6,$,$,(#137),#1053);
#1055=IFCPROPERTYSINGLEVALUE('InternalTaskId',$,IFCTEXT('task-mula7vw9x7kj142'),$);
#1056=IFCPROPERTYSET('0tWHnOvyK_AOE7iVUAyJth',#6,'OPS_TaskIdentity',$,(#1055));
#1057=IFCRELDEFINESBYPROPERTIES('37zOWqc$1nqyl3UOaSCoRD',#6,$,$,(#139),#1056);
#1058=IFCPROPERTYSINGLEVALUE('InternalTaskId',$,IFCTEXT('task-mula7vwldykx143'),$);
#1059=IFCPROPERTYSET('1Z7w775UcQRnMKYQdFe_Z0',#6,'OPS_TaskIdentity',$,(#1058));
#1060=IFCRELDEFINESBYPROPERTIES('0WBjWV_9Ibb5Fi$HFXyhCm',#6,$,$,(#141),#1059);
#1061=IFCPROPERTYSINGLEVALUE('InternalTaskId',$,IFCTEXT('task-mula7vwvl4jw144'),$);
#1062=IFCPROPERTYSET('0bjGPMW$QP278Tr0AUnVKh',#6,'OPS_TaskIdentity',$,(#1061));
#1063=IFCRELDEFINESBYPROPERTIES('0a1UC4_4k1cF1L8nWzSWav',#6,$,$,(#143),#1062);
#1064=IFCPROPERTYSINGLEVALUE('InternalTaskId',$,IFCTEXT('task-mula7vx399tn145'),$);
#1065=IFCPROPERTYSET('3nduEEeX44e_symegQorx0',#6,'OPS_TaskIdentity',$,(#1064));
#1066=IFCRELDEFINESBYPROPERTIES('1AIttQbM$hq9gTUbGeQyJe',#6,$,$,(#145),#1065);
#1067=IFCPROPERTYSINGLEVALUE('InternalTaskId',$,IFCTEXT('task-mula7vxdke33146'),$);
#1068=IFCPROPERTYSET('1BAH2YlA_0BCI93QLnkIxg',#6,'OPS_TaskIdentity',$,(#1067));
#1069=IFCRELDEFINESBYPROPERTIES('04qcj2BofGcxbci$_1iVHn',#6,$,$,(#147),#1068);
#1070=IFCPROPERTYSINGLEVALUE('InternalTaskId',$,IFCTEXT('task-mula7vxmnuv0147'),$);
#1071=IFCPROPERTYSET('1ke23190MMPV3EUF_AD91Q',#6,'OPS_TaskIdentity',$,(#1070));
#1072=IFCRELDEFINESBYPROPERTIES('1r80u90r3mXiMLdQ8830t2',#6,$,$,(#149),#1071);
#1073=IFCPROPERTYSINGLEVALUE('InternalTaskId',$,IFCTEXT('task-mula7vxxpdbo148'),$);
#1074=IFCPROPERTYSET('0fcuPaV185ujJ4a0Vwrm66',#6,'OPS_TaskIdentity',$,(#1073));
#1075=IFCRELDEFINESBYPROPERTIES('0Cxo3a_NwDrr20PVp7IEtT',#6,$,$,(#151),#1074);
#1076=IFCPROPERTYSINGLEVALUE('InternalTaskId',$,IFCTEXT('task-mula7vy7oy0g149'),$);
#1077=IFCPROPERTYSET('2N4Rv1iuCsiACZt2lMeGPw',#6,'OPS_TaskIdentity',$,(#1076));
#1078=IFCRELDEFINESBYPROPERTIES('026I4RZwSV9eWbc1umuOfh',#6,$,$,(#153),#1077);
#1079=IFCPROPERTYSINGLEVALUE('InternalTaskId',$,IFCTEXT('task-mula7vyhr11b150'),$);
#1080=IFCPROPERTYSET('0Twfcr_PLH6Q2AZrf$snQV',#6,'OPS_TaskIdentity',$,(#1079));
#1081=IFCRELDEFINESBYPROPERTIES('01IWWnZ8wBkRTbu87e1e$2',#6,$,$,(#155),#1080);
#1082=IFCPROPERTYSINGLEVALUE('InternalTaskId',$,IFCTEXT('task-mula7vysafco151'),$);
#1083=IFCPROPERTYSET('0fdkgthb0vBBpn36UorIAf',#6,'OPS_TaskIdentity',$,(#1082));
#1084=IFCRELDEFINESBYPROPERTIES('1R57zTQV3FBJfOcY3f2YUe',#6,$,$,(#157),#1083);
#1085=IFCPROPERTYSINGLEVALUE('InternalTaskId',$,IFCTEXT('task-mula7vyxzi50152'),$);
#1086=IFCPROPERTYSET('08if01q2_6UbVFasZeeb0a',#6,'OPS_TaskIdentity',$,(#1085));
#1087=IFCRELDEFINESBYPROPERTIES('33UlLF9fR703qEoV6wT84T',#6,$,$,(#159),#1086);
#1088=IFCPROPERTYSINGLEVALUE('InternalTaskId',$,IFCTEXT('task-mula7vz59ydh153'),$);
#1089=IFCPROPERTYSET('0CrRBpYjt$BNMz9WjSU5mu',#6,'OPS_TaskIdentity',$,(#1088));
#1090=IFCRELDEFINESBYPROPERTIES('3L245Q$yefoivNSrSJ$sT_',#6,$,$,(#161),#1089);
#1091=IFCPROPERTYSINGLEVALUE('InternalTaskId',$,IFCTEXT('task-mula7vzcpdwo154'),$);
#1092=IFCPROPERTYSET('0UgQ0cRnoreoKw1actINck',#6,'OPS_TaskIdentity',$,(#1091));
#1093=IFCRELDEFINESBYPROPERTIES('12dk1JpLycfDT3WwWD$nWZ',#6,$,$,(#163),#1092);
#1094=IFCPROPERTYSINGLEVALUE('InternalTaskId',$,IFCTEXT('task-mula7vzkvdrs155'),$);
#1095=IFCPROPERTYSET('39ejT1C_2psQi3K6vNiRm1',#6,'OPS_TaskIdentity',$,(#1094));
#1096=IFCRELDEFINESBYPROPERTIES('2aswAIXhLVToLKtEqKBIAN',#6,$,$,(#165),#1095);
#1097=IFCPROPERTYSINGLEVALUE('InternalTaskId',$,IFCTEXT('task-mula7vzsjd51157'),$);
#1098=IFCPROPERTYSET('1kETukzzllkN8hoUDm183l',#6,'OPS_TaskIdentity',$,(#1097));
#1099=IFCRELDEFINESBYPROPERTIES('2h250mH88FHTHBvb8pkDRx',#6,$,$,(#167),#1098);
#1100=IFCPROPERTYSINGLEVALUE('InternalTaskId',$,IFCTEXT('task-mula7vzzx6gb158'),$);
#1101=IFCPROPERTYSET('3HIO4izQzn7EFfcE2vyLrA',#6,'OPS_TaskIdentity',$,(#1100));
#1102=IFCRELDEFINESBYPROPERTIES('2Gkm9Dl6hAHobhjy1yqHgK',#6,$,$,(#169),#1101);
#1103=IFCPROPERTYSINGLEVALUE('InternalTaskId',$,IFCTEXT('task-mula7w067rjr159'),$);
#1104=IFCPROPERTYSET('3_aBWCgth35zj02c8IAQ2M',#6,'OPS_TaskIdentity',$,(#1103));
#1105=IFCRELDEFINESBYPROPERTIES('1TbDjMp0r1qT5HIiNGrWlk',#6,$,$,(#171),#1104);
#1106=IFCPROPERTYSINGLEVALUE('InternalTaskId',$,IFCTEXT('task-mula7w0euj3q160'),$);
#1107=IFCPROPERTYSET('36HvbG$kWF7dThkXQbhf06',#6,'OPS_TaskIdentity',$,(#1106));
#1108=IFCRELDEFINESBYPROPERTIES('1b5i$7s_eR6SaRIwSGmIMB',#6,$,$,(#173),#1107);
#1109=IFCPROPERTYSINGLEVALUE('InternalTaskId',$,IFCTEXT('task-mula7w0muhh8161'),$);
#1110=IFCPROPERTYSET('1o6eqfVEcIvpYJ3oLEpq6I',#6,'OPS_TaskIdentity',$,(#1109));
#1111=IFCRELDEFINESBYPROPERTIES('19GidNMsudfYJoKK7Qgg50',#6,$,$,(#175),#1110);
#1112=IFCPROPERTYSINGLEVALUE('InternalTaskId',$,IFCTEXT('task-mula7w0tx1en162'),$);
#1113=IFCPROPERTYSET('0if7n834brl73YZNWOAZlM',#6,'OPS_TaskIdentity',$,(#1112));
#1114=IFCRELDEFINESBYPROPERTIES('1ZKfrAHzao8$3mf5IIDOwJ',#6,$,$,(#177),#1113);
#1115=IFCPROPERTYSINGLEVALUE('InternalTaskId',$,IFCTEXT('task-mula7w12enff163'),$);
#1116=IFCPROPERTYSET('0WXsE$5fh1a1dBe7Efz46g',#6,'OPS_TaskIdentity',$,(#1115));
#1117=IFCRELDEFINESBYPROPERTIES('2fSYuBkNna9OyXQKDGVw6_',#6,$,$,(#179),#1116);
#1118=IFCPROPERTYSINGLEVALUE('InternalTaskId',$,IFCTEXT('task-mula7w1als7v164'),$);
#1119=IFCPROPERTYSET('1jDLTJONS1kJlObDG8a6pY',#6,'OPS_TaskIdentity',$,(#1118));
#1120=IFCRELDEFINESBYPROPERTIES('0DslRtUio_CB0L9uqA76hZ',#6,$,$,(#181),#1119);
#1121=IFCPROPERTYSINGLEVALUE('InternalTaskId',$,IFCTEXT('task-mula7w1i55xh165'),$);
#1122=IFCPROPERTYSET('3hoiY01fDYfguG3bWeQvX1',#6,'OPS_TaskIdentity',$,(#1121));
#1123=IFCRELDEFINESBYPROPERTIES('2uxnlF6td3LrlFsyu3$0rx',#6,$,$,(#183),#1122);
#1124=IFCPROPERTYSINGLEVALUE('InternalTaskId',$,IFCTEXT('task-mula7w1pse72166'),$);
#1125=IFCPROPERTYSET('192a35IbQfHW4NxPQn_X$m',#6,'OPS_TaskIdentity',$,(#1124));
#1126=IFCRELDEFINESBYPROPERTIES('3VMeppufaS894DVT7IFJYv',#6,$,$,(#185),#1125);
#1127=IFCPROPERTYSINGLEVALUE('InternalTaskId',$,IFCTEXT('task-mula7w1wffrt167'),$);
#1128=IFCPROPERTYSET('1OdHe2uDHzSylEo4RnxIuh',#6,'OPS_TaskIdentity',$,(#1127));
#1129=IFCRELDEFINESBYPROPERTIES('3l1dTUvTnM0ydK5DSR4Fxy',#6,$,$,(#187),#1128);
#1130=IFCPROPERTYSINGLEVALUE('InternalTaskId',$,IFCTEXT('task-mula7w24i7pi168'),$);
#1131=IFCPROPERTYSET('0d1XfPJ3rgoN2kDe5HZtxo',#6,'OPS_TaskIdentity',$,(#1130));
#1132=IFCRELDEFINESBYPROPERTIES('2YSacjNT6jZvdI3kjhUMfG',#6,$,$,(#189),#1131);
#1133=IFCPROPERTYSINGLEVALUE('InternalTaskId',$,IFCTEXT('task-mula7w2bj9uh169'),$);
#1134=IFCPROPERTYSET('1sMbJt2h9oKG6DJ3Vef5pN',#6,'OPS_TaskIdentity',$,(#1133));
#1135=IFCRELDEFINESBYPROPERTIES('3BOunFehd01RbRyvFbWetA',#6,$,$,(#191),#1134);
#1136=IFCPROPERTYSINGLEVALUE('InternalTaskId',$,IFCTEXT('task-mula7w2jnnxa170'),$);
#1137=IFCPROPERTYSET('0bIcKO5Ggikol4CqaU1b2$',#6,'OPS_TaskIdentity',$,(#1136));
#1138=IFCRELDEFINESBYPROPERTIES('0Su360Siogf5bkvOFaQLwu',#6,$,$,(#193),#1137);
#1139=IFCPROPERTYSINGLEVALUE('InternalTaskId',$,IFCTEXT('task-mula7w2r05vz171'),$);
#1140=IFCPROPERTYSET('02blg0EWDo0qMugNDeLMTC',#6,'OPS_TaskIdentity',$,(#1139));
#1141=IFCRELDEFINESBYPROPERTIES('2W5GjKN6rUOBNFUeK1PoTr',#6,$,$,(#195),#1140);
#1142=IFCPROPERTYSINGLEVALUE('InternalTaskId',$,IFCTEXT('task-mula7w2y41nn172'),$);
#1143=IFCPROPERTYSET('0tXW15Q0RMlL$A6CnpmuKL',#6,'OPS_TaskIdentity',$,(#1142));
#1144=IFCRELDEFINESBYPROPERTIES('2fdNJ0$IyeyVAKN7ABnVDP',#6,$,$,(#197),#1143);
#1145=IFCPROPERTYSINGLEVALUE('InternalTaskId',$,IFCTEXT('task-mula7w368cyk173'),$);
#1146=IFCPROPERTYSET('3aoTeIr4M2gDD3qe1fXy$w',#6,'OPS_TaskIdentity',$,(#1145));
#1147=IFCRELDEFINESBYPROPERTIES('2YeeFOBdG2y1lDo_hmeIHJ',#6,$,$,(#199),#1146);
#1148=IFCPROPERTYSINGLEVALUE('InternalTaskId',$,IFCTEXT('task-mula7w3edhm2174'),$);
#1149=IFCPROPERTYSET('1lB$BOOlMYU7Xg0XpdLNcB',#6,'OPS_TaskIdentity',$,(#1148));
#1150=IFCRELDEFINESBYPROPERTIES('0LEoizfNPKVBvONTWctgfL',#6,$,$,(#201),#1149);
#1151=IFCPROPERTYSINGLEVALUE('InternalTaskId',$,IFCTEXT('task-mula7w3mccj3175'),$);
#1152=IFCPROPERTYSET('2CGpHXltJHnFZJ6jYHiOpu',#6,'OPS_TaskIdentity',$,(#1151));
#1153=IFCRELDEFINESBYPROPERTIES('31JgY6IDxRGQTn6aOwoWDU',#6,$,$,(#203),#1152);
#1154=IFCPROPERTYSINGLEVALUE('InternalTaskId',$,IFCTEXT('task-mula7w3v79e8176'),$);
#1155=IFCPROPERTYSET('2iwJxGzq$QHrACAlXjoG9t',#6,'OPS_TaskIdentity',$,(#1154));
#1156=IFCRELDEFINESBYPROPERTIES('2v46byOJbw$$zxOaXbWHgO',#6,$,$,(#205),#1155);
#1157=IFCPROPERTYSINGLEVALUE('InternalTaskId',$,IFCTEXT('task-mula7w43mzob177'),$);
#1158=IFCPROPERTYSET('2vQzZc4CAOvgFw5y0F8Siz',#6,'OPS_TaskIdentity',$,(#1157));
#1159=IFCRELDEFINESBYPROPERTIES('0uAxBrYgEczn42YcuytTub',#6,$,$,(#207),#1158);
#1160=IFCPROPERTYSINGLEVALUE('InternalTaskId',$,IFCTEXT('task-mula7w482mzl178'),$);
#1161=IFCPROPERTYSET('27fBkrgbQT1Gt78w$r34aw',#6,'OPS_TaskIdentity',$,(#1160));
#1162=IFCRELDEFINESBYPROPERTIES('0PTgIZipWTHWf$C4WiJxPF',#6,$,$,(#209),#1161);
#1163=IFCPROPERTYSINGLEVALUE('InternalTaskId',$,IFCTEXT('task-mula7w4e8mjp179'),$);
#1164=IFCPROPERTYSET('3vmqwwoIp2VFJKyWD22FGu',#6,'OPS_TaskIdentity',$,(#1163));
#1165=IFCRELDEFINESBYPROPERTIES('0hGumdUobkMxHE3rL_8p6r',#6,$,$,(#211),#1164);
#1166=IFCPROPERTYSINGLEVALUE('InternalTaskId',$,IFCTEXT('task-mula7w4kt9w4180'),$);
#1167=IFCPROPERTYSET('0h_5582ykBvCK2DqTr8$0M',#6,'OPS_TaskIdentity',$,(#1166));
#1168=IFCRELDEFINESBYPROPERTIES('1fO2fMvWZ9i$$P5JQn4wJ1',#6,$,$,(#213),#1167);
#1169=IFCPROPERTYSINGLEVALUE('InternalTaskId',$,IFCTEXT('task-mula7w4qezhu181'),$);
#1170=IFCPROPERTYSET('22JhnSgZGvskVReXf4d3pH',#6,'OPS_TaskIdentity',$,(#1169));
#1171=IFCRELDEFINESBYPROPERTIES('1oEFXJTUlSf565dTlgct5O',#6,$,$,(#215),#1170);
#1172=IFCPROPERTYSINGLEVALUE('InternalTaskId',$,IFCTEXT('task-mula7w4vl0rk182'),$);
#1173=IFCPROPERTYSET('05gLZtGdUhAvaVPhehmQae',#6,'OPS_TaskIdentity',$,(#1172));
#1174=IFCRELDEFINESBYPROPERTIES('0G8syOVFPEBIrQlbuD7rUl',#6,$,$,(#217),#1173);
#1175=IFCPROPERTYSINGLEVALUE('InternalTaskId',$,IFCTEXT('task-mula7w515zmz183'),$);
#1176=IFCPROPERTYSET('1I6WuI9DoWV_TNtYqFmjDZ',#6,'OPS_TaskIdentity',$,(#1175));
#1177=IFCRELDEFINESBYPROPERTIES('3Bb08YkkrPGxx3ZYfjINOb',#6,$,$,(#219),#1176);
#1178=IFCPROPERTYSINGLEVALUE('InternalTaskId',$,IFCTEXT('task-mula7w563fl7184'),$);
#1179=IFCPROPERTYSET('0PW7tBJjABdoV3xkkGy6AO',#6,'OPS_TaskIdentity',$,(#1178));
#1180=IFCRELDEFINESBYPROPERTIES('0kMwCkC9sUpvQRJmykSPOG',#6,$,$,(#221),#1179);
#1181=IFCPROPERTYSINGLEVALUE('Deadline',$,IFCDATE('2027-07-15'),$);
#1182=IFCPROPERTYSET('0nQ9tO_uZyxAskzQaMXxF2',#6,'OPS_Constraints',$,(#1181));
#1183=IFCRELDEFINESBYPROPERTIES('3tbcxWdX9DOW9gdGQ08tP0',#6,$,$,(#221),#1182);
#1184=IFCPROPERTYSINGLEVALUE('MilestoneKind',$,IFCLABEL('START'),$);
#1185=IFCPROPERTYSET('3W26s5heevDn7b24VBn3Kp',#6,'OPS_Milestone',$,(#1184));
#1186=IFCRELDEFINESBYPROPERTIES('1BFsavoPK$SyYZIaE7PzqW',#6,$,$,(#45),#1185);
#1187=IFCPROPERTYSINGLEVALUE('MilestoneKind',$,IFCLABEL('FINISH'),$);
#1188=IFCPROPERTYSINGLEVALUE('Mandatory',$,IFCBOOLEAN(.T.),$);
#1189=IFCPROPERTYSET('3GBl27N1V7GXtLXdSq5iDu',#6,'OPS_Milestone',$,(#1187,#1188));
#1190=IFCRELDEFINESBYPROPERTIES('0Mk54EYTpRMru5kGfBM4DH',#6,$,$,(#65),#1189);
#1191=IFCPROPERTYSINGLEVALUE('MilestoneKind',$,IFCLABEL('FINISH'),$);
#1192=IFCPROPERTYSET('1HOuJYTml2R6KojPMDsncW',#6,'OPS_Milestone',$,(#1191));
#1193=IFCRELDEFINESBYPROPERTIES('0M0Z8tgWsAem6WOOBjXmKP',#6,$,$,(#117),#1192);
#1194=IFCPROPERTYSINGLEVALUE('MilestoneKind',$,IFCLABEL('FINISH'),$);
#1195=IFCPROPERTYSINGLEVALUE('Mandatory',$,IFCBOOLEAN(.T.),$);
#1196=IFCPROPERTYSET('26LWu5T5cWue_npu8z0yCt',#6,'OPS_Milestone',$,(#1194,#1195));
#1197=IFCRELDEFINESBYPROPERTIES('3X1qwUs3J2IpT7T8j2_c3f',#6,$,$,(#209),#1196);
#1198=IFCPROPERTYSINGLEVALUE('MilestoneKind',$,IFCLABEL('FINISH'),$);
#1199=IFCPROPERTYSINGLEVALUE('Mandatory',$,IFCBOOLEAN(.T.),$);
#1200=IFCPROPERTYSET('0T233uWXnnWzYLY8S1fPHe',#6,'OPS_Milestone',$,(#1198,#1199));
#1201=IFCRELDEFINESBYPROPERTIES('3lhONXFLG4bJcsRyHeCybG',#6,$,$,(#211),#1200);
#1202=IFCPROPERTYSINGLEVALUE('MilestoneKind',$,IFCLABEL('FINISH'),$);
#1203=IFCPROPERTYSINGLEVALUE('Mandatory',$,IFCBOOLEAN(.T.),$);
#1204=IFCPROPERTYSET('3knitwdM8GKaR2Pmmgj7wt',#6,'OPS_Milestone',$,(#1202,#1203));
#1205=IFCRELDEFINESBYPROPERTIES('13uA7MrnRWecIpZSSfSnkc',#6,$,$,(#213),#1204);
#1206=IFCPROPERTYSINGLEVALUE('MilestoneKind',$,IFCLABEL('FINISH'),$);
#1207=IFCPROPERTYSINGLEVALUE('Mandatory',$,IFCBOOLEAN(.T.),$);
#1208=IFCPROPERTYSET('34z61Qb$LnkBETSuST4Qai',#6,'OPS_Milestone',$,(#1206,#1207));
#1209=IFCRELDEFINESBYPROPERTIES('3Wq331uhPjGI4g6ALLST5t',#6,$,$,(#215),#1208);
#1210=IFCPROPERTYSINGLEVALUE('MilestoneKind',$,IFCLABEL('FINISH'),$);
#1211=IFCPROPERTYSINGLEVALUE('Mandatory',$,IFCBOOLEAN(.T.),$);
#1212=IFCPROPERTYSET('3K9G9C9eTjLnTpwaYVqloZ',#6,'OPS_Milestone',$,(#1210,#1211));
#1213=IFCRELDEFINESBYPROPERTIES('0Jmjc9Cv6Ze99Oiw_ph$EH',#6,$,$,(#217),#1212);
#1214=IFCPROPERTYSINGLEVALUE('MilestoneKind',$,IFCLABEL('FINISH'),$);
#1215=IFCPROPERTYSINGLEVALUE('Mandatory',$,IFCBOOLEAN(.T.),$);
#1216=IFCPROPERTYSET('06QkFZzdP0AMXET3hbWRNv',#6,'OPS_Milestone',$,(#1214,#1215));
#1217=IFCRELDEFINESBYPROPERTIES('1lDQoGAeiUcaPQE5WTq1_9',#6,$,$,(#219),#1216);
#1218=IFCPROPERTYSINGLEVALUE('MilestoneKind',$,IFCLABEL('FINISH'),$);
#1219=IFCPROPERTYSINGLEVALUE('Mandatory',$,IFCBOOLEAN(.T.),$);
#1220=IFCPROPERTYSET('1aeXk8uRUVOxOf9rOFsizH',#6,'OPS_Milestone',$,(#1218,#1219));
#1221=IFCRELDEFINESBYPROPERTIES('0a6AimmM9JRO7psrerFXRo',#6,$,$,(#221),#1220);
#1222=IFCPROPERTYSINGLEVALUE('Notes',$,IFCTEXT('[{"id":"note-mula7vr32ooq117","text":"Check rebar drawing with the structural engineer","done":false},{"id":"note-mula7vr3yivk118","text":"Formwork checked by the site manager","done":true}]'),$);
#1223=IFCPROPERTYSET('1SIcRZAg$G87_QRkQ4DBfd',#6,'OPS_TaskNotes',$,(#1222));
#1224=IFCRELDEFINESBYPROPERTIES('1x00RSUmy77QGsWISW26EN',#6,$,$,(#95),#1223);
#1225=IFCPROPERTYSINGLEVALUE('Notes',$,IFCTEXT('[{"id":"note-mula7vvenmy5138","text":"Confirm pipework material delivery with the supplier","done":false}]'),$);
#1226=IFCPROPERTYSET('2gynOhGKDT8XaJzrQiIdsl',#6,'OPS_TaskNotes',$,(#1225));
#1227=IFCRELDEFINESBYPROPERTIES('1C30nKwof6zijmvZhRgOBQ',#6,$,$,(#133),#1226);
#1228=IFCPROPERTYSINGLEVALUE('Notes',$,IFCTEXT('[{"id":"note-mula7vzs1qg8156","text":"Moisture readings taken on walls","done":true}]'),$);
#1229=IFCPROPERTYSET('2QaG2JPUbwIAsioiJOD5Qz',#6,'OPS_TaskNotes',$,(#1228));
#1230=IFCRELDEFINESBYPROPERTIES('0l6A0DEOiVl978VdXF7TZA',#6,$,$,(#167),#1229);
#1231=IFCPROPERTYSINGLEVALUE('Baselines',$,IFCTEXT('[{"id":"baseline-mula7wk6gd0q334","name":"Baseline at start","createdAt":"2026-09-28T13:27:14.838Z","tasks":[{"taskId":"task-mula7vm8hf1x92","start":"2027-03-01","finish":"2027-03-01","duration":0,"isMilestone":true,"milestoneKind":"START"},{"taskId":"task-mula7vmi6jz594","start":"2027-03-01","finish":"2027-03-01","duration":1,"isMilestone":false},{"taskId":"task-mula7vmnon5f95","start":"2027-03-02","finish":"2027-03-04","duration":3,"isMilestone":false},{"taskId":"task-mula7vmsjwdg96","start":"2027-03-05","finish":"2027-03-08","duration":2,"isMilestone":false},{"taskId":"task-mula7vmx93cb97","start":"2027-03-09","finish":"2027-03-11","duration":3,"isMilestone":false},{"taskId":"task-mula7vn8d2yr99","start":"2027-03-12","finish":"2027-03-18","duration":5,"isMilestone":false},{"taskId":"task-mula7vnde6ph100","start":"2027-03-19","finish":"2027-04-01","duration":5,"isMilestone":false},{"taskId":"task-mula7vnkefdb101","start":"2027-04-05","finish":"2027-04-08","duration":4,"isMilestone":false},{"taskId":"task-mula7vnp9adn102","start":"2027-04-08","finish":"2027-04-08","duration":0,"isMilestone":true,"milestoneKind":"FINISH"},{"taskId":"task-mula7vo05g2g104","start":"2027-04-09","finish":"2027-04-16","duration":6,"isMilestone":false},{"taskId":"task-mula7vo80pfc105","start":"2027-04-19","finish":"2027-04-22","duration":4,"isMilestone":false},{"taskId":"task-mula7vogulql106","start":"2027-04-23","finish":"2027-05-03","duration":6,"isMilestone":false},{"taskId":"task-mula7voprt95107","start":"2027-05-04","finish":"2027-05-12","duration":5,"isMilestone":false},{"taskId":"task-mula7voxyruf108","start":"2027-04-19","finish":"2027-04-26","duration":6,"isMilestone":false},{"taskId":"task-mula7vp6p19s109","start":"2027-04-28","finish":"2027-05-03","duration":4,"isMilestone":false},{"taskId":"task-mula7vpfe1sw110","start":"2027-05-04","finish":"2027-05-13","duration":6,"isMilestone":false},{"taskId":"task-mula7vpoxwp5111","start":"2027-05-14","finish":"2027-05-21","duration":5,"isMilestone":false},{"taskId":"task-mula7vpyivrp112","start":"2027-04-28","finish":"2027-05-07","duration":6,"isMilestone":false},{"taskId":"task-mula7vq7sple113","start":"2027-05-10","finish":"2027-05-13","duration":4,"isMilestone":false},{"taskId":"task-mula7vqgywiz114","start":"2027-05-14","finish":"2027-05-24","duration":6,"isMilestone":false},{"taskId":"task-mula7vqnlx4c115","start":"2027-05-25","finish":"2027-05-31","duration":5,"isMilestone":false},{"taskId":"task-mula7vqvw5rk116","start":"2027-05-10","finish":"2027-05-18","duration":6,"isMilestone":false},{"taskId":"task-mula7vr3vlu4119","start":"2027-05-19","finish":"2027-05-24","duration":4,"isMilestone":false},{"taskId":"task-mula7vrbspri120","start":"2027-05-25","finish":"2027-06-01","duration":6,"isMilestone":false},{"taskId":"task-mula7vrjy4d9121","start":"2027-06-02","finish":"2027-06-08","duration":5,"isMilestone":false},{"taskId":"task-mula7vrrlnr4122","start":"2027-05-19","finish":"2027-05-26","duration":6,"isMilestone":false},{"taskId":"task-mula7vry7cg1123","start":"2027-05-27","finish":"2027-06-01","duration":4,"isMilestone":false},{"taskId":"task-mula7vs6ldkv124","start":"2027-06-02","finish":"2027-06-09","duration":6,"isMilestone":false},{"taskId":"task-mula7vsf1rgd125","start":"2027-06-10","finish":"2027-06-16","duration":5,"isMilestone":false},{"taskId":"task-mula7vsnx16a126","start":"2027-05-27","finish":"2027-06-03","duration":6,"isMilestone":false},{"taskId":"task-mula7vsv9ytn127","start":"2027-06-04","finish":"2027-06-09","duration":4,"isMilestone":false},{"taskId":"task-mula7vt2lnig128","start":"2027-06-10","finish":"2027-06-17","duration":6,"isMilestone":false},{"taskId":"task-mula7vtagsnk129","start":"2027-06-18","finish":"2027-06-24","duration":5,"isMilestone":false},{"taskId":"task-mula7vti2291130","start":"2027-06-24","finish":"2027-06-24","duration":0,"isMilestone":true,"milestoneKind":"FINISH"},{"taskId":"task-mula7vtxuapt132","start":"2027-05-13","finish":"2027-05-18","duration":3,"isMilestone":false},{"taskId":"task-mula7vu6q30n133","start":"2027-05-19","finish":"2027-05-21","duration":3,"isMilestone":false},{"taskId":"task-mula7vuefuni134","start":"2027-05-21","finish":"2027-05-21","duration":1,"isMilestone":false},{"taskId":"task-mula7vumpf9z135","start":"2027-05-24","finish":"2027-05-26","duration":3,"isMilestone":false},{"taskId":"task-mula7vut1upt136","start":"2027-05-27","finish":"2027-05-31","duration":3,"isMilestone":false},{"taskId":"task-mula7vv4qy2l137","start":"2027-06-01","finish":"2027-06-01","duration":1,"isMilestone":false},{"taskId":"task-mula7vvexpj5139","start":"2027-06-01","finish":"2027-06-03","duration":3,"isMilestone":false},{"taskId":"task-mula7vvoqkqq140","start":"2027-06-04","finish":"2027-06-08","duration":3,"isMilestone":false},{"taskId":"task-mula7vvxkq1m141","start":"2027-06-09","finish":"2027-06-09","duration":1,"isMilestone":false},{"taskId":"task-mula7vw9x7kj142","start":"2027-06-09","finish":"2027-06-11","duration":3,"isMilestone":false},{"taskId":"task-mula7vwldykx143","start":"2027-06-14","finish":"2027-06-16","duration":3,"isMilestone":false},{"taskId":"task-mula7vwvl4jw144","start":"2027-06-17","finish":"2027-06-17","duration":1,"isMilestone":false},{"taskId":"task-mula7vx399tn145","start":"2027-06-17","finish":"2027-06-21","duration":3,"isMilestone":false},{"taskId":"task-mula7vxdke33146","start":"2027-06-22","finish":"2027-06-24","duration":3,"isMilestone":false},{"taskId":"task-mula7vxmnuv0147","start":"2027-06-25","finish":"2027-06-25","duration":1,"isMilestone":false},{"taskId":"task-mula7vxxpdbo148","start":"2027-06-25","finish":"2027-06-29","duration":3,"isMilestone":false},{"taskId":"task-mula7vy7oy0g149","start":"2027-06-30","finish":"2027-07-02","duration":3,"isMilestone":false},{"taskId":"task-mula7vyhr11b150","start":"2027-07-05","finish":"2027-07-05","duration":1,"isMilestone":false},{"taskId":"task-mula7vyxzi50152","start":"2027-05-24","finish":"2027-05-28","duration":5,"isMilestone":false},{"taskId":"task-mula7vz59ydh153","start":"2027-05-31","finish":"2027-06-02","duration":3,"isMilestone":false},{"taskId":"task-mula7vzcpdwo154","start":"2027-06-03","finish":"2027-06-07","duration":3,"isMilestone":false},{"taskId":"task-mula7vzkvdrs155","start":"2027-06-04","finish":"2027-06-09","duration":4,"isMilestone":false},{"taskId":"task-mula7vzsjd51157","start":"2027-06-02","finish":"2027-06-08","duration":5,"isMilestone":false},{"taskId":"task-mula7vzzx6gb158","start":"2027-06-09","finish":"2027-06-11","duration":3,"isMilestone":false},{"taskId":"task-mula7w067rjr159","start":"2027-06-14","finish":"2027-06-16","duration":3,"isMilestone":false},{"taskId":"task-mula7w0euj3q160","start":"2027-06-17","finish":"2027-06-22","duration":4,"isMilestone":false},{"taskId":"task-mula7w0muhh8161","start":"2027-06-10","finish":"2027-06-16","duration":5,"isMilestone":false},{"taskId":"task-mula7w0tx1en162","start":"2027-06-17","finish":"2027-06-21","duration":3,"isMilestone":false},{"taskId":"task-mula7w12enff163","start":"2027-06-22","finish":"2027-06-24","duration":3,"isMilestone":false},{"taskId":"task-mula7w1als7v164","start":"2027-06-25","finish":"2027-06-30","duration":4,"isMilestone":false},{"taskId":"task-mula7w1i55xh165","start":"2027-06-18","finish":"2027-06-24","duration":5,"isMilestone":false},{"taskId":"task-mula7w1pse72166","start":"2027-06-25","finish":"2027-06-29","duration":3,"isMilestone":false},{"taskId":"task-mula7w1wffrt167","start":"2027-06-30","finish":"2027-07-02","duration":3,"isMilestone":false},{"taskId":"task-mula7w24i7pi168","start":"2027-07-05","finish":"2027-07-08","duration":4,"isMilestone":false},{"taskId":"task-mula7w2bj9uh169","start":"2027-06-28","finish":"2027-07-02","duration":5,"isMilestone":false},{"taskId":"task-mula7w2jnnxa170","start":"2027-07-05","finish":"2027-07-07","duration":3,"isMilestone":false},{"taskId":"task-mula7w2r05vz171","start":"2027-07-08","finish":"2027-07-12","duration":3,"isMilestone":false},{"taskId":"task-mula7w2y41nn172","start":"2027-07-13","finish":"2027-07-16","duration":4,"isMilestone":false},{"taskId":"task-mula7w368cyk173","start":"2027-07-06","finish":"2027-07-12","duration":5,"isMilestone":false},{"taskId":"task-mula7w3edhm2174","start":"2027-07-13","finish":"2027-07-15","duration":3,"isMilestone":false},{"taskId":"task-mula7w3mccj3175","start":"2027-07-16","finish":"2027-07-20","duration":3,"isMilestone":false},{"taskId":"task-mula7w3v79e8176","start":"2027-07-21","finish":"2027-08-16","duration":4,"isMilestone":false},{"taskId":"task-mula7w482mzl178","start":"2027-06-09","finish":"2027-06-09","duration":0,"isMilestone":true,"milestoneKind":"FINISH"},{"taskId":"task-mula7w4e8mjp179","start":"2027-06-22","finish":"2027-06-22","duration":0,"isMilestone":true,"milestoneKind":"FINISH"},{"taskId":"task-mula7w4kt9w4180","start":"2027-06-30","finish":"2027-06-30","duration":0,"isMilestone":true,"milestoneKind":"FINISH"},{"taskId":"task-mula7w4qezhu181","start":"2027-07-08","finish":"2027-07-08","duration":0,"isMilestone":true,"milestoneKind":"FINISH"},{"taskId":"task-mula7w4vl0rk182","start":"2027-07-16","finish":"2027-07-16","duration":0,"isMilestone":true,"milestoneKind":"FINISH"},{"taskId":"task-mula7w515zmz183","start":"2027-08-16","finish":"2027-08-16","duration":0,"isMilestone":true,"milestoneKind":"FINISH"},{"taskId":"task-mula7w563fl7184","start":"2027-08-16","finish":"2027-08-16","duration":0,"isMilestone":true,"milestoneKind":"FINISH"}],"projectEnd":"2027-08-16","projectDuration":97}]'),$);
#1232=IFCPROPERTYSINGLEVALUE('TaskGuids',$,IFCTEXT('{"task-mula7vm8hf1x92":"2bP856o_ns1Moz0Fxt5Dl2","task-mula7vmi6jz594":"2YgVTAk2PMKJ6lfbuGorgI","task-mula7vmnon5f95":"06L4rimvwl4KIHpSYF_Ta3","task-mula7vmsjwdg96":"3bJyUtmLsJ_ZyKEkUbw$$w","task-mula7vmx93cb97":"1EvclBJspW8r1gyHEFj3lU","task-mula7vn8d2yr99":"1e3Audy_4RbyjNjfyfkkKV","task-mula7vnde6ph100":"1z3lQFRGvTiyHINXmTP6H0","task-mula7vnkefdb101":"1NPVCm_MoVXbn$dZB3Ckwg","task-mula7vnp9adn102":"3w03ySKBouFJU3_5JODX85","task-mula7vo05g2g104":"27Lt3qXVsMkF$88wxvhLjL","task-mula7vo80pfc105":"3fD_10duqgeZV9CkdvWPsx","task-mula7vogulql106":"0qRpLvKDdCeSj449V4cjNc","task-mula7voprt95107":"0_HBfsVOV3k3On1CANrC3E","task-mula7voxyruf108":"1KgirLUE45r0IY8QmNyOXD","task-mula7vp6p19s109":"1QwQ4cOTJ0gQgNzOX1h7fq","task-mula7vpfe1sw110":"2l4CqN36jPv$m24EcuwwN$","task-mula7vpoxwp5111":"0eVl9Wf4p6HUM0Fu9eQSJR","task-mula7vpyivrp112":"1hsbjuWpkLskB910V0z9XE","task-mula7vq7sple113":"3WKezywMwS56$EoDLqzKwM","task-mula7vqgywiz114":"1nvrx4MEfR6LwRxE25yoJ$","task-mula7vqnlx4c115":"2ozlQ5IVKA4sjtq8rYNTKX","task-mula7vqvw5rk116":"071ijZNX8M_tLWml0wUvkM","task-mula7vr3vlu4119":"3kcrI7IEdvZNl4mZ7DhKIV","task-mula7vrbspri120":"0DhdVOLNd8Xec$XhRwNhHN","task-mula7vrjy4d9121":"0ozvyQ0bOt$dz3LT31f08x","task-mula7vrrlnr4122":"3YC92SCjWmWsOMHibb5hpo","task-mula7vry7cg1123":"3vKdL5RrcuHGTnvsYbqu_m","task-mula7vs6ldkv124":"2n3iUzZAW7PEa3vMMb57X9","task-mula7vsf1rgd125":"3kulEnc9ezlVrVNGmLqbHt","task-mula7vsnx16a126":"3GSh31GkHdi1PrqF6gjyEz","task-mula7vsv9ytn127":"0AtTUEbRCBQ_CUAPGZHNqt","task-mula7vt2lnig128":"3bP917HYKEUosokVXiK4FZ","task-mula7vtagsnk129":"2whFCoUHPOV$18wtPV2eSa","task-mula7vti2291130":"0c28W1b6BOR5JNgo$PBcfa","task-mula7vtxuapt132":"16GFFqxpnDvubAfJq2TS6Z","task-mula7vu6q30n133":"35nOx5mh_SbJGjP9hmS_3v","task-mula7vuefuni134":"2WhUrJoRc7CluxHVZziHz8","task-mula7vumpf9z135":"3GbWZIIu2HAX2F1gAeDi_r","task-mula7vut1upt136":"1FHbJT5IJMJxXUi_W24Wu8","task-mula7vv4qy2l137":"2qQO6BBLNTFf66AYqmj9v9","task-mula7vvexpj5139":"1VW5KDT_POLLvf80Dp3v45","task-mula7vvoqkqq140":"1NsC$S94iLAEYwUYP1pGNt","task-mula7vvxkq1m141":"1ToKKo1HFj1Lm9RJcsUzwe","task-mula7vw9x7kj142":"15NedG_Fa_gvQ3w0ur05QW","task-mula7vwldykx143":"2iT0G$A6QQztwcbjcAFZuA","task-mula7vwvl4jw144":"3K8ecQxuJeGhGTTs0pasuh","task-mula7vx399tn145":"3DGsVcXeRUKgglDbsKa9GE","task-mula7vxdke33146":"19aYgEuhlZZwYYnuQwqPub","task-mula7vxmnuv0147":"3R3g6D3pZWBYCNa4ms_UXW","task-mula7vxxpdbo148":"3d1vZTmcMP4y058FeaAvQ5","task-mula7vy7oy0g149":"3CHy5WCr9Hrldg7fy7XzrY","task-mula7vyhr11b150":"3ah9Hh_brbBt45dCYWQv7P","task-mula7vyxzi50152":"2MmDRTec20qTV$0C0iDuAR","task-mula7vz59ydh153":"3JJoejf5Hn9XfVn0l7hFbs","task-mula7vzcpdwo154":"2Qk2dXNl7uNqwFKD2coLPO","task-mula7vzkvdrs155":"2lr6OyQFmFTAkwU2v2ejcl","task-mula7vzsjd51157":"3_HotO_8P8NAZbMEqAVw2T","task-mula7vzzx6gb158":"1lyLZC9nErMTrHC3$kr8Hm","task-mula7w067rjr159":"0iMcxFjwbSxd3GYVG$lHMY","task-mula7w0euj3q160":"1DrgjbiqRgZn1wld1T1Rto","task-mula7w0muhh8161":"0vD_sZNVNKB_xTd2DaLYiJ","task-mula7w0tx1en162":"1zpnEINObla4zHsSQV3Rrf","task-mula7w12enff163":"3Hd$hFHt7muDbmgL$H30Mu","task-mula7w1als7v164":"2XhJ8EkPMUEiTI6PxAhuM7","task-mula7w1i55xh165":"1WnWXYe8LJcKyimMC6R_K1","task-mula7w1pse72166":"2uY9m74XuchXZ4xlARUeyp","task-mula7w1wffrt167":"0jAn0zUNoW_BSNggFLqWHD","task-mula7w24i7pi168":"0HWK4DDW5phYCC0WEo3tta","task-mula7w2bj9uh169":"0NXiCaraAZI$SqAm22A0r2","task-mula7w2jnnxa170":"1OQQtX9fUqHstiE4nsT34s","task-mula7w2r05vz171":"3rzoulKdRO12lMNGf9mtXK","task-mula7w2y41nn172":"2MLtTIG$an6T5hSAshkL6o","task-mula7w368cyk173":"2YXa8GJlCkoJb_8Ed40uAy","task-mula7w3edhm2174":"2cIhaD0qhm6yQ4FZ9bJ_s9","task-mula7w3mccj3175":"2MDZvy9LULy5$3TaPwVehv","task-mula7w3v79e8176":"0gCFVndfa2x7RcpjQ2153o","task-mula7w482mzl178":"3Mtin1ogBVjuAfNezfVaQ3","task-mula7w4e8mjp179":"1jMsfIui5P9WfMaBaqiAYl","task-mula7w4kt9w4180":"0mO42gK2c86n9Fun2haPuU","task-mula7w4qezhu181":"2r0iY4I8nlZ4$sDoV8RsSI","task-mula7w4vl0rk182":"0yRn5$CqZLdVyogXa3AQD1","task-mula7w515zmz183":"21jRH4_DukuLn_ogF0u68r","task-mula7w563fl7184":"1aHstbOjxqjlBXLMu6a7cZ"}'),$);
#1233=IFCPROPERTYSINGLEVALUE('ActiveBaselineId',$,IFCTEXT('baseline-mula7wk6gd0q334'),$);
#1234=IFCPROPERTYSET('0bdtNBzgh$RZOx8Ho8zLYa',#6,'OPS_Baselines',$,(#1231,#1232,#1233));
#1235=IFCRELDEFINESBYPROPERTIES('2uNlpffO581ohXZtaVcuhY',#6,$,$,(#41),#1234);
ENDSEC;
END-ISO-10303-21;
